construct,design,rep,coding,est,p_model,se_cr2,p_cr2,n_const
CS,Hybrid,1,Db,-0.10075480498927,0.114701958103124,0.0587028191297957,0.10115131915338,0
CS,Hybrid,1,Dbc_corrected,-0.112208208511555,0.155930051665677,0.0702702498687074,0.125961878021018,0
CS,Hybrid,1,Dbc_02,-0.112208208511555,0.155930051665677,0.0702702498687074,0.125961878021018,0
CS,Hybrid,2,Db,-0.124884601527511,0.0791613154822506,0.0648210766293005,0.0683380193377086,0
CS,Hybrid,2,Dbc_corrected,-0.126224704601326,0.151958238787495,0.083692656164248,0.147273098930907,0
CS,Hybrid,2,Dbc_02,-0.126224704601326,0.151958238787495,0.083692656164248,0.147273098930907,0
CS,Hybrid,3,Db,-0.0833057281329078,0.219684455519103,0.0517390993472109,0.121366751887598,0
CS,Hybrid,3,Dbc_corrected,-0.119876855780109,0.154857835326392,0.0674646743703611,0.0890194221444109,0
CS,Hybrid,3,Dbc_02,-0.119876855780109,0.154857835326392,0.0674646743703611,0.0890194221444109,0
CS,Hybrid,4,Db,-0.212947887047108,0.00127264986202995,0.0598819088869239,0.00174319986128593,0
CS,Hybrid,4,Dbc_corrected,-0.259666958450197,0.00163062110166478,0.0730170412755621,0.00177686272642781,0
CS,Hybrid,4,Dbc_02,-0.259666958450197,0.00163062110166478,0.0730170412755621,0.00177686272642781,0
CS,Hybrid,5,Db,-0.0821815775439995,0.189447308758294,0.0553022311147592,0.148792289574286,0
CS,Hybrid,5,Dbc_corrected,-0.0935280039037849,0.23710674213697,0.0836915853523335,0.273659369536044,0
CS,Hybrid,5,Dbc_02,-0.0935280039037849,0.23710674213697,0.0836915853523335,0.273659369536044,0
CS,Hybrid,6,Db,-0.17314786491721,0.00660389528559072,0.0594456452900143,0.00793880251553072,0
CS,Hybrid,6,Dbc_corrected,-0.209890000422259,0.00763324696086958,0.0798073598057252,0.0154919597055844,0
CS,Hybrid,6,Dbc_02,-0.209890000422259,0.00763324696086958,0.0798073598057252,0.0154919597055844,0
CS,Hybrid,7,Db,-0.112632158306526,0.107198455754681,0.0615387635787048,0.0801242673328111,0
CS,Hybrid,7,Dbc_corrected,-0.142269997505407,0.10413440768637,0.0675334747293163,0.0460682099913114,0
CS,Hybrid,7,Dbc_02,-0.142269997505407,0.10413440768637,0.0675334747293163,0.0460682099913114,0
CS,Hybrid,8,Db,-0.0330666605803067,0.609356276329053,0.0450051026917469,0.469851738467044,0
CS,Hybrid,8,Dbc_corrected,-0.0362469263881255,0.655485637518659,0.0510736108613145,0.484851438437675,0
CS,Hybrid,8,Dbc_02,-0.0362469263881255,0.655485637518659,0.0510736108613145,0.484851438437675,0
CS,Hybrid,9,Db,-0.13953365542281,0.0152921189269464,0.0415355808733787,0.00286956255244113,0
CS,Hybrid,9,Dbc_corrected,-0.161056602973213,0.0229271704226044,0.052421754542025,0.0057950780280611,0
CS,Hybrid,9,Dbc_02,-0.161056602973213,0.0229271704226044,0.052421754542025,0.0057950780280611,0
CS,Hybrid,10,Db,-0.10542391920398,0.0810875510157015,0.0610316106698045,0.098950528109319,0
CS,Hybrid,10,Dbc_corrected,-0.11901282322718,0.122805652690137,0.0815586798611551,0.159044809180662,0
CS,Hybrid,10,Dbc_02,-0.11901282322718,0.122805652690137,0.0815586798611551,0.159044809180662,0
CS,Hybrid,11,Db,-0.164563410399033,0.000447309091006185,0.0538749027960511,0.00570374223965036,0
CS,Hybrid,11,Dbc_corrected,-0.200947948238478,0.000677464938930908,0.0688969254487535,0.00768341136702964,0
CS,Hybrid,11,Dbc_02,-0.200947948238478,0.000677464938930908,0.0688969254487535,0.00768341136702964,0
CS,Hybrid,12,Db,-0.0945949811588525,0.0995862745453599,0.0578899936140802,0.114730114543613,0
CS,Hybrid,12,Dbc_corrected,-0.126986703947885,0.0769876821747199,0.0780978502564807,0.116432235424871,0
CS,Hybrid,12,Dbc_02,-0.126986703947885,0.0769876821747199,0.0780978502564807,0.116432235424871,0
CS,Hybrid,13,Db,-0.153477229408369,0.00190036886733833,0.0430888319271236,0.00135860649831692,0
CS,Hybrid,13,Dbc_corrected,-0.182401309013569,0.00299622492440863,0.0538190530729474,0.00213873274474364,0
CS,Hybrid,13,Dbc_02,-0.182401309013569,0.00299622492440863,0.0538190530729474,0.00213873274474364,0
CS,Hybrid,14,Db,-0.0356138733881761,0.534451275753787,0.0588795315398834,0.552179277043465,0
CS,Hybrid,14,Dbc_corrected,-0.0469835037321763,0.508732722786896,0.0755025119283001,0.541147167243512,0
CS,Hybrid,14,Dbc_02,-0.0469835037321763,0.508732722786896,0.0755025119283001,0.541147167243512,0
CS,Hybrid,15,Db,-0.11263117154296,0.0651162071871055,0.0560030700560878,0.0546897137400304,0
CS,Hybrid,15,Dbc_corrected,-0.149838950101933,0.0498592584724728,0.0661150671779451,0.031972416399847,0
CS,Hybrid,15,Dbc_02,-0.149838950101933,0.0498592584724728,0.0661150671779451,0.031972416399847,0
CS,Hybrid,16,Db,-0.137939130936231,0.0189128184574322,0.0468841568360899,0.00698484571088341,0
CS,Hybrid,16,Dbc_corrected,-0.186331903456752,0.0109323138977111,0.068684862646145,0.0119815499738622,0
CS,Hybrid,16,Dbc_02,-0.186331903456752,0.0109323138977111,0.068684862646145,0.0119815499738622,0
CS,Hybrid,17,Db,-0.111822794128706,0.0713331617050775,0.0606688478106463,0.0797762410548703,0
CS,Hybrid,17,Dbc_corrected,-0.13736906463106,0.0762065210862937,0.0837791300934153,0.116491576184851,0
CS,Hybrid,17,Dbc_02,-0.13736906463106,0.0762065210862937,0.0837791300934153,0.116491576184851,0
CS,Hybrid,18,Db,-0.0788701274948738,0.104293630827118,0.0495292911358763,0.131027731643613,0
CS,Hybrid,18,Dbc_corrected,-0.112656350722301,0.0613402201819556,0.0646721312077605,0.102209858571253,0
CS,Hybrid,18,Dbc_02,-0.112656350722301,0.0613402201819556,0.0646721312077605,0.102209858571253,0
CS,Hybrid,19,Db,-0.0432575551857693,0.445883633018344,0.0541004333439676,0.431153147575062,0
CS,Hybrid,19,Dbc_corrected,-0.0453989382573376,0.521591838512999,0.0624918038053994,0.474052625220457,0
CS,Hybrid,19,Dbc_02,-0.0453989382573376,0.521591838512999,0.0624918038053994,0.474052625220457,0
CS,Hybrid,20,Db,-0.117770663968555,0.042032246167413,0.0485907803031276,0.0234813456917114,0
CS,Hybrid,20,Dbc_corrected,-0.187028022108925,0.0107450802273934,0.0682313810206729,0.0113152129639394,0
CS,Hybrid,20,Dbc_02,-0.187028022108925,0.0107450802273934,0.0682313810206729,0.0113152129639394,0
CS,Hybrid,21,Db,-0.0889367541626234,0.136367117788297,0.0610751693350203,0.15739157374873,0
CS,Hybrid,21,Dbc_corrected,-0.0969039185844958,0.195916044765784,0.0756369889063552,0.211701305511261,0
CS,Hybrid,21,Dbc_02,-0.0969039185844958,0.195916044765784,0.0756369889063552,0.211701305511261,0
CS,Hybrid,22,Db,-0.0435609975269658,0.379081309588346,0.0479719051482148,0.37157506275592,0
CS,Hybrid,22,Dbc_corrected,-0.0675660765860471,0.279296015287596,0.0637293711167944,0.298201712592224,0
CS,Hybrid,22,Dbc_02,-0.0675660765860471,0.279296015287596,0.0637293711167944,0.298201712592224,0
CS,Hybrid,23,Db,-0.0599130251300972,0.312264344280564,0.05818564809722,0.313992068790753,0
CS,Hybrid,23,Dbc_corrected,-0.0869512876263879,0.238268967292966,0.0648599472150458,0.193684133563916,0
CS,Hybrid,23,Dbc_02,-0.0869512876263879,0.238268967292966,0.0648599472150458,0.193684133563916,0
CS,Hybrid,24,Db,-0.175524321299448,0.00148963459311024,0.0409714181232704,0.000172162415537738,0
CS,Hybrid,24,Dbc_corrected,-0.218954889209216,0.00149537334995441,0.048859971655744,9.80963468784795e-05,0
CS,Hybrid,24,Dbc_02,-0.218954889209216,0.00149537334995441,0.048859971655744,9.80963468784795e-05,0
CS,Hybrid,25,Db,-0.0666763131738445,0.302292314487717,0.0581636757911186,0.263334880642183,0
CS,Hybrid,25,Dbc_corrected,-0.126018566416398,0.118504965083076,0.0655221608053012,0.0664571811116368,0
CS,Hybrid,25,Dbc_02,-0.126018566416398,0.118504965083076,0.0655221608053012,0.0664571811116368,0
CS,Hybrid,26,Db,-0.218015327028937,0.000281705899817155,0.0495585140050914,0.000254916494304476,0
CS,Hybrid,26,Dbc_corrected,-0.286728417652739,9.70653751748767e-05,0.0641400927270964,0.000205136088414519,0
CS,Hybrid,26,Dbc_02,-0.286728417652739,9.70653751748767e-05,0.0641400927270964,0.000205136088414519,0
CS,Hybrid,27,Db,-0.0120850378141281,0.831296444366513,0.0475897350719424,0.801703121768627,0
CS,Hybrid,27,Dbc_corrected,0.0105613129390037,0.880996954522593,0.0594409837929366,0.860484157848329,0
CS,Hybrid,27,Dbc_02,0.0105613129390037,0.880996954522593,0.0594409837929366,0.860484157848329,0
CS,Hybrid,28,Db,-0.136776423688933,0.024709085083311,0.0604993865939538,0.0327096409498644,0
CS,Hybrid,28,Dbc_corrected,-0.217110749915598,0.00430271450065723,0.0786621862200996,0.0107296561294303,0
CS,Hybrid,28,Dbc_02,-0.217110749915598,0.00430271450065723,0.0786621862200996,0.0107296561294303,0
CS,Hybrid,29,Db,-0.0587596953425216,0.30370662031316,0.0455139350354609,0.206973710395549,0
CS,Hybrid,29,Dbc_corrected,-0.132530926489923,0.063078224002955,0.0559720302623009,0.0248661331356155,0
CS,Hybrid,29,Dbc_02,-0.132530926489923,0.063078224002955,0.0559720302623009,0.0248661331356155,0
CS,Hybrid,30,Db,-0.126304737284474,0.0416227879067371,0.0558586689232091,0.033805461120265,0
CS,Hybrid,30,Dbc_corrected,-0.174030875668811,0.0234879188995333,0.0679257637813297,0.0176241244458731,0
CS,Hybrid,30,Dbc_02,-0.174030875668811,0.0234879188995333,0.0679257637813297,0.0176241244458731,0
CS,Hybrid,31,Db,-0.0752936701038616,0.227062110197416,0.0468883560941023,0.123026275634776,0
CS,Hybrid,31,Dbc_corrected,-0.108929249928651,0.163724291582445,0.0620245269305249,0.0933800301082939,0
CS,Hybrid,31,Dbc_02,-0.108929249928651,0.163724291582445,0.0620245269305249,0.0933800301082939,0
CS,Hybrid,32,Db,-0.171243338054413,0.00917522477033757,0.0569208935315783,0.00644890860051647,0
CS,Hybrid,32,Dbc_corrected,-0.220490991863588,0.00652611971874741,0.0657137142002528,0.00289963949680727,0
CS,Hybrid,32,Dbc_02,-0.220490991863588,0.00652611971874741,0.0657137142002528,0.00289963949680727,0
CS,Hybrid,33,Db,-0.07975379369912,0.186877813956372,0.0499252955832265,0.123917193144735,0
CS,Hybrid,33,Dbc_corrected,-0.131216014193239,0.0823386892756931,0.0626798586543399,0.0475015540742517,0
CS,Hybrid,33,Dbc_02,-0.131216014193239,0.0823386892756931,0.0626798586543399,0.0475015540742517,0
CS,Hybrid,34,Db,-0.0535801341781149,0.354135940170196,0.0424596450116644,0.221405359933044,0
CS,Hybrid,34,Dbc_corrected,-0.0748851546707008,0.300988482489047,0.053397589632777,0.175695883177266,0
CS,Hybrid,34,Dbc_02,-0.0748851546707008,0.300988482489047,0.053397589632777,0.175695883177266,0
CS,Hybrid,35,Db,-0.144408778675196,0.0125552017174164,0.0476324386972875,0.00516945205668513,0
CS,Hybrid,35,Dbc_corrected,-0.216901098735535,0.00253347425217276,0.0558150286152703,0.000574881382661664,0
CS,Hybrid,35,Dbc_02,-0.216901098735535,0.00253347425217276,0.0558150286152703,0.000574881382661664,0
CS,Hybrid,36,Db,-0.0528374865282787,0.449629026899875,0.0656991113264996,0.430701755319685,0
CS,Hybrid,36,Dbc_corrected,-0.0921566102478036,0.290213138071608,0.0765921097958298,0.242868539143287,0
CS,Hybrid,36,Dbc_02,-0.0921566102478036,0.290213138071608,0.0765921097958298,0.242868539143287,0
CS,Hybrid,37,Db,0.0426968729085118,0.577254176471035,0.0529668180377038,0.428147124602175,0
CS,Hybrid,37,Dbc_corrected,0.0209866791586388,0.824591660621706,0.0672089935952806,0.757640257151025,0
CS,Hybrid,37,Dbc_02,0.0209866791586388,0.824591660621706,0.0672089935952806,0.757640257151025,0
CS,Hybrid,38,Db,-0.119279011351172,0.0462071917057194,0.0613214528001252,0.0658449093835405,0
CS,Hybrid,38,Dbc_corrected,-0.175973470053338,0.0190371911619775,0.0775778830272836,0.0341350158709193,0
CS,Hybrid,38,Dbc_02,-0.175973470053338,0.0190371911619775,0.0775778830272836,0.0341350158709193,0
CS,Hybrid,39,Db,-0.15015444161915,0.00787262036761155,0.048955222292117,0.00579476037061642,0
CS,Hybrid,39,Dbc_corrected,-0.14953550730103,0.0322944980618109,0.0611489978368023,0.0234744828128783,0
CS,Hybrid,39,Dbc_02,-0.14953550730103,0.0322944980618109,0.0611489978368023,0.0234744828128783,0
CS,Hybrid,40,Db,-0.07963087597914,0.20035830543415,0.0597196447073036,0.192837000651458,0
CS,Hybrid,40,Dbc_corrected,-0.11517346780106,0.13765439754843,0.0779657984598111,0.150456032475354,0
CS,Hybrid,40,Dbc_02,-0.11517346780106,0.13765439754843,0.0779657984598111,0.150456032475354,0
CS,Hybrid,41,Db,-0.0449928288897324,0.433659915691754,0.0446256291407567,0.32578481575309,0
CS,Hybrid,41,Dbc_corrected,-0.0827455575977477,0.246054204433457,0.0590003631496088,0.176574837822306,0
CS,Hybrid,41,Dbc_02,-0.0827455575977477,0.246054204433457,0.0590003631496088,0.176574837822306,0
CS,Hybrid,42,Db,-0.0481299685687903,0.319522389131468,0.043393180134152,0.276126216514825,0
CS,Hybrid,42,Dbc_corrected,-0.0503477527952535,0.40582310325727,0.0541206389350526,0.359648356749875,0
CS,Hybrid,42,Dbc_02,-0.0503477527952535,0.40582310325727,0.0541206389350526,0.359648356749875,0
CS,Hybrid,43,Db,-0.0569698876523786,0.382298351696677,0.0630384734763202,0.376102230562661,0
CS,Hybrid,43,Dbc_corrected,-0.0671080402518019,0.40644051866329,0.0787317007654277,0.403336656442617,0
CS,Hybrid,43,Dbc_02,-0.0671080402518019,0.40644051866329,0.0787317007654277,0.403336656442617,0
CS,Hybrid,44,Db,-0.0827658856047525,0.126672413669288,0.0385866106245993,0.0404420573898024,0
CS,Hybrid,44,Dbc_corrected,-0.125771247990583,0.0606305374217523,0.0537225054311956,0.0263827672806999,0
CS,Hybrid,44,Dbc_02,-0.125771247990583,0.0606305374217523,0.0537225054311956,0.0263827672806999,0
CS,Hybrid,45,Db,-0.118871359062075,0.0412245563787572,0.0575950173943675,0.0495696918664009,0
CS,Hybrid,45,Dbc_corrected,-0.158620150961255,0.0283673226304667,0.0703212352603668,0.0331339989223664,0
CS,Hybrid,45,Dbc_02,-0.158620150961255,0.0283673226304667,0.0703212352603668,0.0331339989223664,0
CS,Hybrid,46,Db,-0.153697776698249,0.0115200295592933,0.0569739089173792,0.0132112110267461,0
CS,Hybrid,46,Dbc_corrected,-0.209072368985839,0.00534370175820278,0.0651908817501282,0.00417361787167,0
CS,Hybrid,46,Dbc_02,-0.209072368985839,0.00534370175820278,0.0651908817501282,0.00417361787167,0
CS,Hybrid,47,Db,-0.116502145797068,0.050474370649019,0.061274103539866,0.0725323812439744,0
CS,Hybrid,47,Dbc_corrected,-0.127900609594952,0.0839819154569019,0.0738875361726992,0.100215073765203,0
CS,Hybrid,47,Dbc_02,-0.127900609594952,0.0839819154569019,0.0738875361726992,0.100215073765203,0
CS,Hybrid,48,Db,-0.0992498142563598,0.0871167673161476,0.0404390094733226,0.0212097766165826,0
CS,Hybrid,48,Dbc_corrected,-0.133664154686697,0.0634166372856442,0.0591159018776961,0.032617911846072,0
CS,Hybrid,48,Dbc_02,-0.133664154686697,0.0634166372856442,0.0591159018776961,0.032617911846072,0
CS,Hybrid,49,Db,-0.101456867638053,0.0877338142713967,0.0539925388871718,0.0760768027650387,0
CS,Hybrid,49,Dbc_corrected,-0.177708940703783,0.0179352048244109,0.0626682597026403,0.0104489347060762,0
CS,Hybrid,49,Dbc_02,-0.177708940703783,0.0179352048244109,0.0626682597026403,0.0104489347060762,0
CS,Hybrid,50,Db,-0.0632710055761933,0.248027879211643,0.0528912009910595,0.24000381930539,0
CS,Hybrid,50,Dbc_corrected,-0.0826746301593555,0.229782804738657,0.0630842196233668,0.198704613363218,0
CS,Hybrid,50,Dbc_02,-0.0826746301593555,0.229782804738657,0.0630842196233668,0.198704613363218,0
CS,Hybrid,51,Db,-0.072200142035166,0.149526006818178,0.0442307470221152,0.116802149544734,0
CS,Hybrid,51,Dbc_corrected,-0.0963531115085367,0.120895678180209,0.0526245475665287,0.0806943247071522,0
CS,Hybrid,51,Dbc_02,-0.0963531115085367,0.120895678180209,0.0526245475665287,0.0806943247071522,0
CS,Hybrid,52,Db,-0.146019415040525,0.0135465820017606,0.0509258182785866,0.00990999801385856,0
CS,Hybrid,52,Dbc_corrected,-0.213328020851667,0.00375727311582288,0.0659144425458013,0.00431010381058489,0
CS,Hybrid,52,Dbc_02,-0.213328020851667,0.00375727311582288,0.0659144425458013,0.00431010381058489,0
CS,Hybrid,53,Db,0.00541118395869267,0.921173640081222,0.0476863913686568,0.910540684096162,0
CS,Hybrid,53,Dbc_corrected,-0.0119798474861241,0.860873588770296,0.0613585859652846,0.846739672658377,0
CS,Hybrid,53,Dbc_02,-0.0119798474861241,0.860873588770296,0.0613585859652846,0.846739672658377,0
CS,Hybrid,54,Db,-0.0714187268202471,0.21292403900472,0.0464662075094942,0.141794461895131,0
CS,Hybrid,54,Dbc_corrected,-0.106113399203716,0.138167165038589,0.0583717513038861,0.0853066503327737,0
CS,Hybrid,54,Dbc_02,-0.106113399203716,0.138167165038589,0.0583717513038861,0.0853066503327737,0
CS,Hybrid,55,Db,-0.0490124924066809,0.412821470642533,0.0431309978857929,0.266662149225549,0
CS,Hybrid,55,Dbc_corrected,-0.0551043311203913,0.458488767665476,0.0544348826311145,0.321171090081921,0
CS,Hybrid,55,Dbc_02,-0.0551043311203913,0.458488767665476,0.0544348826311145,0.321171090081921,0
CS,Hybrid,56,Db,-0.0905218723485529,0.149012515830571,0.0588628746669279,0.136158294147595,0
CS,Hybrid,56,Dbc_corrected,-0.110482858635377,0.159059814706429,0.0722258398758116,0.138323949358033,0
CS,Hybrid,56,Dbc_02,-0.110482858635377,0.159059814706429,0.0722258398758116,0.138323949358033,0
CS,Hybrid,57,Db,-0.103566853011489,0.133242945309665,0.0543135070840291,0.0777089081867537,0
CS,Hybrid,57,Dbc_corrected,-0.167402659284361,0.0529296693317343,0.070164271205772,0.031787351699268,0
CS,Hybrid,57,Dbc_02,-0.167402659284361,0.0529296693317343,0.070164271205772,0.031787351699268,0
CS,Hybrid,58,Db,-0.115534702648665,0.0307701568437549,0.0547447481949398,0.0445925111059002,0
CS,Hybrid,58,Dbc_corrected,-0.151758803879754,0.0213708956392943,0.0701607584686316,0.0400821607257179,0
CS,Hybrid,58,Dbc_02,-0.151758803879754,0.0213708956392943,0.0701607584686316,0.0400821607257179,0
CS,Hybrid,59,Db,-0.0735918886304708,0.301787339469701,0.0583458090857249,0.218004583243747,0
CS,Hybrid,59,Dbc_corrected,-0.0686827006288322,0.437815139317386,0.0667875070674763,0.312920960992082,0
CS,Hybrid,59,Dbc_02,-0.0686827006288322,0.437815139317386,0.0667875070674763,0.312920960992082,0
CS,Hybrid,60,Db,-0.121774622335168,0.0399867977482779,0.0588884359585283,0.0486435176312525,0
CS,Hybrid,60,Dbc_corrected,-0.142931514376534,0.053864099218969,0.0693353862025845,0.0493498046990286,0
CS,Hybrid,60,Dbc_02,-0.142931514376534,0.053864099218969,0.0693353862025845,0.0493498046990286,0
CS,Hybrid,61,Db,-0.0876296192256429,0.119520530236631,0.0497466653134512,0.0985561987775586,0
CS,Hybrid,61,Dbc_corrected,-0.128672437850285,0.065597182528875,0.0597953429450909,0.0486423408014344,0
CS,Hybrid,61,Dbc_02,-0.128672437850285,0.065597182528875,0.0597953429450909,0.0486423408014344,0
CS,Hybrid,62,Db,-0.181777295761809,0.00489494590172367,0.051495236496006,0.00183341817116087,0
CS,Hybrid,62,Dbc_corrected,-0.233362934551512,0.00407816023705314,0.0705028711675049,0.00303758339349783,0
CS,Hybrid,62,Dbc_02,-0.233362934551512,0.00407816023705314,0.0705028711675049,0.00303758339349783,0
CS,Hybrid,63,Db,-0.0676283664916607,0.179998958506148,0.0465390704902233,0.160578192243706,0
CS,Hybrid,63,Dbc_corrected,-0.0826243516419287,0.188233011528219,0.0550329333501915,0.147835659204157,0
CS,Hybrid,63,Dbc_02,-0.0826243516419287,0.188233011528219,0.0550329333501915,0.147835659204157,0
CS,Hybrid,64,Db,-0.160633180702555,0.00242068792577479,0.0435303209090189,0.00144988754916684,0
CS,Hybrid,64,Dbc_corrected,-0.192460954944935,0.0037451909118226,0.057289830717925,0.00307395169260671,0
CS,Hybrid,64,Dbc_02,-0.192460954944935,0.0037451909118226,0.057289830717925,0.00307395169260671,0
CS,Hybrid,65,Db,-0.105589865840331,0.150660514555368,0.054604525803656,0.0638763840994571,0
CS,Hybrid,65,Dbc_corrected,-0.0951911526458825,0.294050563746519,0.0672343563541946,0.168612759364451,0
CS,Hybrid,65,Dbc_02,-0.0951911526458825,0.294050563746519,0.0672343563541946,0.168612759364451,0
CS,Hybrid,66,Db,-0.0822012493927985,0.131711128229409,0.0481768309414867,0.102160445820372,0
CS,Hybrid,66,Dbc_corrected,-0.107004572553017,0.114923768336343,0.0548013258731682,0.0636817722469657,0
CS,Hybrid,66,Dbc_02,-0.107004572553017,0.114923768336343,0.0548013258731682,0.0636817722469657,0
CS,Hybrid,67,Db,-0.0952961361255475,0.10641398314818,0.045509866257014,0.0506322895621607,0
CS,Hybrid,67,Dbc_corrected,-0.128618236284026,0.0783388048389508,0.061834588168658,0.0525376957494659,0
CS,Hybrid,67,Dbc_02,-0.128618236284026,0.0783388048389508,0.061834588168658,0.0525376957494659,0
CS,Hybrid,68,Db,-0.0921268792616041,0.141347622478595,0.0589372313605081,0.13185061482148,0
CS,Hybrid,68,Dbc_corrected,-0.115696133392236,0.140340693714411,0.0690874099579272,0.107627228166471,0
CS,Hybrid,68,Dbc_02,-0.115696133392236,0.140340693714411,0.0690874099579272,0.107627228166471,0
CS,Hybrid,69,Db,-0.176089915557441,0.00457700518094495,0.0431300043172623,0.000401333282225635,0
CS,Hybrid,69,Dbc_corrected,-0.238219825723519,0.00214857765200608,0.0546611869175668,0.000197805704282795,0
CS,Hybrid,69,Dbc_02,-0.238219825723519,0.00214857765200608,0.0546611869175668,0.000197805704282795,0
CS,Hybrid,70,Db,-0.161434844275869,0.00266502083963662,0.0469541265382273,0.00232541431194363,0
CS,Hybrid,70,Dbc_corrected,-0.198670799175169,0.00290870773305735,0.0565006393898101,0.00199283377788904,0
CS,Hybrid,70,Dbc_02,-0.198670799175169,0.00290870773305735,0.0565006393898101,0.00199283377788904,0
CS,Hybrid,71,Db,-0.106560302430951,0.0615402105533945,0.05004691546612,0.0446992194461749,0
CS,Hybrid,71,Dbc_corrected,-0.140273243458858,0.0472352285652182,0.0596084478876156,0.0280227397856247,0
CS,Hybrid,71,Dbc_02,-0.140273243458858,0.0472352285652182,0.0596084478876156,0.0280227397856247,0
CS,Hybrid,72,Db,-0.100208910559092,0.0629304769694293,0.0485375913863526,0.0490190246012646,0
CS,Hybrid,72,Dbc_corrected,-0.140860382089245,0.0352641070169914,0.0591623510900706,0.0247377250797982,0
CS,Hybrid,72,Dbc_02,-0.140860382089245,0.0352641070169914,0.0591623510900706,0.0247377250797982,0
CS,Hybrid,73,Db,-0.0281791683050195,0.667018237320806,0.0409161953393138,0.499416690341435,0
CS,Hybrid,73,Dbc_corrected,-0.0480578543618002,0.553938277055367,0.0532930159807386,0.378503661232196,0
CS,Hybrid,73,Dbc_02,-0.0480578543618002,0.553938277055367,0.0532930159807386,0.378503661232196,0
CS,Hybrid,74,Db,-0.164437135872207,0.00516346080588424,0.0644592686582902,0.0176975041921548,0
CS,Hybrid,74,Dbc_corrected,-0.195322552505613,0.00752026340871347,0.086478212829567,0.0335451994372855,0
CS,Hybrid,74,Dbc_02,-0.195322552505613,0.00752026340871347,0.086478212829567,0.0335451994372855,0
CS,Hybrid,75,Db,-0.102556564881278,0.0728429919163971,0.0390400376788573,0.0147529387914145,0
CS,Hybrid,75,Dbc_corrected,-0.181355390550869,0.0108541046000235,0.0493111908354303,0.00116966113657117,0
CS,Hybrid,75,Dbc_02,-0.181355390550869,0.0108541046000235,0.0493111908354303,0.00116966113657117,0
CS,Hybrid,76,Db,-0.0424620615725385,0.490989360500481,0.0567271301422426,0.461104511149624,0
CS,Hybrid,76,Dbc_corrected,-0.0850856999333032,0.268169573809867,0.0758869945066297,0.272690264274258,0
CS,Hybrid,76,Dbc_02,-0.0850856999333032,0.268169573809867,0.0758869945066297,0.272690264274258,0
CS,Hybrid,77,Db,-0.0474039446829476,0.420410425312249,0.0499582109274515,0.354365443565958,0
CS,Hybrid,77,Dbc_corrected,-0.0863522651868749,0.239697917178158,0.0626785971157545,0.184144235516711,0
CS,Hybrid,77,Dbc_02,-0.0863522651868749,0.239697917178158,0.0626785971157545,0.184144235516711,0
CS,Hybrid,78,Db,-0.0741406815693696,0.153922124436905,0.0435150514676703,0.103161047695242,0
CS,Hybrid,78,Dbc_corrected,-0.113935664922999,0.0783869157431056,0.0572366525855034,0.0595347916057963,0
CS,Hybrid,78,Dbc_02,-0.113935664922999,0.0783869157431056,0.0572366525855034,0.0595347916057963,0
CS,Hybrid,79,Db,-0.189943848265714,0.00784777902524949,0.0659664720840975,0.00764127824986137,0
CS,Hybrid,79,Dbc_corrected,-0.255720624188072,0.00429101481564462,0.0855204280859791,0.00589005769283163,0
CS,Hybrid,79,Dbc_02,-0.255720624188072,0.00429101481564462,0.0855204280859791,0.00589005769283163,0
CS,Hybrid,80,Db,-0.0443266421584879,0.392545816557584,0.0453807515116399,0.338439894358006,0
CS,Hybrid,80,Dbc_corrected,-0.0594725138014637,0.354864929997504,0.0536463420910773,0.278831165772286,0
CS,Hybrid,80,Dbc_02,-0.0594725138014637,0.354864929997504,0.0536463420910773,0.278831165772286,0
CS,Hybrid,81,Db,-0.0381709124298843,0.446141727488667,0.0433045093917573,0.386155095741691,0
CS,Hybrid,81,Dbc_corrected,-0.0749194300935477,0.232145256412963,0.0535738549640059,0.173906198976342,0
CS,Hybrid,81,Dbc_02,-0.0749194300935477,0.232145256412963,0.0535738549640059,0.173906198976342,0
CS,Hybrid,82,Db,-0.0968467008951549,0.104513156514994,0.0547453201341783,0.0911468082456449,0
CS,Hybrid,82,Dbc_corrected,-0.124091871027433,0.0930892211858121,0.0656476168626896,0.0726730114578396,0
CS,Hybrid,82,Dbc_02,-0.124091871027433,0.0930892211858121,0.0656476168626896,0.0726730114578396,0
CS,Hybrid,83,Db,-0.0468067380608166,0.391116070339597,0.0560793163388019,0.410091774598379,0
CS,Hybrid,83,Dbc_corrected,-0.0882554720726879,0.192285712597461,0.06560646804519,0.187891036959521,0
CS,Hybrid,83,Dbc_02,-0.0882554720726879,0.192285712597461,0.06560646804519,0.187891036959521,0
CS,Hybrid,84,Db,-0.0949056841173151,0.0597172603165151,0.0404976738499796,0.0276524822534722,0
CS,Hybrid,84,Dbc_corrected,-0.123640028561805,0.0483358711223595,0.0454553982601165,0.0120086025704589,0
CS,Hybrid,84,Dbc_02,-0.123640028561805,0.0483358711223595,0.0454553982601165,0.0120086025704589,0
CS,Hybrid,85,Db,-0.0195896943990827,0.732370330777536,0.0538833923463336,0.718886019052412,0
CS,Hybrid,85,Dbc_corrected,-0.0120984429803245,0.866422474386998,0.0666890427627232,0.857340788625326,0
CS,Hybrid,85,Dbc_02,-0.0120984429803245,0.866422474386998,0.0666890427627232,0.857340788625326,0
CS,Hybrid,86,Db,-0.0302988889223825,0.576138360766809,0.0402467010668459,0.458751168851569,0
CS,Hybrid,86,Dbc_corrected,-0.0370792862593734,0.583572014264043,0.0507935452247902,0.472089237890977,0
CS,Hybrid,86,Dbc_02,-0.0370792862593734,0.583572014264043,0.0507935452247902,0.472089237890977,0
CS,Hybrid,87,Db,-0.13257319742895,0.0380157414098623,0.0544443137583322,0.0223435338188639,0
CS,Hybrid,87,Dbc_corrected,-0.162460282278844,0.0397983736128188,0.0712665107208182,0.0313789414480282,0
CS,Hybrid,87,Dbc_02,-0.162460282278844,0.0397983736128188,0.0712665107208182,0.0313789414480282,0
CS,Hybrid,88,Db,-0.0421483185073052,0.442465198423403,0.0551009339470143,0.453250392447435,0
CS,Hybrid,88,Dbc_corrected,-0.0761451269843532,0.268446769682988,0.0683112852445238,0.278129882767757,0
CS,Hybrid,88,Dbc_02,-0.0761451269843532,0.268446769682988,0.0683112852445238,0.278129882767757,0
CS,Hybrid,89,Db,-0.172603907204226,0.00302501653710648,0.0567101153353993,0.00571266799030825,0
CS,Hybrid,89,Dbc_corrected,-0.235537848564643,0.00110774797005948,0.0651399446284336,0.00146254632171725,0
CS,Hybrid,89,Dbc_02,-0.235537848564643,0.00110774797005948,0.0651399446284336,0.00146254632171725,0
CS,Hybrid,90,Db,-0.16108064848273,0.00240709645841249,0.037659030146859,0.000228377485610511,0
CS,Hybrid,90,Dbc_corrected,-0.193005150169667,0.00348033550076278,0.0472532668975138,0.000374044460520374,0
CS,Hybrid,90,Dbc_02,-0.193005150169667,0.00348033550076278,0.0472532668975138,0.000374044460520374,0
CS,Hybrid,91,Db,-0.112719590308782,0.0414354863128192,0.0586195336017794,0.0722219947020441,0
CS,Hybrid,91,Dbc_corrected,-0.132022970513653,0.0572745345387103,0.0769134331036704,0.104119557508387,0
CS,Hybrid,91,Dbc_02,-0.132022970513653,0.0572745345387103,0.0769134331036704,0.104119557508387,0
CS,Hybrid,92,Db,-0.182440545760174,0.00717736462571783,0.0583266150385898,0.00433622399910454,0
CS,Hybrid,92,Dbc_corrected,-0.280970438925352,0.000952352805276292,0.0769186126946646,0.00116799296519749,0
CS,Hybrid,92,Dbc_02,-0.280970438925352,0.000952352805276292,0.0769186126946646,0.00116799296519749,0
CS,Hybrid,93,Db,-0.175799570076027,0.00213622440293651,0.0448856956480191,0.000521487426274623,0
CS,Hybrid,93,Dbc_corrected,-0.193299617590914,0.00704225556447714,0.0576129051761837,0.0023064433494095,0
CS,Hybrid,93,Dbc_02,-0.193299617590914,0.00704225556447714,0.0576129051761837,0.0023064433494095,0
CS,Hybrid,94,Db,-0.0333361967677192,0.573763913634087,0.0527662319598475,0.532719828632616,0
CS,Hybrid,94,Dbc_corrected,-0.0534953836962652,0.468867186550352,0.0573243046547135,0.35878833031002,0
CS,Hybrid,94,Dbc_02,-0.0534953836962652,0.468867186550352,0.0573243046547135,0.35878833031002,0
CS,Hybrid,95,Db,-0.0664690436722071,0.234672583636328,0.0506872103505229,0.202958704636478,0
CS,Hybrid,95,Dbc_corrected,-0.133062757644777,0.0566073411611976,0.0611533491399671,0.0405298095716054,0
CS,Hybrid,95,Dbc_02,-0.133062757644777,0.0566073411611976,0.0611533491399671,0.0405298095716054,0
CS,Hybrid,96,Db,-0.180913673537395,0.00803589694140603,0.0586689650309506,0.00539463309913701,0
CS,Hybrid,96,Dbc_corrected,-0.261128820858874,0.00234237447864799,0.0753545586206653,0.00218934357858863,0
CS,Hybrid,96,Dbc_02,-0.261128820858874,0.00234237447864799,0.0753545586206653,0.00218934357858863,0
CS,Hybrid,97,Db,-0.124794879987194,0.0283255062530207,0.0580119068365569,0.044052539709091,0
CS,Hybrid,97,Dbc_corrected,-0.154832250232376,0.0289684982896778,0.0694558481922805,0.0375909559336232,0
CS,Hybrid,97,Dbc_02,-0.154832250232376,0.0289684982896778,0.0694558481922805,0.0375909559336232,0
CS,Hybrid,98,Db,-0.143225125336288,0.0525108635934218,0.0568249917226496,0.0184967010770534,0
CS,Hybrid,98,Dbc_corrected,-0.17490706036871,0.0566068615218014,0.071037901887585,0.0210912422632829,0
CS,Hybrid,98,Dbc_02,-0.17490706036871,0.0566068615218014,0.071037901887585,0.0210912422632829,0
CS,Hybrid,99,Db,-0.146556235271893,0.0102458533746839,0.0479947010674298,0.00470415798195714,0
CS,Hybrid,99,Dbc_corrected,-0.173013549121326,0.0150605387242239,0.0607564387719685,0.00788392024681083,0
CS,Hybrid,99,Dbc_02,-0.173013549121326,0.0150605387242239,0.0607564387719685,0.00788392024681083,0
CS,Hybrid,100,Db,-0.123337952984514,0.0167804878911403,0.0471231312142542,0.014385398869569,0
CS,Hybrid,100,Dbc_corrected,-0.151367107759088,0.0181474750240592,0.0559544152874022,0.0118439219304408,0
CS,Hybrid,100,Dbc_02,-0.151367107759088,0.0181474750240592,0.0559544152874022,0.0118439219304408,0
CS,Hybrid,101,Db,-0.0959485691181753,0.127602810120939,0.0574233306841905,0.107673722262191,0
CS,Hybrid,101,Dbc_corrected,-0.118811767726392,0.127982153712475,0.0684863945629271,0.0955953052092587,0
CS,Hybrid,101,Dbc_02,-0.118811767726392,0.127982153712475,0.0684863945629271,0.0955953052092587,0
CS,Hybrid,102,Db,-0.12980680702915,0.0113764359162962,0.042038078195063,0.00578890966203653,0
CS,Hybrid,102,Dbc_corrected,-0.199280303512017,0.00204188491877537,0.0587488190373746,0.00283931292186127,0
CS,Hybrid,102,Dbc_02,-0.199280303512017,0.00204188491877537,0.0587488190373746,0.00283931292186127,0
CS,Hybrid,103,Db,-0.0908498526634467,0.089592789501528,0.0479326343673629,0.0737318314693355,0
CS,Hybrid,103,Dbc_corrected,-0.136626951159955,0.040871412613083,0.0577965960104645,0.0292900116067169,0
CS,Hybrid,103,Dbc_02,-0.136626951159955,0.040871412613083,0.0577965960104645,0.0292900116067169,0
CS,Hybrid,104,Db,-0.0810114062894007,0.155689511257137,0.0482065618919283,0.108151555130479,0
CS,Hybrid,104,Dbc_corrected,-0.118185385355121,0.0977340967991198,0.0562736197908433,0.0479216419911787,0
CS,Hybrid,104,Dbc_02,-0.118185385355121,0.0977340967991198,0.0562736197908433,0.0479216419911787,0
CS,Hybrid,105,Db,-0.200708216054647,8.8455490096365e-05,0.0435352585458927,0.000133321472284177,0
CS,Hybrid,105,Dbc_corrected,-0.230536405552738,0.00026945898072888,0.0514750213568793,0.000188118275743393,0
CS,Hybrid,105,Dbc_02,-0.230536405552738,0.00026945898072888,0.0514750213568793,0.000188118275743393,0
CS,Hybrid,106,Db,-0.117295572616295,0.030771959743986,0.0454645348047257,0.0167998085952923,0
CS,Hybrid,106,Dbc_corrected,-0.162094221636853,0.0151161041517127,0.0598456448078695,0.0128066405367649,0
CS,Hybrid,106,Dbc_02,-0.162094221636853,0.0151161041517127,0.0598456448078695,0.0128066405367649,0
CS,Hybrid,107,Db,-0.0946044072096928,0.119738148011367,0.0586063499542154,0.121844173587385,0
CS,Hybrid,107,Dbc_corrected,-0.162523862916013,0.0331588940268851,0.0763359765131451,0.0456405317051567,0
CS,Hybrid,107,Dbc_02,-0.162523862916013,0.0331588940268851,0.0763359765131451,0.0456405317051567,0
CS,Hybrid,108,Db,-0.045822556431612,0.386007752671299,0.0471885624786132,0.340404274104588,0
CS,Hybrid,108,Dbc_corrected,-0.0530094701037185,0.415891729698203,0.0590352572846014,0.377534363094771,0
CS,Hybrid,108,Dbc_02,-0.0530094701037185,0.415891729698203,0.0590352572846014,0.377534363094771,0
CS,Hybrid,109,Db,-0.209714164482358,0.000978141674296541,0.0497351528402495,0.000315434190459279,0
CS,Hybrid,109,Dbc_corrected,-0.30908197054965,8.88909260669327e-05,0.0627765805546927,5.47136648568239e-05,0
CS,Hybrid,109,Dbc_02,-0.30908197054965,8.88909260669327e-05,0.0627765805546927,5.47136648568239e-05,0
CS,Hybrid,110,Db,-0.0199401005527984,0.765381193833274,0.0649697012523781,0.762131029325283,0
CS,Hybrid,110,Dbc_corrected,-0.0311828739008823,0.707961710722565,0.0720538778824986,0.670033923613762,0
CS,Hybrid,110,Dbc_02,-0.0311828739008823,0.707961710722565,0.0720538778824986,0.670033923613762,0
CS,Hybrid,111,Db,-0.03801864864703,0.504838340944016,0.0528428002454983,0.479848033529028,0
CS,Hybrid,111,Dbc_corrected,-0.0425857667810769,0.548821396696601,0.0660558801431024,0.526156876064159,0
CS,Hybrid,111,Dbc_02,-0.0425857667810769,0.548821396696601,0.0660558801431024,0.526156876064159,0
CS,Hybrid,112,Db,-0.124708539133573,0.0206651078178952,0.0455267031183676,0.0114014773244808,0
CS,Hybrid,112,Dbc_corrected,-0.196842303655971,0.0031111545992959,0.0612400006643753,0.00374702656469225,0
CS,Hybrid,112,Dbc_02,-0.196842303655971,0.0031111545992959,0.0612400006643753,0.00374702656469225,0
CS,Hybrid,113,Db,-0.119678900215826,0.0317320783440712,0.0539817637767896,0.037325658762149,0
CS,Hybrid,113,Dbc_corrected,-0.170878940714916,0.0137556004536113,0.062431928983226,0.0122685402948119,0
CS,Hybrid,113,Dbc_02,-0.170878940714916,0.0137556004536113,0.062431928983226,0.0122685402948119,0
CS,Hybrid,114,Db,-0.0821054273034983,0.12061464221005,0.040109371163405,0.0527201720112927,0
CS,Hybrid,114,Dbc_corrected,-0.119991760844198,0.0625351376185968,0.0495567470047044,0.0243066877932029,0
CS,Hybrid,114,Dbc_02,-0.119991760844198,0.0625351376185968,0.0495567470047044,0.0243066877932029,0
CS,Hybrid,115,Db,-0.0576530469144269,0.357195298259355,0.0591961407492382,0.342256033471974,0
CS,Hybrid,115,Dbc_corrected,-0.0827543323805788,0.292627385288162,0.0738757199963505,0.276000104592095,0
CS,Hybrid,115,Dbc_02,-0.0827543323805788,0.292627385288162,0.0738757199963505,0.276000104592095,0
CS,Hybrid,116,Db,-0.158474476381909,0.0026886481267471,0.0439463578264947,0.00176907583036034,0
CS,Hybrid,116,Dbc_corrected,-0.182815508068016,0.00493476039797056,0.0556719408055214,0.00378528267502891,0
CS,Hybrid,116,Dbc_02,-0.182815508068016,0.00493476039797056,0.0556719408055214,0.00378528267502891,0
CS,Hybrid,117,Db,-0.163351124723661,0.00685757068735637,0.0588144645656146,0.00968913920399227,0
CS,Hybrid,117,Dbc_corrected,-0.198364814394519,0.00883086622424992,0.0722894431894545,0.0105816668411247,0
CS,Hybrid,117,Dbc_02,-0.198364814394519,0.00883086622424992,0.0722894431894545,0.0105816668411247,0
CS,Hybrid,118,Db,-0.097825112920459,0.0838705373342777,0.0578701602791795,0.107946904979221,0
CS,Hybrid,118,Dbc_corrected,-0.112532181656506,0.1132549004729,0.0684223726966261,0.117082288646577,0
CS,Hybrid,118,Dbc_02,-0.112532181656506,0.1132549004729,0.0684223726966261,0.117082288646577,0
CS,Hybrid,119,Db,-0.0392056509036913,0.537558748014314,0.0628932316622625,0.539326650394824,0
CS,Hybrid,119,Dbc_corrected,-0.0604090429692886,0.446874550626439,0.081365140627392,0.465663946488014,0
CS,Hybrid,119,Dbc_02,-0.0604090429692886,0.446874550626439,0.081365140627392,0.465663946488014,0
CS,Hybrid,120,Db,-0.117378295505362,0.053051062982139,0.0424693708523487,0.0121785845748837,0
CS,Hybrid,120,Dbc_corrected,-0.130501570447408,0.0814302663625923,0.0548341062756285,0.0278537079154427,0
CS,Hybrid,120,Dbc_02,-0.130501570447408,0.0814302663625923,0.0548341062756285,0.0278537079154427,0
CS,Hybrid,121,Db,-0.0485528801390361,0.437262260382797,0.0672911444194805,0.479041642340582,0
CS,Hybrid,121,Dbc_corrected,-0.0768787474421163,0.324077722650883,0.0809563674721196,0.353584174899826,0
CS,Hybrid,121,Dbc_02,-0.0768787474421163,0.324077722650883,0.0809563674721196,0.353584174899826,0
CS,Hybrid,122,Db,-0.154574893334342,0.0224850851608171,0.0532487726587199,0.00886237006167874,0
CS,Hybrid,122,Dbc_corrected,-0.202774315169018,0.0166835168458834,0.0669918544592605,0.00656187286639191,0
CS,Hybrid,122,Dbc_02,-0.202774315169018,0.0166835168458834,0.0669918544592605,0.00656187286639191,0
CS,Hybrid,123,Db,-0.102361431255418,0.0390682487170544,0.0428578861778876,0.0245980714609275,0
CS,Hybrid,123,Dbc_corrected,-0.122319833701014,0.0466050517468114,0.0550743950025406,0.0354051166930584,0
CS,Hybrid,123,Dbc_02,-0.122319833701014,0.0466050517468114,0.0550743950025406,0.0354051166930584,0
CS,Hybrid,124,Db,-0.123994514962551,0.0424219012661436,0.051100839436422,0.023058307174616,0
CS,Hybrid,124,Dbc_corrected,-0.155931992591892,0.0407282778549448,0.064102694394455,0.0229811073983998,0
CS,Hybrid,124,Dbc_02,-0.155931992591892,0.0407282778549448,0.064102694394455,0.0229811073983998,0
CS,Hybrid,125,Db,-0.0479690430498595,0.37394592903603,0.0491990799868492,0.338442777380678,0
CS,Hybrid,125,Dbc_corrected,-0.109514722929704,0.102718250621162,0.0606011276723531,0.0822940925779045,0
CS,Hybrid,125,Dbc_02,-0.109514722929704,0.102718250621162,0.0606011276723531,0.0822940925779045,0
CS,Hybrid,126,Db,0.00420960331133916,0.952793446185586,0.0677418497296298,0.951011112140366,0
CS,Hybrid,126,Dbc_corrected,0.0314046032683322,0.724364337169827,0.0780149106142802,0.691116051712485,0
CS,Hybrid,126,Dbc_02,0.0314046032683322,0.724364337169827,0.0780149106142802,0.691116051712485,0
CS,Hybrid,127,Db,-0.0879626757072182,0.116308589881509,0.0364845173106506,0.0239766799009735,0
CS,Hybrid,127,Dbc_corrected,-0.154646522203865,0.0274034338354111,0.0497082293191109,0.00474567443721154,0
CS,Hybrid,127,Dbc_02,-0.154646522203865,0.0274034338354111,0.0497082293191109,0.00474567443721154,0
CS,Hybrid,128,Db,-0.0612848325781858,0.289976483217471,0.0458628131989435,0.195443794820722,0
CS,Hybrid,128,Dbc_corrected,-0.0552016082973589,0.441392421863419,0.0579441067456523,0.351484983186741,0
CS,Hybrid,128,Dbc_02,-0.0552016082973589,0.441392421863419,0.0579441067456523,0.351484983186741,0
CS,Hybrid,129,Db,-0.127409092880825,0.00930165651685413,0.0361044034205391,0.00220082141344234,0
CS,Hybrid,129,Dbc_corrected,-0.18164766342345,0.00304518456390889,0.0485925631589074,0.00128108087252763,0
CS,Hybrid,129,Dbc_02,-0.18164766342345,0.00304518456390889,0.0485925631589074,0.00128108087252763,0
CS,Hybrid,130,Db,-0.094540325859699,0.086604743668278,0.0445435688843821,0.0463977954603641,0
CS,Hybrid,130,Dbc_corrected,-0.111152715631975,0.102326189342627,0.0568070929995258,0.0648766385884756,0
CS,Hybrid,130,Dbc_02,-0.111152715631975,0.102326189342627,0.0568070929995258,0.0648766385884756,0
CS,Hybrid,131,Db,-0.133727539924744,0.0293424488517418,0.0683762150389658,0.0618816633923879,0
CS,Hybrid,131,Dbc_corrected,-0.124893807516909,0.102134734299415,0.0818619302758017,0.139838157677967,0
CS,Hybrid,131,Dbc_02,-0.124893807516909,0.102134734299415,0.0818619302758017,0.139838157677967,0
CS,Hybrid,132,Db,-0.104913474290802,0.0977076963255949,0.0659339197520255,0.123120946413375,0
CS,Hybrid,132,Dbc_corrected,-0.110797366546476,0.163512329315425,0.0777356826620711,0.16547240295785,0
CS,Hybrid,132,Dbc_02,-0.110797366546476,0.163512329315425,0.0777356826620711,0.16547240295785,0
CS,Hybrid,133,Db,-0.13339173866803,0.00237664499637998,0.0397600389922472,0.00212287370291024,0
CS,Hybrid,133,Dbc_corrected,-0.169939816231766,0.00199891143780528,0.0505126630363779,0.00203393565747891,0
CS,Hybrid,133,Dbc_02,-0.169939816231766,0.00199891143780528,0.0505126630363779,0.00203393565747891,0
CS,Hybrid,134,Db,-0.140868516023604,0.00814081490408255,0.0385935098284508,0.00141844299960069,0
CS,Hybrid,134,Dbc_corrected,-0.177930593598221,0.00690376709714901,0.0528399626695704,0.0028436480496778,0
CS,Hybrid,134,Dbc_02,-0.177930593598221,0.00690376709714901,0.0528399626695704,0.0028436480496778,0
CS,Hybrid,135,Db,-0.0887040735532922,0.105040452900338,0.0480141626005184,0.0768124380725056,0
CS,Hybrid,135,Dbc_corrected,-0.132703991664358,0.0518027551357821,0.0602620076204418,0.0374457950182322,0
CS,Hybrid,135,Dbc_02,-0.132703991664358,0.0518027551357821,0.0602620076204418,0.0374457950182322,0
CS,Hybrid,136,Db,-0.193065423340051,0.000317156591580495,0.0710903422891912,0.0121895986778193,0
CS,Hybrid,136,Dbc_corrected,-0.227764527326226,0.000643353026405006,0.088572595579542,0.0166259259970948,0
CS,Hybrid,136,Dbc_02,-0.227764527326226,0.000643353026405006,0.088572595579542,0.0166259259970948,0
CS,Hybrid,137,Db,-0.06864306975418,0.263304640366034,0.0422545652497862,0.120781400495154,0
CS,Hybrid,137,Dbc_corrected,-0.111525084752168,0.147828206850111,0.0600429159291279,0.0786789599450727,0
CS,Hybrid,137,Dbc_02,-0.111525084752168,0.147828206850111,0.0600429159291279,0.0786789599450727,0
CS,Hybrid,138,Db,-0.126432074906125,0.0595116505364034,0.0440481945380769,0.00779388553196533,0
CS,Hybrid,138,Dbc_corrected,-0.170797506645458,0.040514630902417,0.0620495001616663,0.010355577981767,0
CS,Hybrid,138,Dbc_02,-0.170797506645458,0.040514630902417,0.0620495001616663,0.010355577981767,0
CS,Hybrid,139,Db,-0.0529757430324775,0.39140992206655,0.0537291478743716,0.334790353196406,0
CS,Hybrid,139,Dbc_corrected,-0.0528949144390797,0.49464707238407,0.0631411258479006,0.411140039404167,0
CS,Hybrid,139,Dbc_02,-0.0528949144390797,0.49464707238407,0.0631411258479006,0.411140039404167,0
CS,Hybrid,140,Db,-0.0656558723103568,0.301297684113069,0.0544163757193435,0.239367877172537,0
CS,Hybrid,140,Dbc_corrected,-0.111777164364708,0.158053169025219,0.0669808726167019,0.108345630575072,0
CS,Hybrid,140,Dbc_02,-0.111777164364708,0.158053169025219,0.0669808726167019,0.108345630575072,0
CS,Hybrid,141,Db,-0.0949598717862879,0.0663759808225365,0.0561065079043441,0.104373908019042,0
CS,Hybrid,141,Dbc_corrected,-0.100961291849639,0.121449374865331,0.0754462065591478,0.193710869003204,0
CS,Hybrid,141,Dbc_02,-0.100961291849639,0.121449374865331,0.0754462065591478,0.193710869003204,0
CS,Hybrid,142,Db,-0.0409389335443957,0.446734812406771,0.039401252414158,0.307409424676296,0
CS,Hybrid,142,Dbc_corrected,-0.0805261931310778,0.230375745726465,0.0466622349907195,0.0951489197788741,0
CS,Hybrid,142,Dbc_02,-0.0805261931310778,0.230375745726465,0.0466622349907195,0.0951489197788741,0
CS,Hybrid,143,Db,-0.125175036834189,0.0221315891311979,0.065043151985558,0.0697956939667194,0
CS,Hybrid,143,Dbc_corrected,-0.152977802258504,0.0240267756888739,0.0760082195871871,0.0591485864911259,0
CS,Hybrid,143,Dbc_02,-0.152977802258504,0.0240267756888739,0.0760082195871871,0.0591485864911259,0
CS,Hybrid,144,Db,-0.0339215324382083,0.511537041208275,0.0393332339595683,0.397707623153152,0
CS,Hybrid,144,Dbc_corrected,-0.0551101577233964,0.39040145730215,0.0569534051235815,0.343627280750628,0
CS,Hybrid,144,Dbc_02,-0.0551101577233964,0.39040145730215,0.0569534051235815,0.343627280750628,0
CS,Hybrid,145,Db,-0.0157360079568638,0.774159848738925,0.0498286381873108,0.755404520029967,0
CS,Hybrid,145,Dbc_corrected,-0.038459341647411,0.568935574971783,0.0566047346735252,0.504671079070188,0
CS,Hybrid,145,Dbc_02,-0.038459341647411,0.568935574971783,0.0566047346735252,0.504671079070188,0
CS,Hybrid,146,Db,-0.0615454076558617,0.252984895884904,0.0581781695374546,0.300533040698516,0
CS,Hybrid,146,Dbc_corrected,-0.0849695690740222,0.207612844513261,0.0677887324689706,0.221885227335411,0
CS,Hybrid,146,Dbc_02,-0.0849695690740222,0.207612844513261,0.0677887324689706,0.221885227335411,0
CS,Hybrid,147,Db,-0.0794781195948812,0.145101369711379,0.0492436175132938,0.118295374601924,0
CS,Hybrid,147,Dbc_corrected,-0.133074924012008,0.0530759300086157,0.0606837472866747,0.036965327332279,0
CS,Hybrid,147,Dbc_02,-0.133074924012008,0.0530759300086157,0.0606837472866747,0.036965327332279,0
CS,Hybrid,148,Db,-0.102335451836443,0.0508422572905,0.0484232296346644,0.0443503884275756,0
CS,Hybrid,148,Dbc_corrected,-0.124435997776791,0.0568172536441851,0.0637960019700662,0.0619361855741192,0
CS,Hybrid,148,Dbc_02,-0.124435997776791,0.0568172536441851,0.0637960019700662,0.0619361855741192,0
CS,Hybrid,149,Db,-0.0447157785421036,0.427855849482071,0.0594126894085169,0.460421840995406,0
CS,Hybrid,149,Dbc_corrected,-0.0607092298975978,0.387203271240173,0.0691789392821905,0.390932120088452,0
CS,Hybrid,149,Dbc_02,-0.0607092298975978,0.387203271240173,0.0691789392821905,0.390932120088452,0
CS,Hybrid,150,Db,-0.0912573526174339,0.143416492463819,0.047213282352619,0.0679838083031011,0
CS,Hybrid,150,Dbc_corrected,-0.0579757382517181,0.450907102567552,0.0617229213986963,0.359191275193546,0
CS,Hybrid,150,Dbc_02,-0.0579757382517181,0.450907102567552,0.0617229213986963,0.359191275193546,0
CS,Hybrid,151,Db,-0.0289727443859229,0.642437894770767,0.0550194818705469,0.603359889116141,0
CS,Hybrid,151,Dbc_corrected,-0.0339537074339931,0.662529095222544,0.0722775465563967,0.64283904799378,0
CS,Hybrid,151,Dbc_02,-0.0339537074339931,0.662529095222544,0.0722775465563967,0.64283904799378,0
CS,Hybrid,152,Db,-0.0534312232046137,0.371517579049811,0.056227810142422,0.355761609073295,0
CS,Hybrid,152,Dbc_corrected,-0.0851176104648289,0.257424753600383,0.0614196645493744,0.183782285838737,0
CS,Hybrid,152,Dbc_02,-0.0851176104648289,0.257424753600383,0.0614196645493744,0.183782285838737,0
CS,Hybrid,153,Db,-0.144778157864403,0.00423641124793653,0.0440104635772931,0.00315117515351505,0
CS,Hybrid,153,Dbc_corrected,-0.178300598239272,0.00469798307637391,0.0537349816449284,0.0028591716759067,0
CS,Hybrid,153,Dbc_02,-0.178300598239272,0.00469798307637391,0.0537349816449284,0.0028591716759067,0
CS,Hybrid,154,Db,-0.117776688667984,0.077141756674059,0.0652119289527314,0.0827152915868221,0
CS,Hybrid,154,Dbc_corrected,-0.177962110807449,0.032282635350277,0.0770242202606206,0.0292509415132033,0
CS,Hybrid,154,Dbc_02,-0.177962110807449,0.032282635350277,0.0770242202606206,0.0292509415132033,0
CS,Hybrid,155,Db,-0.0271962330391933,0.568864659690445,0.0358708865290127,0.455892161042487,0
CS,Hybrid,155,Dbc_corrected,-0.0685935954897854,0.248704405915849,0.046883162878472,0.156939598543329,0
CS,Hybrid,155,Dbc_02,-0.0685935954897854,0.248704405915849,0.046883162878472,0.156939598543329,0
CS,Hybrid,156,Db,-0.0300197321418732,0.521945595308132,0.0403836184592253,0.468304284079741,0
CS,Hybrid,156,Dbc_corrected,-0.0562840538058265,0.335788689457298,0.0529535110237682,0.303995755170006,0
CS,Hybrid,156,Dbc_02,-0.0562840538058265,0.335788689457298,0.0529535110237682,0.303995755170006,0
CS,Hybrid,157,Db,-0.0888988813083263,0.0952141872040256,0.0380048237695099,0.0271267100962532,0
CS,Hybrid,157,Dbc_corrected,-0.120029633770075,0.0688310700243809,0.047794873579854,0.0183977084182848,0
CS,Hybrid,157,Dbc_02,-0.120029633770075,0.0688310700243809,0.047794873579854,0.0183977084182848,0
CS,Hybrid,158,Db,-0.0588544302607588,0.407855532082043,0.0658999625026238,0.379438353294831,0
CS,Hybrid,158,Dbc_corrected,-0.0492077916454753,0.579180500903973,0.0779330710099207,0.532824692233006,0
CS,Hybrid,158,Dbc_02,-0.0492077916454753,0.579180500903973,0.0779330710099207,0.532824692233006,0
CS,Hybrid,159,Db,-0.0745961861833878,0.144482035130753,0.0496421824725635,0.144811697829005,0
CS,Hybrid,159,Dbc_corrected,-0.0991151524516415,0.118935943542844,0.0620221967511105,0.122026442333132,0
CS,Hybrid,159,Dbc_02,-0.0991151524516415,0.118935943542844,0.0620221967511105,0.122026442333132,0
CS,Hybrid,160,Db,-0.0553111882133032,0.412088231657804,0.0600628865086253,0.365694256885178,0
CS,Hybrid,160,Dbc_corrected,-0.0829551372365235,0.325463839344178,0.0737821383822245,0.271366096955825,0
CS,Hybrid,160,Dbc_02,-0.0829551372365235,0.325463839344178,0.0737821383822245,0.271366096955825,0
CS,Hybrid,161,Db,-0.0768851942392444,0.185928034034529,0.0590572775764279,0.205495793024685,0
CS,Hybrid,161,Dbc_corrected,-0.136231935695496,0.0601466685289829,0.0801071504844503,0.101940724658388,0
CS,Hybrid,161,Dbc_02,-0.136231935695496,0.0601466685289829,0.0801071504844503,0.101940724658388,0
CS,Hybrid,162,Db,-0.0604001105342341,0.267443015913368,0.0452371412405591,0.195793427594915,0
CS,Hybrid,162,Dbc_corrected,-0.108197277647544,0.107595999775426,0.0539225395484356,0.0576258882630364,0
CS,Hybrid,162,Dbc_02,-0.108197277647544,0.107595999775426,0.0539225395484356,0.0576258882630364,0
CS,Hybrid,163,Db,-0.0976852365372939,0.128927993779375,0.0520276191540318,0.0765483078337905,0
CS,Hybrid,163,Dbc_corrected,-0.140421047184737,0.0791628225451,0.0601855246100941,0.0313043493227585,0
CS,Hybrid,163,Dbc_02,-0.140421047184737,0.0791628225451,0.0601855246100941,0.0313043493227585,0
CS,Hybrid,164,Db,-0.150722894148774,0.0152680109744123,0.0621353662140546,0.020692901358965,0
CS,Hybrid,164,Dbc_corrected,-0.149927293555922,0.0515403307100458,0.07511499605259,0.0540347046049708,0
CS,Hybrid,164,Dbc_02,-0.149927293555922,0.0515403307100458,0.07511499605259,0.0540347046049708,0
CS,Hybrid,165,Db,-0.00960973592600208,0.878103880739531,0.0570402321098043,0.867400737224639,0
CS,Hybrid,165,Dbc_corrected,-0.00192229273547389,0.980188503035084,0.070361716667616,0.978398958508351,0
CS,Hybrid,165,Dbc_02,-0.00192229273547389,0.980188503035084,0.070361716667616,0.978398958508351,0
CS,Hybrid,166,Db,-0.0488192117222912,0.367537298675232,0.0597964070555315,0.421524139427312,0
CS,Hybrid,166,Dbc_corrected,-0.0865048817730989,0.20025913295655,0.0744329992412139,0.255407879560869,0
CS,Hybrid,166,Dbc_02,-0.0865048817730989,0.20025913295655,0.0744329992412139,0.255407879560869,0
CS,Hybrid,167,Db,-0.115749312823388,0.0302509423681758,0.0442163526641779,0.0157937553308568,0
CS,Hybrid,167,Dbc_corrected,-0.157926699547689,0.0169655203839913,0.0609502835852241,0.0166662103889864,0
CS,Hybrid,167,Dbc_02,-0.157926699547689,0.0169655203839913,0.0609502835852241,0.0166662103889864,0
CS,Hybrid,168,Db,-0.13088863593484,0.020463023668977,0.0438416119479477,0.00633260435354889,0
CS,Hybrid,168,Dbc_corrected,-0.185359973540734,0.00834908258694195,0.0539399280757759,0.00212945407932456,0
CS,Hybrid,168,Dbc_02,-0.185359973540734,0.00834908258694195,0.0539399280757759,0.00212945407932456,0
CS,Hybrid,169,Db,-0.145684660034841,0.0310546162829325,0.052848523339626,0.0102941196997657,0
CS,Hybrid,169,Dbc_corrected,-0.195086245709311,0.0200719420061047,0.0630036054174657,0.00460561230774419,0
CS,Hybrid,169,Dbc_02,-0.195086245709311,0.0200719420061047,0.0630036054174657,0.00460561230774419,0
CS,Hybrid,170,Db,-0.134115702738033,0.0304105608813019,0.052536269593144,0.0165921790678412,0
CS,Hybrid,170,Dbc_corrected,-0.164407104289084,0.0326096169387018,0.0662665984157174,0.0195397628609379,0
CS,Hybrid,170,Dbc_02,-0.164407104289084,0.0326096169387018,0.0662665984157174,0.0195397628609379,0
CS,Hybrid,171,Db,-0.0359493733141103,0.554716205100611,0.0539885240400752,0.513921578375567,0
CS,Hybrid,171,Dbc_corrected,-0.0439200803249404,0.567577248422918,0.0655159288525896,0.510743119660979,0
CS,Hybrid,171,Dbc_02,-0.0439200803249404,0.567577248422918,0.0655159288525896,0.510743119660979,0
CS,Hybrid,172,Db,-0.104623768405689,0.0856096853937841,0.0549384742110185,0.0682718877672431,0
CS,Hybrid,172,Dbc_corrected,-0.141063673578009,0.0642234138659141,0.0676167449415241,0.0472947520736808,0
CS,Hybrid,172,Dbc_02,-0.141063673578009,0.0642234138659141,0.0676167449415241,0.0472947520736808,0
CS,Hybrid,173,Db,-0.0729971005155314,0.2054317905996,0.0591808527465939,0.229663170343868,0
CS,Hybrid,173,Dbc_corrected,-0.0627535001236532,0.383992130161848,0.0690227629775969,0.372767592649814,0
CS,Hybrid,173,Dbc_02,-0.0627535001236532,0.383992130161848,0.0690227629775969,0.372767592649814,0
CS,Hybrid,174,Db,-0.111583443077686,0.0567019141533284,0.0501653636152519,0.0401102510937806,0
CS,Hybrid,174,Dbc_corrected,-0.149152214055676,0.040421239360485,0.0589001863300728,0.0220828054495325,0
CS,Hybrid,174,Dbc_02,-0.149152214055676,0.040421239360485,0.0589001863300728,0.0220828054495325,0
CS,Hybrid,175,Db,-0.0951357770474299,0.0370517684529037,0.0419088209321334,0.0322721378661566,0
CS,Hybrid,175,Dbc_corrected,-0.114008838861202,0.0448923115683227,0.0554756047220389,0.050467046285821,0
CS,Hybrid,175,Dbc_02,-0.114008838861202,0.0448923115683227,0.0554756047220389,0.050467046285821,0
CS,Hybrid,176,Db,-0.154691199718599,0.00128881936822359,0.0352095276147681,0.00016500193833946,0
CS,Hybrid,176,Dbc_corrected,-0.219281692571822,0.000257299859292459,0.0474208084144556,9.01561704543067e-05,0
CS,Hybrid,176,Dbc_02,-0.219281692571822,0.000257299859292459,0.0474208084144556,9.01561704543067e-05,0
CS,Hybrid,177,Db,-0.118100481371245,0.0320991249769401,0.0431386947400631,0.0195200463367037,0
CS,Hybrid,177,Dbc_corrected,-0.169643752141258,0.0123370352030262,0.0551882444521826,0.0108688214372578,0
CS,Hybrid,177,Dbc_02,-0.169643752141258,0.0123370352030262,0.0551882444521826,0.0108688214372578,0
CS,Hybrid,178,Db,-0.101785244979186,0.10102380134983,0.0384709423574342,0.0141360233787513,0
CS,Hybrid,178,Dbc_corrected,-0.148352256044336,0.0556622402618652,0.0470073669683809,0.00414906406794751,0
CS,Hybrid,178,Dbc_02,-0.148352256044336,0.0556622402618652,0.0470073669683809,0.00414906406794751,0
CS,Hybrid,179,Db,-0.105087398556941,0.0450022496748335,0.0448441123241528,0.0295306066356293,0
CS,Hybrid,179,Dbc_corrected,-0.139873743239662,0.0326351119788244,0.0586812785671657,0.0270163625264577,0
CS,Hybrid,179,Dbc_02,-0.139873743239662,0.0326351119788244,0.0586812785671657,0.0270163625264577,0
CS,Hybrid,180,Db,-0.16044906928635,0.0031238650379226,0.0332515748520488,4.88916769554573e-05,0
CS,Hybrid,180,Dbc_corrected,-0.21385499245915,0.00153674296713556,0.0439721306426276,4.56220317012594e-05,0
CS,Hybrid,180,Dbc_02,-0.21385499245915,0.00153674296713556,0.0439721306426276,4.56220317012594e-05,0
CS,Hybrid,181,Db,-0.0246353860371559,0.692045771824119,0.0636081735910959,0.703786352930974,0
CS,Hybrid,181,Dbc_corrected,-0.108400522291632,0.157729213902198,0.0771791399835568,0.180827102518454,0
CS,Hybrid,181,Dbc_02,-0.108400522291632,0.157729213902198,0.0771791399835568,0.180827102518454,0
CS,Hybrid,182,Db,-0.121799553918236,0.0118508311778153,0.045745421611279,0.0128867402227311,0
CS,Hybrid,182,Dbc_corrected,-0.154540823178572,0.0104668290514943,0.0561834817643534,0.0105333889488779,0
CS,Hybrid,182,Dbc_02,-0.154540823178572,0.0104668290514943,0.0561834817643534,0.0105333889488779,0
CS,Hybrid,183,Db,-0.0646320343636041,0.419392998456572,0.0675664281187045,0.348818716999443,0
CS,Hybrid,183,Dbc_corrected,-0.0703245760873624,0.483132596959797,0.0937926601174871,0.461257456464894,0
CS,Hybrid,183,Dbc_02,-0.0703245760873624,0.483132596959797,0.0937926601174871,0.461257456464894,0
CS,Hybrid,184,Db,-0.0852657932031537,0.138894061991322,0.0513849425964535,0.112717882866702,0
CS,Hybrid,184,Dbc_corrected,-0.118971895883125,0.101620803802996,0.0736652877550848,0.121565550260377,0
CS,Hybrid,184,Dbc_02,-0.118971895883125,0.101620803802996,0.0736652877550848,0.121565550260377,0
CS,Hybrid,185,Db,-0.142411569740198,0.024245224539925,0.0561038460708338,0.0179432990776821,0
CS,Hybrid,185,Dbc_corrected,-0.165966576769485,0.035647148213933,0.0666824625228441,0.0200776700807253,0
CS,Hybrid,185,Dbc_02,-0.165966576769485,0.035647148213933,0.0666824625228441,0.0200776700807253,0
CS,Hybrid,186,Db,-0.0612968966724942,0.368281006218075,0.0772044217712715,0.435307950382427,0
CS,Hybrid,186,Dbc_corrected,-0.0819403626311504,0.334469459257934,0.0979041918788086,0.411402368909671,0
CS,Hybrid,186,Dbc_02,-0.0819403626311504,0.334469459257934,0.0979041918788086,0.411402368909671,0
CS,Hybrid,187,Db,-0.124611179932198,0.0335662424310054,0.0394046457636829,0.00536280192340107,0
CS,Hybrid,187,Dbc_corrected,-0.180789448192095,0.0121576171168416,0.0419626839299297,0.000469549469882687,0
CS,Hybrid,187,Dbc_02,-0.180789448192095,0.0121576171168416,0.0419626839299297,0.000469549469882687,0
CS,Hybrid,188,Db,-0.04753501613415,0.466294582540055,0.05859371698308,0.424988239769696,0
CS,Hybrid,188,Dbc_corrected,-0.0889688862680673,0.275710602615892,0.0729303950765708,0.233940365790906,0
CS,Hybrid,188,Dbc_02,-0.0889688862680673,0.275710602615892,0.0729303950765708,0.233940365790906,0
CS,Hybrid,189,Db,-0.0433967748840695,0.438856710744679,0.0470404440992688,0.364757543952064,0
CS,Hybrid,189,Dbc_corrected,-0.0413224570986849,0.551079360823722,0.0612623343985045,0.505879189632404,0
CS,Hybrid,189,Dbc_02,-0.0413224570986849,0.551079360823722,0.0612623343985045,0.505879189632404,0
CS,Hybrid,190,Db,-0.0313212576752397,0.529493209454158,0.0449266639232124,0.49068892143326,0
CS,Hybrid,190,Dbc_corrected,-0.0266803507939669,0.665469414619413,0.05217546785716,0.612652910876333,0
CS,Hybrid,190,Dbc_02,-0.0266803507939669,0.665469414619413,0.05217546785716,0.612652910876333,0
CS,Hybrid,191,Db,-0.016206317081048,0.771634469339859,0.0583048065843956,0.783497925189757,0
CS,Hybrid,191,Dbc_corrected,-0.00403654295109155,0.954402376332731,0.0756196704903069,0.95785922097066,0
CS,Hybrid,191,Dbc_02,-0.00403654295109155,0.954402376332731,0.0756196704903069,0.95785922097066,0
CS,Hybrid,192,Db,-0.020693668967786,0.712341354608974,0.062668051695256,0.744015830479115,0
CS,Hybrid,192,Dbc_corrected,-0.00889472774201269,0.898180144263996,0.0704907930069573,0.900569226091709,0
CS,Hybrid,192,Dbc_02,-0.00889472774201269,0.898180144263996,0.0704907930069573,0.900569226091709,0
CS,Hybrid,193,Db,-0.100188565655499,0.0768143817231621,0.0428103526853075,0.026348156091362,0
CS,Hybrid,193,Dbc_corrected,-0.159631171318187,0.0232338117257141,0.0574073076288901,0.00939314088156045,0
CS,Hybrid,193,Dbc_02,-0.159631171318187,0.0232338117257141,0.0574073076288901,0.00939314088156045,0
CS,Hybrid,194,Db,-0.0512992830195582,0.286906292992162,0.051705520374802,0.331848271755211,0
CS,Hybrid,194,Dbc_corrected,-0.0349882498691456,0.554237186395197,0.0660696415871382,0.601789421029418,0
CS,Hybrid,194,Dbc_02,-0.0349882498691456,0.554237186395197,0.0660696415871382,0.601789421029418,0
CS,Hybrid,195,Db,-0.136523260386546,0.0162258979251255,0.0505675447503861,0.0138844202741698,0
CS,Hybrid,195,Dbc_corrected,-0.16623872198122,0.0191495408785349,0.0635685277239129,0.0168378933684408,0
CS,Hybrid,195,Dbc_02,-0.16623872198122,0.0191495408785349,0.0635685277239129,0.0168378933684408,0
CS,Hybrid,196,Db,-0.0496596576243295,0.331184844782023,0.0461973039989907,0.292750928294917,0
CS,Hybrid,196,Dbc_corrected,-0.0279359594888043,0.660819119991913,0.0578706504639467,0.633528124958171,0
CS,Hybrid,196,Dbc_02,-0.0279359594888043,0.660819119991913,0.0578706504639467,0.633528124958171,0
CS,Hybrid,197,Db,-0.0855426713732968,0.118136317538696,0.0430589801044567,0.0589073857824168,0
CS,Hybrid,197,Dbc_corrected,-0.101724921371027,0.139602886298506,0.0573235233836385,0.0891349807311915,0
CS,Hybrid,197,Dbc_02,-0.101724921371027,0.139602886298506,0.0573235233836385,0.0891349807311915,0
CS,Hybrid,198,Db,-0.0629962973704355,0.288252807726152,0.0357641870945856,0.0895953582079776,0
CS,Hybrid,198,Dbc_corrected,-0.0969608913966175,0.190424171123572,0.0450693900636156,0.0405928724398613,0
CS,Hybrid,198,Dbc_02,-0.0969608913966175,0.190424171123572,0.0450693900636156,0.0405928724398613,0
CS,Hybrid,199,Db,-0.0111179416018164,0.854205109336361,0.0442484726118346,0.803475757724742,0
CS,Hybrid,199,Dbc_corrected,-0.017698042980613,0.814000102082288,0.0484453571330321,0.717683677055354,0
CS,Hybrid,199,Dbc_02,-0.017698042980613,0.814000102082288,0.0484453571330321,0.717683677055354,0
CS,Hybrid,200,Db,-0.0831449508111073,0.0919699409236011,0.0403472998065453,0.0553144936083307,0
CS,Hybrid,200,Dbc_corrected,-0.0838559053336572,0.166730258124669,0.0476607451556087,0.0977973293647062,0
CS,Hybrid,200,Dbc_02,-0.0838559053336572,0.166730258124669,0.0476607451556087,0.0977973293647062,0
CS,Hybrid,201,Db,-0.106977603916197,0.0638836110844895,0.0393354655333016,0.0109923773479637,0
CS,Hybrid,201,Dbc_corrected,-0.101855382157167,0.156163710389205,0.0475229476511749,0.0406747816496107,0
CS,Hybrid,201,Dbc_02,-0.101855382157167,0.156163710389205,0.0475229476511749,0.0406747816496107,0
CS,Hybrid,202,Db,-0.101242729240948,0.106189879969189,0.0568073653863457,0.0858973638037775,0
CS,Hybrid,202,Dbc_corrected,-0.116435343096182,0.136511455468542,0.0700497958116635,0.108024515222708,0
CS,Hybrid,202,Dbc_02,-0.116435343096182,0.136511455468542,0.0700497958116635,0.108024515222708,0
CS,Hybrid,203,Db,-0.0586703635554661,0.349348862709339,0.0473798905216175,0.227226204215557,0
CS,Hybrid,203,Dbc_corrected,-0.0689174582637872,0.376724312347382,0.059952943904931,0.261618901664509,0
CS,Hybrid,203,Dbc_02,-0.0689174582637872,0.376724312347382,0.059952943904931,0.261618901664509,0
CS,Hybrid,204,Db,-0.149442663706278,0.0157153887889034,0.0522313894663023,0.00879978409278222,0
CS,Hybrid,204,Dbc_corrected,-0.228364230826043,0.00299474745789824,0.0657483945963047,0.00201439809797523,0
CS,Hybrid,204,Dbc_02,-0.228364230826043,0.00299474745789824,0.0657483945963047,0.00201439809797523,0
CS,Hybrid,205,Db,-0.106936122435115,0.0782069677918527,0.0545633085340036,0.0604845365317473,0
CS,Hybrid,205,Dbc_corrected,-0.158597679785824,0.0379892497052047,0.0688067250346442,0.0291155447141795,0
CS,Hybrid,205,Dbc_02,-0.158597679785824,0.0379892497052047,0.0688067250346442,0.0291155447141795,0
CS,Hybrid,206,Db,-0.0290741607513293,0.636920648095743,0.0669835122559556,0.66821220180714,0
CS,Hybrid,206,Dbc_corrected,-0.0378082299286143,0.623691699069809,0.0882588494267642,0.672197352476748,0
CS,Hybrid,206,Dbc_02,-0.0378082299286143,0.623691699069809,0.0882588494267642,0.672197352476748,0
CS,Hybrid,207,Db,-0.168014513770164,0.000966168323220945,0.037029532706675,7.99529851410178e-05,0
CS,Hybrid,207,Dbc_corrected,-0.22331229224753,0.000449218040346234,0.0496032467517459,9.1800225568628e-05,0
CS,Hybrid,207,Dbc_02,-0.22331229224753,0.000449218040346234,0.0496032467517459,9.1800225568628e-05,0
CS,Hybrid,208,Db,-0.0992645426070588,0.0790719580801416,0.0464565194822539,0.0462957674027757,0
CS,Hybrid,208,Dbc_corrected,-0.127350736103739,0.0723467494957687,0.0567854716905165,0.0373935513763736,0
CS,Hybrid,208,Dbc_02,-0.127350736103739,0.0723467494957687,0.0567854716905165,0.0373935513763736,0
CS,Hybrid,209,Db,-0.132662397539279,0.00892282019334998,0.0397954730155145,0.00277848101001843,0
CS,Hybrid,209,Dbc_corrected,-0.156038136142661,0.0140406996845241,0.0512004934020562,0.00544231414674486,0
CS,Hybrid,209,Dbc_02,-0.156038136142661,0.0140406996845241,0.0512004934020562,0.00544231414674486,0
CS,Hybrid,210,Db,-0.0995096944867337,0.0649831879917738,0.0461376273420738,0.0420496492451679,0
CS,Hybrid,210,Dbc_corrected,-0.127948938373374,0.0552564963654732,0.0609232839211099,0.0476315440014724,0
CS,Hybrid,210,Dbc_02,-0.127948938373374,0.0552564963654732,0.0609232839211099,0.0476315440014724,0
CS,Hybrid,211,Db,-0.140064285565474,0.0096429540261985,0.0635446578122305,0.0371610101481374,0
CS,Hybrid,211,Dbc_corrected,-0.178071035837925,0.00741142597489671,0.0690925899061547,0.0165240261098444,0
CS,Hybrid,211,Dbc_02,-0.178071035837925,0.00741142597489671,0.0690925899061547,0.0165240261098444,0
CS,Hybrid,212,Db,-0.0281632295945691,0.621448307393863,0.0584221838446473,0.633610377815569,0
CS,Hybrid,212,Dbc_corrected,-0.0406257053413084,0.565168665301133,0.0731445677897099,0.583218297969448,0
CS,Hybrid,212,Dbc_02,-0.0406257053413084,0.565168665301133,0.0731445677897099,0.583218297969448,0
CS,Hybrid,213,Db,-0.110782410471054,0.0338307448159677,0.0552595832402147,0.0565870193818222,0
CS,Hybrid,213,Dbc_corrected,-0.15087097718988,0.0206017988434683,0.0645462174886718,0.0284864275437436,0
CS,Hybrid,213,Dbc_02,-0.15087097718988,0.0206017988434683,0.0645462174886718,0.0284864275437436,0
CS,Hybrid,214,Db,-0.142151884312071,0.0166245797469651,0.0424062230748415,0.00261709384721857,0
CS,Hybrid,214,Dbc_corrected,-0.143476774211283,0.0534691779030998,0.0538050086385685,0.0134316261672244,0
CS,Hybrid,214,Dbc_02,-0.143476774211283,0.0534691779030998,0.0538050086385685,0.0134316261672244,0
CS,Hybrid,215,Db,-0.0567614048714966,0.302038908890843,0.0503488028121777,0.270912549202213,0
CS,Hybrid,215,Dbc_corrected,-0.0927072699511382,0.176522359958541,0.0618709347479122,0.146917053533264,0
CS,Hybrid,215,Dbc_02,-0.0927072699511382,0.176522359958541,0.0618709347479122,0.146917053533264,0
CS,Hybrid,216,Db,-0.0646975391280511,0.145353819781492,0.0394676210658603,0.117241177676504,0
CS,Hybrid,216,Dbc_corrected,-0.0966251026322609,0.0841987632030138,0.0500474746239863,0.0680287964661518,0
CS,Hybrid,216,Dbc_02,-0.0966251026322609,0.0841987632030138,0.0500474746239863,0.0680287964661518,0
CS,Hybrid,217,Db,-0.0987620482506236,0.0781852614744586,0.0384472290268221,0.0201839443824244,0
CS,Hybrid,217,Dbc_corrected,-0.10701225923211,0.123427075380745,0.0419376576121935,0.0205298022729598,0
CS,Hybrid,217,Dbc_02,-0.10701225923211,0.123427075380745,0.0419376576121935,0.0205298022729598,0
CS,Hybrid,218,Db,-0.135637000619302,0.0326589276223162,0.0487077554611008,0.0119438140867197,0
CS,Hybrid,218,Dbc_corrected,-0.171070864948019,0.0329285475295005,0.0581137426797055,0.00827241623587996,0
CS,Hybrid,218,Dbc_02,-0.171070864948019,0.0329285475295005,0.0581137426797055,0.00827241623587996,0
CS,Hybrid,219,Db,-0.081937009636346,0.170211884973059,0.0560895698785594,0.156901895214902,0
CS,Hybrid,219,Dbc_corrected,-0.0843400277918139,0.260764029912918,0.070102610838068,0.240747798941421,0
CS,Hybrid,219,Dbc_02,-0.0843400277918139,0.260764029912918,0.070102610838068,0.240747798941421,0
CS,Hybrid,220,Db,-0.073697233116955,0.173639531749196,0.0474294552243152,0.132478941326128,0
CS,Hybrid,220,Dbc_corrected,-0.113463706309025,0.0952016050846442,0.0605464765552414,0.0724174598204036,0
CS,Hybrid,220,Dbc_02,-0.113463706309025,0.0952016050846442,0.0605464765552414,0.0724174598204036,0
CS,Hybrid,221,Db,-0.107610092806802,0.0430988689472495,0.0457982644694616,0.0262673016595137,0
CS,Hybrid,221,Dbc_corrected,-0.119642302964979,0.0727984529583691,0.049715999145751,0.0230571168971897,0
CS,Hybrid,221,Dbc_02,-0.119642302964979,0.0727984529583691,0.049715999145751,0.0230571168971897,0
CS,Hybrid,222,Db,-0.0627833324253232,0.267446357075641,0.0579399190983968,0.289974254084829,0
CS,Hybrid,222,Dbc_corrected,-0.0684464368615215,0.335164195646906,0.0731556082155254,0.359047597212902,0
CS,Hybrid,222,Dbc_02,-0.0684464368615215,0.335164195646906,0.0731556082155254,0.359047597212902,0
CS,Hybrid,223,Db,-0.14532968659267,0.0203741824523744,0.0469578823210467,0.00497994011133468,0
CS,Hybrid,223,Dbc_corrected,-0.190656937276106,0.0145173227716889,0.06095849450198,0.00465972260153429,0
CS,Hybrid,223,Dbc_02,-0.190656937276106,0.0145173227716889,0.06095849450198,0.00465972260153429,0
CS,Hybrid,224,Db,-0.113909350879649,0.122349062034362,0.0538928768406582,0.0461670422649637,0
CS,Hybrid,224,Dbc_corrected,-0.132355926726979,0.147646163155221,0.073699290515123,0.0864590157590969,0
CS,Hybrid,224,Dbc_02,-0.132355926726979,0.147646163155221,0.073699290515123,0.0864590157590969,0
CS,Hybrid,225,Db,-0.0467844448875966,0.456719509762007,0.0529418423954232,0.385700186854337,0
CS,Hybrid,225,Dbc_corrected,-0.0768735534900124,0.323905606784349,0.0644519763662538,0.245046888983305,0
CS,Hybrid,225,Dbc_02,-0.0768735534900124,0.323905606784349,0.0644519763662538,0.245046888983305,0
CS,Hybrid,226,Db,-0.160105726514048,0.00722843519395237,0.0446501112785092,0.00157039416054665,0
CS,Hybrid,226,Dbc_corrected,-0.203816479007203,0.00613626879400718,0.0530350273348766,0.000858135472024015,0
CS,Hybrid,226,Dbc_02,-0.203816479007203,0.00613626879400718,0.0530350273348766,0.000858135472024015,0
CS,Hybrid,227,Db,-0.178008778556594,0.00428943514364697,0.0606283161759457,0.00758847087843857,0
CS,Hybrid,227,Dbc_corrected,-0.233996073690237,0.00254054043105038,0.0698549498267041,0.0028550746137305,0
CS,Hybrid,227,Dbc_02,-0.233996073690237,0.00254054043105038,0.0698549498267041,0.0028550746137305,0
CS,Hybrid,228,Db,-0.147849107802661,0.0189018845886503,0.0632560710325781,0.0285334630599196,0
CS,Hybrid,228,Dbc_corrected,-0.159683060647691,0.040604176837804,0.0754877145845472,0.0459688563205755,0
CS,Hybrid,228,Dbc_02,-0.159683060647691,0.040604176837804,0.0754877145845472,0.0459688563205755,0
CS,Hybrid,229,Db,0.00340349639470381,0.952756115529436,0.0512326966581791,0.947919424336554,0
CS,Hybrid,229,Dbc_corrected,-0.0287379988402712,0.687675973127395,0.0649862026339482,0.664800256296516,0
CS,Hybrid,229,Dbc_02,-0.0287379988402712,0.687675973127395,0.0649862026339482,0.664800256296516,0
CS,Hybrid,230,Db,-0.0671467053683076,0.21926141963014,0.0414760585196889,0.117786610019033,0
CS,Hybrid,230,Dbc_corrected,-0.106648842357402,0.116648841433428,0.0523628460979613,0.0522523383015362,0
CS,Hybrid,230,Dbc_02,-0.106648842357402,0.116648841433428,0.0523628460979613,0.0522523383015362,0
CS,Hybrid,231,Db,-0.121035493666885,0.0140744169885307,0.0434872077512082,0.00930738822627462,0
CS,Hybrid,231,Dbc_corrected,-0.129064016200684,0.0371918649676013,0.0538030680651725,0.0229833537308645,0
CS,Hybrid,231,Dbc_02,-0.129064016200684,0.0371918649676013,0.0538030680651725,0.0229833537308645,0
CS,Hybrid,232,Db,-0.0643156328613784,0.305478304021851,0.0411232172787368,0.133645892964557,0
CS,Hybrid,232,Dbc_corrected,-0.0421259804929483,0.590651019338704,0.0588126797022426,0.482105959422841,0
CS,Hybrid,232,Dbc_02,-0.0421259804929483,0.590651019338704,0.0588126797022426,0.482105959422841,0
CS,Hybrid,233,Db,-0.0606385752200816,0.262725159408459,0.0421866305200274,0.164011262719198,0
CS,Hybrid,233,Dbc_corrected,-0.0451927117694576,0.502498650406297,0.0498343719283791,0.373794194566975,0
CS,Hybrid,233,Dbc_02,-0.0451927117694576,0.502498650406297,0.0498343719283791,0.373794194566975,0
CS,Hybrid,234,Db,-0.116932455330394,0.0208523288048722,0.0467652893621252,0.0198749491516356,0
CS,Hybrid,234,Dbc_corrected,-0.154750406921553,0.0129904961798137,0.0598354651784071,0.0164609529876309,0
CS,Hybrid,234,Dbc_02,-0.154750406921553,0.0129904961798137,0.0598354651784071,0.0164609529876309,0
CS,Hybrid,235,Db,-0.138114960536586,0.0332804894115009,0.0497010630990061,0.0114333561121037,0
CS,Hybrid,235,Dbc_corrected,-0.14801206880371,0.0673796552807383,0.0629959761811772,0.0291403236701171,0
CS,Hybrid,235,Dbc_02,-0.14801206880371,0.0673796552807383,0.0629959761811772,0.0291403236701171,0
CS,Hybrid,236,Db,-0.11279438348378,0.0321288422603987,0.0370557039540937,0.0054337999565852,0
CS,Hybrid,236,Dbc_corrected,-0.122990743944065,0.0597889877963224,0.0461038948950034,0.0132484957658249,0
CS,Hybrid,236,Dbc_02,-0.122990743944065,0.0597889877963224,0.0461038948950034,0.0132484957658249,0
CS,Hybrid,237,Db,-0.02127112124888,0.684147495821424,0.044236017053723,0.636120838099792,0
CS,Hybrid,237,Dbc_corrected,-0.0438371579207859,0.502812873587085,0.053599521941125,0.42385071794527,0
CS,Hybrid,237,Dbc_02,-0.0438371579207859,0.502812873587085,0.053599521941125,0.42385071794527,0
CS,Hybrid,238,Db,-0.145934622522866,0.0255500637413047,0.0610553734983949,0.0252835037201954,0
CS,Hybrid,238,Dbc_corrected,-0.211665597305071,0.00949230524900508,0.0707023123706062,0.00630855539785478,0
CS,Hybrid,238,Dbc_02,-0.211665597305071,0.00949230524900508,0.0707023123706062,0.00630855539785478,0
CS,Hybrid,239,Db,-0.0911478915062196,0.0854241141653221,0.0439445593863592,0.0503527532808441,0
CS,Hybrid,239,Dbc_corrected,-0.129333976749975,0.0475539671118543,0.0595374403025603,0.0414760914595431,0
CS,Hybrid,239,Dbc_02,-0.129333976749975,0.0475539671118543,0.0595374403025603,0.0414760914595431,0
CS,Hybrid,240,Db,-0.0563761124970116,0.394820220434434,0.0574162514382042,0.33592461053368,0
CS,Hybrid,240,Dbc_corrected,-0.101061320023347,0.215749412842866,0.0734680672937261,0.181901737416778,0
CS,Hybrid,240,Dbc_02,-0.101061320023347,0.215749412842866,0.0734680672937261,0.181901737416778,0
CS,Hybrid,241,Db,-0.151929919237099,0.0131795788281189,0.0502375612888232,0.00602460282020175,0
CS,Hybrid,241,Dbc_corrected,-0.184725063546062,0.0155922140579884,0.0631914861810211,0.00761904263044031,0
CS,Hybrid,241,Dbc_02,-0.184725063546062,0.0155922140579884,0.0631914861810211,0.00761904263044031,0
CS,Hybrid,242,Db,-0.0564011771958336,0.286724223321079,0.0545737082212849,0.312735000774692,0
CS,Hybrid,242,Dbc_corrected,-0.0907210017614869,0.169964341665125,0.0701764659363633,0.209740519327505,0
CS,Hybrid,242,Dbc_02,-0.0907210017614869,0.169964341665125,0.0701764659363633,0.209740519327505,0
CS,Hybrid,243,Db,-0.203181667433176,9.19682825864815e-05,0.0464104360067041,0.000234071804162508,0
CS,Hybrid,243,Dbc_corrected,-0.281134662564891,1.4870787381783e-05,0.0518987156942759,2.00888952304414e-05,0
CS,Hybrid,243,Dbc_02,-0.281134662564891,1.4870787381783e-05,0.0518987156942759,2.00888952304414e-05,0
CS,Hybrid,244,Db,-0.0992642806013986,0.0653037464699341,0.0501249284192506,0.0558661705387918,0
CS,Hybrid,244,Dbc_corrected,-0.154003947211916,0.0218452653301079,0.0591322470912863,0.0135672204843666,0
CS,Hybrid,244,Dbc_02,-0.154003947211916,0.0218452653301079,0.0591322470912863,0.0135672204843666,0
CS,Hybrid,245,Db,-0.152370429005209,0.0115203066592889,0.0483703479619804,0.00505672138503148,0
CS,Hybrid,245,Dbc_corrected,-0.174663989676489,0.0199863966121464,0.0602430500958334,0.00884001551083844,0
CS,Hybrid,245,Dbc_02,-0.174663989676489,0.0199863966121464,0.0602430500958334,0.00884001551083844,0
CS,Hybrid,246,Db,-0.126238937918435,0.0157919372861016,0.0532300768691282,0.0256798158126463,0
CS,Hybrid,246,Dbc_corrected,-0.162743316174161,0.0126365972331525,0.0685730673173384,0.0254632455651271,0
CS,Hybrid,246,Dbc_02,-0.162743316174161,0.0126365972331525,0.0685730673173384,0.0254632455651271,0
CS,Hybrid,247,Db,-0.054195071364709,0.293681612734276,0.0444858774466539,0.237251521156519,0
CS,Hybrid,247,Dbc_corrected,-0.0721106937970706,0.261536487879334,0.0539406276108704,0.195935097234686,0
CS,Hybrid,247,Dbc_02,-0.0721106937970706,0.261536487879334,0.0539406276108704,0.195935097234686,0
CS,Hybrid,248,Db,-0.0891548872782609,0.150051207997527,0.0565485487195184,0.128326979007729,0
CS,Hybrid,248,Dbc_corrected,-0.103283845863249,0.180101172359788,0.0818186714283366,0.21901187150213,0
CS,Hybrid,248,Dbc_02,-0.103283845863249,0.180101172359788,0.0818186714283366,0.21901187150213,0
CS,Hybrid,249,Db,-0.10401241474695,0.0927251921802843,0.04966120662611,0.048421054480137,0
CS,Hybrid,249,Dbc_corrected,-0.112056487129095,0.147985033850187,0.0662917767700887,0.105242290654669,0
CS,Hybrid,249,Dbc_02,-0.112056487129095,0.147985033850187,0.0662917767700887,0.105242290654669,0
CS,Hybrid,250,Db,-0.230560176928355,0.000181845880685216,0.0631962383737703,0.00108190125836249,0
CS,Hybrid,250,Dbc_corrected,-0.327104859076703,1.97370348340272e-05,0.0801938019573455,0.000345324250425599,0
CS,Hybrid,250,Dbc_02,-0.327104859076703,1.97370348340272e-05,0.0801938019573455,0.000345324250425599,0
CS,CO,1,Db,-0.0573976900240687,0.280254229111385,0.0516845023050706,0.277323586670112,0
CS,CO,1,Dbc_corrected,-0.0757313198181985,0.164778407443735,0.0521219583486321,0.158603529992267,0
CS,CO,1,Dbc_02,-0.126908836103782,0.0728853906607883,0.0726969752101783,0.103430146613472,35
CS,CO,2,Db,-0.0582695271819047,0.195601013864354,0.0393565188211583,0.150195313615122,0
CS,CO,2,Dbc_corrected,-0.0603682260705249,0.189489940893557,0.0409808234974532,0.152244127994722,0
CS,CO,2,Dbc_02,-0.0333678072476889,0.624142405689589,0.0595266402012381,0.585377557700953,35
CS,CO,3,Db,-0.0896826115673865,0.0836115736172738,0.032789164171661,0.011711252561444,0
CS,CO,3,Dbc_corrected,-0.0932911621985479,0.0773778446056076,0.0343157740442069,0.0121271857564696,0
CS,CO,3,Dbc_02,-0.122553460681632,0.10950436766922,0.040556614124094,0.0126805881247699,35
CS,CO,4,Db,-0.126901954208815,0.0105742851171744,0.0356708804542858,0.00153861668008667,0
CS,CO,4,Dbc_corrected,-0.134243590264152,0.00796209823834199,0.0373940866585843,0.00142148182379679,0
CS,CO,4,Dbc_02,-0.180776992487513,0.00917679543799153,0.0413668721358249,0.000978759580767408,35
CS,CO,5,Db,-0.176829940800609,0.000118688481160847,0.03760913584613,7.44163991929272e-05,0
CS,CO,5,Dbc_corrected,-0.180182884425939,0.000122336710798836,0.0390233964127968,9.49615285404457e-05,0
CS,CO,5,Dbc_02,-0.186425007780459,0.00809134852642394,0.0702587538911435,0.0213695923849443,35
CS,CO,6,Db,-0.117592765183417,0.0223287741475821,0.0310240529707993,0.00135518372612519,0
CS,CO,6,Dbc_corrected,-0.126847871225227,0.0167378819014895,0.0336021431849858,0.00136241455321625,0
CS,CO,6,Dbc_02,-0.074771791543852,0.26668692972788,0.0447019853384197,0.126538899228299,35
CS,CO,7,Db,-0.12459991281892,0.028993583613542,0.0456026232399939,0.010055998109319,0
CS,CO,7,Dbc_corrected,-0.127468778028873,0.0284169515628303,0.0472978803229739,0.0110720032103747,0
CS,CO,7,Dbc_02,-0.111925433377229,0.153017623497272,0.0607092597553246,0.0813775018607566,35
CS,CO,8,Db,-0.220496845157222,3.00534159038718e-05,0.0370377346688552,1.79813884544443e-06,0
CS,CO,8,Dbc_corrected,-0.225039068072431,2.67752010571247e-05,0.0393243666506539,3.52649576151562e-06,0
CS,CO,8,Dbc_02,-0.233687761149448,0.00345254289969434,0.0559447256632221,0.000992700915061251,35
CS,CO,9,Db,-0.159684986428032,0.00245537156909878,0.0475343467324148,0.00338974081683259,0
CS,CO,9,Dbc_corrected,-0.158039439429721,0.00297640732012006,0.0500108074787623,0.00541086701390612,0
CS,CO,9,Dbc_02,-0.179778297437587,0.0320649058842054,0.0472251774813625,0.00358691422618452,35
CS,CO,10,Db,-0.0201690497430137,0.730044984107516,0.045799063462132,0.663556904787811,0
CS,CO,10,Dbc_corrected,-0.0210674051755811,0.723212179147181,0.0479670467353706,0.664445485051799,0
CS,CO,10,Dbc_02,0.0409120025821452,0.670555060447863,0.0672655718053241,0.556199056711614,35
CS,CO,11,Db,-0.121433912437249,0.00646876394187786,0.0501827350681896,0.0227950676898521,0
CS,CO,11,Dbc_corrected,-0.12819222093347,0.00507910675033165,0.0526580631521109,0.0220263636524256,0
CS,CO,11,Dbc_02,-0.157976303953058,0.00637607850705476,0.0718093309997943,0.0443496361680372,35
CS,CO,12,Db,-0.104645616226759,0.05919485213519,0.0491490469646741,0.0448291319774435,0
CS,CO,12,Dbc_corrected,-0.101013891837227,0.0712807806576116,0.0495548515229999,0.0543471388890484,0
CS,CO,12,Dbc_02,0.0205863542312654,0.810103412991921,0.0769011075193514,0.792560029056021,35
CS,CO,13,Db,-0.138457649420555,0.0194963637294875,0.0688264481451953,0.0564190689629529,0
CS,CO,13,Dbc_corrected,-0.141899941389188,0.0190473312302185,0.073327452216025,0.0656638187426901,0
CS,CO,13,Dbc_02,-0.207982081108318,0.0115077347551964,0.0916310214217961,0.0446475631129582,35
CS,CO,14,Db,-0.121979700500938,0.0413707787211127,0.0485737757241264,0.0194014014222146,0
CS,CO,14,Dbc_corrected,-0.131339569145695,0.0315895773530426,0.0503926729547674,0.0155536183719307,0
CS,CO,14,Dbc_02,-0.0937580819697925,0.239828813622322,0.0476910518380704,0.0738911465512718,35
CS,CO,15,Db,-0.100099896082806,0.0169807984945189,0.0381790350864828,0.0146060423300858,0
CS,CO,15,Dbc_corrected,-0.09890595277505,0.0208553486865689,0.0395979878897709,0.019520450907246,0
CS,CO,15,Dbc_02,-0.183606179969062,0.00159095462562122,0.0555050774414814,0.00497864632268831,35
CS,CO,16,Db,-0.210800045387848,2.02459861856256e-06,0.0454817279062588,6.6595333818438e-05,0
CS,CO,16,Dbc_corrected,-0.218260763278169,1.31974166248619e-06,0.0469521777963499,6.28818501179258e-05,0
CS,CO,16,Dbc_02,-0.283388955571253,1.50763163175346e-05,0.0719141857443302,0.00176313671774828,35
CS,CO,17,Db,-0.18802324527789,0.000667726409976151,0.0517528045698786,0.00146947740083489,0
CS,CO,17,Dbc_corrected,-0.192541934621508,0.000628005465536203,0.0560219706776403,0.00230243883252439,0
CS,CO,17,Dbc_02,-0.222208226291029,0.00197182764759213,0.0439569517525428,0.000413474858201699,35
CS,CO,18,Db,-0.160909673349168,0.00175687531669389,0.0374686721730596,0.00021222496761605,0
CS,CO,18,Dbc_corrected,-0.159984545760068,0.00224485612728678,0.038520557466981,0.00030763072496402,0
CS,CO,18,Dbc_02,-0.204691072388506,0.00707055218453716,0.0511468346188976,0.00213024332565491,35
CS,CO,19,Db,-0.0614599355761348,0.282263325983026,0.0659000073272186,0.36160266279757,0
CS,CO,19,Dbc_corrected,-0.0616029681454338,0.288610336000656,0.0678677483405343,0.374487880539671,0
CS,CO,19,Dbc_02,-0.0787264065327196,0.355229171989304,0.123705687383856,0.537757363057633,35
CS,CO,20,Db,-0.125988778468331,0.012158934127465,0.0458239085228303,0.0100079227821331,0
CS,CO,20,Dbc_corrected,-0.129745966777935,0.0112628503126027,0.0479666466571972,0.0111616918909021,0
CS,CO,20,Dbc_02,-0.0877421284772701,0.250868615878383,0.0628587447624039,0.186982264341544,35
CS,CO,21,Db,-0.0943305934022654,0.0754342152180571,0.0504530541877241,0.071632136681911,0
CS,CO,21,Dbc_corrected,-0.0934654780602681,0.0825127552562033,0.0524001683272194,0.0849782683609319,0
CS,CO,21,Dbc_02,-0.0833029205022073,0.28995952449695,0.0866078552091368,0.354092064264096,35
CS,CO,22,Db,-0.11249634359138,0.0294851695740344,0.0556220275617842,0.053169721238741,0
CS,CO,22,Dbc_corrected,-0.110414408241731,0.0372474720663964,0.0568650664749103,0.0627942271781943,0
CS,CO,22,Dbc_02,-0.103848102728402,0.149961937046308,0.0705096415221579,0.162366436516831,35
CS,CO,23,Db,-0.132182866033995,0.0166625997486561,0.045072567059422,0.00714768407754226,0
CS,CO,23,Dbc_corrected,-0.135474615194279,0.0163130493302317,0.0457030956938367,0.00660246895717612,0
CS,CO,23,Dbc_02,-0.103546624662394,0.161843010167008,0.0709045244116681,0.169191380385253,35
CS,CO,24,Db,-0.133456169692163,0.0262294228041909,0.0389689945494249,0.00245655611573272,0
CS,CO,24,Dbc_corrected,-0.144510021323726,0.0180845669695057,0.0393839328308912,0.00142806021820517,0
CS,CO,24,Dbc_02,-0.0738285691628568,0.370537430790954,0.051483132995641,0.172186947602335,35
CS,CO,25,Db,-0.205729237992399,0.000936208026457779,0.0520815430095969,0.000523662919324239,0
CS,CO,25,Dbc_corrected,-0.214604842610796,0.000738011102141471,0.0551682384552107,0.000622174729981073,0
CS,CO,25,Dbc_02,-0.227318723041409,0.00795831597851438,0.0570555104794517,0.00123081035838062,35
CS,CO,26,Db,-0.111818059551947,0.026847751051103,0.0442945523396227,0.0187955542776592,0
CS,CO,26,Dbc_corrected,-0.115833836462846,0.0240577499691668,0.0447731518685351,0.016438065104864,0
CS,CO,26,Dbc_02,-0.158404033917391,0.0363804129831884,0.0715057693066195,0.0484035578271001,35
CS,CO,27,Db,-0.209509856465999,3.47111242513362e-06,0.0331064930092232,1.78292228316045e-06,0
CS,CO,27,Dbc_corrected,-0.212499609930318,3.657959470198e-06,0.0344333380878708,2.63930849085678e-06,0
CS,CO,27,Dbc_02,-0.179184431138854,0.019029687672523,0.0460295773109135,0.00392416491601597,35
CS,CO,28,Db,-0.257613488150253,1.38168698021213e-05,0.066057928575223,0.00059441273050859,0
CS,CO,28,Dbc_corrected,-0.27165113001201,6.7892062600432e-06,0.0662757212755581,0.000367491199000614,0
CS,CO,28,Dbc_02,-0.242523234741392,0.00408459550601545,0.107716901602179,0.0390694791249636,35
CS,CO,29,Db,-0.11638735810992,0.018218981336309,0.0432150646072479,0.0113191466327438,0
CS,CO,29,Dbc_corrected,-0.122944141593181,0.0139532895937581,0.044385885837305,0.00942729613514457,0
CS,CO,29,Dbc_02,-0.0837428736310399,0.299844704375897,0.0797898638755429,0.313623138265902,35
CS,CO,30,Db,-0.0632749871586496,0.288758793448089,0.055591824058828,0.269337086042457,0
CS,CO,30,Dbc_corrected,-0.0599861687674227,0.324367829504533,0.0590328259549258,0.322884190667665,0
CS,CO,30,Dbc_02,-0.0754486653290307,0.427133827309596,0.0834671774814136,0.386898544189606,35
CS,CO,31,Db,-0.125748151214783,0.0191881234605641,0.062892263769221,0.0586497607277439,0
CS,CO,31,Dbc_corrected,-0.126202485184471,0.0197938942646032,0.0655449737026689,0.0682641733794994,0
CS,CO,31,Dbc_02,0.0044902150412468,0.963382375759205,0.0669760022624726,0.947699137856949,35
CS,CO,32,Db,-0.11487832596169,0.0269475072795827,0.0450660530381886,0.0186948903057509,0
CS,CO,32,Dbc_corrected,-0.117277139070206,0.0265548715105695,0.0464181146386324,0.0194685155424438,0
CS,CO,32,Dbc_02,-0.174096654607512,0.0193649807021153,0.0515180501943272,0.00963475161478438,35
CS,CO,33,Db,-0.0891784945983475,0.0421231232244073,0.0405568721863626,0.0365074261753928,0
CS,CO,33,Dbc_corrected,-0.0930265578733235,0.0374588125999617,0.0419806030016144,0.0353366549597255,0
CS,CO,33,Dbc_02,-0.0156212006594485,0.815872421755057,0.081689205067465,0.851013507719037,35
CS,CO,34,Db,-0.0706471798661884,0.187851891281276,0.0428536880174114,0.110286560456333,0
CS,CO,34,Dbc_corrected,-0.0703419718851393,0.196206425410948,0.0450126424604693,0.129399444816682,0
CS,CO,34,Dbc_02,-0.0693023696361609,0.40904646618231,0.0732188460395365,0.361311378229994,35
CS,CO,35,Db,-0.117910340551514,0.0185130670457875,0.0416657037585486,0.00985353199941469,0
CS,CO,35,Dbc_corrected,-0.11051356506081,0.0306521369057838,0.0436946748054054,0.0191737204260696,0
CS,CO,35,Dbc_02,-0.163380119194771,0.0250329360092414,0.076350198401355,0.0600184753702092,35
CS,CO,36,Db,-0.0906453742524256,0.069523913694414,0.046726047298318,0.0646804912360641,0
CS,CO,36,Dbc_corrected,-0.08262272475721,0.102834691683351,0.0462108899221763,0.0873173505072146,0
CS,CO,36,Dbc_02,-0.210844539936601,0.00600538681024543,0.0761734260538128,0.0149038625602191,35
CS,CO,37,Db,-0.127097917712219,0.0158382536540655,0.0487919419946282,0.0145996674111624,0
CS,CO,37,Dbc_corrected,-0.1294460931272,0.0162753582206952,0.0509853093647759,0.0170521231243394,0
CS,CO,37,Dbc_02,-0.145866643229586,0.0439365717545171,0.0654793588236004,0.0413917764785841,35
CS,CO,38,Db,-0.0588840552210466,0.277316112549426,0.0428669440779309,0.181776425294989,0
CS,CO,38,Dbc_corrected,-0.0609902626709902,0.269073335809585,0.0438955457502534,0.177153836546385,0
CS,CO,38,Dbc_02,-0.124359559512907,0.116665044704195,0.0485619367334235,0.0236907501849833,35
CS,CO,39,Db,-0.047810817208295,0.3400997590638,0.0375294701757791,0.217527462561178,0
CS,CO,39,Dbc_corrected,-0.0493067585129857,0.334054314810995,0.0373561329489466,0.20173310744139,0
CS,CO,39,Dbc_02,-0.0432452415742486,0.544149399305499,0.0569586140889224,0.470743033035541,35
CS,CO,40,Db,-0.145194946418309,0.00287871948877133,0.0382924683978483,0.000832673066804374,0
CS,CO,40,Dbc_corrected,-0.14483202641751,0.00365553996266304,0.0387172438682736,0.000942217453827145,0
CS,CO,40,Dbc_02,-0.181236171937243,0.0115622178499473,0.0600922520216384,0.0120511660756935,35
CS,CO,41,Db,-0.0538617981487676,0.310157150697735,0.0534969543520286,0.322437225971254,0
CS,CO,41,Dbc_corrected,-0.0598882209607931,0.269788500179007,0.054618400263171,0.281914525493903,0
CS,CO,41,Dbc_02,-0.0530167405626715,0.448673450951704,0.0680767978916792,0.44800845859978,35
CS,CO,42,Db,-0.0984777261973946,0.0900242553848232,0.0648350772068772,0.141252382732196,0
CS,CO,42,Dbc_corrected,-0.097356113968493,0.101277231646845,0.067027632514686,0.158498789406158,0
CS,CO,42,Dbc_02,-0.0950113391377364,0.24401544574423,0.0787517075933343,0.253204458638073,35
CS,CO,43,Db,-0.205579493761705,6.2283714935537e-05,0.0477933013187156,0.000269990495419282,0
CS,CO,43,Dbc_corrected,-0.206545941195888,8.46876123568134e-05,0.0489438637032475,0.000346293858438463,0
CS,CO,43,Dbc_02,-0.16678666149705,0.0302990400398353,0.0836538893825885,0.0666569006390425,35
CS,CO,44,Db,-0.162947289827822,0.0114905496552094,0.0623683492141812,0.0147522574939571,0
CS,CO,44,Dbc_corrected,-0.16044001693058,0.0148873631388927,0.0653494072013673,0.0210315670283542,0
CS,CO,44,Dbc_02,-0.106902247777966,0.214336595660207,0.0851692855945557,0.232376758176541,35
CS,CO,45,Db,-0.125263345575962,0.0222003404832101,0.0545571572324331,0.0316922631021947,0
CS,CO,45,Dbc_corrected,-0.132218953372482,0.0183521237750114,0.0537999295535597,0.0225856472325475,0
CS,CO,45,Dbc_02,-0.0657358407740327,0.406560584509008,0.0870175212694801,0.464378947419205,35
CS,CO,46,Db,-0.133825969103248,0.00184031019596842,0.0422856767206118,0.00419856265817146,0
CS,CO,46,Dbc_corrected,-0.141993823656634,0.00120103490200268,0.0451385698215847,0.00446581839064328,0
CS,CO,46,Dbc_02,-0.183153068809881,0.00242396612938089,0.0354357884497918,0.000169975338720251,35
CS,CO,47,Db,-0.128710500588601,0.00872186260642864,0.038678317094004,0.00273234060189802,0
CS,CO,47,Dbc_corrected,-0.130315121740114,0.0093884360224466,0.0404953968974273,0.00360483965981412,0
CS,CO,47,Dbc_02,-0.112609773432238,0.115799266855354,0.0437722223746459,0.0235388207822558,35
CS,CO,48,Db,-0.104971060613027,0.0535275934930691,0.0469174136599717,0.0354167508356162,0
CS,CO,48,Dbc_corrected,-0.105925648982854,0.0567279779599146,0.0495037478149065,0.0436496923249083,0
CS,CO,48,Dbc_02,-0.132438973664141,0.0894856988530002,0.0614382072672991,0.0494541317443807,35
CS,CO,49,Db,-0.146375431595889,0.00478629788541766,0.0368008233436048,0.000633276919745103,0
CS,CO,49,Dbc_corrected,-0.148737916798426,0.00503858737442081,0.0387365043391533,0.000868244449104889,0
CS,CO,49,Dbc_02,-0.189943663999167,0.00995265750537032,0.0410397746616898,0.00114441553106201,35
CS,CO,50,Db,-0.0928823299559859,0.0972422641951618,0.0466627725406507,0.0560701720853252,0
CS,CO,50,Dbc_corrected,-0.0921043740674907,0.105727944971599,0.0496773396274749,0.0737412590032824,0
CS,CO,50,Dbc_02,-0.133959616363808,0.079408938762941,0.0583907998189276,0.0403059180180682,35
CS,CO,51,Db,-0.113517871053128,0.0546035104717861,0.0512184893269188,0.0388703862525221,0
CS,CO,51,Dbc_corrected,-0.12481429843504,0.0397302486576079,0.0530804860028982,0.0290589290919288,0
CS,CO,51,Dbc_02,-0.0868877731634509,0.250765896504905,0.0633966814807702,0.20513124573741,35
CS,CO,52,Db,-0.0930515798793536,0.0600430005260212,0.0362749803923655,0.0195220298740674,0
CS,CO,52,Dbc_corrected,-0.0989802700306257,0.0505911653143395,0.0360411308925662,0.0137241170726339,0
CS,CO,52,Dbc_02,-0.0836998313089592,0.255173977140646,0.0657503257480545,0.222281743788529,35
CS,CO,53,Db,-0.234800988349788,5.42650445432128e-05,0.0482655024918642,3.38297718111165e-05,0
CS,CO,53,Dbc_corrected,-0.245765477174172,3.24252493235464e-05,0.0500159363256129,3.01309480332044e-05,0
CS,CO,53,Dbc_02,-0.223806117639623,0.0103786709298989,0.0688119706062773,0.00548659251212471,35
CS,CO,54,Db,-0.1212212033281,0.0171666242307725,0.0465190556631929,0.0142385533146426,0
CS,CO,54,Dbc_corrected,-0.135524476452977,0.00889510970697497,0.0485366553247209,0.00909491166812162,0
CS,CO,54,Dbc_02,-0.173737579989565,0.0232731170059496,0.0666985776884591,0.0223739205806108,35
CS,CO,55,Db,-0.111340183293068,0.0204613060026945,0.0401966522338767,0.011339818560839,0
CS,CO,55,Dbc_corrected,-0.116217157577366,0.0170736329856847,0.041591428327531,0.0108147642774318,0
CS,CO,55,Dbc_02,-0.128501252292547,0.0786213898971333,0.0518208127165697,0.0315240529341753,35
CS,CO,56,Db,-0.0885426035569253,0.110104472223811,0.046212270788686,0.0665171965011998,0
CS,CO,56,Dbc_corrected,-0.0881280971442724,0.11866485857988,0.0481656754932205,0.0787967781171906,0
CS,CO,56,Dbc_02,-0.122226897043863,0.125289931516751,0.0585378982724998,0.0609488965778519,35
CS,CO,57,Db,-0.114487582225957,0.0138331334339746,0.0411071558501937,0.00980744037270174,0
CS,CO,57,Dbc_corrected,-0.115000434817418,0.0153754146724819,0.0429243189779021,0.0124991133667444,0
CS,CO,57,Dbc_02,-0.119216255286878,0.0719396358113126,0.0564494438061046,0.0563207664831576,35
CS,CO,58,Db,-0.142318690076397,0.00419108103288983,0.0345068472278885,0.000398585715858201,0
CS,CO,58,Dbc_corrected,-0.150196432501823,0.00347998962436471,0.0358219494282027,0.000329994084541723,0
CS,CO,58,Dbc_02,-0.0991269684039955,0.157243701921822,0.0447507040655309,0.0471942271606334,35
CS,CO,59,Db,-0.139110366442294,0.00964495141781291,0.0436040327109316,0.00401402433781908,0
CS,CO,59,Dbc_corrected,-0.143916761001368,0.00816919259705005,0.0441057992192401,0.00348680694595049,0
CS,CO,59,Dbc_02,-0.267037236663299,0.00378037620763842,0.0749617223791534,0.00240825644444716,35
CS,CO,60,Db,-0.116716984166782,0.00944898600245509,0.0474563283092546,0.0216638438119579,0
CS,CO,60,Dbc_corrected,-0.134758929578012,0.00328020684645234,0.0472913994308506,0.00898578292317329,0
CS,CO,60,Dbc_02,-0.14157884098591,0.0312861291230177,0.0848530690474731,0.123219218836259,35
CS,CO,61,Db,-0.101299582586867,0.0325460890474129,0.0451407981072003,0.0333400890737276,0
CS,CO,61,Dbc_corrected,-0.100095482656836,0.0375276288153622,0.046984839091429,0.042749982486523,0
CS,CO,61,Dbc_02,-0.111514937033847,0.120966798235034,0.0570964553870782,0.0711557530241059,35
CS,CO,62,Db,-0.159050472677444,0.00109498728432582,0.0422752114976956,0.000667523133045025,0
CS,CO,62,Dbc_corrected,-0.170834105276245,0.000595404239440691,0.043211112368112,0.000395648737250236,0
CS,CO,62,Dbc_02,-0.173084812205734,0.0177879949412256,0.0640995008886564,0.0158235350878906,35
CS,CO,63,Db,-0.110683169171433,0.0389574670518058,0.0489804296735466,0.031219991513824,0
CS,CO,63,Dbc_corrected,-0.118395533674698,0.0307202534207233,0.0506573518459234,0.0261683267465239,0
CS,CO,63,Dbc_02,-0.160397639041756,0.026858463897141,0.0637665238273161,0.0245452652083757,35
CS,CO,64,Db,-0.07818802096001,0.093683085324481,0.0518965182037449,0.146848122426968,0
CS,CO,64,Dbc_corrected,-0.0865888533647073,0.0681870310740895,0.0549544735494653,0.130273288763583,0
CS,CO,64,Dbc_02,-0.108366820868217,0.0883605032735252,0.0631177409840923,0.111844459132053,35
CS,CO,65,Db,-0.0909666430200792,0.0499082976997258,0.0381157398104922,0.0249173054713428,0
CS,CO,65,Dbc_corrected,-0.0885579121405876,0.0610295856016503,0.0392613528070351,0.0332434720722986,0
CS,CO,65,Dbc_02,-0.0782519485372497,0.285157386904193,0.0744241091895823,0.315035653457487,35
CS,CO,66,Db,-0.190647725507654,0.0019703036775403,0.0561313870458551,0.00225629832636077,0
CS,CO,66,Dbc_corrected,-0.19626153978046,0.00172185419129447,0.0568686350204264,0.00197319191058654,0
CS,CO,66,Dbc_02,-0.182437153462632,0.0594185367322451,0.0977985174048795,0.090966275967323,35
CS,CO,67,Db,-0.143727653269177,0.0018400628237947,0.0348589695539346,0.000392703804738027,0
CS,CO,67,Dbc_corrected,-0.15084275210604,0.00143461342606494,0.0362758406863883,0.000362073364927644,0
CS,CO,67,Dbc_02,-0.129798956386373,0.0438474721130592,0.044578889485255,0.0125533212167796,35
CS,CO,68,Db,-0.183231424174347,0.000581433459627044,0.0581381898266878,0.00425077887786716,0
CS,CO,68,Dbc_corrected,-0.194444354525251,0.00033106426601332,0.0579552072727336,0.00260168878761389,0
CS,CO,68,Dbc_02,-0.0863135292260597,0.314208431690654,0.0995401558906766,0.405001889460448,35
CS,CO,69,Db,-0.0889773678588546,0.114128050962624,0.0504454722978526,0.0944992888608165,0
CS,CO,69,Dbc_corrected,-0.0932355727161367,0.101906921172888,0.051278611531981,0.0859331388581837,0
CS,CO,69,Dbc_02,-0.0836205233509014,0.393013045275396,0.0782546083620514,0.311335098867593,35
CS,CO,70,Db,-0.115369141879284,0.0470953830607952,0.0595301206552705,0.0649548218659683,0
CS,CO,70,Dbc_corrected,-0.118608825318992,0.0437223278519555,0.0603525921526564,0.0619955179372881,0
CS,CO,70,Dbc_02,-0.0803803126979045,0.413803523658059,0.102325837450116,0.44556187621966,35
CS,CO,71,Db,-0.190922158785065,0.00113626516652843,0.0543625427649013,0.00189521569438478,0
CS,CO,71,Dbc_corrected,-0.198442385255302,0.000957397261811905,0.0588430127145319,0.00271047928058475,0
CS,CO,71,Dbc_02,-0.220320778383608,0.00599936734518164,0.0525544076131986,0.000811073643312201,35
CS,CO,72,Db,-0.0640913875644403,0.201854110583384,0.0442089447981175,0.158685110337597,0
CS,CO,72,Dbc_corrected,-0.0741212930462809,0.146496274122294,0.0465513826217185,0.123043119622277,0
CS,CO,72,Dbc_02,-0.0426496584689298,0.558313878844228,0.0730747652383927,0.56965291641545,35
CS,CO,73,Db,-0.0714637242058584,0.101662844836288,0.0376151085696332,0.0693160373887824,0
CS,CO,73,Dbc_corrected,-0.0740075816978063,0.0965854556560355,0.0398618379332313,0.0754016291220192,0
CS,CO,73,Dbc_02,-0.120570308133402,0.0552469669055365,0.0429271893670073,0.0164996324896975,35
CS,CO,74,Db,-0.154246870716283,0.00389858350567414,0.0424786864868153,0.00100101804507444,0
CS,CO,74,Dbc_corrected,-0.162527748635467,0.00272463412153618,0.0442361216456046,0.000914077838568768,0
CS,CO,74,Dbc_02,-0.204163908687705,0.00847862692515262,0.0622680640195162,0.00397679705131403,35
CS,CO,75,Db,-0.0898822983893792,0.127458445326542,0.0521018551059179,0.0972743351419187,0
CS,CO,75,Dbc_corrected,-0.0981530969452314,0.105278660637327,0.0525408074808172,0.0738275484033311,0
CS,CO,75,Dbc_02,-0.13302388765884,0.0869114132418943,0.0626272157160987,0.0530920343194388,35
CS,CO,76,Db,-0.106054559532648,0.030842308392829,0.0407918279389167,0.0167108874280253,0
CS,CO,76,Dbc_corrected,-0.114408062259529,0.0216422696171994,0.0415223056948438,0.0120586236525347,0
CS,CO,76,Dbc_02,0.030522278911911,0.720273442317449,0.0705580509736835,0.673098542875091,35
CS,CO,77,Db,-0.175375930616094,0.00190871004457105,0.0429004106420372,0.000390236785987891,0
CS,CO,77,Dbc_corrected,-0.186086860058309,0.00122750154198916,0.0416365827027256,0.000153260222944436,0
CS,CO,77,Dbc_02,-0.188343493100767,0.0153800817417252,0.0756781553345692,0.0237858185423581,35
CS,CO,78,Db,-0.136745815572671,0.0456240398482616,0.0560410278463945,0.0236897989107182,0
CS,CO,78,Dbc_corrected,-0.133082366057321,0.058248931108636,0.0581269904856192,0.0322788666277298,0
CS,CO,78,Dbc_02,-0.204264222638653,0.0358932812890481,0.0607455053286991,0.00966828261678721,35
CS,CO,79,Db,-0.0289343469232261,0.599198759901972,0.0434998249481927,0.512000410330945,0
CS,CO,79,Dbc_corrected,-0.033680508892114,0.551320278304733,0.0462605005227757,0.473192624716324,0
CS,CO,79,Dbc_02,-0.0472203633813855,0.512186014145289,0.0687873521205339,0.504527741313817,35
CS,CO,80,Db,-0.118257830701774,0.0234925499623038,0.034620569309042,0.00205396078067672,0
CS,CO,80,Dbc_corrected,-0.112166630858723,0.0340296822999083,0.0354741214240097,0.00394350849332002,0
CS,CO,80,Dbc_02,-0.171203128962183,0.0222632454052193,0.0423071972843187,0.00112240815103776,35
CS,CO,81,Db,-0.144937697831133,0.00447501819599999,0.0390235700226598,0.00106212106706883,0
CS,CO,81,Dbc_corrected,-0.142368011838495,0.00630863864936229,0.0404540243966768,0.0017268577368163,0
CS,CO,81,Dbc_02,-0.176313902206377,0.0146870176563837,0.0614951359341783,0.0141921601943601,35
CS,CO,82,Db,-0.195606862585398,1.36218033396165e-05,0.0358280572101096,1.60747947119569e-05,0
CS,CO,82,Dbc_corrected,-0.197861513102368,1.39779313551189e-05,0.0377336283196545,2.95743690576855e-05,0
CS,CO,82,Dbc_02,-0.226934394755629,0.00250542665510167,0.0514144363957292,0.000748970748139043,35
CS,CO,83,Db,-0.138079153193136,0.012754961234343,0.0544914323612665,0.0166199957195351,0
CS,CO,83,Dbc_corrected,-0.146019330872644,0.0100339021251135,0.0576897772111162,0.0165734289220135,0
CS,CO,83,Dbc_02,-0.106138885022018,0.142794665810874,0.0820998050387199,0.217306925220507,35
CS,CO,84,Db,-0.144175054055666,0.00650964063425498,0.04382429774976,0.00276114353398043,0
CS,CO,84,Dbc_corrected,-0.150578112700455,0.00563236756351572,0.0467101200501282,0.00332610318181853,0
CS,CO,84,Dbc_02,-0.209261411824971,0.00314096542336135,0.062199722172827,0.00334269994731545,35
CS,CO,85,Db,-0.180921135268897,0.000608719187774825,0.0370740053829864,0.000190723901660628,0
CS,CO,85,Dbc_corrected,-0.184995714678088,0.00053565211895103,0.0389564853932074,0.000280474996646873,0
CS,CO,85,Dbc_02,-0.282802299355628,0.00127917679674983,0.0674386130962379,0.00108941646093864,35
CS,CO,86,Db,-0.184024387456243,0.0002140311404928,0.0432713062394557,0.000189493688268253,0
CS,CO,86,Dbc_corrected,-0.184317137766685,0.000277174960093581,0.0455654888144083,0.000333887706812982,0
CS,CO,86,Dbc_02,-0.201201969374445,0.00292845125377031,0.059960376959814,0.00429721520890381,35
CS,CO,87,Db,-0.135895004142806,0.017445654404804,0.0496787575610702,0.013387355179085,0
CS,CO,87,Dbc_corrected,-0.136668798277617,0.0194713251647837,0.0484710301337418,0.0112922789325764,0
CS,CO,87,Dbc_02,-0.159208489163135,0.0455603266489285,0.0717214506954722,0.0491139601656396,35
CS,CO,88,Db,-0.151027359371429,0.0129557916923377,0.0809881965792609,0.0775661960227879,0
CS,CO,88,Dbc_corrected,-0.150940452285583,0.0148165554291807,0.0852460149952788,0.0928864944065575,0
CS,CO,88,Dbc_02,-0.0299729156419486,0.755136504174777,0.0818887390536012,0.722804287344334,35
CS,CO,89,Db,-0.178782370231726,0.00154545439109247,0.0581869315496073,0.00483838676593985,0
CS,CO,89,Dbc_corrected,-0.182524914450007,0.00161105206513076,0.0606059791076775,0.00561431334299287,0
CS,CO,89,Dbc_02,-0.20128493681812,0.00875346211647673,0.0835631057746938,0.0309402612060798,35
CS,CO,90,Db,-0.14386362916315,0.005526262387314,0.0599650334640886,0.030773569736643,0
CS,CO,90,Dbc_corrected,-0.149903912533057,0.00425080038777243,0.0600993563605259,0.0261475733538092,0
CS,CO,90,Dbc_02,-0.00861313850099164,0.92379355594466,0.0798001612934355,0.916146352826215,35
CS,CO,91,Db,0.00218441278866481,0.970438498203832,0.0639464149861881,0.973096174215777,0
CS,CO,91,Dbc_corrected,-0.0120890285992539,0.842677072890572,0.067011790182474,0.858655568983418,0
CS,CO,91,Dbc_02,0.0394600527735435,0.588406195927577,0.0812318434348064,0.637058199555431,35
CS,CO,92,Db,-0.164394287533542,0.00412744201341627,0.0495083317314878,0.00325361926763779,0
CS,CO,92,Dbc_corrected,-0.176749136744149,0.00242115382054653,0.0518546689091543,0.002690846298566,0
CS,CO,92,Dbc_02,-0.163573512405809,0.0572584657542077,0.0554864120851667,0.0128658249554052,35
CS,CO,93,Db,-0.0946226203852936,0.073636954500122,0.0512767928094097,0.0801978289895723,0
CS,CO,93,Dbc_corrected,-0.0913142327572513,0.0884104217724633,0.0533498620954522,0.103223640005297,0
CS,CO,93,Dbc_02,-0.156095227860951,0.0693850747362723,0.081977567777477,0.0844808492025186,35
CS,CO,94,Db,-0.139391395862474,0.0264714257510868,0.0529067384641,0.0140809797954807,0
CS,CO,94,Dbc_corrected,-0.143721199882188,0.0244012275030407,0.0540325154314635,0.0134212292387637,0
CS,CO,94,Dbc_02,-0.091095558661735,0.343659929783189,0.0790669719902758,0.268989959604568,35
CS,CO,95,Db,-0.118576261045221,0.0343590039821307,0.0527332360899905,0.0326900761818673,0
CS,CO,95,Dbc_corrected,-0.126492373692519,0.026435483484803,0.050983260281739,0.0194838683471379,0
CS,CO,95,Dbc_02,-0.040106687964272,0.600443495347538,0.0764870156408704,0.607566941563722,35
CS,CO,96,Db,-0.127610319172645,0.0160007148155894,0.035103441969789,0.00114062900774545,0
CS,CO,96,Dbc_corrected,-0.13842678057017,0.0108657835480773,0.0369057641380749,0.000830678410340016,0
CS,CO,96,Dbc_02,-0.106749291495018,0.156379204875406,0.0550006508366377,0.075914787307665,35
CS,CO,97,Db,-0.153150078719821,0.000728193487519164,0.0375462350083173,0.000362265138583292,0
CS,CO,97,Dbc_corrected,-0.163817383867089,0.000385027487214449,0.0393746791238592,0.000293273277924096,0
CS,CO,97,Dbc_02,-0.188146682141266,0.00323413864376205,0.0488699720316549,0.00196210129427808,35
CS,CO,98,Db,-0.0552863354567726,0.296827728007408,0.0404211204250404,0.183951209965835,0
CS,CO,98,Dbc_corrected,-0.0648518535935035,0.229845669851937,0.041332848185908,0.129606353226803,0
CS,CO,98,Dbc_02,-0.0586617697373497,0.441672645341363,0.0657847809619401,0.392011146062627,35
CS,CO,99,Db,-0.0893594398796777,0.0703909091587764,0.0416025127982716,0.0408114785563156,0
CS,CO,99,Dbc_corrected,-0.0953143565934689,0.0588071825422943,0.041877796569181,0.0309157869568544,0
CS,CO,99,Dbc_02,-0.104543828470777,0.10024467600713,0.0560224936511063,0.0805691530483833,35
CS,CO,100,Db,-0.175211783322531,0.00668556431015477,0.0460394516904338,0.000950967742013339,0
CS,CO,100,Dbc_corrected,-0.181094927979685,0.00555388096775303,0.0482408825012258,0.00114425326123625,0
CS,CO,100,Dbc_02,-0.231446925710423,0.0305792544509358,0.0957642036757791,0.0276470684864399,35
CS,CO,101,Db,-0.138940566227761,0.00314532953544566,0.0518022357387872,0.0129367099331731,0
CS,CO,101,Dbc_corrected,-0.14345487618067,0.00279329800394267,0.0533256403377688,0.0126728578647748,0
CS,CO,101,Dbc_02,-0.135919327740514,0.0504715756775307,0.0688008443493645,0.0764619426675219,35
CS,CO,102,Db,-0.156083475179721,0.000772592609356209,0.0431596381991411,0.00156154655554396,0
CS,CO,102,Dbc_corrected,-0.164757743474764,0.00045616309705381,0.0450177383611031,0.00142003315440621,0
CS,CO,102,Dbc_02,-0.173684495994588,0.0125565775378175,0.0444152385187948,0.00284300547026175,35
CS,CO,103,Db,-0.127478815703143,0.0185661857412692,0.0542986723644188,0.028706766097771,0
CS,CO,103,Dbc_corrected,-0.128049569696801,0.020328825627699,0.0566088496447364,0.0344466220356145,0
CS,CO,103,Dbc_02,-0.192762361083753,0.0132282764169636,0.109697705385325,0.109782021099672,35
CS,CO,104,Db,-0.0965026854378525,0.0613322925767408,0.0423331356783983,0.0336890014039581,0
CS,CO,104,Dbc_corrected,-0.103120542361297,0.0496273101988553,0.0448976828543371,0.032379458309647,0
CS,CO,104,Dbc_02,-0.0992714607770255,0.188716912391155,0.0645988799086112,0.162847963963087,35
CS,CO,105,Db,-0.196752597102418,3.77495510511032e-05,0.0420076733585646,0.000142594479556394,0
CS,CO,105,Dbc_corrected,-0.202218001888279,3.52987634399549e-05,0.0445235380183657,0.000193173882554987,0
CS,CO,105,Dbc_02,-0.266613007315588,2.55949630500869e-05,0.0399766668261937,6.67650427903376e-05,35
CS,CO,106,Db,-0.204001888014514,0.000476802732675105,0.0575689475767679,0.00142919405940177,0
CS,CO,106,Dbc_corrected,-0.211623191182924,0.000408320795302698,0.0599317838068969,0.00144186229653303,0
CS,CO,106,Dbc_02,-0.186060647786074,0.0173064342446874,0.0611833644225498,0.00964989945149626,35
CS,CO,107,Db,-0.101864972392603,0.0370583031023487,0.0458990124426793,0.0336754069665642,0
CS,CO,107,Dbc_corrected,-0.106879954160238,0.0326856608082423,0.0493556679859307,0.0379077966873153,0
CS,CO,107,Dbc_02,-0.107082608073723,0.0866932527130693,0.0654532532767304,0.117722675952443,35
CS,CO,108,Db,-0.095733795575062,0.0368642734965553,0.0375426582023372,0.0186164132192795,0
CS,CO,108,Dbc_corrected,-0.0948017514613947,0.0440222601277594,0.0388177103326173,0.0235732670500131,0
CS,CO,108,Dbc_02,-0.0713474826982981,0.26244678621471,0.0417953115030751,0.114680281208391,35
CS,CO,109,Db,-0.100776522957417,0.0204488717657301,0.0341686699716178,0.00616348176488208,0
CS,CO,109,Dbc_corrected,-0.102341593394537,0.0208543908135592,0.0359705951918394,0.00799884373822495,0
CS,CO,109,Dbc_02,-0.0585317722559695,0.324238823515872,0.0393912572868981,0.156835507993208,35
CS,CO,110,Db,-0.114565329342101,0.0404863183298226,0.0517258606402465,0.0369405408908332,0
CS,CO,110,Dbc_corrected,-0.112852920370284,0.0466183875707136,0.0515346179278488,0.0393087185418533,0
CS,CO,110,Dbc_02,-0.182753359329452,0.0457628614635885,0.0756923657307138,0.0284288846197736,35
CS,CO,111,Db,-0.171448582025728,0.00181686118203851,0.0516917842821401,0.00237303899960342,0
CS,CO,111,Dbc_corrected,-0.175926774015955,0.00164682146729607,0.0536642796225795,0.00261598471836015,0
CS,CO,111,Dbc_02,-0.149431443629212,0.0776485020271759,0.0582247581031112,0.0248743175469365,35
CS,CO,112,Db,-0.153641581353044,0.00213617044338387,0.0419381263304186,0.0013516975752714,0
CS,CO,112,Dbc_corrected,-0.159891945687957,0.0017360394440443,0.044325158287087,0.00153250496746486,0
CS,CO,112,Dbc_02,-0.176916172660776,0.00771593845677094,0.0452757484400725,0.0022895782934537,35
CS,CO,113,Db,-0.228457318224054,1.58980820135072e-05,0.0473354243350382,9.36073888611064e-05,0
CS,CO,113,Dbc_corrected,-0.231956441874017,2.06212907551368e-05,0.0505137483862551,0.000154468947322197,0
CS,CO,113,Dbc_02,-0.246987872209203,0.0003241089627465,0.066920057670454,0.00360254583306308,35
CS,CO,114,Db,-0.111497471327545,0.0125296411200282,0.0461538920156891,0.0253732516993106,0
CS,CO,114,Dbc_corrected,-0.114190778803673,0.0120708406709614,0.0465495357919528,0.0233400352515948,0
CS,CO,114,Dbc_02,-0.0715835405217711,0.237977960497432,0.0679801563477357,0.316404367488631,35
CS,CO,115,Db,-0.134568301700959,0.0244000166815778,0.0556312424857731,0.0228607851630604,0
CS,CO,115,Dbc_corrected,-0.138890366669842,0.0215965460410949,0.0558352813839203,0.0196899369916086,0
CS,CO,115,Dbc_02,-0.0823441213973867,0.375600878337506,0.081409809955924,0.332065326115937,35
CS,CO,116,Db,-0.130692923564437,0.00343042640315567,0.0400153701019782,0.00295070484071467,0
CS,CO,116,Dbc_corrected,-0.140690515216748,0.0020038760176494,0.0418362807161841,0.00233761784692397,0
CS,CO,116,Dbc_02,-0.159792958566123,0.0128283651516121,0.065120570527923,0.0275263611993539,35
CS,CO,117,Db,-0.0800953340468089,0.196971431558635,0.0422875447211684,0.0749730765556995,0
CS,CO,117,Dbc_corrected,-0.0862979257558941,0.174584746787566,0.0432785095511168,0.0628585160149733,0
CS,CO,117,Dbc_02,-0.106843284046039,0.222481132391372,0.06914734686347,0.144305392167383,35
CS,CO,118,Db,-0.0923007080409941,0.0675955776250113,0.0491346176890527,0.0725089188826243,0
CS,CO,118,Dbc_corrected,-0.0998232046232461,0.0526382922175103,0.0489083350388197,0.0521466400103431,0
CS,CO,118,Dbc_02,-0.1203670331418,0.119796469701748,0.0951592096030608,0.24113131105663,35
CS,CO,119,Db,-0.101862717359456,0.0592158801033843,0.043239600649932,0.0269312329800671,0
CS,CO,119,Dbc_corrected,-0.0982756105848271,0.0756127811797522,0.0443420884403039,0.0364023385241494,0
CS,CO,119,Dbc_02,-0.129974895913018,0.0901701487261361,0.0602835528243241,0.0513949700619776,35
CS,CO,120,Db,-0.124191960050335,0.0269819890284561,0.0421108092441376,0.00590348646254968,0
CS,CO,120,Dbc_corrected,-0.137845087620538,0.0164174686558907,0.0431018078285172,0.00307152784135817,0
CS,CO,120,Dbc_02,-0.0673239542085124,0.321789912200881,0.0477395847020088,0.174628139468328,35
CS,CO,121,Db,-0.110864908957849,0.0239674029210042,0.0458503410599955,0.0230765198456857,0
CS,CO,121,Dbc_corrected,-0.109867808234181,0.0277794560838743,0.0463899463755828,0.0259674970852238,0
CS,CO,121,Dbc_02,-0.105801182257786,0.204817123926773,0.0842945581902132,0.231021021036941,35
CS,CO,122,Db,-0.123467648646863,0.0226655702766761,0.045840718006544,0.0132351378544794,0
CS,CO,122,Dbc_corrected,-0.128770925008805,0.020214917532209,0.0488139645426013,0.0148468062819803,0
CS,CO,122,Dbc_02,-0.209293184105852,0.00246154597299879,0.0520958089486677,0.00192284889417209,35
CS,CO,123,Db,-0.137559150301954,0.00222453560225319,0.0359335821846801,0.000829928366607895,0
CS,CO,123,Dbc_corrected,-0.135524763593726,0.00302552476990067,0.0369269038870952,0.0012730481999098,0
CS,CO,123,Dbc_02,-0.184099105002019,0.00687608923128537,0.0592094834447741,0.00780343584907247,35
CS,CO,124,Db,-0.17438044401516,0.000340439522639533,0.0380300962574947,0.000439671717396884,0
CS,CO,124,Dbc_corrected,-0.176246309013472,0.000383530941358554,0.0384674786942779,0.000504309592160373,0
CS,CO,124,Dbc_02,-0.154194942259393,0.0431287194234794,0.0585718068159632,0.0212859237849136,35
CS,CO,125,Db,-0.0790976116694076,0.172855061832596,0.0601307829806409,0.200463468769019,0
CS,CO,125,Dbc_corrected,-0.0761929196048934,0.202278672080493,0.0613269386620386,0.225619444881575,0
CS,CO,125,Dbc_02,-0.0825084054027132,0.279050567501337,0.0880279588893331,0.366393600502235,35
CS,CO,126,Db,-0.0667669954270196,0.16983589625536,0.0396094001746244,0.103706794221244,0
CS,CO,126,Dbc_corrected,-0.0710479715058819,0.155112723373995,0.0395357727482974,0.0836306043041757,0
CS,CO,126,Dbc_02,-0.017185758111285,0.788245080385656,0.0550582056124275,0.759812681476795,35
CS,CO,127,Db,-0.0992082691201706,0.0308041162574652,0.0501815593979275,0.0603566646858307,0
CS,CO,127,Dbc_corrected,-0.0983912737698709,0.0364986606534432,0.0513569084364727,0.0680766570485441,0
CS,CO,127,Dbc_02,-0.127611300447638,0.0542046956626083,0.0801846444078635,0.143151397028483,35
CS,CO,128,Db,-0.0934152461376703,0.116940029400381,0.0603545525384571,0.13549960570568,0
CS,CO,128,Dbc_corrected,-0.093662939191751,0.123886147089263,0.0624442795454731,0.147327227268579,0
CS,CO,128,Dbc_02,-0.0517737158299066,0.547233180973696,0.0995819922709823,0.614187076301214,35
CS,CO,129,Db,-0.192559493773784,0.00114651600927884,0.0555982061480948,0.00280576622054321,0
CS,CO,129,Dbc_corrected,-0.206749870075715,0.0006097313529657,0.0591912644416591,0.00263704334936653,0
CS,CO,129,Dbc_02,-0.241625989358056,0.00488537472835677,0.0877191815567102,0.0246588494315157,35
CS,CO,130,Db,-0.205284063311029,4.80184778977601e-05,0.0410450403863479,3.0873121066032e-05,0
CS,CO,130,Dbc_corrected,-0.2174030696055,2.33344724235479e-05,0.0423234203184887,2.11842047852906e-05,0
CS,CO,130,Dbc_02,-0.17445624502038,0.0190878415569064,0.0518945456155151,0.00633724051582846,35
CS,CO,131,Db,0.014834490616111,0.789917339471878,0.0449240218187606,0.744578643492124,0
CS,CO,131,Dbc_corrected,0.0256627369845826,0.649238622734416,0.0463084271609294,0.585470884877226,0
CS,CO,131,Dbc_02,-0.0585155152727655,0.466370243994883,0.058280208977478,0.339775652719678,35
CS,CO,132,Db,-0.120947588976416,0.00545133586648224,0.0383853021732475,0.00364075546491059,0
CS,CO,132,Dbc_corrected,-0.125220285773315,0.00491423795426216,0.0399920021100979,0.00383236926554087,0
CS,CO,132,Dbc_02,-0.140539224244964,0.0221921004517155,0.0484353660795211,0.0110155177546292,35
CS,CO,133,Db,-0.235174526903159,1.0872069759179e-05,0.0619932439854502,0.000971049993705512,0
CS,CO,133,Dbc_corrected,-0.244603745840365,6.9549580792478e-06,0.0659964390794398,0.00123110280786804,0
CS,CO,133,Dbc_02,-0.225515781655206,0.00506245384334689,0.0757434139655892,0.0125924185652565,35
CS,CO,134,Db,-0.177715015593825,0.00122382606103636,0.0497146920793774,0.00173470056710734,0
CS,CO,134,Dbc_corrected,-0.18131834833313,0.00117154326627637,0.0515566210828395,0.00205224231820338,0
CS,CO,134,Dbc_02,-0.243335141623786,0.00295866089676853,0.0825679897267267,0.011100852358127,35
CS,CO,135,Db,-0.00310281643642784,0.955712756113296,0.0591122255634159,0.958550864852881,0
CS,CO,135,Dbc_corrected,0.00506223516987872,0.929026676913592,0.0625524494895301,0.936146124593353,0
CS,CO,135,Dbc_02,0.0350078379321617,0.664935906815704,0.0718230476977949,0.634783022869734,35
CS,CO,136,Db,-0.0832874397056538,0.158222533659226,0.0461758226584973,0.0846729202663724,0
CS,CO,136,Dbc_corrected,-0.0826654534024647,0.167670805737281,0.0477243657751868,0.0967183734727062,0
CS,CO,136,Dbc_02,-0.0821891863102512,0.309955283861624,0.0543163220930222,0.160556856452617,35
CS,CO,137,Db,-0.101517171909954,0.0412820872812542,0.0460845133552686,0.0383167224723901,0
CS,CO,137,Dbc_corrected,-0.105703277444652,0.0353386460703173,0.0471279263477189,0.0356375160417641,0
CS,CO,137,Dbc_02,-0.0766982128871237,0.410162504841302,0.0927770382301651,0.420703367612142,35
CS,CO,138,Db,-0.0490259948164461,0.327173982569647,0.0438437239293443,0.275115596712542,0
CS,CO,138,Dbc_corrected,-0.0509571511824692,0.322108549632918,0.0462100416179024,0.281257576692405,0
CS,CO,138,Dbc_02,-0.172953870418547,0.00629050476612784,0.0564359484139333,0.0106880448784557,35
CS,CO,139,Db,-0.142277378090235,0.0156910220421172,0.0568504774144858,0.0178492282454908,0
CS,CO,139,Dbc_corrected,-0.150340770621391,0.0125275323127928,0.0597013262630759,0.0171830559766419,0
CS,CO,139,Dbc_02,-0.22043942637475,0.00729821237053665,0.0804855875946967,0.0157347774087137,35
CS,CO,140,Db,-0.130089360685131,0.00693554359655005,0.0498933842621813,0.0152348666117836,0
CS,CO,140,Dbc_corrected,-0.134731478175987,0.00602657657739491,0.0527102725757874,0.0170711638608487,0
CS,CO,140,Dbc_02,-0.123384543521812,0.0787107503180088,0.0570744858766702,0.054940024592082,35
CS,CO,141,Db,-0.118670076057758,0.0144591909821669,0.0520933318727796,0.0328191200012558,0
CS,CO,141,Dbc_corrected,-0.119157385812187,0.0189497131707783,0.0554556786544353,0.042764568679861,0
CS,CO,141,Dbc_02,-0.0986804091351988,0.0953781379085389,0.0688210112807464,0.174142316916188,35
CS,CO,142,Db,-0.0396007707626011,0.385772659232532,0.0336514286788247,0.247303678839221,0
CS,CO,142,Dbc_corrected,-0.0383853249730782,0.410715649817083,0.0350792367483574,0.281508547176916,0
CS,CO,142,Dbc_02,-0.0673436462677715,0.3240255044668,0.0474099056311709,0.172220223730146,35
CS,CO,143,Db,-0.161179745880207,0.004164054965639,0.0507994504574415,0.00516073326028487,0
CS,CO,143,Dbc_corrected,-0.167672218501088,0.00350184004176199,0.0547936119055919,0.00677675496007592,0
CS,CO,143,Dbc_02,-0.170971995047657,0.035531352818549,0.0865031610217835,0.0733145359608201,35
CS,CO,144,Db,-0.172167885997124,0.000579138633416418,0.04130960749382,0.000272707998217773,0
CS,CO,144,Dbc_corrected,-0.18360342625905,0.000282645327817568,0.0418917918879366,0.000158398753209438,0
CS,CO,144,Dbc_02,-0.0735662095827307,0.372834128526699,0.0747173326404046,0.341852433578422,35
CS,CO,145,Db,-0.17304903103331,0.00058582497296006,0.0540389926916147,0.00405298192266588,0
CS,CO,145,Dbc_corrected,-0.182800803143338,0.000362286263972553,0.0568996836449179,0.00391824358841841,0
CS,CO,145,Dbc_02,-0.223052636222286,0.00172312060873817,0.0840767141405758,0.0239668332869574,35
CS,CO,146,Db,-0.0987193720407725,0.0374387107454279,0.0445270216034219,0.0376232468692485,0
CS,CO,146,Dbc_corrected,-0.103304234318845,0.0333001472201743,0.0450731553373971,0.0320678959756501,0
CS,CO,146,Dbc_02,-0.169336162623101,0.00653319636608718,0.0674721409958939,0.0305498813494379,35
CS,CO,147,Db,-0.0911905481033909,0.105771111188032,0.0472360365826475,0.0651384562570088,0
CS,CO,147,Dbc_corrected,-0.0967446550022402,0.0907729679072703,0.0487169242688185,0.0583995399912961,0
CS,CO,147,Dbc_02,-0.00801186946145841,0.919826547751621,0.0541524610068647,0.88480445857329,35
CS,CO,148,Db,-0.111465434595497,0.0782182360435224,0.0606355748402197,0.0793440170662922,0
CS,CO,148,Dbc_corrected,-0.119731859670518,0.0646050351652817,0.0618140399418714,0.0653822996714626,0
CS,CO,148,Dbc_02,-0.0188588185124088,0.832304384972544,0.111739502152817,0.869242907176581,35
CS,CO,149,Db,-0.092669488219574,0.0716141395039782,0.0465231477049425,0.0557025228192617,0
CS,CO,149,Dbc_corrected,-0.10274548906047,0.051935878959053,0.0512547493231396,0.0541562396400846,0
CS,CO,149,Dbc_02,-0.115877902341498,0.080833271150539,0.0604021749832185,0.0733284151846755,35
CS,CO,150,Db,-0.140416670752053,0.00134899122256606,0.0347968464748592,0.000413039669566263,0
CS,CO,150,Dbc_corrected,-0.142706645164843,0.00133605118993646,0.0361064063339587,0.000506401960422182,0
CS,CO,150,Dbc_02,-0.173418048541774,0.00321306495699105,0.0563108679505606,0.00895272830805056,35
CS,CO,151,Db,-0.142833905507409,0.00768129516589968,0.0508314236206078,0.00899250555321668,0
CS,CO,151,Dbc_corrected,-0.140365675787953,0.0104500224768968,0.0518416677490564,0.0114419377592086,0
CS,CO,151,Dbc_02,-0.0993315608005424,0.165614896038909,0.0812743918700341,0.240683904858044,35
CS,CO,152,Db,-0.15629752530584,0.00119853638176451,0.0426052063231854,0.00147159680930193,0
CS,CO,152,Dbc_corrected,-0.165708372693588,0.000762433327577679,0.0441918920287577,0.00117912697806358,0
CS,CO,152,Dbc_02,-0.169242893060612,0.00710117408400367,0.046938120418567,0.00475281357129479,35
CS,CO,153,Db,-0.0683481035689731,0.222023850860762,0.0501167868490342,0.18665367946551,0
CS,CO,153,Dbc_corrected,-0.0721995228171721,0.205546767549829,0.0523220072455362,0.182211005872923,0
CS,CO,153,Dbc_02,-0.119752366807797,0.153535074442547,0.0711323483021393,0.113063637542041,35
CS,CO,154,Db,-0.208003689167966,2.12852225734452e-05,0.0417323793134571,4.48939203078684e-05,0
CS,CO,154,Dbc_corrected,-0.216713032521541,1.38580269656902e-05,0.0437838090521317,4.72791112758645e-05,0
CS,CO,154,Dbc_02,-0.169787581859962,0.0154461193059208,0.0452021846140081,0.00353068622258093,35
CS,CO,155,Db,-0.150732519868604,0.0106359354714328,0.0492993199052418,0.00494426294398595,0
CS,CO,155,Dbc_corrected,-0.158932945593974,0.00826553502716769,0.0520711156183603,0.00494685441822336,0
CS,CO,155,Dbc_02,-0.116867222983463,0.166184282942305,0.0696935555035205,0.120886584944281,35
CS,CO,156,Db,-0.180619440343809,0.000875970445686284,0.0448065785352019,0.000453396655148775,0
CS,CO,156,Dbc_corrected,-0.18976873465136,0.00052475885779632,0.0463546139513295,0.000399363494057209,0
CS,CO,156,Dbc_02,-0.1222003382558,0.170841890883268,0.0669620567239865,0.0916667018117189,35
CS,CO,157,Db,-0.104888308680218,0.0716694927120122,0.0511378912646516,0.0522481225648276,0
CS,CO,157,Dbc_corrected,-0.10171031720937,0.0870663989137308,0.0524069213297133,0.0649753332085074,0
CS,CO,157,Dbc_02,-0.0796538679768709,0.310516283177909,0.0778801855014832,0.328664283135119,35
CS,CO,158,Db,-0.147872120551949,0.00355697248026905,0.0350520193388786,0.000395553610099985,0
CS,CO,158,Dbc_corrected,-0.157680932644924,0.00228654499842856,0.0366459973815039,0.0003318157023273,0
CS,CO,158,Dbc_02,-0.209051333924172,0.00470005542669119,0.0550060773223278,0.00305818933325095,35
CS,CO,159,Db,-0.090294781833191,0.11833235101975,0.0537422766078166,0.103855251702878,0
CS,CO,159,Dbc_corrected,-0.100619500490156,0.0882062441174188,0.0543983183337149,0.0749407683776389,0
CS,CO,159,Dbc_02,0.0831486281906427,0.331271733921272,0.0699175298345914,0.251381718558273,35
CS,CO,160,Db,-0.146679705964556,0.00500301378320943,0.0492501412939538,0.00621766469014809,0
CS,CO,160,Dbc_corrected,-0.156026356760393,0.00329186284752103,0.0510319870636462,0.00514165484467934,0
CS,CO,160,Dbc_02,-0.150966374695124,0.0552034928304478,0.094524522283345,0.136782029933796,35
CS,CO,161,Db,-0.136736926768731,0.0117537568647096,0.0435195546571145,0.00411873486473755,0
CS,CO,161,Dbc_corrected,-0.137675377652808,0.0129401245397784,0.0437644291367493,0.00401834165830702,0
CS,CO,161,Dbc_02,-0.147963247928339,0.0614686537964519,0.0552470504226072,0.0212319319229996,35
CS,CO,162,Db,-0.153832296200252,0.00401018826238956,0.0388078203949515,0.000543389847907578,0
CS,CO,162,Dbc_corrected,-0.153901585517904,0.00460492026222607,0.0406940776966293,0.00088142578135779,0
CS,CO,162,Dbc_02,-0.198218997238,0.0130342696119332,0.0624924931492736,0.00723741605486385,35
CS,CO,163,Db,-0.0995687852784177,0.0855891936778777,0.0587185737439,0.103180812767405,0
CS,CO,163,Dbc_corrected,-0.114158546897444,0.0531712561100501,0.0608383359398692,0.0730811377104361,0
CS,CO,163,Dbc_02,-0.0410991181360588,0.617900873979386,0.0794768416159093,0.617021070713564,35
CS,CO,164,Db,-0.121715751574213,0.00843796770120302,0.0463345107258524,0.0159265681981024,0
CS,CO,164,Dbc_corrected,-0.128553020728285,0.00591366935403693,0.0501287256889263,0.0181933387042719,0
CS,CO,164,Dbc_02,-0.163678057058374,0.0118218834687172,0.049455844153805,0.00932440472025356,35
CS,CO,165,Db,-0.120288917239991,0.0139709398543335,0.0507114411913852,0.024766736183761,0
CS,CO,165,Dbc_corrected,-0.12688504914075,0.011147963906187,0.0516108381483549,0.0204426245272617,0
CS,CO,165,Dbc_02,-0.065682570126631,0.373224362447457,0.0831880112299191,0.442814206004037,35
CS,CO,166,Db,-0.177842489603631,7.35481799438322e-05,0.0533053685077507,0.00276362534346794,0
CS,CO,166,Dbc_corrected,-0.180453035612735,8.67748661192792e-05,0.0546503124033501,0.00304424298002875,0
CS,CO,166,Dbc_02,-0.197480961092181,0.00145136153514737,0.0655368207760681,0.00916693204691408,35
CS,CO,167,Db,-0.176412418541969,0.00688479300381353,0.0484478856944804,0.00121647559394198,0
CS,CO,167,Dbc_corrected,-0.18012929720825,0.00712741901802762,0.0503756637484917,0.00145007524062521,0
CS,CO,167,Dbc_02,-0.192741582474,0.0225799255645974,0.0625271365449024,0.00704932166663086,35
CS,CO,168,Db,-0.170232201240107,0.000562486218126207,0.0405296843285413,0.000339124062143602,0
CS,CO,168,Dbc_corrected,-0.175508395555388,0.000496975085874179,0.0396931307840657,0.000193688274965977,0
CS,CO,168,Dbc_02,-0.119952587755063,0.101679518036649,0.0745963907978795,0.13870239327544,35
CS,CO,169,Db,-0.175973297262303,0.00149022733341065,0.0387378350026441,0.000188026834628934,0
CS,CO,169,Dbc_corrected,-0.177907902324566,0.00147059935479327,0.0399901169847923,0.00024182047757256,0
CS,CO,169,Dbc_02,-0.165054828206813,0.0700730726591205,0.0614125253987973,0.0252576406122707,35
CS,CO,170,Db,-0.101106499420342,0.0401798966718747,0.0447684269850389,0.0354973847499339,0
CS,CO,170,Dbc_corrected,-0.106842229102377,0.0332815724876041,0.0450462688274711,0.0284232496548926,0
CS,CO,170,Dbc_02,-0.107011541036816,0.186384817044626,0.0809820650889409,0.209775245562506,35
CS,CO,171,Db,-0.0958204741280683,0.122581612931012,0.0411767148119399,0.037064763247366,0
CS,CO,171,Dbc_corrected,-0.0897495754574924,0.151452390890315,0.0423655497303087,0.055471736410394,0
CS,CO,171,Dbc_02,-0.207194633759758,0.0530489649684096,0.075042890832948,0.0137471549310348,35
CS,CO,172,Db,-0.202059993466769,6.69208476227191e-06,0.0280924787755008,6.24833265383291e-07,0
CS,CO,172,Dbc_corrected,-0.20561027559269,6.74455699549795e-06,0.0284200831372457,6.09425750371586e-07,0
CS,CO,172,Dbc_02,-0.182662235271199,0.00869997713180118,0.0562951079674063,0.00973624699658612,35
CS,CO,173,Db,-0.13958651511403,0.0233958120929707,0.0521671381882211,0.0150361275654698,0
CS,CO,173,Dbc_corrected,-0.138803131632751,0.0271391953400099,0.0558076577462413,0.0229217534452302,0
CS,CO,173,Dbc_02,-0.254852137879709,0.00467976922895826,0.0772452581552402,0.00506939010092965,35
CS,CO,174,Db,-0.0777165887049075,0.166279335057499,0.0518327452247122,0.147301326161671,0
CS,CO,174,Dbc_corrected,-0.0793168934322832,0.167549054302576,0.0518160252772479,0.139338333733091,0
CS,CO,174,Dbc_02,-0.104365980123625,0.187758615638035,0.0774913244912913,0.204240350842614,35
CS,CO,175,Db,-0.122777734398834,0.0107243319807663,0.0374186467249265,0.00324210655893413,0
CS,CO,175,Dbc_corrected,-0.13059686892644,0.00820289318475722,0.038712529556583,0.00255142406372768,0
CS,CO,175,Dbc_02,-0.113482744935681,0.0607098685696166,0.0453661948407124,0.0274778148053068,35
CS,CO,176,Db,-0.0623868487832193,0.26679960070006,0.0521075310566306,0.242592252135289,0
CS,CO,176,Dbc_corrected,-0.0683346070630775,0.230329926922892,0.0542371120799047,0.219419565835001,0
CS,CO,176,Dbc_02,-0.0787119011251701,0.358550832197068,0.0789303073060284,0.343763853377501,35
CS,CO,177,Db,-0.0802032290424144,0.130404793297109,0.0405729569130034,0.0609607618465881,0
CS,CO,177,Dbc_corrected,-0.0905483286456043,0.0941593528721284,0.0426873810065678,0.0452006620436215,0
CS,CO,177,Dbc_02,-0.124722195107,0.0839254526718735,0.0578893535319474,0.0602415362699274,35
CS,CO,178,Db,-0.107457683393067,0.0329044881160638,0.0351371721386736,0.00480658278997933,0
CS,CO,178,Dbc_corrected,-0.113317307827485,0.0263508036597239,0.0369789297431795,0.00480219488631493,0
CS,CO,178,Dbc_02,-0.0845208937483542,0.319235916398416,0.073764367616035,0.27231227797568,35
CS,CO,179,Db,-0.140258684035439,0.0087921403149058,0.0510862516726544,0.0101119760219525,0
CS,CO,179,Dbc_corrected,-0.143252342908893,0.00946111366808728,0.0543369565949269,0.0130378712810996,0
CS,CO,179,Dbc_02,-0.151170631435466,0.0223560004949209,0.0678347512661876,0.0390594332355685,35
CS,CO,180,Db,-0.129023843073768,0.00631183753071459,0.0448037134459666,0.00731922831787514,0
CS,CO,180,Dbc_corrected,-0.137490246238867,0.00416862903171357,0.0468132372938347,0.00635734917974342,0
CS,CO,180,Dbc_02,-0.230029555422529,0.000429480896665637,0.053529422474838,0.000593110849663369,35
CS,CO,181,Db,-0.119246842140458,0.0118405317621233,0.0453939530207243,0.0150662598538605,0
CS,CO,181,Dbc_corrected,-0.124724456782453,0.0100955022549389,0.0464400179151115,0.0132299465849156,0
CS,CO,181,Dbc_02,-0.117529598517233,0.0819529420834125,0.0674881664807844,0.110415769829332,35
CS,CO,182,Db,-0.147619477512191,0.000703392250598804,0.041249937181467,0.00212857099362046,0
CS,CO,182,Dbc_corrected,-0.152446426597917,0.000622195443388821,0.0429230153546748,0.00225699659356499,0
CS,CO,182,Dbc_02,-0.195373443152452,0.000494889017623167,0.0502502439186261,0.00263308684914669,35
CS,CO,183,Db,-0.119979030893125,0.0555926020433651,0.0487077394480415,0.0209078654572377,0
CS,CO,183,Dbc_corrected,-0.118773434938595,0.0625240904931905,0.0506840916912401,0.0272849677087779,0
CS,CO,183,Dbc_02,-0.141945420285069,0.12555829602184,0.0852033426659028,0.124353303306167,35
CS,CO,184,Db,-0.113151826001452,0.0428501538539479,0.0602364229713617,0.0737931701922383,0
CS,CO,184,Dbc_corrected,-0.113072152057353,0.0447492647542611,0.0626017665621247,0.0851473255239658,0
CS,CO,184,Dbc_02,-0.0608751081484099,0.478195420695943,0.083237035754646,0.477413514223629,35
CS,CO,185,Db,-0.170948832517595,0.00020706251072329,0.0431582585890298,0.00056299825267693,0
CS,CO,185,Dbc_corrected,-0.173555831421894,0.000207133212449931,0.0443029021104721,0.000640985290774953,0
CS,CO,185,Dbc_02,-0.212323493990121,0.00330307808666653,0.0812768252305014,0.0228075622928435,35
CS,CO,186,Db,-0.0976897293404718,0.0394290809229431,0.0393221366163812,0.0251903681798926,0
CS,CO,186,Dbc_corrected,-0.103020932003423,0.0323169042076632,0.0407649070328177,0.0235418272173393,0
CS,CO,186,Dbc_02,-0.195204772509721,0.00648334509935025,0.0748997311195587,0.0286507066643184,35
CS,CO,187,Db,-0.223162820466766,1.75633596805171e-05,0.0646313235791399,0.00181436360988649,0
CS,CO,187,Dbc_corrected,-0.232470522189959,1.04448075207304e-05,0.0666881454443637,0.00165377962703015,0
CS,CO,187,Dbc_02,-0.173973170887981,0.025974906964665,0.0794892931431649,0.0493288606327021,35
CS,CO,188,Db,-0.113652727277569,0.0187211090767143,0.0421477901109946,0.0117821566414293,0
CS,CO,188,Dbc_corrected,-0.116023062491857,0.018979579495882,0.0443718017543492,0.0142813885678023,0
CS,CO,188,Dbc_02,-0.122535908995735,0.0770060879723409,0.0560035129113873,0.046002458053423,35
CS,CO,189,Db,-0.0185075878617935,0.704968028100844,0.0464377396235108,0.693691583180973,0
CS,CO,189,Dbc_corrected,-0.0230713502973066,0.644795982652783,0.0484112546817015,0.63788709991814,0
CS,CO,189,Dbc_02,0.0242167897841326,0.702175339880659,0.0685617193663682,0.729496365469303,35
CS,CO,190,Db,-0.164438372508761,0.00190845034554329,0.0390290700502358,0.00024860746272353,0
CS,CO,190,Dbc_corrected,-0.169730883212012,0.00176173102652188,0.041240205559147,0.000313096444067768,0
CS,CO,190,Dbc_02,-0.212899026471319,0.00134797819729017,0.0575742786165263,0.00235426626981608,35
CS,CO,191,Db,-0.0807591393298997,0.20515006168952,0.0474775882315143,0.103152646155194,0
CS,CO,191,Dbc_corrected,-0.0865546123748165,0.181700091665362,0.0479216685051446,0.0853250665581833,0
CS,CO,191,Dbc_02,-0.0420131551763347,0.652591159476976,0.0764692128944925,0.590324385063809,35
CS,CO,192,Db,-0.118859347777072,0.0233504551426606,0.0436518258180848,0.0139052003018688,0
CS,CO,192,Dbc_corrected,-0.126408717080662,0.0188787557965985,0.0452142512305981,0.0119176391262151,0
CS,CO,192,Dbc_02,-0.162119360188505,0.0243424037995794,0.0582536362802595,0.0202094464925765,35
CS,CO,193,Db,-0.0608060125315411,0.270873316482853,0.0480972693560176,0.215698619119902,0
CS,CO,193,Dbc_corrected,-0.0609074551763744,0.280210437561036,0.0488531312153777,0.221942914374159,0
CS,CO,193,Dbc_02,-0.0776819495525492,0.349117953938024,0.0886676821195556,0.396475456958256,35
CS,CO,194,Db,-0.160526507212196,0.00411484864661878,0.0501970458390695,0.00361779126819149,0
CS,CO,194,Dbc_corrected,-0.168284817035959,0.00336434731023866,0.0528630252703669,0.00376496924644401,0
CS,CO,194,Dbc_02,-0.13719236258779,0.0726782630594284,0.0590300983121733,0.0356121059177576,35
CS,CO,195,Db,-0.0792188093378532,0.169001662628592,0.0553934850093134,0.165414599916671,0
CS,CO,195,Dbc_corrected,-0.0862100619519817,0.143518289649135,0.0570286572246786,0.143287498393856,0
CS,CO,195,Dbc_02,-0.0986916143928327,0.180412909881874,0.0692121143015211,0.177178943021356,35
CS,CO,196,Db,-0.0764814407747348,0.153311722407418,0.0452516901398118,0.106366145869169,0
CS,CO,196,Dbc_corrected,-0.0761378069546568,0.16486964750183,0.0472121035297646,0.122190773242517,0
CS,CO,196,Dbc_02,-0.0648541372364797,0.409809923823271,0.0559617290470251,0.27918277548618,35
CS,CO,197,Db,-0.108788259816566,0.0310504982384822,0.0459268789652033,0.0252811302975428,0
CS,CO,197,Dbc_corrected,-0.109060097786142,0.0341679126693174,0.046219294757417,0.0259345665148035,0
CS,CO,197,Dbc_02,-0.183603952595246,0.0071420520332659,0.0653268854285574,0.0123219340629028,35
CS,CO,198,Db,-0.232391224866552,2.20685250893449e-05,0.0494710878559285,7.83251863881618e-05,0
CS,CO,198,Dbc_corrected,-0.236749707874955,1.98623322340987e-05,0.0487091442376648,5.44118047853937e-05,0
CS,CO,198,Dbc_02,-0.324671614805368,0.000445104674330835,0.0950735008738842,0.00453538981163788,35
CS,CO,199,Db,-0.0471364496139554,0.347340905507016,0.045659070445278,0.311601720756995,0
CS,CO,199,Dbc_corrected,-0.0418651601287748,0.411936357670223,0.0476701500164842,0.388039917921536,0
CS,CO,199,Dbc_02,-0.0985566263907354,0.166952457423991,0.0702574883667613,0.18414695003892,35
CS,CO,200,Db,-0.0826280774514416,0.127963015083664,0.0394416850125815,0.0490023451194592,0
CS,CO,200,Dbc_corrected,-0.0907799828563751,0.100661377125209,0.0401002525317425,0.0348228908156272,0
CS,CO,200,Dbc_02,-0.0665851677663246,0.415604437650473,0.0560075157493648,0.26431524171904,35
CS,CO,201,Db,-0.187020708468969,0.00050714707613284,0.0435579265816288,0.000274558036403577,0
CS,CO,201,Dbc_corrected,-0.191193209274172,0.000547777963102659,0.045283897889276,0.000308108635997561,0
CS,CO,201,Dbc_02,-0.134582142598622,0.0515091323606612,0.052298904428583,0.0256827668152542,35
CS,CO,202,Db,-0.103977351611466,0.0327603768270675,0.0447306156664745,0.0298622184120187,0
CS,CO,202,Dbc_corrected,-0.103669533539822,0.0361535834652272,0.046832369143194,0.0377562915522651,0
CS,CO,202,Dbc_02,-0.152578898717739,0.0400808060799765,0.0692232772137163,0.0544201757695853,35
CS,CO,203,Db,-0.177065325685284,0.000432695434282846,0.034834834843135,2.9593629388335e-05,0
CS,CO,203,Dbc_corrected,-0.18885349847066,0.000236426192143498,0.0347909077468987,1.20856273110971e-05,0
CS,CO,203,Dbc_02,-0.133253558270538,0.0671439480006853,0.0526268152839768,0.0269121869418101,35
CS,CO,204,Db,-0.105716287072861,0.0472742299232368,0.0527537723772153,0.0576037734093992,0
CS,CO,204,Dbc_corrected,-0.107572264625647,0.0455876441463414,0.0541119601376357,0.0596726931313668,0
CS,CO,204,Dbc_02,-0.0626256619414846,0.456475686105066,0.0927888073238509,0.514486486325397,35
CS,CO,205,Db,-0.175932311948813,0.00426530884037177,0.0442701162342741,0.000548094671922472,0
CS,CO,205,Dbc_corrected,-0.193531388109569,0.00203820992561235,0.0480066359606404,0.000452321281911244,0
CS,CO,205,Dbc_02,-0.271601574893039,0.000665175004777713,0.0520356962160506,0.000267290620272721,35
CS,CO,206,Db,-0.163968419361918,0.000489028905092878,0.0380853258604174,0.000177948708969895,0
CS,CO,206,Dbc_corrected,-0.165068641956952,0.000599640602166075,0.0393897923672301,0.000239701554595398,0
CS,CO,206,Dbc_02,-0.14607935710097,0.0207885944544582,0.051898965681704,0.0128439692005973,35
CS,CO,207,Db,-0.115027138916035,0.0422584554007357,0.0576403882937686,0.0559851230132083,0
CS,CO,207,Dbc_corrected,-0.111030473103994,0.0546713933728391,0.0593526983609165,0.0721541482285586,0
CS,CO,207,Dbc_02,-0.0310443586316252,0.717519463572418,0.0685152176609658,0.658313318239173,35
CS,CO,208,Db,-0.0455046478427725,0.393579774781332,0.0521275675294843,0.390713869457471,0
CS,CO,208,Dbc_corrected,-0.0404734640840543,0.459675006981967,0.0537266997452657,0.458045212419753,0
CS,CO,208,Dbc_02,-0.0839975864999137,0.261522001613409,0.0731148073004481,0.270930266037206,35
CS,CO,209,Db,-0.111725268121579,0.053559545449798,0.0506743624646996,0.0377653261712151,0
CS,CO,209,Dbc_corrected,-0.107825517017888,0.0692808368577358,0.0514786802874261,0.0475535188653175,0
CS,CO,209,Dbc_02,-0.112832458388447,0.154075826936734,0.0611850487111539,0.0878828802368797,35
CS,CO,210,Db,-0.227919210594168,2.45716577364473e-08,0.0375848258538246,3.64440801456799e-06,0
CS,CO,210,Dbc_corrected,-0.235372615136288,1.44824008885087e-08,0.0384820561481096,3.62176737665904e-06,0
CS,CO,210,Dbc_02,-0.229737528617223,0.000398286680179919,0.0676507242375799,0.00453569877797368,35
CS,CO,211,Db,-0.0919684242319411,0.0908068107520804,0.0436557176944904,0.0446034811267246,0
CS,CO,211,Dbc_corrected,-0.100496393983713,0.0729292583285705,0.0463099049479954,0.0387880484794406,0
CS,CO,211,Dbc_02,-0.0528850330170706,0.423670768794185,0.0559606389889837,0.358816916118535,35
CS,CO,212,Db,-0.116506417207919,0.0335759610184399,0.0502192902392466,0.0274998628969336,0
CS,CO,212,Dbc_corrected,-0.12538389922927,0.0239217591935604,0.0520866715182335,0.0226842924072151,0
CS,CO,212,Dbc_02,-0.203477547237827,0.0124894413279448,0.0883050836794356,0.0364273131204281,35
CS,CO,213,Db,-0.130424806662287,0.0178331956565047,0.0576191767855155,0.0362966130244484,0
CS,CO,213,Dbc_corrected,-0.133535591156948,0.0164334580313852,0.0586549126755869,0.0358200249975397,0
CS,CO,213,Dbc_02,-0.0999751030598985,0.270471003832316,0.105236907636157,0.360592941848542,35
CS,CO,214,Db,-0.140715871025701,0.00227842654276516,0.0359256462990983,0.000629415904295088,0
CS,CO,214,Dbc_corrected,-0.141499175025414,0.00249920914331757,0.0375309177018193,0.000901673305411541,0
CS,CO,214,Dbc_02,-0.169092262620411,0.0178734472041577,0.0570374492658311,0.0165381984672823,35
CS,CO,215,Db,-0.138212806568338,0.0182675204122573,0.0583360120954303,0.0295202390058474,0
CS,CO,215,Dbc_corrected,-0.143654518411901,0.0158126925293355,0.0600221388145748,0.0287026014544662,0
CS,CO,215,Dbc_02,-0.154708168301088,0.0766504575144706,0.079159923952935,0.070347026351522,35
CS,CO,216,Db,-0.212653085822926,0.000212999751500046,0.0573751729618707,0.00172117028631965,0
CS,CO,216,Dbc_corrected,-0.227362538728559,0.000109343441083312,0.0597041247775901,0.00139215297180164,0
CS,CO,216,Dbc_02,-0.277367875800153,0.000383914316060885,0.0714697093826732,0.00350286482170473,35
CS,CO,217,Db,-0.105510854502414,0.0324574716125053,0.0424524700660888,0.0197733653801597,0
CS,CO,217,Dbc_corrected,-0.111339378056408,0.0280157472611004,0.0435638976721197,0.016722160333879,0
CS,CO,217,Dbc_02,-0.125846050387308,0.0449350883972053,0.0624730851772717,0.0643782471562963,35
CS,CO,218,Db,-0.135519163081127,0.0108129085522833,0.0563863151938256,0.0252457448353252,0
CS,CO,218,Dbc_corrected,-0.137474350198932,0.0121704181664581,0.0587036443094538,0.0286242942155715,0
CS,CO,218,Dbc_02,-0.147721727262876,0.0255751230594294,0.0715661080701033,0.061005907949004,35
CS,CO,219,Db,-0.162547218420572,0.00256366997763422,0.0434704694823717,0.00112617323651666,0
CS,CO,219,Dbc_corrected,-0.171338098623911,0.00179190225117368,0.0442809195129952,0.000834751198328527,0
CS,CO,219,Dbc_02,-0.102796733258971,0.197885360373999,0.0554285440681035,0.0905337035106946,35
CS,CO,220,Db,-0.224288589337354,7.88997021959795e-06,0.0456046453628303,4.44741795317775e-05,0
CS,CO,220,Dbc_corrected,-0.228184693667993,8.49536595002579e-06,0.0476163882136165,6.32508786375455e-05,0
CS,CO,220,Dbc_02,-0.290791934612401,0.000137789706678457,0.073501169865442,0.0018598304961611,35
CS,CO,221,Db,-0.149428370241046,0.00237965724118058,0.0498374494140883,0.00807517131476257,0
CS,CO,221,Dbc_corrected,-0.156834915478085,0.00173697251053992,0.0517164294379026,0.00784316641656956,0
CS,CO,221,Dbc_02,-0.155296526163376,0.0369487648970888,0.0501739855256415,0.00740824613070337,35
CS,CO,222,Db,-0.240348159796044,3.23935673268431e-06,0.0425401769219238,1.8304944534132e-05,0
CS,CO,222,Dbc_corrected,-0.240011961960896,5.85094284496298e-06,0.0444540082323176,3.45328436362959e-05,0
CS,CO,222,Dbc_02,-0.225627196678035,0.0150602308503795,0.0631791296427288,0.00570478364677749,35
CS,CO,223,Db,-0.168096693038225,0.000474523948241742,0.0486088209998769,0.00174785933987512,0
CS,CO,223,Dbc_corrected,-0.164064502734282,0.000780964543380179,0.0507967866881649,0.00312430709610214,0
CS,CO,223,Dbc_02,-0.237952172096126,0.000381065296251855,0.0605571334073979,0.00178827496445477,35
CS,CO,224,Db,-0.151869213531999,0.0126648367891396,0.0591592443357239,0.0169296869083446,0
CS,CO,224,Dbc_corrected,-0.163522023660904,0.00883187977791097,0.0604562055042565,0.0125268783052053,0
CS,CO,224,Dbc_02,-0.207969874901046,0.011652174025237,0.0877988163645699,0.0329160147288626,35
CS,CO,225,Db,-0.109526912845209,0.0224291544121728,0.0405977910870805,0.0114330207821609,0
CS,CO,225,Dbc_corrected,-0.119816663585157,0.0140782196717622,0.0423697756110517,0.00836888541596918,0
CS,CO,225,Dbc_02,-0.14317121637892,0.0377536009665836,0.061611323784898,0.0351019905510164,35
CS,CO,226,Db,-0.135620984242474,0.0130394864275411,0.0371910397614512,0.00124507320454557,0
CS,CO,226,Dbc_corrected,-0.144357884306176,0.0111767950190732,0.0393102842932298,0.00113281943629912,0
CS,CO,226,Dbc_02,-0.131657470268218,0.0600065293021785,0.0605412299593802,0.0487266739045533,35
CS,CO,227,Db,-0.169376324923122,0.001547364412852,0.0665297394933977,0.0179801772203814,0
CS,CO,227,Dbc_corrected,-0.17714634819122,0.00113423728967891,0.0689307620938604,0.0171404512090217,0
CS,CO,227,Dbc_02,-0.101439117016355,0.207871086240284,0.0728151444494528,0.189971588265945,35
CS,CO,228,Db,-0.195163476664526,0.000796872032768539,0.0546538013120755,0.00250038068147025,0
CS,CO,228,Dbc_corrected,-0.197854172030927,0.000816621015901252,0.0549129944370626,0.0024383183586027,0
CS,CO,228,Dbc_02,-0.144453913695394,0.131996712080022,0.114878302513055,0.23732386435887,35
CS,CO,229,Db,-0.0915555120074637,0.0760650072213597,0.0400405240450714,0.0319506862948286,0
CS,CO,229,Dbc_corrected,-0.0977034006418784,0.0618804800075241,0.0410282485101931,0.0260486878643883,0
CS,CO,229,Dbc_02,0.00373060457784482,0.961057474118556,0.0467420667930029,0.938010406234255,35
CS,CO,230,Db,-0.0976319581849314,0.0860839831781654,0.0439027032652756,0.0371681843992243,0
CS,CO,230,Dbc_corrected,-0.0987480302168087,0.0884356698630291,0.0462622847443869,0.0448798448236227,0
CS,CO,230,Dbc_02,-0.0657228595911584,0.428078477485173,0.0620871532545856,0.312392451715186,35
CS,CO,231,Db,-0.101656267014817,0.060136311946946,0.0430320506543361,0.026139357079506,0
CS,CO,231,Dbc_corrected,-0.101053275173048,0.0665795057786402,0.0442585545629261,0.0309754768924179,0
CS,CO,231,Dbc_02,-0.117298789054709,0.110846658280537,0.0616932242034525,0.0817087417201922,35
CS,CO,232,Db,-0.167168099060736,0.00123392987247141,0.0436415512362455,0.00103900811357677,0
CS,CO,232,Dbc_corrected,-0.169285998560644,0.00139610685468601,0.0452999637161101,0.00133125565708637,0
CS,CO,232,Dbc_02,-0.183858073543928,0.0071239643820822,0.0472646336913469,0.00159877690514351,35
CS,CO,233,Db,-0.15210038024965,0.000578816794989228,0.037783701315093,0.000458610900216054,0
CS,CO,233,Dbc_corrected,-0.155049051411698,0.000607046031680881,0.0398054755307728,0.000650657885417254,0
CS,CO,233,Dbc_02,-0.148008246341568,0.0132803794317562,0.0628411329512756,0.0328120827585276,35
CS,CO,234,Db,-0.0981656894106549,0.0398294461669624,0.041123304875111,0.0253308086031617,0
CS,CO,234,Dbc_corrected,-0.100910784637802,0.0392091900333084,0.0423374651985613,0.0255342208123959,0
CS,CO,234,Dbc_02,-0.0724024750181678,0.272740476613768,0.064405548012381,0.282235186839536,35
CS,CO,235,Db,-0.0962407640251276,0.117363120591147,0.0475464069050196,0.0533035329610587,0
CS,CO,235,Dbc_corrected,-0.104823401489136,0.0925188476243429,0.0494543090742729,0.0438152989316631,0
CS,CO,235,Dbc_02,-0.138603597447888,0.148239588873344,0.101985038079655,0.200106299139016,35
CS,CO,236,Db,-0.169128322664799,2.02351416334495e-05,0.0229195954157358,5.81549334645433e-07,0
CS,CO,236,Dbc_corrected,-0.175578383972521,1.53797113788794e-05,0.0240191693725545,6.224495929752e-07,0
CS,CO,236,Dbc_02,-0.130299337288428,0.0183406330983896,0.0279738859670242,0.00120435236320602,35
CS,CO,237,Db,-0.196056083075894,0.000137747858546357,0.0379559172038922,3.68413258077664e-05,0
CS,CO,237,Dbc_corrected,-0.194865631864212,0.000218639072686692,0.0395996534215633,6.42065751567973e-05,0
CS,CO,237,Dbc_02,-0.255797078786379,0.000123188136847385,0.0573996703260359,0.00084637181465166,35
CS,CO,238,Db,-0.156678525247063,0.000485337426696055,0.0346470118828027,0.000203836449869475,0
CS,CO,238,Dbc_corrected,-0.160130350540424,0.00047109432314171,0.0344719081238957,0.000155145799184143,0
CS,CO,238,Dbc_02,-0.201544301286701,0.00160874453113035,0.0567177727973361,0.00585253452099285,35
CS,CO,239,Db,-0.176364485500037,0.0010043655915249,0.051242326641975,0.00240115020528995,0
CS,CO,239,Dbc_corrected,-0.178508084381255,0.00109575925041694,0.0542013884965209,0.00352849952767055,0
CS,CO,239,Dbc_02,-0.203273121392609,0.0103596098552401,0.082853563472269,0.027050107161788,35
CS,CO,240,Db,-0.0506514650498386,0.313058583012944,0.0467095828311627,0.288950037147776,0
CS,CO,240,Dbc_corrected,-0.0590701945027024,0.249939086988512,0.0488885117792121,0.238521205247669,0
CS,CO,240,Dbc_02,-0.0494032380325092,0.465359835719935,0.0559429063567216,0.395142510102033,35
CS,CO,241,Db,-0.0654790923037588,0.183244987023201,0.0475882968155609,0.179352541330736,0
CS,CO,241,Dbc_corrected,-0.0639718548816728,0.202637343221546,0.0488750435395142,0.200870480919798,0
CS,CO,241,Dbc_02,-0.0815749760403837,0.241087968178092,0.0756846880285835,0.297812778250669,35
CS,CO,242,Db,-0.134447413401903,0.00918207315864087,0.0414732276382345,0.00333445008287269,0
CS,CO,242,Dbc_corrected,-0.140021272156907,0.00797898122243318,0.0436981651745768,0.00362910023321546,0
CS,CO,242,Dbc_02,-0.0975809780698344,0.183120377502401,0.052766160341881,0.0899226815544809,35
CS,CO,243,Db,-0.123811328332628,0.0538558550574626,0.0631108431600652,0.0612985476237849,0
CS,CO,243,Dbc_corrected,-0.1191285460857,0.0680666329096255,0.0647776374721591,0.0782888180965085,0
CS,CO,243,Dbc_02,-0.123291915939447,0.169405183081076,0.0965413300478586,0.223636921173576,35
CS,CO,244,Db,-0.162219775197661,0.000677908301927852,0.0333021766886901,2.80099572228314e-05,0
CS,CO,244,Dbc_corrected,-0.168010085286662,0.000545822072679274,0.0341441029819676,2.43862138380723e-05,0
CS,CO,244,Dbc_02,-0.202021667681118,0.0042635151391825,0.0485563011874715,0.000792076509428033,35
CS,CO,245,Db,-0.100403784030316,0.0841845633274706,0.0443446572809348,0.0367351516278773,0
CS,CO,245,Dbc_corrected,-0.11012121122628,0.0631721285829553,0.047257908660001,0.0322009750980702,0
CS,CO,245,Dbc_02,-0.120509142538334,0.123134255916753,0.072743249219467,0.13213967659484,35
CS,CO,246,Db,-0.162909401757298,0.000680985531878252,0.0449323533933315,0.00141332320733605,0
CS,CO,246,Dbc_corrected,-0.167699423346958,0.000690592366462682,0.0485566241583408,0.0021213232769023,0
CS,CO,246,Dbc_02,-0.175264150300173,0.00400380198763731,0.0649016040301287,0.0176879692374643,35
CS,CO,247,Db,-0.0900107693304872,0.0812641762970002,0.0551184355149166,0.115183294151996,0
CS,CO,247,Dbc_corrected,-0.0904913926514651,0.0848880662918574,0.0562025351876974,0.120265323276991,0
CS,CO,247,Dbc_02,-0.0570487973277551,0.430701141852702,0.0606176318101396,0.363668229311585,35
CS,CO,248,Db,-0.158499300804712,0.0136849618910377,0.0529481445823544,0.00602343299484468,0
CS,CO,248,Dbc_corrected,-0.159180274910434,0.0155176068215087,0.0562715988309811,0.00893425552675626,0
CS,CO,248,Dbc_02,-0.332445353977568,0.000155068415936067,0.0477660903766346,1.06891207598201e-05,35
CS,CO,249,Db,-0.145281460089895,0.0021704315558436,0.038405017759689,0.00099452459798899,0
CS,CO,249,Dbc_corrected,-0.155092165523832,0.00133826240227537,0.0403810041083256,0.000843709221627938,0
CS,CO,249,Dbc_02,-0.156114856563694,0.0147343511555203,0.0453839115806143,0.00609046339732862,35
CS,CO,250,Db,-0.140706665287499,0.000948612483356837,0.0268521251475214,0.000116944923122505,0
CS,CO,250,Dbc_corrected,-0.139834355069171,0.00117914384460762,0.0278344442560768,0.000188365017806398,0
CS,CO,250,Dbc_02,-0.147264030385369,0.0440087302226158,0.0469944595106652,0.0210233854021254,35
C07,Hybrid,1,Db,-0.125599286611652,0.12513386928767,0.0832935947417419,0.143650189561416,0
C07,Hybrid,1,Dbc_corrected,-0.188870046237894,0.094346050525591,0.122404948465821,0.134865872028014,0
C07,Hybrid,1,Dbc_02,-0.188870046237894,0.094346050525591,0.122404948465821,0.134865872028014,0
C07,Hybrid,2,Db,-0.16600627766084,0.0799911061916706,0.067786847900921,0.023619860748543,0
C07,Hybrid,2,Dbc_corrected,-0.283154546692031,0.0287942864218131,0.0896009498838808,0.00502662809828152,0
C07,Hybrid,2,Dbc_02,-0.283154546692031,0.0287942864218131,0.0896009498838808,0.00502662809828152,0
C07,Hybrid,3,Db,-0.0488974113209263,0.577227787215297,0.0805386179418275,0.549186358358932,0
C07,Hybrid,3,Dbc_corrected,-0.124934212345421,0.294743066091167,0.105990290710853,0.249266717065104,0
C07,Hybrid,3,Dbc_02,-0.124934212345421,0.294743066091167,0.105990290710853,0.249266717065104,0
C07,Hybrid,4,Db,-0.0889738675538138,0.260173169245463,0.0699863164587087,0.21931463418265,0
C07,Hybrid,4,Dbc_corrected,-0.0990230705534555,0.360383308083572,0.0847611897844537,0.257476330652433,0
C07,Hybrid,4,Dbc_02,-0.0990230705534555,0.360383308083572,0.0847611897844537,0.257476330652433,0
C07,Hybrid,5,Db,-0.121842964820137,0.174849601074907,0.0789084897057598,0.13422046613906,0
C07,Hybrid,5,Dbc_corrected,-0.237497646104112,0.0530087902877406,0.110627670319389,0.0409681028026462,0
C07,Hybrid,5,Dbc_02,-0.237497646104112,0.0530087902877406,0.110627670319389,0.0409681028026462,0
C07,Hybrid,6,Db,-0.0798309127749043,0.384770727738697,0.077167525188083,0.314721925024814,0
C07,Hybrid,6,Dbc_corrected,-0.107564006518342,0.385158310076473,0.0980529336855834,0.287013712686258,0
C07,Hybrid,6,Dbc_02,-0.107564006518342,0.385158310076473,0.0980529336855834,0.287013712686258,0
C07,Hybrid,7,Db,-0.221385194857177,0.00658628542453291,0.0809792348168432,0.0123998402437617,0
C07,Hybrid,7,Dbc_corrected,-0.320525311749993,0.00372031692409203,0.098572548428517,0.0038356380004054,0
C07,Hybrid,7,Dbc_02,-0.320525311749993,0.00372031692409203,0.098572548428517,0.0038356380004054,0
C07,Hybrid,8,Db,-0.240694532897129,0.0033902893291964,0.067299389931614,0.00242981821051632,0
C07,Hybrid,8,Dbc_corrected,-0.385049218130992,0.000591035541238052,0.0850994659117044,0.000330450651790719,0
C07,Hybrid,8,Dbc_02,-0.385049218130992,0.000591035541238052,0.0850994659117044,0.000330450651790719,0
C07,Hybrid,9,Db,-0.0245795989659196,0.777953180458649,0.0592006166174334,0.681011130684575,0
C07,Hybrid,9,Dbc_corrected,-0.0753704016297625,0.525206574102289,0.0654218659720791,0.258528616253127,0
C07,Hybrid,9,Dbc_02,-0.0753704016297625,0.525206574102289,0.0654218659720791,0.258528616253127,0
C07,Hybrid,10,Db,-0.195584616650339,0.00819583419047653,0.0682454561454595,0.008167618663893,0
C07,Hybrid,10,Dbc_corrected,-0.268990726047954,0.00756780185447337,0.0972663716300573,0.0103060863602878,0
C07,Hybrid,10,Dbc_02,-0.268990726047954,0.00756780185447337,0.0972663716300573,0.0103060863602878,0
C07,Hybrid,11,Db,-0.193009362370874,0.0158127730076058,0.0730091063528829,0.015553333365618,0
C07,Hybrid,11,Dbc_corrected,-0.243439042928074,0.0268718343250883,0.102456121817133,0.0276294934476351,0
C07,Hybrid,11,Dbc_02,-0.243439042928074,0.0268718343250883,0.102456121817133,0.0276294934476351,0
C07,Hybrid,12,Db,-0.142955688080912,0.105209165854311,0.0856872602103938,0.107806311206458,0
C07,Hybrid,12,Dbc_corrected,-0.286247021234949,0.0205243303112138,0.109583892013586,0.0150090009485953,0
C07,Hybrid,12,Dbc_02,-0.286247021234949,0.0205243303112138,0.109583892013586,0.0150090009485953,0
C07,Hybrid,13,Db,-0.016553211310212,0.846346536875647,0.0666667435664257,0.806547751810006,0
C07,Hybrid,13,Dbc_corrected,-0.0432329676867385,0.711135189672746,0.0942261989316526,0.651522501542519,0
C07,Hybrid,13,Dbc_02,-0.0432329676867385,0.711135189672746,0.0942261989316526,0.651522501542519,0
C07,Hybrid,14,Db,-0.126088632877345,0.115962273840071,0.0891835130557483,0.174034059122824,0
C07,Hybrid,14,Dbc_corrected,-0.21871397816583,0.0478944011850659,0.102494553302184,0.0464503540619133,0
C07,Hybrid,14,Dbc_02,-0.21871397816583,0.0478944011850659,0.102494553302184,0.0464503540619133,0
C07,Hybrid,15,Db,-0.158809907382638,0.0567712792238871,0.0676264168591802,0.028391878029434,0
C07,Hybrid,15,Dbc_corrected,-0.265806143504383,0.0186670913062391,0.0974991022160848,0.0125697905593791,0
C07,Hybrid,15,Dbc_02,-0.265806143504383,0.0186670913062391,0.0974991022160848,0.0125697905593791,0
C07,Hybrid,16,Db,-0.188950108334594,0.0220035868050619,0.0622624039314528,0.00451260588010869,0
C07,Hybrid,16,Dbc_corrected,-0.268511378599431,0.0171372036740072,0.0860525435114196,0.00360712144536132,0
C07,Hybrid,16,Dbc_02,-0.268511378599431,0.0171372036740072,0.0860525435114196,0.00360712144536132,0
C07,Hybrid,17,Db,-0.255801710386478,0.00311632537667874,0.0716474361194135,0.00159830375480041,0
C07,Hybrid,17,Dbc_corrected,-0.334677365692961,0.00486904894282238,0.0954040052259499,0.00185015496305796,0
C07,Hybrid,17,Dbc_02,-0.334677365692961,0.00486904894282238,0.0954040052259499,0.00185015496305796,0
C07,Hybrid,18,Db,-0.136942736672617,0.110744939803118,0.0651310378393802,0.0460308756618899,0
C07,Hybrid,18,Dbc_corrected,-0.261668189332199,0.026713655759012,0.0879981086186728,0.00657531999372302,0
C07,Hybrid,18,Dbc_02,-0.261668189332199,0.026713655759012,0.0879981086186728,0.00657531999372302,0
C07,Hybrid,19,Db,-0.239049882730849,0.00300000056934219,0.0908256905985084,0.015542046717362,0
C07,Hybrid,19,Dbc_corrected,-0.342230392634172,0.00198043734295591,0.105679630170907,0.00390511568332913,0
C07,Hybrid,19,Dbc_02,-0.342230392634172,0.00198043734295591,0.105679630170907,0.00390511568332913,0
C07,Hybrid,20,Db,-0.0984770373466299,0.230336022611168,0.0617100162043777,0.122014711861069,0
C07,Hybrid,20,Dbc_corrected,-0.150839921581219,0.182247634582001,0.0886266051314578,0.100041981827999,0
C07,Hybrid,20,Dbc_02,-0.150839921581219,0.182247634582001,0.0886266051314578,0.100041981827999,0
C07,Hybrid,21,Db,-0.107300861728088,0.181099914351543,0.0762718265603088,0.173216423244361,0
C07,Hybrid,21,Dbc_corrected,-0.249434775149442,0.0245792709011689,0.109590947407853,0.0328859672132875,0
C07,Hybrid,21,Dbc_02,-0.249434775149442,0.0245792709011689,0.109590947407853,0.0328859672132875,0
C07,Hybrid,22,Db,-0.0887669159869422,0.306542869255711,0.0727891022431717,0.232857915875334,0
C07,Hybrid,22,Dbc_corrected,-0.111132864299801,0.340038482615425,0.106289748867206,0.304844662236436,0
C07,Hybrid,22,Dbc_02,-0.111132864299801,0.340038482615425,0.106289748867206,0.304844662236436,0
C07,Hybrid,23,Db,-0.171655555174202,0.0702822974514738,0.107762462987385,0.124683940366049,0
C07,Hybrid,23,Dbc_corrected,-0.301081920223577,0.0186666855344051,0.132513179703608,0.0327100989044356,0
C07,Hybrid,23,Dbc_02,-0.301081920223577,0.0186666855344051,0.132513179703608,0.0327100989044356,0
C07,Hybrid,24,Db,-0.129115968242162,0.167915892255864,0.0825372977898901,0.127608331093558,0
C07,Hybrid,24,Dbc_corrected,-0.279359400664076,0.0291325671571115,0.106540487314541,0.0133088778044011,0
C07,Hybrid,24,Dbc_02,-0.279359400664076,0.0291325671571115,0.106540487314541,0.0133088778044011,0
C07,Hybrid,25,Db,-0.27190642774512,0.00102916037617083,0.0814015435019088,0.00513370088925039,0
C07,Hybrid,25,Dbc_corrected,-0.314436139059434,0.0064552893778578,0.108691086309572,0.0121156597887195,0
C07,Hybrid,25,Dbc_02,-0.314436139059434,0.0064552893778578,0.108691086309572,0.0121156597887195,0
C07,Hybrid,26,Db,-0.206504670829872,0.0237171977806409,0.08449799512747,0.0227282979175101,0
C07,Hybrid,26,Dbc_corrected,-0.216086962409691,0.0851677535186507,0.116103278401528,0.0756224271151257,0
C07,Hybrid,26,Dbc_02,-0.216086962409691,0.0851677535186507,0.116103278401528,0.0756224271151257,0
C07,Hybrid,27,Db,-0.219503998414403,0.0172267306220386,0.0962397869482014,0.0318622763440428,0
C07,Hybrid,27,Dbc_corrected,-0.265450337983378,0.0324372873530597,0.132839464756325,0.0571492620970787,0
C07,Hybrid,27,Dbc_02,-0.265450337983378,0.0324372873530597,0.132839464756325,0.0571492620970787,0
C07,Hybrid,28,Db,-0.225021487449657,0.00616704861889312,0.0702603885784377,0.00369755965522607,0
C07,Hybrid,28,Dbc_corrected,-0.336121905488201,0.00348361084880108,0.0966636213135654,0.00184775357116432,0
C07,Hybrid,28,Dbc_02,-0.336121905488201,0.00348361084880108,0.0966636213135654,0.00184775357116432,0
C07,Hybrid,29,Db,-0.256288194075172,0.00772669874310729,0.0973441567328886,0.0176158982184023,0
C07,Hybrid,29,Dbc_corrected,-0.421341286286065,0.00150237076543451,0.122743726421944,0.00317420227467368,0
C07,Hybrid,29,Dbc_02,-0.421341286286065,0.00150237076543451,0.122743726421944,0.00317420227467368,0
C07,Hybrid,30,Db,-0.207544507395627,0.00411730670216133,0.0828288987027262,0.0187381348886432,0
C07,Hybrid,30,Dbc_corrected,-0.260360725196879,0.00707851345806337,0.104900418469881,0.0197148956711027,0
C07,Hybrid,30,Dbc_02,-0.260360725196879,0.00707851345806337,0.104900418469881,0.0197148956711027,0
C07,Hybrid,31,Db,-0.206483917571239,0.0138187959910165,0.0788408238874484,0.0153977518043253,0
C07,Hybrid,31,Dbc_corrected,-0.341762497072512,0.00298282502404878,0.115377180903369,0.00703136583729662,0
C07,Hybrid,31,Dbc_02,-0.341762497072512,0.00298282502404878,0.115377180903369,0.00703136583729662,0
C07,Hybrid,32,Db,-0.161847165899045,0.0535753114098589,0.0733068940037961,0.0363896659401018,0
C07,Hybrid,32,Dbc_corrected,-0.235453612345161,0.0419115758091038,0.0911089168955814,0.0157451531370088,0
C07,Hybrid,32,Dbc_02,-0.235453612345161,0.0419115758091038,0.0911089168955814,0.0157451531370088,0
C07,Hybrid,33,Db,-0.0656398452766962,0.399338701853209,0.066891343549542,0.336324472182112,0
C07,Hybrid,33,Dbc_corrected,-0.135560793140832,0.195439530424992,0.085073593147057,0.124258048491078,0
C07,Hybrid,33,Dbc_02,-0.135560793140832,0.195439530424992,0.085073593147057,0.124258048491078,0
C07,Hybrid,34,Db,-0.119653005022526,0.175984290654311,0.102528397042989,0.257140163049707,0
C07,Hybrid,34,Dbc_corrected,-0.1559268893304,0.200890352203318,0.140531199025366,0.280338472242844,0
C07,Hybrid,34,Dbc_02,-0.1559268893304,0.200890352203318,0.140531199025366,0.280338472242844,0
C07,Hybrid,35,Db,-0.0573306005601047,0.498719728568891,0.0822055704852898,0.490921807618865,0
C07,Hybrid,35,Dbc_corrected,-0.0745348244375603,0.513118138866225,0.113278577138863,0.515583557290368,0
C07,Hybrid,35,Dbc_02,-0.0745348244375603,0.513118138866225,0.113278577138863,0.515583557290368,0
C07,Hybrid,36,Db,-0.181133179717377,0.0333341194438897,0.0687628567037663,0.0158619943526159,0
C07,Hybrid,36,Dbc_corrected,-0.224439827922204,0.0532047058142162,0.0822777414612998,0.0129540339677589,0
C07,Hybrid,36,Dbc_02,-0.224439827922204,0.0532047058142162,0.0822777414612998,0.0129540339677589,0
C07,Hybrid,37,Db,-0.200002497789735,0.0399412430434868,0.0535586715760436,0.000995600593630789,0
C07,Hybrid,37,Dbc_corrected,-0.280726241843589,0.0313979044613793,0.0622539529808119,0.000141462066212015,0
C07,Hybrid,37,Dbc_02,-0.280726241843589,0.0313979044613793,0.0622539529808119,0.000141462066212015,0
C07,Hybrid,38,Db,-0.138336657706686,0.115639675409696,0.0636503606646378,0.0389411852261308,0
C07,Hybrid,38,Dbc_corrected,-0.202023706084534,0.0906651046228083,0.0877957653137061,0.0293841284727073,0
C07,Hybrid,38,Dbc_02,-0.202023706084534,0.0906651046228083,0.0877957653137061,0.0293841284727073,0
C07,Hybrid,39,Db,-0.272023121375048,0.00438470183485869,0.0891797365278253,0.00498474462431003,0
C07,Hybrid,39,Dbc_corrected,-0.334251752172571,0.0108757534490281,0.141419224051659,0.0252720433581963,0
C07,Hybrid,39,Dbc_02,-0.334251752172571,0.0108757534490281,0.141419224051659,0.0252720433581963,0
C07,Hybrid,40,Db,-0.256754865398412,0.000980823017949015,0.0828837908515686,0.00399770273347711,0
C07,Hybrid,40,Dbc_corrected,-0.407688198937507,0.000119392816944932,0.122185406075083,0.00213969335957552,0
C07,Hybrid,40,Dbc_02,-0.407688198937507,0.000119392816944932,0.122185406075083,0.00213969335957552,0
C07,Hybrid,41,Db,-0.183972784177074,0.0239837818741909,0.0891380284927856,0.0501043002544978,0
C07,Hybrid,41,Dbc_corrected,-0.215984920180523,0.0434194980824408,0.122407178175749,0.0906866496693522,0
C07,Hybrid,41,Dbc_02,-0.215984920180523,0.0434194980824408,0.122407178175749,0.0906866496693522,0
C07,Hybrid,42,Db,-0.131905046846921,0.0782709031843306,0.0576092754879293,0.0332904786013283,0
C07,Hybrid,42,Dbc_corrected,-0.161416761360394,0.117570063686978,0.0747267906629638,0.0434211394950246,0
C07,Hybrid,42,Dbc_02,-0.161416761360394,0.117570063686978,0.0747267906629638,0.0434211394950246,0
C07,Hybrid,43,Db,-0.22008064094978,0.0039901934551954,0.0695035651795837,0.00403108870493872,0
C07,Hybrid,43,Dbc_corrected,-0.316602474984369,0.00237114447895971,0.101884625079364,0.00464477280299583,0
C07,Hybrid,43,Dbc_02,-0.316602474984369,0.00237114447895971,0.101884625079364,0.00464477280299583,0
C07,Hybrid,44,Db,-0.108499261554576,0.135547974245078,0.0649536996016155,0.106291226250568,0
C07,Hybrid,44,Dbc_corrected,-0.149040701650311,0.127610202369061,0.0917571821149975,0.115906574359532,0
C07,Hybrid,44,Dbc_02,-0.149040701650311,0.127610202369061,0.0917571821149975,0.115906574359532,0
C07,Hybrid,45,Db,-0.155873808264529,0.0624533859959415,0.089314741920626,0.093745069286563,0
C07,Hybrid,45,Dbc_corrected,-0.230891451744426,0.0412982433210275,0.120959120109563,0.0681932092220396,0
C07,Hybrid,45,Dbc_02,-0.230891451744426,0.0412982433210275,0.120959120109563,0.0681932092220396,0
C07,Hybrid,46,Db,-0.174386833338606,0.0330397367737873,0.0626861554087219,0.0102898480949715,0
C07,Hybrid,46,Dbc_corrected,-0.218528028623431,0.0564120183259582,0.100959487563275,0.040252124580723,0
C07,Hybrid,46,Dbc_02,-0.218528028623431,0.0564120183259582,0.100959487563275,0.040252124580723,0
C07,Hybrid,47,Db,-0.207872948297005,0.00988860800418009,0.0640798888414494,0.00327875975636483,0
C07,Hybrid,47,Dbc_corrected,-0.294779180716426,0.00726382909287943,0.0955834799260031,0.00484089980927902,0
C07,Hybrid,47,Dbc_02,-0.294779180716426,0.00726382909287943,0.0955834799260031,0.00484089980927902,0
C07,Hybrid,48,Db,0.0154021759966162,0.860844240419867,0.0729468095525914,0.834242766754954,0
C07,Hybrid,48,Dbc_corrected,-0.0302628123629299,0.798433981926005,0.0913563958042013,0.742853103121539,0
C07,Hybrid,48,Dbc_02,-0.0302628123629299,0.798433981926005,0.0913563958042013,0.742853103121539,0
C07,Hybrid,49,Db,-0.119366776823347,0.113191048306521,0.069215405540802,0.0964858635063036,0
C07,Hybrid,49,Dbc_corrected,-0.159179340199441,0.121033415238064,0.096370067264732,0.110584524002775,0
C07,Hybrid,49,Dbc_02,-0.159179340199441,0.121033415238064,0.096370067264732,0.110584524002775,0
C07,Hybrid,50,Db,-0.00650499338985371,0.942459008400972,0.0886748304949309,0.942103005376868,0
C07,Hybrid,50,Dbc_corrected,-0.0548109263481054,0.657640969025827,0.108392606856667,0.617500317666469,0
C07,Hybrid,50,Dbc_02,-0.0548109263481054,0.657640969025827,0.108392606856667,0.617500317666469,0
C07,Hybrid,51,Db,-0.0853969165388619,0.315817816326687,0.0610461891136175,0.172085782926345,0
C07,Hybrid,51,Dbc_corrected,-0.136548419020881,0.233404502093739,0.077978205710238,0.0901459848355879,0
C07,Hybrid,51,Dbc_02,-0.136548419020881,0.233404502093739,0.077978205710238,0.0901459848355879,0
C07,Hybrid,52,Db,-0.302463947431853,0.000756156194976639,0.0927977005427561,0.00400194761533561,0
C07,Hybrid,52,Dbc_corrected,-0.410644311348659,0.000955522480331908,0.123714283480447,0.00349183775779663,0
C07,Hybrid,52,Dbc_02,-0.410644311348659,0.000955522480331908,0.123714283480447,0.00349183775779663,0
C07,Hybrid,53,Db,-0.232400505164854,0.00299785809150788,0.0867538400073202,0.0123143269823493,0
C07,Hybrid,53,Dbc_corrected,-0.295482739713132,0.00484649516011228,0.111378386746267,0.0130713427592695,0
C07,Hybrid,53,Dbc_02,-0.295482739713132,0.00484649516011228,0.111378386746267,0.0130713427592695,0
C07,Hybrid,54,Db,-0.262003120186027,0.00519459083593182,0.0969834994377434,0.0142318934168654,0
C07,Hybrid,54,Dbc_corrected,-0.294237259414869,0.0207825898202338,0.138371921902725,0.0468327044657389,0
C07,Hybrid,54,Dbc_02,-0.294237259414869,0.0207825898202338,0.138371921902725,0.0468327044657389,0
C07,Hybrid,55,Db,-0.143686330171471,0.0516391010928143,0.0626342774312662,0.0301226902968037,0
C07,Hybrid,55,Dbc_corrected,-0.237202834981623,0.0193461806106677,0.090370534468341,0.0143104496166633,0
C07,Hybrid,55,Dbc_02,-0.237202834981623,0.0193461806106677,0.090370534468341,0.0143104496166633,0
C07,Hybrid,56,Db,-0.216859555949495,0.012772245656144,0.0674889022744136,0.00365514840509968,0
C07,Hybrid,56,Dbc_corrected,-0.280074917377422,0.017542635317437,0.0889457122504559,0.00421609649653098,0
C07,Hybrid,56,Dbc_02,-0.280074917377422,0.017542635317437,0.0889457122504559,0.00421609649653098,0
C07,Hybrid,57,Db,-0.131563773109553,0.176420038990746,0.0749489127103271,0.115263736496122,0
C07,Hybrid,57,Dbc_corrected,-0.307387961906562,0.0190295665973733,0.109873544504913,0.0227765519002678,0
C07,Hybrid,57,Dbc_02,-0.307387961906562,0.0190295665973733,0.109873544504913,0.0227765519002678,0
C07,Hybrid,58,Db,-0.171042108876727,0.0200457244156494,0.0696914929292113,0.027816120410933,0
C07,Hybrid,58,Dbc_corrected,-0.30141111163704,0.00289365222404431,0.10297014431941,0.0112217690241361,0
C07,Hybrid,58,Dbc_02,-0.30141111163704,0.00289365222404431,0.10297014431941,0.0112217690241361,0
C07,Hybrid,59,Db,-0.204913899476938,0.0141896009027546,0.0711863796476742,0.00920896731025689,0
C07,Hybrid,59,Dbc_corrected,-0.313334354436668,0.0064453034787888,0.103294470256959,0.00642688339723713,0
C07,Hybrid,59,Dbc_02,-0.313334354436668,0.0064453034787888,0.103294470256959,0.00642688339723713,0
C07,Hybrid,60,Db,-0.255832228118866,0.00434278241892098,0.0862237354870759,0.00682821481172678,0
C07,Hybrid,60,Dbc_corrected,-0.30758768930389,0.0124134741759791,0.117988511197276,0.0156391939340039,0
C07,Hybrid,60,Dbc_02,-0.30758768930389,0.0124134741759791,0.117988511197276,0.0156391939340039,0
C07,Hybrid,61,Db,-0.0482149339015228,0.58594353307,0.0750873427529922,0.526951226573568,0
C07,Hybrid,61,Dbc_corrected,-0.0169918220945291,0.886716655915471,0.106629732566802,0.874737541363007,0
C07,Hybrid,61,Dbc_02,-0.0169918220945291,0.886716655915471,0.106629732566802,0.874737541363007,0
C07,Hybrid,62,Db,-0.294932384736482,9.38911530137692e-05,0.0538612340543704,3.96561384518808e-05,0
C07,Hybrid,62,Dbc_corrected,-0.441904453176921,1.66925666201673e-05,0.0664946154404137,3.36572073322541e-06,0
C07,Hybrid,62,Dbc_02,-0.441904453176921,1.66925666201673e-05,0.0664946154404137,3.36572073322541e-06,0
C07,Hybrid,63,Db,-0.135704560294504,0.0681415339299035,0.066233318413382,0.0529378474808224,0
C07,Hybrid,63,Dbc_corrected,-0.120497845608299,0.234912300932004,0.0885323216542414,0.187541788657319,0
C07,Hybrid,63,Dbc_02,-0.120497845608299,0.234912300932004,0.0885323216542414,0.187541788657319,0
C07,Hybrid,64,Db,-0.213402676992695,0.0206360179975807,0.0907905000933639,0.0275559546410511,0
C07,Hybrid,64,Dbc_corrected,-0.355989646487633,0.0053089570505593,0.134029229100403,0.0139782536425116,0
C07,Hybrid,64,Dbc_02,-0.355989646487633,0.0053089570505593,0.134029229100403,0.0139782536425116,0
C07,Hybrid,65,Db,-0.239564108799234,0.00294072733900161,0.0844828832669394,0.00891018631974775,0
C07,Hybrid,65,Dbc_corrected,-0.296247090786121,0.0086055201325852,0.11670302547563,0.017689692151736,0
C07,Hybrid,65,Dbc_02,-0.296247090786121,0.0086055201325852,0.11670302547563,0.017689692151736,0
C07,Hybrid,66,Db,-0.193553707405239,0.0212978291648683,0.0627864606295201,0.00483714500124703,0
C07,Hybrid,66,Dbc_corrected,-0.233221868923032,0.0449865708246432,0.0863989907123211,0.0120402036626659,0
C07,Hybrid,66,Dbc_02,-0.233221868923032,0.0449865708246432,0.0863989907123211,0.0120402036626659,0
C07,Hybrid,67,Db,-0.0768357297267888,0.264951966980907,0.0614686109335818,0.22579080101318,0
C07,Hybrid,67,Dbc_corrected,-0.159710815379861,0.0901725677142511,0.090292281835324,0.0919799335573874,0
C07,Hybrid,67,Dbc_02,-0.159710815379861,0.0901725677142511,0.090292281835324,0.0919799335573874,0
C07,Hybrid,68,Db,-0.0763849108838251,0.384992693872618,0.0795545693003124,0.349634447289316,0
C07,Hybrid,68,Dbc_corrected,-0.186304734859299,0.124851511963857,0.115136396937422,0.123052585378183,0
C07,Hybrid,68,Dbc_02,-0.186304734859299,0.124851511963857,0.115136396937422,0.123052585378183,0
C07,Hybrid,69,Db,-0.173766886768896,0.0396699699327555,0.0569692054583764,0.00690001569362755,0
C07,Hybrid,69,Dbc_corrected,-0.303345136185587,0.00701872995923151,0.0895116854977295,0.00332686474460631,0
C07,Hybrid,69,Dbc_02,-0.303345136185587,0.00701872995923151,0.0895116854977295,0.00332686474460631,0
C07,Hybrid,70,Db,-0.113361001992102,0.174039522164368,0.0714703751315804,0.126233336870092,0
C07,Hybrid,70,Dbc_corrected,-0.145157286565516,0.202083407692826,0.0911167878155595,0.124714384003623,0
C07,Hybrid,70,Dbc_02,-0.145157286565516,0.202083407692826,0.0911167878155595,0.124714384003623,0
C07,Hybrid,71,Db,-0.262322935784233,0.00167622187244449,0.0882421855594348,0.00752103338741287,0
C07,Hybrid,71,Dbc_corrected,-0.405463679268079,0.000394111633900393,0.114901183207708,0.00206343816576794,0
C07,Hybrid,71,Dbc_02,-0.405463679268079,0.000394111633900393,0.114901183207708,0.00206343816576794,0
C07,Hybrid,72,Db,-0.0918549776252293,0.216306998825484,0.0673000636880553,0.190830518394361,0
C07,Hybrid,72,Dbc_corrected,-0.086824963855562,0.385447933656878,0.094498804940761,0.371518535382137,0
C07,Hybrid,72,Dbc_02,-0.086824963855562,0.385447933656878,0.094498804940761,0.371518535382137,0
C07,Hybrid,73,Db,-0.130892136031403,0.143363487498168,0.0935902183832401,0.176006347941895,0
C07,Hybrid,73,Dbc_corrected,-0.182437459924951,0.131640811303474,0.12409268981635,0.155692213450258,0
C07,Hybrid,73,Dbc_02,-0.182437459924951,0.131640811303474,0.12409268981635,0.155692213450258,0
C07,Hybrid,74,Db,-0.278797980005201,0.00267636727105443,0.081298863490284,0.00226964448385412,0
C07,Hybrid,74,Dbc_corrected,-0.356583369713039,0.00509487083049335,0.101557568627551,0.00187001846185097,0
C07,Hybrid,74,Dbc_02,-0.356583369713039,0.00509487083049335,0.101557568627551,0.00187001846185097,0
C07,Hybrid,75,Db,-0.0785513888934411,0.295171035746264,0.06039085301292,0.206629829555275,0
C07,Hybrid,75,Dbc_corrected,-0.152581013986516,0.141400358361695,0.0902801269469371,0.105002711353135,0
C07,Hybrid,75,Dbc_02,-0.152581013986516,0.141400358361695,0.0902801269469371,0.105002711353135,0
C07,Hybrid,76,Db,-0.0955338927770624,0.318060058481426,0.0920681167753556,0.309332257838483,0
C07,Hybrid,76,Dbc_corrected,-0.161783258974915,0.21407251426788,0.106512948667502,0.141245190607318,0
C07,Hybrid,76,Dbc_02,-0.161783258974915,0.21407251426788,0.106512948667502,0.141245190607318,0
C07,Hybrid,77,Db,-0.307961946980932,8.34066529166667e-05,0.0665699629563623,8.31174904730478e-05,0
C07,Hybrid,77,Dbc_corrected,-0.403148755440982,0.000212683148950659,0.0964712942886385,0.000271971344980752,0
C07,Hybrid,77,Dbc_02,-0.403148755440982,0.000212683148950659,0.0964712942886385,0.000271971344980752,0
C07,Hybrid,78,Db,-0.142179281457822,0.0781342670708909,0.0732122264799749,0.0667004653006869,0
C07,Hybrid,78,Dbc_corrected,-0.28396152223977,0.0101167951073178,0.114309951182456,0.0222410180601571,0
C07,Hybrid,78,Dbc_02,-0.28396152223977,0.0101167951073178,0.114309951182456,0.0222410180601571,0
C07,Hybrid,79,Db,-0.313788897485851,1.82941236089534e-05,0.0649467356478172,9.60846099927632e-05,0
C07,Hybrid,79,Dbc_corrected,-0.35975340290624,0.000341070713792861,0.0916723545668851,0.000821352229800463,0
C07,Hybrid,79,Dbc_02,-0.35975340290624,0.000341070713792861,0.0916723545668851,0.000821352229800463,0
C07,Hybrid,80,Db,-0.144919406628051,0.0703603747873646,0.0693536115106754,0.0462241842793032,0
C07,Hybrid,80,Dbc_corrected,-0.184947950157232,0.0935401363274934,0.0967093213248924,0.066451861597015,0
C07,Hybrid,80,Dbc_02,-0.184947950157232,0.0935401363274934,0.0967093213248924,0.066451861597015,0
C07,Hybrid,81,Db,-0.159636169478918,0.0485316098836352,0.0777503931495721,0.0517497380856663,0
C07,Hybrid,81,Dbc_corrected,-0.259987854637347,0.0199948284926483,0.113526046759467,0.0315898895789929,0
C07,Hybrid,81,Dbc_02,-0.259987854637347,0.0199948284926483,0.113526046759467,0.0315898895789929,0
C07,Hybrid,82,Db,-0.112429023765501,0.13750873803341,0.0662833315850782,0.103979968772597,0
C07,Hybrid,82,Dbc_corrected,-0.129430160468259,0.207376351468189,0.0829567047968682,0.13309398688708,0
C07,Hybrid,82,Dbc_02,-0.129430160468259,0.207376351468189,0.0829567047968682,0.13309398688708,0
C07,Hybrid,83,Db,-0.0711753006985753,0.426746565251766,0.0755859831215209,0.357595370820131,0
C07,Hybrid,83,Dbc_corrected,-0.0306563815074507,0.803791038968117,0.0976481658862542,0.756717250321343,0
C07,Hybrid,83,Dbc_02,-0.0306563815074507,0.803791038968117,0.0976481658862542,0.756717250321343,0
C07,Hybrid,84,Db,-0.135440501023705,0.158957598384595,0.082405842928823,0.113946947000672,0
C07,Hybrid,84,Dbc_corrected,-0.183076043486658,0.169259178267749,0.117850650077911,0.134262829995691,0
C07,Hybrid,84,Dbc_02,-0.183076043486658,0.169259178267749,0.117850650077911,0.134262829995691,0
C07,Hybrid,85,Db,-0.24507248391785,0.00754428952010859,0.0955984984785951,0.0161131422382488,0
C07,Hybrid,85,Dbc_corrected,-0.28577311676111,0.0213420413478613,0.12132763379136,0.0258695730997034,0
C07,Hybrid,85,Dbc_02,-0.28577311676111,0.0213420413478613,0.12132763379136,0.0258695730997034,0
C07,Hybrid,86,Db,-0.132246148589204,0.17876769275027,0.107279036554022,0.227516700540898,0
C07,Hybrid,86,Dbc_corrected,-0.264484793146912,0.0454235192747004,0.138040331169377,0.0652294965775492,0
C07,Hybrid,86,Dbc_02,-0.264484793146912,0.0454235192747004,0.138040331169377,0.0652294965775492,0
C07,Hybrid,87,Db,-0.248611080565773,0.0144592129694734,0.0740123967938077,0.00259356416985961,0
C07,Hybrid,87,Dbc_corrected,-0.340667649992399,0.0161257887080998,0.101305998627692,0.00256086247221288,0
C07,Hybrid,87,Dbc_02,-0.340667649992399,0.0161257887080998,0.101305998627692,0.00256086247221288,0
C07,Hybrid,88,Db,0.0267715138664414,0.721593797942655,0.0685570106649473,0.700006769342354,0
C07,Hybrid,88,Dbc_corrected,-0.0235274894625279,0.815482116237146,0.088493782032209,0.792870799033188,0
C07,Hybrid,88,Dbc_02,-0.0235274894625279,0.815482116237146,0.088493782032209,0.792870799033188,0
C07,Hybrid,89,Db,-0.11928464995406,0.114164932430412,0.0656894320676109,0.0814728935151774,0
C07,Hybrid,89,Dbc_corrected,-0.184453583733877,0.0741392817238463,0.0893826976689359,0.0499178749162796,0
C07,Hybrid,89,Dbc_02,-0.184453583733877,0.0741392817238463,0.0893826976689359,0.0499178749162796,0
C07,Hybrid,90,Db,-0.108428590168429,0.166557197263473,0.0693513539111681,0.137023147587029,0
C07,Hybrid,90,Dbc_corrected,-0.225741743550771,0.0341206470374091,0.0945233520849765,0.0290139191104947,0
C07,Hybrid,90,Dbc_02,-0.225741743550771,0.0341206470374091,0.0945233520849765,0.0290139191104947,0
C07,Hybrid,91,Db,-0.167673544479139,0.016905141492233,0.0454062405111324,0.0013565059479981,0
C07,Hybrid,91,Dbc_corrected,-0.225483090802903,0.0178169297525908,0.061901699770754,0.00150927529519189,0
C07,Hybrid,91,Dbc_02,-0.225483090802903,0.0178169297525908,0.061901699770754,0.00150927529519189,0
C07,Hybrid,92,Db,-0.092173983238956,0.285665541912385,0.0937840371724492,0.339222988566726,0
C07,Hybrid,92,Dbc_corrected,-0.221597192876656,0.0596731927304023,0.132175722992109,0.112048406893613,0
C07,Hybrid,92,Dbc_02,-0.221597192876656,0.0596731927304023,0.132175722992109,0.112048406893613,0
C07,Hybrid,93,Db,-0.188920202837584,0.0214219041771774,0.0788454461746148,0.0252623538703053,0
C07,Hybrid,93,Dbc_corrected,-0.215064112399932,0.0571995150639485,0.104529436320279,0.0514742568834754,0
C07,Hybrid,93,Dbc_02,-0.215064112399932,0.0571995150639485,0.104529436320279,0.0514742568834754,0
C07,Hybrid,94,Db,-0.206121592967112,0.00989183888625738,0.0783053570302399,0.0138491777532897,0
C07,Hybrid,94,Dbc_corrected,-0.273476407602669,0.0135547134258512,0.100920706984859,0.0115086012814842,0
C07,Hybrid,94,Dbc_02,-0.273476407602669,0.0135547134258512,0.100920706984859,0.0115086012814842,0
C07,Hybrid,95,Db,-0.318526082575049,0.00042963966329437,0.0671779799242073,4.59848011890229e-05,0
C07,Hybrid,95,Dbc_corrected,-0.48165567415098,0.000134224165010391,0.0954838254635844,1.89479825282567e-05,0
C07,Hybrid,95,Dbc_02,-0.48165567415098,0.000134224165010391,0.0954838254635844,1.89479825282567e-05,0
C07,Hybrid,96,Db,-0.103492077230063,0.21126994964948,0.0782138353946092,0.200396095680299,0
C07,Hybrid,96,Dbc_corrected,-0.132679892644732,0.242493950067676,0.107828988008245,0.232328173616552,0
C07,Hybrid,96,Dbc_02,-0.132679892644732,0.242493950067676,0.107828988008245,0.232328173616552,0
C07,Hybrid,97,Db,-0.141164893779184,0.0515223223989331,0.0714713278229826,0.0607792185554342,0
C07,Hybrid,97,Dbc_corrected,-0.154366728705557,0.12543332672337,0.0868593678655206,0.0891801500112098,0
C07,Hybrid,97,Dbc_02,-0.154366728705557,0.12543332672337,0.0868593678655206,0.0891801500112098,0
C07,Hybrid,98,Db,-0.219424842649994,0.0146702973002404,0.0820604519427956,0.0121185377131752,0
C07,Hybrid,98,Dbc_corrected,-0.319768049944675,0.00815888971149322,0.104132799171258,0.00460381883332977,0
C07,Hybrid,98,Dbc_02,-0.319768049944675,0.00815888971149322,0.104132799171258,0.00460381883332977,0
C07,Hybrid,99,Db,-0.0640572952323894,0.439420931280554,0.0653911087528589,0.334871514090891,0
C07,Hybrid,99,Dbc_corrected,-0.0888760395321448,0.435773978897703,0.0932874040992803,0.348114148612141,0
C07,Hybrid,99,Dbc_02,-0.0888760395321448,0.435773978897703,0.0932874040992803,0.348114148612141,0
C07,Hybrid,100,Db,-0.0256592554608394,0.802496653741761,0.0805583767640633,0.752845158315699,0
C07,Hybrid,100,Dbc_corrected,-0.004655047131742,0.973728319789703,0.102896576014512,0.96429024652884,0
C07,Hybrid,100,Dbc_02,-0.004655047131742,0.973728319789703,0.102896576014512,0.96429024652884,0
C07,Hybrid,101,Db,-0.0890057180711138,0.245298422045138,0.0768224716261644,0.2621504491391,0
C07,Hybrid,101,Dbc_corrected,-0.17695240962867,0.0907992731465431,0.0955574970401283,0.08115196203603,0
C07,Hybrid,101,Dbc_02,-0.17695240962867,0.0907992731465431,0.0955574970401283,0.08115196203603,0
C07,Hybrid,102,Db,-0.0472398224405774,0.531350445645142,0.0668623801322586,0.486153797576685,0
C07,Hybrid,102,Dbc_corrected,-0.0932454281702288,0.366587336103819,0.0826286479011111,0.269431389604304,0
C07,Hybrid,102,Dbc_02,-0.0932454281702288,0.366587336103819,0.0826286479011111,0.269431389604304,0
C07,Hybrid,103,Db,-0.119884648090505,0.158859178641383,0.0675244514821708,0.0921931113858439,0
C07,Hybrid,103,Dbc_corrected,-0.126726055997536,0.277558992973247,0.104713568491415,0.241756941177393,0
C07,Hybrid,103,Dbc_02,-0.126726055997536,0.277558992973247,0.104713568491415,0.241756941177393,0
C07,Hybrid,104,Db,-0.192741999103358,0.0309806544019661,0.087209585218221,0.0351945991204394,0
C07,Hybrid,104,Dbc_corrected,-0.227662689026608,0.0654243727998454,0.130200137382132,0.0908869122253816,0
C07,Hybrid,104,Dbc_02,-0.227662689026608,0.0654243727998454,0.130200137382132,0.0908869122253816,0
C07,Hybrid,105,Db,-0.0847408003179418,0.307553831312314,0.100279075545275,0.405793131472961,0
C07,Hybrid,105,Dbc_corrected,-0.192754297866948,0.0927566370733864,0.141372184524996,0.184273537164861,0
C07,Hybrid,105,Dbc_02,-0.192754297866948,0.0927566370733864,0.141372184524996,0.184273537164861,0
C07,Hybrid,106,Db,-0.064096397171773,0.447345030182678,0.0910354726844557,0.488125698293931,0
C07,Hybrid,106,Dbc_corrected,-0.0725979405011218,0.525223943126516,0.136501963405482,0.599737428228418,0
C07,Hybrid,106,Dbc_02,-0.0725979405011218,0.525223943126516,0.136501963405482,0.599737428228418,0
C07,Hybrid,107,Db,-0.0351325133011342,0.711790211560037,0.0827284408645315,0.674836102727911,0
C07,Hybrid,107,Dbc_corrected,-0.172486622113585,0.188291955302003,0.117613834725913,0.155526167173524,0
C07,Hybrid,107,Dbc_02,-0.172486622113585,0.188291955302003,0.117613834725913,0.155526167173524,0
C07,Hybrid,108,Db,-0.102302233868702,0.200631307872986,0.0828605066854274,0.227191084371787,0
C07,Hybrid,108,Dbc_corrected,-0.204219327632402,0.0575645882470662,0.109434310971089,0.0723967860985515,0
C07,Hybrid,108,Dbc_02,-0.204219327632402,0.0575645882470662,0.109434310971089,0.0723967860985515,0
C07,Hybrid,109,Db,-0.191228797152684,0.0252613983310719,0.0648366300214463,0.00755501875022473,0
C07,Hybrid,109,Dbc_corrected,-0.319536845515721,0.005887359551273,0.0978433074129543,0.00362335321135406,0
C07,Hybrid,109,Dbc_02,-0.319536845515721,0.005887359551273,0.0978433074129543,0.00362335321135406,0
C07,Hybrid,110,Db,-0.0957764626592023,0.318595318299355,0.0884218639378765,0.290649057267342,0
C07,Hybrid,110,Dbc_corrected,-0.0645161590599907,0.625156696680619,0.115788005380641,0.583088152846853,0
C07,Hybrid,110,Dbc_02,-0.0645161590599907,0.625156696680619,0.115788005380641,0.583088152846853,0
C07,Hybrid,111,Db,-0.237777659508505,0.00852764401164515,0.0752790644569921,0.00499029725154803,0
C07,Hybrid,111,Dbc_corrected,-0.288406461732919,0.0189352030695226,0.0989673171985136,0.00865931902558551,0
C07,Hybrid,111,Dbc_02,-0.288406461732919,0.0189352030695226,0.0989673171985136,0.00865931902558551,0
C07,Hybrid,112,Db,-0.130886995668324,0.172530901649177,0.106135788237564,0.230083745692082,0
C07,Hybrid,112,Dbc_corrected,-0.193979641084185,0.142748659268872,0.128237797872137,0.144460051976918,0
C07,Hybrid,112,Dbc_02,-0.193979641084185,0.142748659268872,0.128237797872137,0.144460051976918,0
C07,Hybrid,113,Db,-0.248470365720177,0.00385998358769016,0.0847704568823091,0.00647667346642679,0
C07,Hybrid,113,Dbc_corrected,-0.389551041688951,0.000717514319072695,0.105726169126396,0.000934946738296471,0
C07,Hybrid,113,Dbc_02,-0.389551041688951,0.000717514319072695,0.105726169126396,0.000934946738296471,0
C07,Hybrid,114,Db,-0.251311791441207,0.00729680534387089,0.0919659905428185,0.0112863404171567,0
C07,Hybrid,114,Dbc_corrected,-0.369416458008083,0.00402898123500676,0.124284394496329,0.00634430950477157,0
C07,Hybrid,114,Dbc_02,-0.369416458008083,0.00402898123500676,0.124284394496329,0.00634430950477157,0
C07,Hybrid,115,Db,-0.12416898003087,0.120406440749659,0.0965498587421701,0.211259815579949,0
C07,Hybrid,115,Dbc_corrected,-0.230711649901243,0.0334768907891562,0.128969782200084,0.0869547127199702,0
C07,Hybrid,115,Dbc_02,-0.230711649901243,0.0334768907891562,0.128969782200084,0.0869547127199702,0
C07,Hybrid,116,Db,-0.262126088494081,0.00148398218643189,0.0757901522719689,0.00208135717783999,0
C07,Hybrid,116,Dbc_corrected,-0.355314298644425,0.00155907990749387,0.111605867008057,0.00402673911325783,0
C07,Hybrid,116,Dbc_02,-0.355314298644425,0.00155907990749387,0.111605867008057,0.00402673911325783,0
C07,Hybrid,117,Db,-0.193503295332735,0.0268944723703965,0.103722324408901,0.073691722028686,0
C07,Hybrid,117,Dbc_corrected,-0.318917211883238,0.0074873670468829,0.12682442403848,0.0185315372960589,0
C07,Hybrid,117,Dbc_02,-0.318917211883238,0.0074873670468829,0.12682442403848,0.0185315372960589,0
C07,Hybrid,118,Db,-0.0125442684747968,0.876907263463999,0.0681543653249233,0.855955885577484,0
C07,Hybrid,118,Dbc_corrected,-0.107193937079977,0.340570120841477,0.105658441499896,0.323022884490186,0
C07,Hybrid,118,Dbc_02,-0.107193937079977,0.340570120841477,0.105658441499896,0.323022884490186,0
C07,Hybrid,119,Db,-0.355832839333855,3.75735001992041e-05,0.0762966775785653,0.000147017569398255,0
C07,Hybrid,119,Dbc_corrected,-0.459801015440404,0.000132839285511254,0.106922806415563,0.000335101988258343,0
C07,Hybrid,119,Dbc_02,-0.459801015440404,0.000132839285511254,0.106922806415563,0.000335101988258343,0
C07,Hybrid,120,Db,-0.0828672933446897,0.32121143493197,0.0830046404626142,0.329428350220405,0
C07,Hybrid,120,Dbc_corrected,-0.133491780203672,0.239202785674199,0.113256682461926,0.251799841599641,0
C07,Hybrid,120,Dbc_02,-0.133491780203672,0.239202785674199,0.113256682461926,0.251799841599641,0
C07,Hybrid,121,Db,-0.233234305165289,0.00271291147323214,0.0679815723810818,0.00222314421210081,0
C07,Hybrid,121,Dbc_corrected,-0.375172408449259,0.000431012200310014,0.100192300805467,0.00100891593691557,0
C07,Hybrid,121,Dbc_02,-0.375172408449259,0.000431012200310014,0.100192300805467,0.00100891593691557,0
C07,Hybrid,122,Db,-0.278772738874467,0.000798907676910233,0.0689810122726749,0.000537866780320193,0
C07,Hybrid,122,Dbc_corrected,-0.340379701530282,0.00272610471597255,0.107620717655405,0.00451961339303606,0
C07,Hybrid,122,Dbc_02,-0.340379701530282,0.00272610471597255,0.107620717655405,0.00451961339303606,0
C07,Hybrid,123,Db,-0.203525743718215,0.00567001817325595,0.0688255821887582,0.00644876406431419,0
C07,Hybrid,123,Dbc_corrected,-0.270013895979315,0.00807159703988929,0.11249789903953,0.0237049717903062,0
C07,Hybrid,123,Dbc_02,-0.270013895979315,0.00807159703988929,0.11249789903953,0.0237049717903062,0
C07,Hybrid,124,Db,-0.0221210206645816,0.813001127974004,0.0931362128833396,0.814224649557422,0
C07,Hybrid,124,Dbc_corrected,-0.0341004242984874,0.789438373616563,0.130636953774001,0.79620418376857,0
C07,Hybrid,124,Dbc_02,-0.0341004242984874,0.789438373616563,0.130636953774001,0.79620418376857,0
C07,Hybrid,125,Db,-0.0121762501594999,0.865164384239233,0.0587841344436532,0.838059712953779,0
C07,Hybrid,125,Dbc_corrected,-0.0606351024994133,0.543066063381901,0.0788946943289899,0.451317979120843,0
C07,Hybrid,125,Dbc_02,-0.0606351024994133,0.543066063381901,0.0788946943289899,0.451317979120843,0
C07,Hybrid,126,Db,-0.184629120072454,0.0163087438605436,0.0673929078482692,0.0104545694065757,0
C07,Hybrid,126,Dbc_corrected,-0.274366767747023,0.0109818918376852,0.0971435168930634,0.00856827892191492,0
C07,Hybrid,126,Dbc_02,-0.274366767747023,0.0109818918376852,0.0971435168930634,0.00856827892191492,0
C07,Hybrid,127,Db,-0.170353931257438,0.0716479356203057,0.0846377325510258,0.0550323057399095,0
C07,Hybrid,127,Dbc_corrected,-0.262963452358438,0.0373250024254854,0.103154768796403,0.0173677993106949,0
C07,Hybrid,127,Dbc_02,-0.262963452358438,0.0373250024254854,0.103154768796403,0.0173677993106949,0
C07,Hybrid,128,Db,-0.225351100880421,0.00363245631914176,0.0688588362157815,0.00356955076918204,0
C07,Hybrid,128,Dbc_corrected,-0.342815725115418,0.00125983708270862,0.0915387273551122,0.0011880842275832,0
C07,Hybrid,128,Dbc_02,-0.342815725115418,0.00125983708270862,0.0915387273551122,0.0011880842275832,0
C07,Hybrid,129,Db,-0.268425381081236,0.00351870086010738,0.102492989577498,0.0162882393194447,0
C07,Hybrid,129,Dbc_corrected,-0.405045682286701,0.00112532849066789,0.128772130423783,0.00511582331008484,0
C07,Hybrid,129,Dbc_02,-0.405045682286701,0.00112532849066789,0.128772130423783,0.00511582331008484,0
C07,Hybrid,130,Db,-0.0590691090971198,0.539647331122497,0.0767181484251156,0.447473403439688,0
C07,Hybrid,130,Dbc_corrected,-0.00959717408220301,0.941008562454051,0.0881086439608839,0.914007334174685,0
C07,Hybrid,130,Dbc_02,-0.00959717408220301,0.941008562454051,0.0881086439608839,0.914007334174685,0
C07,Hybrid,131,Db,-0.179534950026471,0.0160617357048658,0.0738463385961048,0.0217998872380972,0
C07,Hybrid,131,Dbc_corrected,-0.281137384260276,0.00619154845149315,0.10122795985956,0.00975279521042365,0
C07,Hybrid,131,Dbc_02,-0.281137384260276,0.00619154845149315,0.10122795985956,0.00975279521042365,0
C07,Hybrid,132,Db,-0.121386094350483,0.0793098518806609,0.0773682338522949,0.13244247741585,0
C07,Hybrid,132,Dbc_corrected,-0.200778037450187,0.0368466349525863,0.0926744104540924,0.042411479354337,0
C07,Hybrid,132,Dbc_02,-0.200778037450187,0.0368466349525863,0.0926744104540924,0.042411479354337,0
C07,Hybrid,133,Db,-0.164402604258521,0.0700898912667336,0.0934750450366909,0.0905445078306017,0
C07,Hybrid,133,Dbc_corrected,-0.205402737400229,0.103280885536506,0.140074722626515,0.154614428149705,0
C07,Hybrid,133,Dbc_02,-0.205402737400229,0.103280885536506,0.140074722626515,0.154614428149705,0
C07,Hybrid,134,Db,-0.131570008522259,0.133696677578985,0.0761442785370828,0.0946010232262811,0
C07,Hybrid,134,Dbc_corrected,-0.128632328399728,0.278839579683124,0.119410371601775,0.290320747500153,0
C07,Hybrid,134,Dbc_02,-0.128632328399728,0.278839579683124,0.119410371601775,0.290320747500153,0
C07,Hybrid,135,Db,-0.0626326550232888,0.482294458365589,0.0808117589283518,0.444525190824079,0
C07,Hybrid,135,Dbc_corrected,-0.0560302677925234,0.649977042757339,0.138646204699095,0.689032619577585,0
C07,Hybrid,135,Dbc_02,-0.0560302677925234,0.649977042757339,0.138646204699095,0.689032619577585,0
C07,Hybrid,136,Db,-0.203380553979665,0.0321130717443121,0.0809389333792004,0.0191770868857096,0
C07,Hybrid,136,Dbc_corrected,-0.384029902069211,0.00315717014393109,0.107363883390006,0.00153377275074124,0
C07,Hybrid,136,Dbc_02,-0.384029902069211,0.00315717014393109,0.107363883390006,0.00153377275074124,0
C07,Hybrid,137,Db,-0.143929403453938,0.0659572967895322,0.0725135407776228,0.061438871417718,0
C07,Hybrid,137,Dbc_corrected,-0.226895134147487,0.032114993189023,0.0865321251152416,0.0167769318432157,0
C07,Hybrid,137,Dbc_02,-0.226895134147487,0.032114993189023,0.0865321251152416,0.0167769318432157,0
C07,Hybrid,138,Db,-0.26806479941079,0.000599837964685116,0.071459410090414,0.000766662960746375,0
C07,Hybrid,138,Dbc_corrected,-0.453391195179509,2.3132882479926e-05,0.101162216810021,0.000106813728851995,0
C07,Hybrid,138,Dbc_02,-0.453391195179509,2.3132882479926e-05,0.101162216810021,0.000106813728851995,0
C07,Hybrid,139,Db,-0.0706865310493623,0.425749805695718,0.0811111858294471,0.390771460950861,0
C07,Hybrid,139,Dbc_corrected,-0.143849188689597,0.229587908161816,0.106159101612057,0.186066199353497,0
C07,Hybrid,139,Dbc_02,-0.143849188689597,0.229587908161816,0.106159101612057,0.186066199353497,0
C07,Hybrid,140,Db,-0.18454163896378,0.00867542765015221,0.0652532188450815,0.0096927640432217,0
C07,Hybrid,140,Dbc_corrected,-0.3086309148108,0.00131536973671469,0.093373427132145,0.00319035520737423,0
C07,Hybrid,140,Dbc_02,-0.3086309148108,0.00131536973671469,0.093373427132145,0.00319035520737423,0
C07,Hybrid,141,Db,-0.28971512805418,0.00034846366069141,0.0730806179156047,0.000747079052093122,0
C07,Hybrid,141,Dbc_corrected,-0.44221384548209,5.77225834450549e-05,0.0969235627873462,0.000187315353632295,0
C07,Hybrid,141,Dbc_02,-0.44221384548209,5.77225834450549e-05,0.0969235627873462,0.000187315353632295,0
C07,Hybrid,142,Db,-0.0819916291005159,0.32005084801059,0.0683913171851296,0.241662604337027,0
C07,Hybrid,142,Dbc_corrected,-0.183713998865116,0.107827829776121,0.0971407136058971,0.070121259648859,0
C07,Hybrid,142,Dbc_02,-0.183713998865116,0.107827829776121,0.0971407136058971,0.070121259648859,0
C07,Hybrid,143,Db,-0.135290397682923,0.0858342424360461,0.0714790259348841,0.0682916738237328,0
C07,Hybrid,143,Dbc_corrected,-0.215046984105862,0.0421840599668224,0.0905548003712326,0.0243140650703302,0
C07,Hybrid,143,Dbc_02,-0.215046984105862,0.0421840599668224,0.0905548003712326,0.0243140650703302,0
C07,Hybrid,144,Db,-0.255852698338401,0.00265745742187736,0.0742613679925758,0.00203379353537812,0
C07,Hybrid,144,Dbc_corrected,-0.386740963022261,0.00108920765340366,0.0982404539074517,0.000595784083318461,0
C07,Hybrid,144,Dbc_02,-0.386740963022261,0.00108920765340366,0.0982404539074517,0.000595784083318461,0
C07,Hybrid,145,Db,-0.289384335390303,0.000513340409147744,0.0856451238907325,0.0022428058377133,0
C07,Hybrid,145,Dbc_corrected,-0.467326473041354,3.80839303566988e-05,0.0990613318433613,6.53412606404688e-05,0
C07,Hybrid,145,Dbc_02,-0.467326473041354,3.80839303566988e-05,0.0990613318433613,6.53412606404688e-05,0
C07,Hybrid,146,Db,-0.171452648605874,0.0325097865656904,0.0862180781639919,0.0566676087228381,0
C07,Hybrid,146,Dbc_corrected,-0.1822581464083,0.0955201122172473,0.114011699019771,0.121392823587444,0
C07,Hybrid,146,Dbc_02,-0.1822581464083,0.0955201122172473,0.114011699019771,0.121392823587444,0
C07,Hybrid,147,Db,-0.364567815243515,6.38599532826197e-05,0.059589454019897,2.89624648924474e-06,0
C07,Hybrid,147,Dbc_corrected,-0.527363898601198,1.96806616872788e-05,0.0818192721736522,1.37004408027287e-06,0
C07,Hybrid,147,Dbc_02,-0.527363898601198,1.96806616872788e-05,0.0818192721736522,1.37004408027287e-06,0
C07,Hybrid,148,Db,-0.217076395419042,0.00794426894886427,0.0601565418931059,0.00132175762252799,0
C07,Hybrid,148,Dbc_corrected,-0.338028668857906,0.0021968111834679,0.0754789640451443,0.00014192159979693,0
C07,Hybrid,148,Dbc_02,-0.338028668857906,0.0021968111834679,0.0754789640451443,0.00014192159979693,0
C07,Hybrid,149,Db,-0.0553581226180472,0.449402085471833,0.0809966481710783,0.504292888791785,0
C07,Hybrid,149,Dbc_corrected,-0.201779455137536,0.0418576271025139,0.112627741958307,0.0921590176603925,0
C07,Hybrid,149,Dbc_02,-0.201779455137536,0.0418576271025139,0.112627741958307,0.0921590176603925,0
C07,Hybrid,150,Db,-0.146166771245003,0.079033104423717,0.0719557167699352,0.052596953286676,0
C07,Hybrid,150,Dbc_corrected,-0.29224069214597,0.00950449850933172,0.0977088466879224,0.00601406545849369,0
C07,Hybrid,150,Dbc_02,-0.29224069214597,0.00950449850933172,0.0977088466879224,0.00601406545849369,0
C07,Hybrid,151,Db,-0.192048175768767,0.0536100588795759,0.0886738516127905,0.0405842506685088,0
C07,Hybrid,151,Dbc_corrected,-0.252010629938779,0.0601282486303157,0.118192682766755,0.0435294389387961,0
C07,Hybrid,151,Dbc_02,-0.252010629938779,0.0601282486303157,0.118192682766755,0.0435294389387961,0
C07,Hybrid,152,Db,-0.0817409159096366,0.370247678560983,0.101551319047308,0.429793919960348,0
C07,Hybrid,152,Dbc_corrected,-0.124502323306802,0.318554367725943,0.155433358946958,0.432001273599104,0
C07,Hybrid,152,Dbc_02,-0.124502323306802,0.318554367725943,0.155433358946958,0.432001273599104,0
C07,Hybrid,153,Db,-0.210329035009678,0.00612809274776249,0.0726052564849199,0.00758047904083914,0
C07,Hybrid,153,Dbc_corrected,-0.275113659740711,0.00982783087845976,0.0969488136587299,0.00876558445948922,0
C07,Hybrid,153,Dbc_02,-0.275113659740711,0.00982783087845976,0.0969488136587299,0.00876558445948922,0
C07,Hybrid,154,Db,-0.101657364934253,0.226573266695657,0.0908497023483063,0.275897112050436,0
C07,Hybrid,154,Dbc_corrected,-0.244307493093072,0.0348880961105247,0.115290917729638,0.0464152184974903,0
C07,Hybrid,154,Dbc_02,-0.244307493093072,0.0348880961105247,0.115290917729638,0.0464152184974903,0
C07,Hybrid,155,Db,-0.245727273339578,0.00392413377861626,0.0743587532426726,0.00366552051144915,0
C07,Hybrid,155,Dbc_corrected,-0.371495785951971,0.00143614369920767,0.0915871022098385,0.000639269084672726,0
C07,Hybrid,155,Dbc_02,-0.371495785951971,0.00143614369920767,0.0915871022098385,0.000639269084672726,0
C07,Hybrid,156,Db,-0.121318658532773,0.100938859526344,0.0538533364613633,0.0344268087874864,0
C07,Hybrid,156,Dbc_corrected,-0.20675861385583,0.0412684207261556,0.0697316941142149,0.00708031448085848,0
C07,Hybrid,156,Dbc_02,-0.20675861385583,0.0412684207261556,0.0697316941142149,0.00708031448085848,0
C07,Hybrid,157,Db,-0.223299697197474,0.00437815430092898,0.0769712800373988,0.00764809493975919,0
C07,Hybrid,157,Dbc_corrected,-0.381511948043089,0.000372140113560499,0.107421201855961,0.00154599515985242,0
C07,Hybrid,157,Dbc_02,-0.381511948043089,0.000372140113560499,0.107421201855961,0.00154599515985242,0
C07,Hybrid,158,Db,-0.0828021173198142,0.31998090077172,0.0893152406044438,0.362428954009051,0
C07,Hybrid,158,Dbc_corrected,-0.172685760506332,0.133107491495716,0.128947048238373,0.191953157092139,0
C07,Hybrid,158,Dbc_02,-0.172685760506332,0.133107491495716,0.128947048238373,0.191953157092139,0
C07,Hybrid,159,Db,-0.074265277755645,0.389210490829215,0.0973481870648265,0.456559900363767,0
C07,Hybrid,159,Dbc_corrected,-0.117893161544484,0.32791154387561,0.147396613948217,0.435669019127854,0
C07,Hybrid,159,Dbc_02,-0.117893161544484,0.32791154387561,0.147396613948217,0.435669019127854,0
C07,Hybrid,160,Db,-0.189138702600628,0.0248504565731255,0.0878962978422617,0.0444314841822894,0
C07,Hybrid,160,Dbc_corrected,-0.253997699120565,0.026609902086053,0.103137567402242,0.0238235931140752,0
C07,Hybrid,160,Dbc_02,-0.253997699120565,0.026609902086053,0.103137567402242,0.0238235931140752,0
C07,Hybrid,161,Db,-0.19808626190635,0.0208470599163199,0.0801265181439127,0.0201570851077441,0
C07,Hybrid,161,Dbc_corrected,-0.293320042097067,0.0118642911167596,0.118929172522345,0.0203933639160129,0
C07,Hybrid,161,Dbc_02,-0.293320042097067,0.0118642911167596,0.118929172522345,0.0203933639160129,0
C07,Hybrid,162,Db,-0.137006769964307,0.102956605402768,0.0759295824512416,0.0848619355698221,0
C07,Hybrid,162,Dbc_corrected,-0.274426979692789,0.0177271216158389,0.104864101972986,0.0158683052338534,0
C07,Hybrid,162,Dbc_02,-0.274426979692789,0.0177271216158389,0.104864101972986,0.0158683052338534,0
C07,Hybrid,163,Db,-0.0139405609970441,0.852145790629656,0.0622567299138439,0.824231047759103,0
C07,Hybrid,163,Dbc_corrected,-0.0678274235846592,0.503009269375521,0.0837095751342504,0.423757759725494,0
C07,Hybrid,163,Dbc_02,-0.0678274235846592,0.503009269375521,0.0837095751342504,0.423757759725494,0
C07,Hybrid,164,Db,-0.133328017627476,0.147484029259938,0.105928426761344,0.219397492565058,0
C07,Hybrid,164,Dbc_corrected,-0.170568385213713,0.173768717644477,0.134399602077311,0.215753012168779,0
C07,Hybrid,164,Dbc_02,-0.170568385213713,0.173768717644477,0.134399602077311,0.215753012168779,0
C07,Hybrid,165,Db,-0.170122205062129,0.0414959423474335,0.069071689434582,0.0221669706925753,0
C07,Hybrid,165,Dbc_corrected,-0.23126436468978,0.0429627095787833,0.108454037127853,0.0444196326320632,0
C07,Hybrid,165,Dbc_02,-0.23126436468978,0.0429627095787833,0.108454037127853,0.0444196326320632,0
C07,Hybrid,166,Db,-0.169279965625132,0.0382555573792159,0.0821910420298285,0.0514334272770926,0
C07,Hybrid,166,Dbc_corrected,-0.195289929437699,0.0780253410608496,0.100764982216114,0.0653551415477845,0
C07,Hybrid,166,Dbc_02,-0.195289929437699,0.0780253410608496,0.100764982216114,0.0653551415477845,0
C07,Hybrid,167,Db,-0.14674447573915,0.059897942317154,0.0802225331452307,0.0792772411366899,0
C07,Hybrid,167,Dbc_corrected,-0.217696734725642,0.0457307727030753,0.0986365127369132,0.0366036827855223,0
C07,Hybrid,167,Dbc_02,-0.217696734725642,0.0457307727030753,0.0986365127369132,0.0366036827855223,0
C07,Hybrid,168,Db,-0.12434775588386,0.119734986111368,0.0847441193941867,0.158575825835751,0
C07,Hybrid,168,Dbc_corrected,-0.0970823532370049,0.373303145936563,0.116208095455199,0.413912199876328,0
C07,Hybrid,168,Dbc_02,-0.0970823532370049,0.373303145936563,0.116208095455199,0.413912199876328,0
C07,Hybrid,169,Db,-0.174319604285425,0.0422094016130595,0.0728619774274603,0.0260280916417064,0
C07,Hybrid,169,Dbc_corrected,-0.208475663551083,0.0762638525360694,0.121518687717265,0.100651961443869,0
C07,Hybrid,169,Dbc_02,-0.208475663551083,0.0762638525360694,0.121518687717265,0.100651961443869,0
C07,Hybrid,170,Db,-0.166318438299002,0.0413090719197744,0.0900415032846412,0.0807140496965526,0
C07,Hybrid,170,Dbc_corrected,-0.204707439112479,0.070386618437004,0.108137589720227,0.0744394764116078,0
C07,Hybrid,170,Dbc_02,-0.204707439112479,0.070386618437004,0.108137589720227,0.0744394764116078,0
C07,Hybrid,171,Db,-0.290315546045226,0.00095393427803613,0.0737829749379593,0.000635423487178068,0
C07,Hybrid,171,Dbc_corrected,-0.386585225401628,0.00126547890226261,0.088027425225476,0.000197037596941954,0
C07,Hybrid,171,Dbc_02,-0.386585225401628,0.00126547890226261,0.088027425225476,0.000197037596941954,0
C07,Hybrid,172,Db,-0.317941873103928,0.00025641903732082,0.0669895473258514,5.91397325471896e-05,0
C07,Hybrid,172,Dbc_corrected,-0.44434485561028,0.000143278601485648,0.0972186117729884,9.59016954159036e-05,0
C07,Hybrid,172,Dbc_02,-0.44434485561028,0.000143278601485648,0.0972186117729884,9.59016954159036e-05,0
C07,Hybrid,173,Db,-0.121809000905595,0.176405291154157,0.0807040754588783,0.144786138801461,0
C07,Hybrid,173,Dbc_corrected,-0.0996275782232132,0.414067640550729,0.09685925177995,0.314341888774426,0
C07,Hybrid,173,Dbc_02,-0.0996275782232132,0.414067640550729,0.09685925177995,0.314341888774426,0
C07,Hybrid,174,Db,-0.136190019817076,0.196825348883461,0.0941104815141667,0.161874848487518,0
C07,Hybrid,174,Dbc_corrected,-0.197831999319831,0.166628364250188,0.132234525711644,0.148734356975575,0
C07,Hybrid,174,Dbc_02,-0.197831999319831,0.166628364250188,0.132234525711644,0.148734356975575,0
C07,Hybrid,175,Db,-0.180052672025363,0.0446492106798371,0.0865712077076216,0.0472763100756262,0
C07,Hybrid,175,Dbc_corrected,-0.254427011950593,0.0373330011924715,0.118201045218338,0.0406341405563092,0
C07,Hybrid,175,Dbc_02,-0.254427011950593,0.0373330011924715,0.118201045218338,0.0406341405563092,0
C07,Hybrid,176,Db,-0.297260400845061,0.00743415714099197,0.09474626719707,0.00436137446134039,0
C07,Hybrid,176,Dbc_corrected,-0.425243807996321,0.00514847280197865,0.130820702615747,0.00329718679302779,0
C07,Hybrid,176,Dbc_02,-0.425243807996321,0.00514847280197865,0.130820702615747,0.00329718679302779,0
C07,Hybrid,177,Db,-0.149551163907562,0.0566429866939441,0.0604352801058792,0.0196856416479995,0
C07,Hybrid,177,Dbc_corrected,-0.237636621582121,0.0290667011895177,0.0915725102360777,0.0150307920111644,0
C07,Hybrid,177,Dbc_02,-0.237636621582121,0.0290667011895177,0.0915725102360777,0.0150307920111644,0
C07,Hybrid,178,Db,-0.116035720175698,0.144587956116968,0.0768913725329708,0.146853325479865,0
C07,Hybrid,178,Dbc_corrected,-0.12578699275447,0.248853405411827,0.103494372291752,0.238657243056417,0
C07,Hybrid,178,Dbc_02,-0.12578699275447,0.248853405411827,0.103494372291752,0.238657243056417,0
C07,Hybrid,179,Db,-0.133994711755961,0.0832247636458651,0.0691269020064269,0.0638276127538959,0
C07,Hybrid,179,Dbc_corrected,-0.206778857213382,0.0531134535203212,0.105305676739411,0.0608243256844602,0
C07,Hybrid,179,Dbc_02,-0.206778857213382,0.0531134535203212,0.105305676739411,0.0608243256844602,0
C07,Hybrid,180,Db,-0.13709012110069,0.0976514993031348,0.080839011350972,0.106586103466059,0
C07,Hybrid,180,Dbc_corrected,-0.0780575369046806,0.48461375502893,0.112142353256616,0.495132819791522,0
C07,Hybrid,180,Dbc_02,-0.0780575369046806,0.48461375502893,0.112142353256616,0.495132819791522,0
C07,Hybrid,181,Db,-0.183754332309272,0.0310347441180245,0.0708809267519408,0.0147235107279826,0
C07,Hybrid,181,Dbc_corrected,-0.311475308056033,0.00693770699577672,0.0988087224896903,0.00373867117891084,0
C07,Hybrid,181,Dbc_02,-0.311475308056033,0.00693770699577672,0.0988087224896903,0.00373867117891084,0
C07,Hybrid,182,Db,-0.152158795983113,0.130898647785986,0.0944612553722884,0.121604495553896,0
C07,Hybrid,182,Dbc_corrected,-0.193031536970251,0.155899120533139,0.132703185656886,0.16014093316387,0
C07,Hybrid,182,Dbc_02,-0.193031536970251,0.155899120533139,0.132703185656886,0.16014093316387,0
C07,Hybrid,183,Db,-0.142178010125044,0.128534717523797,0.0761165037510083,0.0737554254781394,0
C07,Hybrid,183,Dbc_corrected,-0.200101039610726,0.118963517234641,0.101951937434113,0.0611947184356162,0
C07,Hybrid,183,Dbc_02,-0.200101039610726,0.118963517234641,0.101951937434113,0.0611947184356162,0
C07,Hybrid,184,Db,-0.0561580253060412,0.493628976331766,0.0655294663358665,0.398870509335042,0
C07,Hybrid,184,Dbc_corrected,-0.103144258666923,0.363307520446682,0.0887652219137908,0.255293599727619,0
C07,Hybrid,184,Dbc_02,-0.103144258666923,0.363307520446682,0.0887652219137908,0.255293599727619,0
C07,Hybrid,185,Db,0.0434863490601771,0.62494191099452,0.0931608729152541,0.643820905333596,0
C07,Hybrid,185,Dbc_corrected,0.0147697786576412,0.905384551613891,0.143459406586207,0.918643850421003,0
C07,Hybrid,185,Dbc_02,0.0147697786576412,0.905384551613891,0.143459406586207,0.918643850421003,0
C07,Hybrid,186,Db,-0.234111097645605,0.00591677514351547,0.0718350232109861,0.003234148516632,0
C07,Hybrid,186,Dbc_corrected,-0.285380687105041,0.0143279433767386,0.0996851899962412,0.00849589950071319,0
C07,Hybrid,186,Dbc_02,-0.285380687105041,0.0143279433767386,0.0996851899962412,0.00849589950071319,0
C07,Hybrid,187,Db,-0.0992874762925125,0.193837568932614,0.0583213396738479,0.102110438582282,0
C07,Hybrid,187,Dbc_corrected,-0.171712577816435,0.0975803847526357,0.0758234343210191,0.0332012305999488,0
C07,Hybrid,187,Dbc_02,-0.171712577816435,0.0975803847526357,0.0758234343210191,0.0332012305999488,0
C07,Hybrid,188,Db,-0.0882346767731681,0.301100250039654,0.0785642604628682,0.272907136153403,0
C07,Hybrid,188,Dbc_corrected,-0.0678494608199926,0.563735358298874,0.105662172036504,0.526944170436512,0
C07,Hybrid,188,Dbc_02,-0.0678494608199926,0.563735358298874,0.105662172036504,0.526944170436512,0
C07,Hybrid,189,Db,-0.209421698647564,0.0157125237750071,0.0878413846601706,0.0250457914476027,0
C07,Hybrid,189,Dbc_corrected,-0.299447257145766,0.0136826709052197,0.107625159222409,0.010076687319329,0
C07,Hybrid,189,Dbc_02,-0.299447257145766,0.0136826709052197,0.107625159222409,0.010076687319329,0
C07,Hybrid,190,Db,-0.033626688620433,0.696113441751545,0.0840453864084709,0.693678849572233,0
C07,Hybrid,190,Dbc_corrected,-0.0200281925897299,0.86511981690434,0.115315858463657,0.863981497452655,0
C07,Hybrid,190,Dbc_02,-0.0200281925897299,0.86511981690434,0.115315858463657,0.863981497452655,0
C07,Hybrid,191,Db,-0.119797620033853,0.140845135077798,0.0780287969844718,0.141611733997839,0
C07,Hybrid,191,Dbc_corrected,-0.1970489640247,0.0754278857370137,0.092780391619096,0.0476850182335508,0
C07,Hybrid,191,Dbc_02,-0.1970489640247,0.0754278857370137,0.092780391619096,0.0476850182335508,0
C07,Hybrid,192,Db,-0.154084908929841,0.0328358514709463,0.0592149857551536,0.0160220044096531,0
C07,Hybrid,192,Dbc_corrected,-0.299850745609959,0.0032130612788538,0.0811077300036994,0.00119730130823036,0
C07,Hybrid,192,Dbc_02,-0.299850745609959,0.0032130612788538,0.0811077300036994,0.00119730130823036,0
C07,Hybrid,193,Db,-0.217014606329289,0.00467344555205702,0.0949879672452145,0.0313470986642016,0
C07,Hybrid,193,Dbc_corrected,-0.326498249458491,0.00195831214389149,0.118025185995334,0.0107749993453346,0
C07,Hybrid,193,Dbc_02,-0.326498249458491,0.00195831214389149,0.118025185995334,0.0107749993453346,0
C07,Hybrid,194,Db,-0.154910800322875,0.0750006755886172,0.0900667164257446,0.0990442038671918,0
C07,Hybrid,194,Dbc_corrected,-0.236912350433841,0.0458135291265642,0.110954861666076,0.0437211232516694,0
C07,Hybrid,194,Dbc_02,-0.236912350433841,0.0458135291265642,0.110954861666076,0.0437211232516694,0
C07,Hybrid,195,Db,-0.140624888995604,0.105200359220599,0.0765633027784395,0.0766709630413547,0
C07,Hybrid,195,Dbc_corrected,-0.166021955975671,0.16953428265694,0.104651000286465,0.123479252470371,0
C07,Hybrid,195,Dbc_02,-0.166021955975671,0.16953428265694,0.104651000286465,0.123479252470371,0
C07,Hybrid,196,Db,-0.19265289786362,0.012255125989929,0.0799945993705412,0.0228700473557767,0
C07,Hybrid,196,Dbc_corrected,-0.297030738476913,0.00513420673515737,0.113527538723966,0.0142878605429357,0
C07,Hybrid,196,Dbc_02,-0.297030738476913,0.00513420673515737,0.113527538723966,0.0142878605429357,0
C07,Hybrid,197,Db,-0.161110732956963,0.0373325557767539,0.0586297748120401,0.0101152508941767,0
C07,Hybrid,197,Dbc_corrected,-0.271341517947169,0.00971059373991731,0.0801915290993392,0.00202122891755383,0
C07,Hybrid,197,Dbc_02,-0.271341517947169,0.00971059373991731,0.0801915290993392,0.00202122891755383,0
C07,Hybrid,198,Db,-0.173482421431744,0.0523639053188898,0.0963458305265925,0.0840860888882145,0
C07,Hybrid,198,Dbc_corrected,-0.278943401023227,0.0214088880443552,0.131045713105975,0.043353219060199,0
C07,Hybrid,198,Dbc_02,-0.278943401023227,0.0214088880443552,0.131045713105975,0.043353219060199,0
C07,Hybrid,199,Db,-0.11712258715393,0.139130604227977,0.0717559749378846,0.113812146914725,0
C07,Hybrid,199,Dbc_corrected,-0.234276630074917,0.0272290239960087,0.0985191807165085,0.0243817283613673,0
C07,Hybrid,199,Dbc_02,-0.234276630074917,0.0272290239960087,0.0985191807165085,0.0243817283613673,0
C07,Hybrid,200,Db,-0.0391821092586588,0.678051771787329,0.0767256928053553,0.61409443888371,0
C07,Hybrid,200,Dbc_corrected,-0.166778447102155,0.204797429969551,0.100114303804022,0.108307247588119,0
C07,Hybrid,200,Dbc_02,-0.166778447102155,0.204797429969551,0.100114303804022,0.108307247588119,0
C07,Hybrid,201,Db,-0.196263740248368,0.0175215759177818,0.0813502340196654,0.0238135919862044,0
C07,Hybrid,201,Dbc_corrected,-0.260451168254463,0.023162529251539,0.106044368760203,0.0217610933737901,0
C07,Hybrid,201,Dbc_02,-0.260451168254463,0.023162529251539,0.106044368760203,0.0217610933737901,0
C07,Hybrid,202,Db,-0.17286249641605,0.0539881870289657,0.0749266626101222,0.0311565695263619,0
C07,Hybrid,202,Dbc_corrected,-0.261257032119593,0.0308541605419887,0.0996329626028335,0.0158765351652972,0
C07,Hybrid,202,Dbc_02,-0.261257032119593,0.0308541605419887,0.0996329626028335,0.0158765351652972,0
C07,Hybrid,203,Db,-0.126891236106866,0.107106854761773,0.0838991729375778,0.142578373089646,0
C07,Hybrid,203,Dbc_corrected,-0.23640523899493,0.0293595261916175,0.110743945391357,0.0424204210962194,0
C07,Hybrid,203,Dbc_02,-0.23640523899493,0.0293595261916175,0.110743945391357,0.0424204210962194,0
C07,Hybrid,204,Db,-0.0643778377268389,0.425348499383154,0.0829389815656801,0.445481093745161,0
C07,Hybrid,204,Dbc_corrected,-0.130467946078215,0.250183904503815,0.110194401186427,0.248270223418368,0
C07,Hybrid,204,Dbc_02,-0.130467946078215,0.250183904503815,0.110194401186427,0.248270223418368,0
C07,Hybrid,205,Db,-0.148682763930043,0.0708500314427642,0.0654046854488346,0.0336559892487525,0
C07,Hybrid,205,Dbc_corrected,-0.29534716844587,0.00894268051243618,0.0884851548178899,0.00319522861783896,0
C07,Hybrid,205,Dbc_02,-0.29534716844587,0.00894268051243618,0.0884851548178899,0.00319522861783896,0
C07,Hybrid,206,Db,-0.00867741892942291,0.933568981546418,0.093261003606505,0.926654915188774,0
C07,Hybrid,206,Dbc_corrected,-0.0237657009862988,0.865517339918564,0.12924235770168,0.855674118235157,0
C07,Hybrid,206,Dbc_02,-0.0237657009862988,0.865517339918564,0.12924235770168,0.855674118235157,0
C07,Hybrid,207,Db,-0.123035771603665,0.100468087728078,0.0610788507713543,0.0544490530324279,0
C07,Hybrid,207,Dbc_corrected,-0.244089102231368,0.0169322307690281,0.0759833576363832,0.00348268895979483,0
C07,Hybrid,207,Dbc_02,-0.244089102231368,0.0169322307690281,0.0759833576363832,0.00348268895979483,0
C07,Hybrid,208,Db,-0.242580397863699,0.00543470529633048,0.0731682509730437,0.00273962995087902,0
C07,Hybrid,208,Dbc_corrected,-0.352267895658545,0.00313090364674802,0.112982276844645,0.00445936397931698,0
C07,Hybrid,208,Dbc_02,-0.352267895658545,0.00313090364674802,0.112982276844645,0.00445936397931698,0
C07,Hybrid,209,Db,-0.0262001857254606,0.757403666874145,0.0778413510464455,0.739425201724238,0
C07,Hybrid,209,Dbc_corrected,-0.104488426174558,0.364349247138716,0.106332524318698,0.335928870763682,0
C07,Hybrid,209,Dbc_02,-0.104488426174558,0.364349247138716,0.106332524318698,0.335928870763682,0
C07,Hybrid,210,Db,-0.213487552970631,0.0062822021459431,0.092901266493038,0.0313298232607007,0
C07,Hybrid,210,Dbc_corrected,-0.36208242553027,0.000589099120528642,0.130253638416099,0.0109858345482675,0
C07,Hybrid,210,Dbc_02,-0.36208242553027,0.000589099120528642,0.130253638416099,0.0109858345482675,0
C07,Hybrid,211,Db,-0.0830552904155075,0.300388477258387,0.0684602903533233,0.24236642669218,0
C07,Hybrid,211,Dbc_corrected,-0.111824910073268,0.313382861733074,0.0806725403279982,0.183802950507113,0
C07,Hybrid,211,Dbc_02,-0.111824910073268,0.313382861733074,0.0806725403279982,0.183802950507113,0
C07,Hybrid,212,Db,-0.158263970877641,0.0437012249891173,0.0559985660975151,0.00798779430778668,0
C07,Hybrid,212,Dbc_corrected,-0.253591330686732,0.0160562443989075,0.0749188453499157,0.00185418228631852,0
C07,Hybrid,212,Dbc_02,-0.253591330686732,0.0160562443989075,0.0749188453499157,0.00185418228631852,0
C07,Hybrid,213,Db,-0.0973739914726585,0.216942881382779,0.0883975319419163,0.281886970730115,0
C07,Hybrid,213,Dbc_corrected,-0.114377090522484,0.287238509819266,0.119159374210058,0.346821908810215,0
C07,Hybrid,213,Dbc_02,-0.114377090522484,0.287238509819266,0.119159374210058,0.346821908810215,0
C07,Hybrid,214,Db,-0.141302618429307,0.0865351659791369,0.0906234146762558,0.1327688257916,0
C07,Hybrid,214,Dbc_corrected,-0.245797089384179,0.0286837965967866,0.109059794509531,0.0342251113897237,0
C07,Hybrid,214,Dbc_02,-0.245797089384179,0.0286837965967866,0.109059794509531,0.0342251113897237,0
C07,Hybrid,215,Db,-0.0614623345580123,0.511010425457757,0.0937211098993994,0.519110285648193,0
C07,Hybrid,215,Dbc_corrected,-0.0958933413700298,0.456846247280291,0.115448778187473,0.415527257838262,0
C07,Hybrid,215,Dbc_02,-0.0958933413700298,0.456846247280291,0.115448778187473,0.415527257838262,0
C07,Hybrid,216,Db,-0.211255479898013,0.0162507809128938,0.0966579898078027,0.0410059982578814,0
C07,Hybrid,216,Dbc_corrected,-0.283943552245288,0.0185354712065292,0.130256987929018,0.0413452408245577,0
C07,Hybrid,216,Dbc_02,-0.283943552245288,0.0185354712065292,0.130256987929018,0.0413452408245577,0
C07,Hybrid,217,Db,-0.269770783376759,0.00246728805765726,0.0819568404749369,0.00283924991804661,0
C07,Hybrid,217,Dbc_corrected,-0.375498595777682,0.00201181282648057,0.108622766334551,0.00189145774941482,0
C07,Hybrid,217,Dbc_02,-0.375498595777682,0.00201181282648057,0.108622766334551,0.00189145774941482,0
C07,Hybrid,218,Db,-0.256161708371071,0.0016874821805443,0.0850288014760593,0.00659747656174239,0
C07,Hybrid,218,Dbc_corrected,-0.383176377823459,0.000701829037767806,0.120645898788431,0.00453979983706598,0
C07,Hybrid,218,Dbc_02,-0.383176377823459,0.000701829037767806,0.120645898788431,0.00453979983706598,0
C07,Hybrid,219,Db,-0.156406188677692,0.0313376824658773,0.0639009511590073,0.0241029017510276,0
C07,Hybrid,219,Dbc_corrected,-0.230801880933824,0.0205374910126352,0.0940217028069296,0.0235094784981322,0
C07,Hybrid,219,Dbc_02,-0.230801880933824,0.0205374910126352,0.0940217028069296,0.0235094784981322,0
C07,Hybrid,220,Db,0.0191882861478971,0.824831227860847,0.0928870855374756,0.838504434657485,0
C07,Hybrid,220,Dbc_corrected,-0.0398286208892852,0.733736251076375,0.130263108973578,0.763023037672883,0
C07,Hybrid,220,Dbc_02,-0.0398286208892852,0.733736251076375,0.130263108973578,0.763023037672883,0
C07,Hybrid,221,Db,-0.075180897930059,0.418560572076504,0.0984584613421615,0.452721106307611,0
C07,Hybrid,221,Dbc_corrected,-0.23134730427921,0.0701781434494968,0.115441713376943,0.0566969030595649,0
C07,Hybrid,221,Dbc_02,-0.23134730427921,0.0701781434494968,0.115441713376943,0.0566969030595649,0
C07,Hybrid,222,Db,-0.120915383680685,0.1525059378105,0.0789203823315244,0.137367250678482,0
C07,Hybrid,222,Dbc_corrected,-0.279713840101818,0.0138572340109458,0.109034615897394,0.0163383918461915,0
C07,Hybrid,222,Dbc_02,-0.279713840101818,0.0138572340109458,0.109034615897394,0.0163383918461915,0
C07,Hybrid,223,Db,-0.164468896243072,0.0591885645676251,0.0649702339879461,0.0179769862546837,0
C07,Hybrid,223,Dbc_corrected,-0.209651101580587,0.0811844011602446,0.0875955005409329,0.0245453203779857,0
C07,Hybrid,223,Dbc_02,-0.209651101580587,0.0811844011602446,0.0875955005409329,0.0245453203779857,0
C07,Hybrid,224,Db,-0.22144359392738,0.00578593118441794,0.0772862795847227,0.00995726503303775,0
C07,Hybrid,224,Dbc_corrected,-0.378925267904501,0.000411945264433471,0.098729828058493,0.00114816161458821,0
C07,Hybrid,224,Dbc_02,-0.378925267904501,0.000411945264433471,0.098729828058493,0.00114816161458821,0
C07,Hybrid,225,Db,-0.0545025672675379,0.441598324161685,0.0749572476335371,0.473919796672023,0
C07,Hybrid,225,Dbc_corrected,-0.146268041618956,0.136394629655295,0.100986324740316,0.159865077822577,0
C07,Hybrid,225,Dbc_02,-0.146268041618956,0.136394629655295,0.100986324740316,0.159865077822577,0
C07,Hybrid,226,Db,-0.0750836189223503,0.348381898858321,0.0772534178278541,0.343010421771247,0
C07,Hybrid,226,Dbc_corrected,-0.132051343804969,0.21808638998255,0.128268879096153,0.31561107086341,0
C07,Hybrid,226,Dbc_02,-0.132051343804969,0.21808638998255,0.128268879096153,0.31561107086341,0
C07,Hybrid,227,Db,-0.104674538423866,0.261683288761762,0.0885001516437246,0.24969417136165,0
C07,Hybrid,227,Dbc_corrected,-0.294854393100623,0.0205753869840481,0.11872824340599,0.0213611639323756,0
C07,Hybrid,227,Dbc_02,-0.294854393100623,0.0205753869840481,0.11872824340599,0.0213611639323756,0
C07,Hybrid,228,Db,-0.110812875866589,0.156997973106655,0.0587859222527533,0.0730261909392402,0
C07,Hybrid,228,Dbc_corrected,-0.19084191391683,0.0762063040839632,0.0985448161094198,0.0663253683489301,0
C07,Hybrid,228,Dbc_02,-0.19084191391683,0.0762063040839632,0.0985448161094198,0.0663253683489301,0
C07,Hybrid,229,Db,-0.0960643009388657,0.308548477130093,0.0896007461348111,0.294896294654423,0
C07,Hybrid,229,Dbc_corrected,-0.106946759295015,0.406647306245524,0.105544215548677,0.321639181582589,0
C07,Hybrid,229,Dbc_02,-0.106946759295015,0.406647306245524,0.105544215548677,0.321639181582589,0
C07,Hybrid,230,Db,-0.170889445262698,0.0541254712135601,0.0845094205287047,0.0545864917287289,0
C07,Hybrid,230,Dbc_corrected,-0.270123854585712,0.0259454059001126,0.119276832974348,0.0330774492500165,0
C07,Hybrid,230,Dbc_02,-0.270123854585712,0.0259454059001126,0.119276832974348,0.0330774492500165,0
C07,Hybrid,231,Db,-0.108543198984062,0.193173174491174,0.079417848928741,0.183568069100729,0
C07,Hybrid,231,Dbc_corrected,-0.172922424663622,0.124778755965506,0.0999810917855951,0.0958067825595873,0
C07,Hybrid,231,Dbc_02,-0.172922424663622,0.124778755965506,0.0999810917855951,0.0958067825595873,0
C07,Hybrid,232,Db,-0.250462558550904,0.00266273269914464,0.0931827096525287,0.0142736494383577,0
C07,Hybrid,232,Dbc_corrected,-0.345310620340727,0.00278969130421296,0.113268586908437,0.00642929373287684,0
C07,Hybrid,232,Dbc_02,-0.345310620340727,0.00278969130421296,0.113268586908437,0.00642929373287684,0
C07,Hybrid,233,Db,-0.186329641930623,0.0417694959424535,0.0871780031221393,0.0414240456767217,0
C07,Hybrid,233,Dbc_corrected,-0.319889235204226,0.0103305156931638,0.127160444393846,0.017853337196564,0
C07,Hybrid,233,Dbc_02,-0.319889235204226,0.0103305156931638,0.127160444393846,0.017853337196564,0
C07,Hybrid,234,Db,-0.174295318239325,0.0236022616415778,0.0556426062269521,0.00618010531019259,0
C07,Hybrid,234,Dbc_corrected,-0.231430573860279,0.0282790071491623,0.0745785735485498,0.00667166639913058,0
C07,Hybrid,234,Dbc_02,-0.231430573860279,0.0282790071491623,0.0745785735485498,0.00667166639913058,0
C07,Hybrid,235,Db,0.0260411281723287,0.748025393414234,0.0587329061029567,0.661864255550608,0
C07,Hybrid,235,Dbc_corrected,-0.0341076473442057,0.761456725405336,0.0950786653330757,0.723178807062861,0
C07,Hybrid,235,Dbc_02,-0.0341076473442057,0.761456725405336,0.0950786653330757,0.723178807062861,0
C07,Hybrid,236,Db,-0.109876333135867,0.219998680478269,0.0661297481210436,0.10873816679713,0
C07,Hybrid,236,Dbc_corrected,-0.230891444631034,0.0564540795662762,0.0918490636234889,0.018590285859367,0
C07,Hybrid,236,Dbc_02,-0.230891444631034,0.0564540795662762,0.0918490636234889,0.018590285859367,0
C07,Hybrid,237,Db,-0.0908353258417391,0.242965574389623,0.0678339557290922,0.194205869091381,0
C07,Hybrid,237,Dbc_corrected,-0.107357675646389,0.312503558022092,0.100458946459942,0.296722566210953,0
C07,Hybrid,237,Dbc_02,-0.107357675646389,0.312503558022092,0.100458946459942,0.296722566210953,0
C07,Hybrid,238,Db,-0.0929692615311819,0.258250818065801,0.0931114594820093,0.334766937216106,0
C07,Hybrid,238,Dbc_corrected,-0.086034380863991,0.440931090935254,0.12745617340654,0.510129518120568,0
C07,Hybrid,238,Dbc_02,-0.086034380863991,0.440931090935254,0.12745617340654,0.510129518120568,0
C07,Hybrid,239,Db,-0.181974494159722,0.033977413392334,0.0870798793758429,0.0478709376574643,0
C07,Hybrid,239,Dbc_corrected,-0.2662584765903,0.0242250762510806,0.108650806160565,0.02229519191527,0
C07,Hybrid,239,Dbc_02,-0.2662584765903,0.0242250762510806,0.108650806160565,0.02229519191527,0
C07,Hybrid,240,Db,-0.0881796140403637,0.326095894030252,0.0785897330046946,0.277982277972468,0
C07,Hybrid,240,Dbc_corrected,-0.194084370295064,0.112921433373458,0.112323616464129,0.102086820687814,0
C07,Hybrid,240,Dbc_02,-0.194084370295064,0.112921433373458,0.112323616464129,0.102086820687814,0
C07,Hybrid,241,Db,-0.177060532641621,0.0262851538871287,0.0726569608419045,0.0206882958372245,0
C07,Hybrid,241,Dbc_corrected,-0.358527315715626,0.000829511617214473,0.102217056757766,0.00141000281412897,0
C07,Hybrid,241,Dbc_02,-0.358527315715626,0.000829511617214473,0.102217056757766,0.00141000281412897,0
C07,Hybrid,242,Db,-0.181702866938277,0.0293641988698595,0.0812196484370329,0.0384454361530568,0
C07,Hybrid,242,Dbc_corrected,-0.224516972765992,0.052656935272768,0.103672258275884,0.0443743642899838,0
C07,Hybrid,242,Dbc_02,-0.224516972765992,0.052656935272768,0.103672258275884,0.0443743642899838,0
C07,Hybrid,243,Db,-0.150058767398533,0.0406872148527694,0.0752587231952935,0.0583875897045038,0
C07,Hybrid,243,Dbc_corrected,-0.188192367557919,0.0539706668087106,0.092744092466332,0.0544322510994809,0
C07,Hybrid,243,Dbc_02,-0.188192367557919,0.0539706668087106,0.092744092466332,0.0544322510994809,0
C07,Hybrid,244,Db,-0.258307657196039,0.00108655095598251,0.077617972031214,0.00288758089332043,0
C07,Hybrid,244,Dbc_corrected,-0.377614515911116,0.000539986075335877,0.0908672331370588,0.00038030378142698,0
C07,Hybrid,244,Dbc_02,-0.377614515911116,0.000539986075335877,0.0908672331370588,0.00038030378142698,0
C07,Hybrid,245,Db,-0.186130861393562,0.0157706079480461,0.0703499018827177,0.0133384216103796,0
C07,Hybrid,245,Dbc_corrected,-0.215212551766469,0.044414639729653,0.105044748694975,0.0503304580488534,0
C07,Hybrid,245,Dbc_02,-0.215212551766469,0.044414639729653,0.105044748694975,0.0503304580488534,0
C07,Hybrid,246,Db,-0.229538346049416,0.0035799115561025,0.0691101524482107,0.00372202232491377,0
C07,Hybrid,246,Dbc_corrected,-0.332528338267577,0.00202456882366092,0.0864563876553311,0.00116748154204019,0
C07,Hybrid,246,Dbc_02,-0.332528338267577,0.00202456882366092,0.0864563876553311,0.00116748154204019,0
C07,Hybrid,247,Db,-0.214933965622136,0.0208044282869925,0.0839695782669754,0.0188265916254948,0
C07,Hybrid,247,Dbc_corrected,-0.308600084800641,0.0171700956821126,0.101641809813264,0.00654546499300163,0
C07,Hybrid,247,Dbc_02,-0.308600084800641,0.0171700956821126,0.101641809813264,0.00654546499300163,0
C07,Hybrid,248,Db,-0.0819199426458925,0.296617687139115,0.0809904694162411,0.322047608180922,0
C07,Hybrid,248,Dbc_corrected,-0.163869988028865,0.131614969055226,0.10933359082811,0.147530079650781,0
C07,Hybrid,248,Dbc_02,-0.163869988028865,0.131614969055226,0.10933359082811,0.147530079650781,0
C07,Hybrid,249,Db,-0.195994374951782,0.0169510802124392,0.075835636648479,0.01811790795942,0
C07,Hybrid,249,Dbc_corrected,-0.231164394527374,0.0377613054181784,0.107147313818951,0.0436061133549497,0
C07,Hybrid,249,Dbc_02,-0.231164394527374,0.0377613054181784,0.107147313818951,0.0436061133549497,0
C07,Hybrid,250,Db,-0.214264106013718,0.00559026995450537,0.0587164557603941,0.00176072303745224,0
C07,Hybrid,250,Dbc_corrected,-0.323402791216406,0.00230001926481564,0.0893170169781429,0.00187113840171179,0
C07,Hybrid,250,Dbc_02,-0.323402791216406,0.00230001926481564,0.0893170169781429,0.00187113840171179,0
C07,CO,1,Db,-0.367813168997438,0.000185506619358505,0.0791264452856346,0.000111789063586635,0
C07,CO,1,Dbc_corrected,-0.389729619471376,0.000158573055605073,0.0838941292727732,0.000106608452972925,0
C07,CO,1,Dbc_02,-0.425346587069235,0.00109861416401504,0.0935991470984688,0.000603869651949589,35
C07,CO,2,Db,-0.420409547408717,0.000274200424041256,0.122744016095,0.00203904805489797,0
C07,CO,2,Dbc_corrected,-0.421450990979826,0.000461963155203413,0.131190715318096,0.00343101994723576,0
C07,CO,2,Dbc_02,-0.625121595676059,0.000218965103751491,0.203858691300641,0.010177847279702,35
C07,CO,3,Db,-0.156965627610829,0.167293692643344,0.102419816265133,0.138384413593531,0
C07,CO,3,Dbc_corrected,-0.186241017481272,0.111033087525535,0.108881077732813,0.100471984088246,0
C07,CO,3,Dbc_02,-0.297313310957454,0.100532216607557,0.18622404526946,0.133687267255668,35
C07,CO,4,Db,-0.230326063518963,0.0166406127836363,0.0957480367171002,0.0232474837726687,0
C07,CO,4,Dbc_corrected,-0.244300255495944,0.014451660150525,0.0952870259851136,0.0163282795279297,0
C07,CO,4,Dbc_02,-0.241421297797605,0.0786134452915742,0.146752599757227,0.119118039747037,35
C07,CO,5,Db,-0.133007875061347,0.188939455163192,0.106676877005351,0.224989097161482,0
C07,CO,5,Dbc_corrected,-0.144707041336587,0.17340080017302,0.11137573490105,0.206253832965144,0
C07,CO,5,Dbc_02,-0.247801494722135,0.0622706751634968,0.139094546701655,0.0979231146648032,35
C07,CO,6,Db,-0.307910761058542,0.00512205533347292,0.0873174764697685,0.00137165171033102,0
C07,CO,6,Dbc_corrected,-0.299203408033555,0.00937327641325062,0.0914658301628462,0.0027218151216692,0
C07,CO,6,Dbc_02,-0.571833168348577,0.000392544420613831,0.145359964327959,0.00104547659912597,35
C07,CO,7,Db,-0.0670966119082614,0.550300112799369,0.103919870570195,0.523430128095704,0
C07,CO,7,Dbc_corrected,-0.0795341085458366,0.4950831577911,0.10819499120092,0.468029874674076,0
C07,CO,7,Dbc_02,-0.135875784012408,0.422016612396773,0.171840779276007,0.44177803497576,35
C07,CO,8,Db,-0.319771223580895,0.00646834608181156,0.104815045366582,0.00509431146479975,0
C07,CO,8,Dbc_corrected,-0.334901824553504,0.00556762988283109,0.108836532939714,0.00479006611880694,0
C07,CO,8,Dbc_02,-0.380374052198744,0.0514257490205372,0.108520165405917,0.00526529473005928,35
C07,CO,9,Db,-0.19830558257562,0.0390307191779788,0.0896371089024461,0.0367781992415333,0
C07,CO,9,Dbc_corrected,-0.214132269409128,0.0322840708105063,0.0959945766733906,0.0350099184758359,0
C07,CO,9,Dbc_02,-0.166454442921581,0.213196507523842,0.114323180927647,0.173171000673983,35
C07,CO,10,Db,-0.246510063161806,0.0487249724233691,0.10977216530834,0.0349837898790221,0
C07,CO,10,Dbc_corrected,-0.252659827535766,0.054258133311979,0.113341437005766,0.0358153258698377,0
C07,CO,10,Dbc_02,-0.179166988836392,0.319132092455762,0.182112961848231,0.348246841830983,35
C07,CO,11,Db,-0.141099815770298,0.229462996846666,0.146815421499003,0.346827607584655,0
C07,CO,11,Dbc_corrected,-0.154428288917645,0.206303697300034,0.155926228444757,0.33283650117529,0
C07,CO,11,Dbc_02,-0.209074682186042,0.223867447371175,0.182072947513241,0.272826929743425,35
C07,CO,12,Db,0.0192576724526478,0.861087805166998,0.0913480047507728,0.834521255504286,0
C07,CO,12,Dbc_corrected,0.0324287903938124,0.775990776038645,0.0923139294772867,0.727980560915774,0
C07,CO,12,Dbc_02,0.126531015040807,0.433320041877894,0.177837269746867,0.487302180381771,35
C07,CO,13,Db,-0.477450580584227,9.17445254583696e-06,0.115467562452075,0.000598433369501459,0
C07,CO,13,Dbc_corrected,-0.492930114709241,1.07255340824525e-05,0.120490399637777,0.000686039671178395,0
C07,CO,13,Dbc_02,-0.412652692106427,0.0102651845348084,0.213582214975213,0.0813435134905213,35
C07,CO,14,Db,-0.173084677419788,0.123259363612323,0.108690683152525,0.127157223936866,0
C07,CO,14,Dbc_corrected,-0.193679356509256,0.0971966408090934,0.106812049687275,0.0854408497001432,0
C07,CO,14,Dbc_02,-0.0881183591022534,0.625668471777754,0.205783459950611,0.677604721102429,35
C07,CO,15,Db,-0.228881133414232,0.0579841716995731,0.11649357446115,0.0618298538595462,0
C07,CO,15,Dbc_corrected,-0.239976242935692,0.0563628321952708,0.117854083905694,0.0534816982890847,0
C07,CO,15,Dbc_02,-0.18994337983682,0.312151654952642,0.184169542748217,0.324960861783424,35
C07,CO,16,Db,-0.354119841315256,0.000652307378240472,0.086674032015868,0.000490034757202359,0
C07,CO,16,Dbc_corrected,-0.355133452095551,0.000982149962764939,0.0885807498441525,0.000650487812548505,0
C07,CO,16,Dbc_02,-0.361029202558861,0.0325434623518259,0.144124095658333,0.024248127731668,35
C07,CO,17,Db,-0.142567999258274,0.177553755569612,0.0776071330922935,0.0824414310335894,0
C07,CO,17,Dbc_corrected,-0.150928515344724,0.169733959057719,0.0780904475345661,0.0684469070205687,0
C07,CO,17,Dbc_02,-0.139356634327641,0.361468498196502,0.132602866004647,0.323966140573641,35
C07,CO,18,Db,-0.371301756505194,0.000451469921597314,0.143872699773103,0.0165020011228763,0
C07,CO,18,Dbc_corrected,-0.403484203687979,0.00025084795357644,0.145803202296124,0.0107241900387891,0
C07,CO,18,Dbc_02,-0.38068850508808,0.00848528051466028,0.225819794836841,0.115295671296911,35
C07,CO,19,Db,-0.321788332488014,0.00634476960953763,0.101560092006856,0.00354525651818731,0
C07,CO,19,Dbc_corrected,-0.33667615192421,0.00613224401298915,0.107902332956207,0.00397363010382768,0
C07,CO,19,Dbc_02,-0.312429229590244,0.052980765690537,0.118700687814692,0.0185789057059501,35
C07,CO,20,Db,-0.161656890566912,0.130528570859916,0.136117427130683,0.246191050859551,0
C07,CO,20,Dbc_corrected,-0.161998707569686,0.144883187040422,0.141049110358491,0.261433265515401,0
C07,CO,20,Dbc_02,-0.0588565796509599,0.709891264135801,0.169436627942818,0.73437983135015,35
C07,CO,21,Db,-0.118457390293605,0.246984840422399,0.0924794039064245,0.213203463410856,0
C07,CO,21,Dbc_corrected,-0.152752553819184,0.154072236714469,0.0970507309447209,0.129520224356892,0
C07,CO,21,Dbc_02,-0.279817889849214,0.0554806096190378,0.158807005736242,0.102493991552121,35
C07,CO,22,Db,-0.139780395488935,0.221777899226319,0.121370745236915,0.259668352046634,0
C07,CO,22,Dbc_corrected,-0.162076689939675,0.175458623707151,0.123349479708637,0.199943655342604,0
C07,CO,22,Dbc_02,-0.163248744097845,0.322167149579651,0.213689182733038,0.456862827180252,35
C07,CO,23,Db,-0.126665055062392,0.223701736998039,0.114530397033361,0.279436373395465,0
C07,CO,23,Dbc_corrected,-0.140083631869647,0.198822032513655,0.126143069655203,0.277727023198021,0
C07,CO,23,Dbc_02,-0.207008727072526,0.173970276705347,0.167311483345577,0.236223834032641,35
C07,CO,24,Db,-0.328274864295001,0.00167598358039367,0.11032401499659,0.00839084164374409,0
C07,CO,24,Dbc_corrected,-0.334634232437054,0.00243454931538058,0.113299326021158,0.00839275988841166,0
C07,CO,24,Dbc_02,-0.394168012350328,0.00275986751798418,0.128412839458846,0.0126955434830105,35
C07,CO,25,Db,-0.202270146603657,0.041987245791124,0.100255394614711,0.0514663728004206,0
C07,CO,25,Dbc_corrected,-0.197056989468544,0.0559947275216243,0.105613299703077,0.070676277076296,0
C07,CO,25,Dbc_02,-0.389743143991601,0.0133122935803251,0.13677592098568,0.0117484795114507,35
C07,CO,26,Db,-0.115718236490378,0.246974295508485,0.0977164739368829,0.248891613621767,0
C07,CO,26,Dbc_corrected,-0.126322899233113,0.224371190654674,0.106744119118393,0.248706632341179,0
C07,CO,26,Dbc_02,-0.112195984314182,0.429081873467449,0.128273108334691,0.403416506061403,35
C07,CO,27,Db,-0.311107390567592,0.00385170562796425,0.0826625888139619,0.000919681115724488,0
C07,CO,27,Dbc_corrected,-0.313532357963397,0.0047643158521289,0.0864046604471288,0.00135004000860293,0
C07,CO,27,Dbc_02,-0.217966261313448,0.173295156643742,0.138445966518134,0.135320266274469,35
C07,CO,28,Db,-0.067438441856777,0.484168131420867,0.110278359022909,0.546276116073189,0
C07,CO,28,Dbc_corrected,-0.0707628218707701,0.479348677468604,0.11409770443144,0.540710160915036,0
C07,CO,28,Dbc_02,-0.255233229859752,0.0602859007006032,0.173825776117343,0.163298701287388,35
C07,CO,29,Db,-0.494017775125619,0.00010012250817976,0.13236924945106,0.000905636175054882,0
C07,CO,29,Dbc_corrected,-0.491943109429519,0.00016825744240911,0.141767418521478,0.00181870385740166,0
C07,CO,29,Dbc_02,-0.470540007092523,0.0264546587748371,0.192355476114816,0.0305211750681346,35
C07,CO,30,Db,-0.310423870409588,0.00776783451894537,0.150501924957646,0.0502769322526991,0
C07,CO,30,Dbc_corrected,-0.34171783038326,0.00483035366644862,0.154883301364703,0.0369321280211099,0
C07,CO,30,Dbc_02,-0.478941325174228,0.00449958762514192,0.220278085033223,0.0559786730340169,35
C07,CO,31,Db,-0.342233377508197,0.000787221083935546,0.107724990846929,0.00413762402100282,0
C07,CO,31,Dbc_corrected,-0.384234979574881,0.000308364890651285,0.112652489164161,0.00222636845784579,0
C07,CO,31,Dbc_02,-0.189568717050111,0.173234530357081,0.127741204696695,0.165666337209172,35
C07,CO,32,Db,-0.206855413960624,0.057551490204271,0.119417897126234,0.0944764021560306,0
C07,CO,32,Dbc_corrected,-0.206961831564801,0.0634692496368642,0.119636613037795,0.0951802499722456,0
C07,CO,32,Dbc_02,-0.298940688959667,0.105340735296699,0.18243879506969,0.125840630588694,35
C07,CO,33,Db,-0.242948487929787,0.010537088519195,0.0843303309429913,0.00904075446564174,0
C07,CO,33,Dbc_corrected,-0.236372335566785,0.0163181586166244,0.0902990799992076,0.0168052801577267,0
C07,CO,33,Dbc_02,-0.164339464315255,0.284289168349604,0.13679562013557,0.247998922967567,35
C07,CO,34,Db,-0.261807815139568,0.0266800765543682,0.0939284083185322,0.0123226108732341,0
C07,CO,34,Dbc_corrected,-0.28567920357579,0.0217026096882494,0.107920680136757,0.0160328706784808,0
C07,CO,34,Dbc_02,-0.31712612048324,0.0346444114990605,0.115562638955447,0.0215703760789137,35
C07,CO,35,Db,-0.37597782279282,0.000355655498005232,0.106103189686505,0.00195931849329026,0
C07,CO,35,Dbc_corrected,-0.377939059077614,0.000615172877886522,0.115277804900473,0.00345193207019615,0
C07,CO,35,Dbc_02,-0.324128631667057,0.0316448329186107,0.185811861621251,0.115590465467964,35
C07,CO,36,Db,-0.168491803788376,0.110233972241508,0.0827435065125597,0.0526833113532878,0
C07,CO,36,Dbc_corrected,-0.177781625852942,0.100129557378729,0.0894086216025577,0.058396292989167,0
C07,CO,36,Dbc_02,-0.353999095461365,0.0515277572685106,0.154982393971114,0.0425561318306254,35
C07,CO,37,Db,-0.153744938621967,0.173733046237811,0.0928676256877698,0.110209349681177,0
C07,CO,37,Dbc_corrected,-0.148510428380057,0.208226877892183,0.100839884808546,0.153597142273962,0
C07,CO,37,Dbc_02,-0.259726749651859,0.135946346318334,0.141866643690979,0.0901163941638729,35
C07,CO,38,Db,-0.272057266588565,0.0150555629880008,0.11178105226389,0.0234579850383283,0
C07,CO,38,Dbc_corrected,-0.292141457244138,0.0113772421517432,0.116702786609573,0.0206714251448,0
C07,CO,38,Dbc_02,-0.284805808741199,0.147062110142261,0.233694203124377,0.244683403101714,35
C07,CO,39,Db,-0.116273580866589,0.216343402850562,0.111800370811043,0.305983035548346,0
C07,CO,39,Dbc_corrected,-0.123608884119904,0.201629132552444,0.113742933794354,0.285162675488761,0
C07,CO,39,Dbc_02,-0.280728016181633,0.0654394753640667,0.171792270896753,0.126221081470185,35
C07,CO,40,Db,-0.290804136762495,0.0018221656141263,0.0923664164135007,0.00485523598591557,0
C07,CO,40,Dbc_corrected,-0.302335133142569,0.00169210773184964,0.0946047781910649,0.0043803266616959,0
C07,CO,40,Dbc_02,-0.309010986674411,0.0414664203594903,0.18067346421605,0.122511602599462,35
C07,CO,41,Db,-0.406681730623148,0.000373876181730723,0.102397993844588,0.000461169722226864,0
C07,CO,41,Dbc_corrected,-0.405124792516473,0.000566014517864838,0.104010723849337,0.000590835574030135,0
C07,CO,41,Dbc_02,-0.391502670018167,0.0483288436225059,0.178813513361169,0.0462939823833175,35
C07,CO,42,Db,-0.0730278382750184,0.483681636663093,0.0693800183681583,0.307273407197501,0
C07,CO,42,Dbc_corrected,-0.0490628640380065,0.65171582466152,0.0741516561006199,0.516671436971135,0
C07,CO,42,Dbc_02,-0.171816659554025,0.256451697960996,0.121576221531702,0.200427538803442,35
C07,CO,43,Db,-0.198974504432358,0.0504582516462472,0.118714045522012,0.106893808541342,0
C07,CO,43,Dbc_corrected,-0.206174860219403,0.0521963167716634,0.123369215942311,0.107788058468122,0
C07,CO,43,Dbc_02,-0.131692137980242,0.373935921581953,0.170391530767178,0.454658343933902,35
C07,CO,44,Db,-0.146625972448545,0.20298949175616,0.104257469869686,0.181048972636054,0
C07,CO,44,Dbc_corrected,-0.117057598537187,0.337010937943176,0.110536006941049,0.305795885491204,0
C07,CO,44,Dbc_02,-0.257478138316016,0.088499628083175,0.113259875883607,0.0577350640754377,35
C07,CO,45,Db,-0.0593136441760687,0.584353723369648,0.106667349801534,0.583206955655982,0
C07,CO,45,Dbc_corrected,-0.0437825116983193,0.69895019827866,0.108865384993697,0.690949199929536,0
C07,CO,45,Dbc_02,-0.0617460355940777,0.692239667746486,0.184379576334226,0.743617054219732,35
C07,CO,46,Db,-0.0447258940444408,0.70002754923645,0.145712871083003,0.761278554811192,0
C07,CO,46,Dbc_corrected,-0.0483746711370633,0.687260715478976,0.152267985218412,0.753279127405197,0
C07,CO,46,Dbc_02,0.27989822669531,0.100559514043947,0.253918426364392,0.286406492316106,35
C07,CO,47,Db,-0.285897249548273,0.00211759101653725,0.074868622005365,0.000894956621656736,0
C07,CO,47,Dbc_corrected,-0.289163160114574,0.00329938849382874,0.0838946539509821,0.00217917866248068,0
C07,CO,47,Dbc_02,-0.324089342596581,0.00742407680740362,0.083776406922071,0.00173482830712614,35
C07,CO,48,Db,-0.256448442739827,0.0112889810204518,0.115858312708483,0.0387591992651694,0
C07,CO,48,Dbc_corrected,-0.282228864727873,0.00697298293568029,0.123128745298948,0.0333897006742618,0
C07,CO,48,Dbc_02,-0.285282821262833,0.0807417767728135,0.176799074440201,0.137862655386669,35
C07,CO,49,Db,-0.341363321176167,0.000576283704239974,0.0871780333278109,0.00114519871913438,0
C07,CO,49,Dbc_corrected,-0.355635734191232,0.000442647160937905,0.0882022752698734,0.000987787196810257,0
C07,CO,49,Dbc_02,-0.29870322887146,0.119092547184528,0.215610683491584,0.188876319286683,35
C07,CO,50,Db,-0.189760678903426,0.0463117656607171,0.0987754846256897,0.0642666047871042,0
C07,CO,50,Dbc_corrected,-0.192275131935913,0.0536902717664344,0.099702200345476,0.0633825643671542,0
C07,CO,50,Dbc_02,-0.299901149308373,0.0264825553203129,0.13693998848193,0.042326592315439,35
C07,CO,51,Db,-0.222821351532046,0.0456556458121248,0.126333094784156,0.0880743115109889,0
C07,CO,51,Dbc_corrected,-0.217746045955087,0.0561395263818388,0.131040186595001,0.107616577096415,0
C07,CO,51,Dbc_02,-0.486559461612139,0.0138080185251023,0.197320266053414,0.0245194387183009,35
C07,CO,52,Db,-0.228696575061991,0.0305970164191191,0.10095870057502,0.0365903801955733,0
C07,CO,52,Dbc_corrected,-0.255781899108794,0.0216563584396113,0.1057774606576,0.0262344546762189,0
C07,CO,52,Dbc_02,-0.145265110100865,0.304620667959115,0.133079882436109,0.304089760938169,35
C07,CO,53,Db,-0.171676488273229,0.0685438877855553,0.0962749603292165,0.0881790193182794,0
C07,CO,53,Dbc_corrected,-0.190587266567604,0.051082359545044,0.10203537041808,0.0748820803055108,0
C07,CO,53,Dbc_02,-0.343255169723283,0.0101044897538909,0.151428363677931,0.0437008587844971,35
C07,CO,54,Db,-0.301103248775829,0.00113500114451631,0.0832192386872589,0.00113450905505719,0
C07,CO,54,Dbc_corrected,-0.311657783586462,0.00120954751219858,0.084980907761734,0.00102766399526441,0
C07,CO,54,Dbc_02,-0.0973558721205419,0.527792303905612,0.134572506470398,0.482311465582708,35
C07,CO,55,Db,-0.206320005447396,0.0473250551988547,0.103634446506153,0.0582221910745237,0
C07,CO,55,Dbc_corrected,-0.22469324039118,0.041201653836406,0.112487945301175,0.0569560476288326,0
C07,CO,55,Dbc_02,-0.0963552195787006,0.479385799644624,0.119940577452282,0.435336951258813,35
C07,CO,56,Db,-0.0115214721617251,0.910457586978384,0.104897105064044,0.913428816018727,0
C07,CO,56,Dbc_corrected,-0.0296483649705909,0.781308015361684,0.10974756344506,0.789294957233208,0
C07,CO,56,Dbc_02,0.0160669297491329,0.911673415943901,0.102142998517465,0.877361748848611,35
C07,CO,57,Db,-0.263127874257666,0.0094286327502809,0.0806748081248255,0.00293142883007168,0
C07,CO,57,Dbc_corrected,-0.274997424234757,0.00879609230551486,0.0873846163847787,0.00394971069378228,0
C07,CO,57,Dbc_02,-0.204485600450739,0.188817800060058,0.159688613715714,0.221658949873327,35
C07,CO,58,Db,-0.342379146799173,0.00148319898729494,0.0931486404141185,0.00127281462739356,0
C07,CO,58,Dbc_corrected,-0.355020856951092,0.00183561430705594,0.102612987157759,0.00202813057757447,0
C07,CO,58,Dbc_02,-0.277622584469348,0.043911456294814,0.12900213916499,0.0514759441648089,35
C07,CO,59,Db,-0.313326173740032,0.00217478873796682,0.0804625856698974,0.000740876760845841,0
C07,CO,59,Dbc_corrected,-0.331819549303905,0.00164965925924685,0.0845285920617354,0.00073481276787445,0
C07,CO,59,Dbc_02,-0.437534146643475,0.00763300413127025,0.128639370084062,0.00405099208517223,35
C07,CO,60,Db,-0.32046816782429,0.00406211518910219,0.128171548377784,0.0192153000780162,0
C07,CO,60,Dbc_corrected,-0.351124914709864,0.00237204623317742,0.132533325893483,0.0139659716666371,0
C07,CO,60,Dbc_02,-0.0261149681827059,0.884637391880435,0.143597194136961,0.858021270645598,35
C07,CO,61,Db,-0.150732268438271,0.1489020307374,0.111356154968193,0.189615345420268,0
C07,CO,61,Dbc_corrected,-0.164146923554556,0.131072354825444,0.124147490042293,0.19991872820789,0
C07,CO,61,Dbc_02,-0.304047473829753,0.0480768028278265,0.157838892244756,0.0785181444871174,35
C07,CO,62,Db,-0.231020692138041,0.0082998410194991,0.0735095415436445,0.00441559674469995,0
C07,CO,62,Dbc_corrected,-0.221982164552572,0.0145579847123893,0.0731888120850932,0.00574627829350431,0
C07,CO,62,Dbc_02,-0.180230446403257,0.143096687267328,0.095859747098377,0.0822058320679555,35
C07,CO,63,Db,-0.277335092600526,0.00830694731241382,0.0921051390806871,0.00653095669433447,0
C07,CO,63,Dbc_corrected,-0.280858339982215,0.00999236180722929,0.09460695940087,0.00750550399423711,0
C07,CO,63,Dbc_02,-0.387815670377711,0.0214740109237489,0.171956343867286,0.0434462843582245,35
C07,CO,64,Db,-0.272189289050204,0.00533237393206592,0.0983840610944867,0.0102898802160683,0
C07,CO,64,Dbc_corrected,-0.292429497361462,0.00344315736892389,0.0989019970309534,0.00664387232173985,0
C07,CO,64,Dbc_02,-0.0271891679722524,0.865755391091851,0.174207747567433,0.878345870373101,35
C07,CO,65,Db,-0.173953603024162,0.0688896471236544,0.119475529107125,0.159504724399139,0
C07,CO,65,Dbc_corrected,-0.189020869180268,0.0596137945891955,0.123631089293899,0.139957603385775,0
C07,CO,65,Dbc_02,-0.195009123144857,0.108482826001003,0.168398445498137,0.267853610933982,35
C07,CO,66,Db,-0.209376076345087,0.0599210144693394,0.10889211629114,0.0696336340417408,0
C07,CO,66,Dbc_corrected,-0.216089886487894,0.0623530348099916,0.114535313825674,0.0751162351022877,0
C07,CO,66,Dbc_02,-0.167618055075213,0.323866908704483,0.21122968691743,0.444226417759837,35
C07,CO,67,Db,-0.224583371787833,0.0617677698376244,0.125437340042673,0.0877200051298045,0
C07,CO,67,Dbc_corrected,-0.22717278559235,0.0696790679032237,0.129462351623622,0.0934047253156129,0
C07,CO,67,Dbc_02,-0.195489155643185,0.239467901023003,0.1400772966167,0.19260711232858,35
C07,CO,68,Db,0.0547254955684262,0.621143380207614,0.0946658037413159,0.567228850835819,0
C07,CO,68,Dbc_corrected,0.0371034109274312,0.746623376018512,0.100462831288776,0.714388936181381,0
C07,CO,68,Dbc_02,0.0139918375201153,0.937786351616856,0.133983881358212,0.918068270661305,35
C07,CO,69,Db,-0.203511628857044,0.0300082452827266,0.0968988668678542,0.0448783946566296,0
C07,CO,69,Dbc_corrected,-0.211184597698199,0.0282206350927747,0.098218453218786,0.040718502108419,0
C07,CO,69,Dbc_02,-0.139486206811559,0.361373933662459,0.136232813671789,0.320302944553009,35
C07,CO,70,Db,-0.244881966296203,0.0258977149587802,0.0908376435151252,0.0126831177128668,0
C07,CO,70,Dbc_corrected,-0.253982409033139,0.0262940421155486,0.093026577159797,0.0119365521850717,0
C07,CO,70,Dbc_02,-0.255449366061607,0.128183486915435,0.157633750948691,0.127838261542019,35
C07,CO,71,Db,-0.140201216955738,0.215441744745289,0.12287922695754,0.265191369462621,0
C07,CO,71,Dbc_corrected,-0.165082993429392,0.164376052421273,0.127550188964649,0.207567630130536,0
C07,CO,71,Dbc_02,-0.229829071087207,0.130458019225405,0.201779849765051,0.275342462319993,35
C07,CO,72,Db,-0.366537383996789,0.00566482874064984,0.117987948345596,0.00452720563608836,0
C07,CO,72,Dbc_corrected,-0.386769088819151,0.00521847142373748,0.125106016715424,0.00462843748852956,0
C07,CO,72,Dbc_02,-0.591713446820155,0.00230575302224415,0.17664658632616,0.00586235590730582,35
C07,CO,73,Db,-0.284554975238274,0.0127866327993942,0.126550157900492,0.032048129621038,0
C07,CO,73,Dbc_corrected,-0.303551580168151,0.0104294584475329,0.127970299800037,0.0245711990203274,0
C07,CO,73,Dbc_02,-0.320987829079383,0.0822158879422195,0.208139406904604,0.14263296371666,35
C07,CO,74,Db,-0.118763158755623,0.240726244956395,0.0834560309831611,0.171575642609105,0
C07,CO,74,Dbc_corrected,-0.148409537215982,0.161189206655386,0.0884472577789463,0.109496379315602,0
C07,CO,74,Dbc_02,-0.126430834301123,0.342532580053545,0.108205052374096,0.272805717069015,35
C07,CO,75,Db,-0.128673044664782,0.258543285513223,0.125407366753464,0.315259755747477,0
C07,CO,75,Dbc_corrected,-0.141885786904531,0.23651779476891,0.133955917221336,0.299793045602414,0
C07,CO,75,Dbc_02,0.0108676777595252,0.946887138196646,0.135597794352285,0.937606581873887,35
C07,CO,76,Db,-0.267310860557187,0.0148397195298882,0.087074865306957,0.00534414862397812,0
C07,CO,76,Dbc_corrected,-0.292871561597917,0.0107081343514777,0.0903124329965731,0.00352783494437477,0
C07,CO,76,Dbc_02,-0.264584384444024,0.0696066066184581,0.124311190023113,0.0499265756475704,35
C07,CO,77,Db,-0.232814154916326,0.027905601238816,0.0891831192305678,0.0156524298159099,0
C07,CO,77,Dbc_corrected,-0.235530598976964,0.0298639814307995,0.0933873782539118,0.0195559577624511,0
C07,CO,77,Dbc_02,0.144726711785044,0.465599334181619,0.199416938634316,0.478808322927252,35
C07,CO,78,Db,-0.232200795616991,0.00592620168580145,0.0916193300631195,0.0194701410286464,0
C07,CO,78,Dbc_corrected,-0.251283105970442,0.00354763896026773,0.0947400756969023,0.0154973111243312,0
C07,CO,78,Dbc_02,-0.229739697739077,0.132451210426946,0.166901936658677,0.189813704188011,35
C07,CO,79,Db,-0.265528321225657,0.0157339296975653,0.109192876587834,0.0222485585510992,0
C07,CO,79,Dbc_corrected,-0.306793030128019,0.00720178459355156,0.112126014736755,0.0110150966782375,0
C07,CO,79,Dbc_02,-0.143411349142171,0.382126535621726,0.147906909225926,0.351766604991695,35
C07,CO,80,Db,-0.098740554184267,0.399069676824421,0.152221168500549,0.522013901137412,0
C07,CO,80,Dbc_corrected,-0.109822521986469,0.370915270302446,0.160593586234041,0.499923924455301,0
C07,CO,80,Dbc_02,-0.0382305776062546,0.818586634616141,0.177627965580999,0.832443049819709,35
C07,CO,81,Db,-0.30256842375544,0.00211155510995851,0.0818879089548596,0.0013925934463579,0
C07,CO,81,Dbc_corrected,-0.33128593201288,0.00119263587108988,0.0884547183809922,0.00122988767675928,0
C07,CO,81,Dbc_02,-0.369498198013304,0.00765336198207675,0.092817385278938,0.00220829357823316,35
C07,CO,82,Db,-0.377797887871377,0.000616490690258416,0.104382410704472,0.00153410594641541,0
C07,CO,82,Dbc_corrected,-0.39949471438019,0.000520283524107053,0.113876705927086,0.00202067389604293,0
C07,CO,82,Dbc_02,-0.450381093351057,0.00715530240639956,0.158806862835933,0.0173019164261224,35
C07,CO,83,Db,-0.187726791816763,0.025164423324775,0.0915737297227601,0.0520927911665981,0
C07,CO,83,Dbc_corrected,-0.21884411307638,0.0114280975591542,0.0905897272452082,0.0245208445339973,0
C07,CO,83,Dbc_02,-0.0572654586525013,0.667410597571553,0.127211410841106,0.659880703873395,35
C07,CO,84,Db,-0.031173356403891,0.778351432964026,0.107417239852513,0.774564922234333,0
C07,CO,84,Dbc_corrected,-0.0570562118167077,0.61692125551857,0.111352941628287,0.61407342328364,0
C07,CO,84,Dbc_02,0.164366297855454,0.363482094650113,0.174996154951774,0.366360454661801,35
C07,CO,85,Db,-0.491952060169151,3.62115253441142e-06,0.102944803650673,9.02740187959937e-05,0
C07,CO,85,Dbc_corrected,-0.515114412871115,4.16447997065294e-06,0.109826871734239,0.000104873788386308,0
C07,CO,85,Dbc_02,-0.531865428638348,0.000277728255125491,0.124446755011125,0.0011969343586228,35
C07,CO,86,Db,-0.179126068976966,0.0407086658846316,0.0839777597458136,0.0416610137462712,0
C07,CO,86,Dbc_corrected,-0.182897401703876,0.0447771451097154,0.0826016300230218,0.0351743382139324,0
C07,CO,86,Dbc_02,-0.17385777086195,0.201000830158907,0.169972925462405,0.323583842252104,35
C07,CO,87,Db,-0.195321812331143,0.0719345143383618,0.105824780940425,0.0755307904378573,0
C07,CO,87,Dbc_corrected,-0.193525173788056,0.0868329991988832,0.111324684641492,0.0933771504139847,0
C07,CO,87,Dbc_02,-0.172024431245193,0.291232917283929,0.171515242637206,0.331436405679115,35
C07,CO,88,Db,-0.190120233698888,0.0746882391063653,0.100185080970321,0.0686944168379271,0
C07,CO,88,Dbc_corrected,-0.220524044755906,0.0476338117394841,0.103329057141668,0.0423740977977874,0
C07,CO,88,Dbc_02,-0.155099486343762,0.328156592207703,0.165722968637325,0.364880276993613,35
C07,CO,89,Db,-0.236151156939748,0.0175101128102954,0.0866294164561956,0.0106463999058959,0
C07,CO,89,Dbc_corrected,-0.235969410969574,0.0219161790023088,0.0934970808069564,0.0173537396360074,0
C07,CO,89,Dbc_02,0.0177573266234663,0.904520859817911,0.11300111192469,0.876965587553737,35
C07,CO,90,Db,-0.110856720323952,0.246684364272161,0.102659597941167,0.293576822084873,0
C07,CO,90,Dbc_corrected,-0.0948977636459386,0.338721384598637,0.106354626622819,0.383054571634938,0
C07,CO,90,Dbc_02,-0.0172590447432941,0.907072459038235,0.190542989976968,0.930103089810618,35
C07,CO,91,Db,-0.330124902503185,0.00293030413650406,0.108272005517381,0.0053856753792064,0
C07,CO,91,Dbc_corrected,-0.334810158892934,0.0037976298108928,0.114052973408802,0.00715421501835894,0
C07,CO,91,Dbc_02,-0.373732458779975,0.0217792404543595,0.137617346426872,0.0168754805199972,35
C07,CO,92,Db,-0.334593095546659,0.000377437422773139,0.105216762241177,0.00382777180837051,0
C07,CO,92,Dbc_corrected,-0.341626352387211,0.000444735896258948,0.107615251255087,0.00383477734521857,0
C07,CO,92,Dbc_02,-0.323278576116587,0.0316564601730314,0.207555524298813,0.15099378476915,35
C07,CO,93,Db,-0.227983169059876,0.0138939696434038,0.0903526422425841,0.0183841941545756,0
C07,CO,93,Dbc_corrected,-0.257138566354792,0.00737257014176619,0.0964733809100462,0.0134184612595543,0
C07,CO,93,Dbc_02,-0.419873336828254,0.00229252993110181,0.142555756892493,0.0110659268070171,35
C07,CO,94,Db,-0.238024603707106,0.0307098788507769,0.068968978613411,0.00210965583598054,0
C07,CO,94,Dbc_corrected,-0.23910635843018,0.0329725437284374,0.0709110071261821,0.002640321987678,0
C07,CO,94,Dbc_02,-0.201876858871048,0.364698308039156,0.186804373301019,0.306582241317652,35
C07,CO,95,Db,-0.193471055065695,0.0469019303988687,0.0888187425184629,0.038592592817869,0
C07,CO,95,Dbc_corrected,-0.202031595757757,0.0463396900551143,0.0982119175374284,0.0498425783299436,0
C07,CO,95,Dbc_02,-0.0418745570176134,0.758756408206348,0.0965914408227134,0.670772759310977,35
C07,CO,96,Db,-0.307149971055698,0.0044810493616381,0.124471058397574,0.0220770360183309,0
C07,CO,96,Dbc_corrected,-0.339512609149621,0.00223595905499017,0.125050852026194,0.0130593040372327,0
C07,CO,96,Dbc_02,-0.150005145372686,0.395687093181766,0.225273251334925,0.518057233771396,35
C07,CO,97,Db,-0.414650609401221,0.00203782829483351,0.131045296197215,0.00404284696829369,0
C07,CO,97,Dbc_corrected,-0.427923813075616,0.00247045966612963,0.141621028839662,0.00558422613155068,0
C07,CO,97,Dbc_02,-0.423810091368533,0.0202637813938401,0.184495457789874,0.0379327055732507,35
C07,CO,98,Db,-0.33519447537775,0.000874579864775117,0.0965043162723538,0.0018161620816425,0
C07,CO,98,Dbc_corrected,-0.338886701505277,0.00112244477483709,0.100777479921123,0.00247373558507746,0
C07,CO,98,Dbc_02,-0.314961124549519,0.0588209974432139,0.13889831946157,0.0420039863430334,35
C07,CO,99,Db,-0.232207666921054,0.0278664099029922,0.0987977019464891,0.0253264240792192,0
C07,CO,99,Dbc_corrected,-0.237815346333613,0.0291040596009381,0.101847078245288,0.0264143592220711,0
C07,CO,99,Dbc_02,-0.399029578818597,0.0138535071827573,0.158170000308721,0.0219468624665049,35
C07,CO,100,Db,-0.125303288264517,0.268342756030635,0.110849707761414,0.272401957593021,0
C07,CO,100,Dbc_corrected,-0.131872933937238,0.25992116543828,0.120103197844519,0.285622036488142,0
C07,CO,100,Dbc_02,-0.363480096938026,0.0221068223218393,0.133871599177071,0.0231646183875039,35
C07,CO,101,Db,0.00274953408177503,0.979027675015805,0.0940972983196712,0.976922476067696,0
C07,CO,101,Dbc_corrected,-0.0118296033690413,0.913360066267692,0.0976050372868365,0.904528083830459,0
C07,CO,101,Dbc_02,0.00729893943139707,0.962093273957993,0.111165631808298,0.948584316780779,35
C07,CO,102,Db,0.00957366093357071,0.935000688117087,0.088572986760597,0.915002130495541,0
C07,CO,102,Dbc_corrected,0.0035713149185896,0.977114421309125,0.0967259802557131,0.970895338056051,0
C07,CO,102,Dbc_02,0.0256053833257669,0.877809977363756,0.0939595819271753,0.79094297506294,35
C07,CO,103,Db,-0.291400632049652,0.00319409922062817,0.0924615897768562,0.00498810052474193,0
C07,CO,103,Dbc_corrected,-0.320095340632959,0.00194307038405577,0.102536002904761,0.00535654328389161,0
C07,CO,103,Dbc_02,-0.414607342546802,0.00177049458798252,0.10900307582305,0.00239946973112256,35
C07,CO,104,Db,-0.33255164804451,0.00446836729340423,0.121633820985813,0.0105532302982605,0
C07,CO,104,Dbc_corrected,-0.329769751343202,0.00694329273896521,0.129467209880266,0.0162576706677,0
C07,CO,104,Dbc_02,-0.402920500715589,0.0132257167467844,0.190872932649833,0.0524061592090027,35
C07,CO,105,Db,-0.245148860248224,0.0201296673365423,0.0843901227268655,0.00699585301138648,0
C07,CO,105,Dbc_corrected,-0.262153067722504,0.0172019971597745,0.0875005154118621,0.00560829073111309,0
C07,CO,105,Dbc_02,-0.291928436873048,0.0552902401615661,0.137953596889031,0.0506491849815183,35
C07,CO,106,Db,-0.318161692697281,0.00437674513822842,0.133034439162242,0.0267042112418655,0
C07,CO,106,Dbc_corrected,-0.332825255964729,0.004549820877461,0.137417201688715,0.0244232567833449,0
C07,CO,106,Dbc_02,-0.346062129914048,0.0240221383605317,0.196025011733962,0.110487598855829,35
C07,CO,107,Db,-0.277067815233094,0.00180432758525492,0.0646433245714647,0.000365590412534446,0
C07,CO,107,Dbc_corrected,-0.298133898434527,0.00172912602395289,0.0735540308907458,0.000563559851791399,0
C07,CO,107,Dbc_02,-0.241911486890492,0.0289359702352368,0.0707309523698168,0.00470082780796139,35
C07,CO,108,Db,-0.34990404398535,0.00244960755000297,0.124256096683332,0.00992246013563258,0
C07,CO,108,Dbc_corrected,-0.348757207060263,0.0044607542520035,0.122267933285889,0.00886539011255325,0
C07,CO,108,Dbc_02,-0.231645786967931,0.12550730013334,0.182225229704868,0.225138111392134,35
C07,CO,109,Db,-0.233862464441761,0.0153810939226845,0.0742341910451817,0.00546054672487239,0
C07,CO,109,Dbc_corrected,-0.244681513327833,0.0148884528740304,0.0799310753822916,0.00647803073928804,0
C07,CO,109,Dbc_02,-0.338644620389602,0.0210365502230237,0.115801568870698,0.0213687996044423,35
C07,CO,110,Db,-0.26365870571639,0.00364313256623707,0.0680178025793298,0.00092792516016237,0
C07,CO,110,Dbc_corrected,-0.27414944698833,0.00366111519734157,0.0740054841763042,0.0013336224553415,0
C07,CO,110,Dbc_02,-0.300903299957871,0.0167762010702445,0.0891650070204435,0.00703968469845949,35
C07,CO,111,Db,-0.279927439894584,0.0176831518186367,0.104914654435207,0.0138892544932953,0
C07,CO,111,Dbc_corrected,-0.309224950828529,0.0123309469444428,0.110439710004881,0.0100761099116258,0
C07,CO,111,Dbc_02,-0.292608864007072,0.0760972455634408,0.153748567448503,0.0837628906410373,35
C07,CO,112,Db,-0.277148405754444,0.00127123167428563,0.0899234296942,0.0061252777078691,0
C07,CO,112,Dbc_corrected,-0.287323095920047,0.00116515424875222,0.0955552025474818,0.00739284939125652,0
C07,CO,112,Dbc_02,-0.305625061879792,0.0159659847131879,0.118956509089122,0.0249132740750609,35
C07,CO,113,Db,-0.179578725809867,0.161073576429239,0.111968049277128,0.120855610736109,0
C07,CO,113,Dbc_corrected,-0.176869142809973,0.18592672870649,0.114422141627356,0.134744165395065,0
C07,CO,113,Dbc_02,-0.301347761784801,0.127876248680648,0.187266629562171,0.125786153451973,35
C07,CO,114,Db,-0.219219821976751,0.0610441325753699,0.121688168734763,0.0820388177485053,0
C07,CO,114,Dbc_corrected,-0.229416308621917,0.0608851173837829,0.127140511633375,0.0817587422180717,0
C07,CO,114,Dbc_02,-0.294308213538113,0.106280774126337,0.206023216535277,0.173961356523551,35
C07,CO,115,Db,-0.273798966655969,0.00712558754131034,0.0999107289704866,0.0124167961132327,0
C07,CO,115,Dbc_corrected,-0.269665158537929,0.0114123738383597,0.104891061118864,0.0177992856579253,0
C07,CO,115,Dbc_02,-0.282735308356156,0.0450938346966816,0.139931104189213,0.0690339393636502,35
C07,CO,116,Db,-0.158993854215527,0.121039043868133,0.102301460912335,0.13268183466326,0
C07,CO,116,Dbc_corrected,-0.164295209751972,0.128644190889332,0.11556367309691,0.167183018909234,0
C07,CO,116,Dbc_02,-0.124642783869574,0.378780012132352,0.161443136515624,0.45369432772584,35
C07,CO,117,Db,-0.173797708835502,0.0438067417957013,0.101782814980682,0.106764238731897,0
C07,CO,117,Dbc_corrected,-0.178364602593924,0.0460531372992439,0.105731927237124,0.111621282118585,0
C07,CO,117,Dbc_02,-0.271868076878266,0.0306966649938403,0.173211828152954,0.143463848535518,35
C07,CO,118,Db,-0.160907893940292,0.143686848405615,0.113851269527273,0.170578661929747,0
C07,CO,118,Dbc_corrected,-0.201145040177967,0.0765220345641692,0.111861400921991,0.0851484071182918,0
C07,CO,118,Dbc_02,0.157841348227259,0.368388003356973,0.195607320747772,0.435668444284601,35
C07,CO,119,Db,-0.224709530396957,0.0474236699388159,0.130649758925215,0.0969595045763967,0
C07,CO,119,Dbc_corrected,-0.221158976901545,0.0604506372159462,0.136271436940063,0.116272026665817,0
C07,CO,119,Dbc_02,-0.0843448752521849,0.61184303902632,0.206186449112071,0.68895578904308,35
C07,CO,120,Db,-0.144312058181805,0.151109213859074,0.0989315245608367,0.155661922714848,0
C07,CO,120,Dbc_corrected,-0.150002834989417,0.150068644617296,0.102954433767605,0.156029202683412,0
C07,CO,120,Dbc_02,-0.302367885835754,0.0338801970776013,0.170508660255979,0.0980000312250271,35
C07,CO,121,Db,-0.353481655059262,0.000480463192455053,0.0852715726401004,0.000405717128211907,0
C07,CO,121,Dbc_corrected,-0.364463340643934,0.000478688577694129,0.0901067080173085,0.000531507509492575,0
C07,CO,121,Dbc_02,-0.532404849202708,0.000811987079899812,0.130105303562618,0.00198359040043428,35
C07,CO,122,Db,-0.229917874332842,0.0270946150247646,0.0895304788980722,0.019577530461804,0
C07,CO,122,Dbc_corrected,-0.23132056929533,0.031578776159437,0.0948131783952443,0.0259766409675691,0
C07,CO,122,Dbc_02,-0.284978646104596,0.0621541866025276,0.138110315759078,0.0627708094082532,35
C07,CO,123,Db,-0.337591404771966,0.00414435433288569,0.0837012652442462,0.000537813496536817,0
C07,CO,123,Dbc_corrected,-0.350980347042643,0.0042890478777732,0.0918534453316903,0.000964120597126299,0
C07,CO,123,Dbc_02,-0.217744512286147,0.207939780259531,0.137734477874274,0.133470593014552,35
C07,CO,124,Db,-0.233896144679481,0.0187930575396274,0.103515012136991,0.0333166925513772,0
C07,CO,124,Dbc_corrected,-0.254295642208638,0.0138356294059643,0.107487041667906,0.0267970679247578,0
C07,CO,124,Dbc_02,-0.116962300642675,0.454169380298872,0.166781375271964,0.495861651213686,35
C07,CO,125,Db,-0.192680086125028,0.0447648772759465,0.0959774106859867,0.0549864799660879,0
C07,CO,125,Dbc_corrected,-0.185462067609996,0.0635538237969126,0.0969662010780195,0.0665568002439032,0
C07,CO,125,Dbc_02,-0.201097827395113,0.1458527801717,0.144234081438486,0.185674885554825,35
C07,CO,126,Db,-0.295561219852455,0.0113185340921108,0.0947866011116877,0.0047481731539095,0
C07,CO,126,Dbc_corrected,-0.305476925632523,0.0119341270444093,0.10320302277474,0.00698087825002778,0
C07,CO,126,Dbc_02,-0.200877392105142,0.276388960936244,0.202292088039343,0.341196177499607,35
C07,CO,127,Db,-0.398407549224605,2.93245207151985e-05,0.0790701634721203,3.74862318041074e-05,0
C07,CO,127,Dbc_corrected,-0.418457615507604,2.25556711082718e-05,0.0812967120459538,2.99530257290387e-05,0
C07,CO,127,Dbc_02,-0.267984485823906,0.0705599060367458,0.12628909705008,0.0536577924850707,35
C07,CO,128,Db,-0.301384975996334,0.00245193799403232,0.0723519468372444,0.000364635078634077,0
C07,CO,128,Dbc_corrected,-0.302056250690728,0.00323150398008464,0.0732857374747741,0.000411432610062677,0
C07,CO,128,Dbc_02,-0.21914783251566,0.164493403606853,0.104650506080432,0.0615008360746185,35
C07,CO,129,Db,-0.304474321238415,0.00204304961002887,0.104267107641392,0.00790175945467718,0
C07,CO,129,Dbc_corrected,-0.304863618293234,0.00309832697486813,0.109716278164623,0.0106588277770794,0
C07,CO,129,Dbc_02,-0.258554143410277,0.0801989981542439,0.160091808362978,0.140369828250502,35
C07,CO,130,Db,-0.209899387397865,0.0634708274361391,0.119259342797995,0.0912027682300323,0
C07,CO,130,Dbc_corrected,-0.22549138089258,0.0531460268998406,0.122632053627979,0.0790524331291481,0
C07,CO,130,Dbc_02,-0.161456183040822,0.408915044463433,0.206708201113923,0.447929385092371,35
C07,CO,131,Db,-0.142807926927738,0.15639559462354,0.113400299246038,0.219886436687772,0
C07,CO,131,Dbc_corrected,-0.146158659283781,0.165630216694693,0.11656791579505,0.222258296106062,0
C07,CO,131,Dbc_02,-0.0561054411316996,0.698339907360074,0.186691329981664,0.767748423891069,35
C07,CO,132,Db,-0.199870784618938,0.115387030660671,0.124447286548424,0.119905984114609,0
C07,CO,132,Dbc_corrected,-0.20671289824585,0.118838474969825,0.134287588604039,0.135533413572291,0
C07,CO,132,Dbc_02,-0.366962098854914,0.0516361955506966,0.228123632907708,0.129144822606421,35
C07,CO,133,Db,-0.0514780907017279,0.606412635237944,0.0794246177807049,0.52336894526909,0
C07,CO,133,Dbc_corrected,-0.0524475070883584,0.612047745772988,0.0847557018362621,0.541954136705766,0
C07,CO,133,Dbc_02,0.0247879085194604,0.867654488158049,0.112160012250145,0.830088025873063,35
C07,CO,134,Db,-0.232904830476284,0.0266491320336408,0.0905999887901624,0.0169749268567356,0
C07,CO,134,Dbc_corrected,-0.260528847758362,0.0179169765303743,0.0959947649484505,0.0121962055977037,0
C07,CO,134,Dbc_02,-0.288861058337416,0.054624119190882,0.154902621420738,0.0858182680977864,35
C07,CO,135,Db,-0.143142475238985,0.170328102559737,0.107548488715793,0.194718485327358,0
C07,CO,135,Dbc_corrected,-0.15954564097701,0.141296144646895,0.113537071939141,0.172102223160345,0
C07,CO,135,Dbc_02,-0.0240627511326199,0.875904673307886,0.167455304138541,0.887557903438062,35
C07,CO,136,Db,-0.287767524540881,0.00226887757635959,0.101968868769315,0.00972913937288005,0
C07,CO,136,Dbc_corrected,-0.301513134588477,0.00203767747827955,0.105318087732235,0.00904942268921164,0
C07,CO,136,Dbc_02,-0.324703813437289,0.0192339737520467,0.170218257297862,0.076670511474838,35
C07,CO,137,Db,-0.282194639393431,0.0316772940147707,0.107503381497337,0.0135351186841736,0
C07,CO,137,Dbc_corrected,-0.284341681094178,0.0368798206482778,0.113307781687869,0.0180312204599709,0
C07,CO,137,Dbc_02,-0.258885440261706,0.221391510503572,0.164874196762886,0.133774610081496,35
C07,CO,138,Db,-0.324521394391621,0.00469058606177475,0.0961712419478853,0.00283287004776929,0
C07,CO,138,Dbc_corrected,-0.321439020897496,0.00789288477970902,0.0992979327268613,0.00369826604223639,0
C07,CO,138,Dbc_02,-0.184730434946848,0.221434314840374,0.12355622306503,0.163386767127981,35
C07,CO,139,Db,-0.207716550102991,0.0149514228816836,0.0691555213566832,0.00604208839531306,0
C07,CO,139,Dbc_corrected,-0.216989960447277,0.0146858485486872,0.0745651571916923,0.00756679394747267,0
C07,CO,139,Dbc_02,-0.347487917206721,0.0035574947446784,0.0718255510551517,0.000276934189068706,35
C07,CO,140,Db,-0.405243270459066,4.67314988413493e-05,0.0960036835163661,0.000256513090712553,0
C07,CO,140,Dbc_corrected,-0.415735278105474,6.12210359333244e-05,0.103626061048615,0.000439061596847596,0
C07,CO,140,Dbc_02,-0.362232910389293,0.0128358039119039,0.149383809906829,0.0301005165319492,35
C07,CO,141,Db,-0.164681282352007,0.0991548235932365,0.0891847067854389,0.0752875143748694,0
C07,CO,141,Dbc_corrected,-0.174238413724477,0.0935903166854878,0.0906596521309335,0.0647476465714996,0
C07,CO,141,Dbc_02,-0.212731534501331,0.130740735227754,0.125990433267408,0.110714353167803,35
C07,CO,142,Db,-0.181801060068961,0.0983098127430781,0.0977542840659997,0.075689095648533,0
C07,CO,142,Dbc_corrected,-0.190055435063067,0.0956928795300468,0.102272462367592,0.0761957550336702,0
C07,CO,142,Dbc_02,-0.154492289140792,0.332386656472313,0.171717508691312,0.383788912530108,35
C07,CO,143,Db,-0.116198785994746,0.229991761413218,0.09012221093067,0.207931074037575,0
C07,CO,143,Dbc_corrected,-0.124115577900132,0.214111195689423,0.0960587776509566,0.207209509442292,0
C07,CO,143,Dbc_02,-0.069391316773827,0.62725027480822,0.12194001739394,0.577367880139535,35
C07,CO,144,Db,-0.25065036084412,0.0140732181855915,0.0997669878523156,0.0177102700288181,0
C07,CO,144,Dbc_corrected,-0.255937295347887,0.0150462420237165,0.106658178345063,0.0229600215383327,0
C07,CO,144,Dbc_02,-0.416588219287264,0.00688638739381928,0.128210839796754,0.00637816742763218,35
C07,CO,145,Db,-0.206837686788533,0.0539840829976144,0.0993127331393437,0.0535585569538174,0
C07,CO,145,Dbc_corrected,-0.223434814923401,0.0431913067071467,0.100285214166033,0.0415587693169655,0
C07,CO,145,Dbc_02,-0.111939899570798,0.556153414158557,0.167628403777733,0.51705603594223,35
C07,CO,146,Db,-0.290662523972014,0.00156800747264833,0.100054276955865,0.00793955572854679,0
C07,CO,146,Dbc_corrected,-0.306038617213941,0.00111154236952963,0.103335965277741,0.00708816286204898,0
C07,CO,146,Dbc_02,-0.237001590042452,0.170082256923736,0.154326582187035,0.159837241290128,35
C07,CO,147,Db,-0.187500653038235,0.093119029719713,0.100488918546352,0.0746351233213961,0
C07,CO,147,Dbc_corrected,-0.195210934943097,0.0882797049840673,0.103518359244532,0.0725358613216592,0
C07,CO,147,Dbc_02,-0.288892843409691,0.144940312834153,0.152505805871713,0.0779800644729643,35
C07,CO,148,Db,-0.205822788369588,0.0542108347132645,0.0937101638483631,0.039872231312979,0
C07,CO,148,Dbc_corrected,-0.211311174912514,0.0582447586306355,0.0969610469769987,0.0422026584241985,0
C07,CO,148,Dbc_02,-0.335381961341494,0.0321103236307585,0.136852107644858,0.0254749330040722,35
C07,CO,149,Db,-0.161266265954146,0.14886992821372,0.115835919650985,0.176457686906727,0
C07,CO,149,Dbc_corrected,-0.169975095000934,0.139415482415232,0.123040148886555,0.180234329159534,0
C07,CO,149,Dbc_02,-0.0716130813964608,0.701915877570127,0.167742080085456,0.676261421451277,35
C07,CO,150,Db,-0.262972006271153,0.00808084671154045,0.0871338067034923,0.00797777874207405,0
C07,CO,150,Dbc_corrected,-0.271972963003227,0.00834447492722921,0.0935189338993372,0.0104761386231552,0
C07,CO,150,Dbc_02,-0.197207901140701,0.227692268821,0.131019452738966,0.166818042507718,35
C07,CO,151,Db,-0.245748479881599,0.0133035390820181,0.0957845144614064,0.0176163865944063,0
C07,CO,151,Dbc_corrected,-0.247918647818901,0.0162413477371843,0.0985169588710949,0.0198121916265917,0
C07,CO,151,Dbc_02,-0.138733886814252,0.364696488176654,0.151530580151433,0.379005665696064,35
C07,CO,152,Db,-0.308733572648224,0.00307409354517421,0.110124517707963,0.0142293876985483,0
C07,CO,152,Dbc_corrected,-0.326067233765298,0.00238536225754463,0.112405053204232,0.0126800039668378,0
C07,CO,152,Dbc_02,-0.0753777611002672,0.697938895404757,0.165316506161866,0.655322543477057,35
C07,CO,153,Db,-0.0535096132319877,0.637610758266156,0.0961096399136264,0.583296541202763,0
C07,CO,153,Dbc_corrected,-0.0638090316622521,0.588918055570722,0.101649395673477,0.536645752381979,0
C07,CO,153,Dbc_02,-0.0340062103850198,0.844636365274198,0.123758069017913,0.788671653126059,35
C07,CO,154,Db,-0.210783640327526,0.0892716493913474,0.128484991360732,0.120687891428887,0
C07,CO,154,Dbc_corrected,-0.228257301486045,0.0750636357317035,0.131953338336012,0.104562190902872,0
C07,CO,154,Dbc_02,0.0287569372388769,0.897140788992145,0.216664728797127,0.896619692824885,35
C07,CO,155,Db,-0.216296331785695,0.0341942253440323,0.110109256332217,0.0600909784090853,0
C07,CO,155,Dbc_corrected,-0.232772285029585,0.025006313102825,0.113464245959384,0.0506280006821531,0
C07,CO,155,Dbc_02,-0.335895916769728,0.0830840912843445,0.207174256835191,0.129853912734482,35
C07,CO,156,Db,-0.335161963936523,0.010466476521344,0.124818863334155,0.0148270611940991,0
C07,CO,156,Dbc_corrected,-0.362260685843615,0.00799243015269821,0.131467300461937,0.0124389787143677,0
C07,CO,156,Dbc_02,-0.247100324605314,0.151002541237879,0.146223558206621,0.123479665457411,35
C07,CO,157,Db,-0.0711426895128605,0.472486912349133,0.0883558959213646,0.428677815430596,0
C07,CO,157,Dbc_corrected,-0.0741440455230821,0.473956720581118,0.0943688429038615,0.440057361529378,0
C07,CO,157,Dbc_02,-0.0474906640369763,0.740523631070557,0.11628529176213,0.68890679794772,35
C07,CO,158,Db,-0.218039959950941,0.04078169419594,0.116233605409551,0.0738591293393971,0
C07,CO,158,Dbc_corrected,-0.221181853046552,0.0436392579020386,0.122623634948646,0.0853301833644224,0
C07,CO,158,Dbc_02,-0.236656682920197,0.203501871413687,0.149430960626389,0.140668079434511,35
C07,CO,159,Db,-0.281108910517189,0.0280286166654465,0.12855922431923,0.0462037528014288,0
C07,CO,159,Dbc_corrected,-0.291933996440631,0.0275021194950293,0.135254379283354,0.0506356673302367,0
C07,CO,159,Dbc_02,-0.179069267512458,0.372393689639924,0.217188411940414,0.422052158660504,35
C07,CO,160,Db,-0.142042680504453,0.137442150472859,0.109172145803063,0.204251026133194,0
C07,CO,160,Dbc_corrected,-0.151660448271498,0.126251892949401,0.114649085969152,0.197054765023699,0
C07,CO,160,Dbc_02,-0.213927085740252,0.12887764455517,0.128799520743374,0.118967711681323,35
C07,CO,161,Db,-0.0428836740598333,0.694151683962256,0.109933577912529,0.699777811411399,0
C07,CO,161,Dbc_corrected,-0.0661292357956583,0.566220480672541,0.116899770215405,0.576653655817479,0
C07,CO,161,Dbc_02,0.0894559877124754,0.563039761805026,0.149722727914165,0.559303379646357,35
C07,CO,162,Db,-0.155822657560858,0.152630138047803,0.100487484199495,0.134042490226906,0
C07,CO,162,Dbc_corrected,-0.147332663470599,0.190687435866135,0.105952939130284,0.177041365091475,0
C07,CO,162,Dbc_02,0.0752167191437406,0.659002110564812,0.154030218022094,0.634903475235695,35
C07,CO,163,Db,-0.102426956428355,0.361255539052325,0.117069875186793,0.388988564567502,0
C07,CO,163,Dbc_corrected,-0.101023973282569,0.387171319960381,0.122728683978659,0.417362833404277,0
C07,CO,163,Dbc_02,-0.328357069209643,0.041472022027892,0.153060580087124,0.0490386702268932,35
C07,CO,164,Db,-0.386425991858747,0.000275587969105234,0.11413031206179,0.00229005094551373,0
C07,CO,164,Dbc_corrected,-0.39196792209079,0.000447969636156715,0.11658967148394,0.00238800343005959,0
C07,CO,164,Dbc_02,-0.574451836661818,9.75220443794703e-05,0.171309598925715,0.00496132847218794,35
C07,CO,165,Db,-0.31634677225307,0.000586719303052544,0.0968200376257885,0.00381331370116236,0
C07,CO,165,Dbc_corrected,-0.331216395141304,0.000528290807928844,0.101501659814258,0.00370793221985413,0
C07,CO,165,Dbc_02,-0.340945654562649,0.00632834170724243,0.133093165536084,0.0279817830838531,35
C07,CO,166,Db,-0.330717410562051,0.00023616099125648,0.0729498890115115,0.000119047892480389,0
C07,CO,166,Dbc_corrected,-0.368741834643071,8.18465469326006e-05,0.0810898208747319,0.000116716536162043,0
C07,CO,166,Dbc_02,-0.373927617937325,0.0041491917075193,0.0962487321250513,0.001664523327214,35
C07,CO,167,Db,-0.300513576931614,0.00314079875588689,0.091887786841224,0.00383447018445507,0
C07,CO,167,Dbc_corrected,-0.311838426637554,0.0032338523750568,0.0951961786795184,0.00382797994793595,0
C07,CO,167,Dbc_02,-0.193862374214383,0.171964101638323,0.14145814220149,0.196558182446321,35
C07,CO,168,Db,-0.149182086761493,0.171655941926357,0.123123395017247,0.239508567297313,0
C07,CO,168,Dbc_corrected,-0.163050169796425,0.148585468477609,0.129047509630085,0.221692618495355,0
C07,CO,168,Dbc_02,-0.341725200447817,0.0421900348189326,0.180257796988423,0.0768444360841992,35
C07,CO,169,Db,-0.272074362000554,0.0211029690410375,0.121912345199599,0.0343772922790477,0
C07,CO,169,Dbc_corrected,-0.279896100964067,0.0213223698286254,0.126617987148161,0.0361429918900217,0
C07,CO,169,Dbc_02,-0.0233914898095137,0.905123962608712,0.195111591897669,0.906712870631075,35
C07,CO,170,Db,-0.232042475243151,0.0191359582544778,0.0782014103776585,0.00654304701304837,0
C07,CO,170,Dbc_corrected,-0.242554004217326,0.0170293252282055,0.0822036978817189,0.00695638484595944,0
C07,CO,170,Dbc_02,-0.244379053667867,0.146415672408547,0.126493841138362,0.0766284686679443,35
C07,CO,171,Db,-0.168057433923409,0.138768034586585,0.11103980192065,0.14782095192044,0
C07,CO,171,Dbc_corrected,-0.178736561649504,0.136489753345153,0.119653715763287,0.15169488484234,0
C07,CO,171,Dbc_02,-0.26731430442731,0.0829006226600979,0.128506342024752,0.069314210452012,35
C07,CO,172,Db,-0.336322397714235,0.00161295818223676,0.085646536138054,0.000617897005418347,0
C07,CO,172,Dbc_corrected,-0.341737555898003,0.00209705310222291,0.0844417975737319,0.000471378873762272,0
C07,CO,172,Dbc_02,-0.211904155961463,0.168167404414798,0.150997031654526,0.181428823507506,35
C07,CO,173,Db,-0.357290551125444,0.000371757091293132,0.0875343060262268,0.000545407285196272,0
C07,CO,173,Dbc_corrected,-0.383702635329004,0.000286998129349377,0.0946797523880355,0.000517631582447643,0
C07,CO,173,Dbc_02,-0.265687588757694,0.0498172496845017,0.13405980463226,0.0756143297042096,35
C07,CO,174,Db,-0.344806817253578,0.00115145105125552,0.146465853965737,0.0294795818519162,0
C07,CO,174,Dbc_corrected,-0.345707358408783,0.00193340871493774,0.15282573590576,0.0355574946666128,0
C07,CO,174,Dbc_02,-0.392919013509025,0.010234364834627,0.208883019056422,0.0881511930735571,35
C07,CO,175,Db,-0.320120989271253,0.0108206282680596,0.108945827497906,0.006604523083079,0
C07,CO,175,Dbc_corrected,-0.312737352517917,0.0174089808144951,0.113178894424589,0.0102414887231798,0
C07,CO,175,Dbc_02,-0.490863374581835,0.00900254612178159,0.184342621165704,0.0165877829724267,35
C07,CO,176,Db,-0.165870915236506,0.0915170710993347,0.0943182857614067,0.0918563793986599,0
C07,CO,176,Dbc_corrected,-0.172191016290596,0.0952825822338757,0.0978890525583479,0.0915455228793821,0
C07,CO,176,Dbc_02,-0.0634137692133534,0.638947907698697,0.155260495367919,0.689840906703568,35
C07,CO,177,Db,-0.162588532956176,0.120310630995149,0.117025933923172,0.174732999621669,0
C07,CO,177,Dbc_corrected,-0.168896012135228,0.118345186549286,0.12242291605061,0.177971932397109,0
C07,CO,177,Dbc_02,-0.0971800069576449,0.564223399609459,0.145964427467598,0.514955709922486,35
C07,CO,178,Db,-0.335782569225696,0.00318551464600882,0.118502294751266,0.00849956960772907,0
C07,CO,178,Dbc_corrected,-0.349635847344457,0.00305054005928234,0.125253137622915,0.00940990822901843,0
C07,CO,178,Dbc_02,-0.402114650339269,0.0209671729609548,0.180453351643476,0.0445811778055351,35
C07,CO,179,Db,-0.213431882271015,0.0804771536801966,0.107613750009014,0.0603572718399383,0
C07,CO,179,Dbc_corrected,-0.217972952264547,0.0880469184754458,0.114506476743333,0.0702392975820046,0
C07,CO,179,Dbc_02,-0.12724525451706,0.452076809613973,0.146314593871497,0.403439332455238,35
C07,CO,180,Db,-0.0801403431139842,0.432459651510689,0.0795886866054826,0.324301618786958,0
C07,CO,180,Dbc_corrected,-0.086627755220465,0.406970806101777,0.0817371904063705,0.30060435265902,0
C07,CO,180,Dbc_02,-0.106480167932458,0.557411310550831,0.185103989580322,0.57445920275308,35
C07,CO,181,Db,-0.0555563040817476,0.568076314461576,0.103607263722818,0.596986364352181,0
C07,CO,181,Dbc_corrected,-0.0399950288753284,0.691453020085081,0.107260856274604,0.712746757021181,0
C07,CO,181,Dbc_02,-0.121940508432098,0.413913806763813,0.151674293756861,0.437191834726614,35
C07,CO,182,Db,-0.137436467961121,0.215682751587869,0.091297420995739,0.14398352300952,0
C07,CO,182,Dbc_corrected,-0.141359481760802,0.217809032693607,0.0960347404971886,0.153213368538247,0
C07,CO,182,Dbc_02,0.0287501859496078,0.862446035848022,0.13222809659406,0.830456122399622,35
C07,CO,183,Db,-0.202423630134397,0.0363076416398465,0.09515165534677,0.0456087276294518,0
C07,CO,183,Dbc_corrected,-0.191102828529744,0.0545511677685738,0.0972161184868672,0.0637466342175701,0
C07,CO,183,Dbc_02,-0.367027960253508,0.0229470634400006,0.129675320098722,0.0127797536671926,35
C07,CO,184,Db,-0.160255592195605,0.128038886544181,0.107187975278985,0.145976603604732,0
C07,CO,184,Dbc_corrected,-0.162156866041524,0.137374347940298,0.110432240998586,0.153158325465561,0
C07,CO,184,Dbc_02,-0.249149934105923,0.106232685059661,0.152833728750825,0.123773086375903,35
C07,CO,185,Db,-0.292953413141569,0.00908845093222289,0.0986501567307113,0.00697184971974824,0
C07,CO,185,Dbc_corrected,-0.311772148460578,0.00729853929846952,0.101479400391345,0.00557986114351915,0
C07,CO,185,Dbc_02,-0.204864947417918,0.232878545259736,0.153948137977495,0.206861444814293,35
C07,CO,186,Db,-0.375024676948582,0.00170742872798499,0.107162448917079,0.00203226080112246,0
C07,CO,186,Dbc_corrected,-0.394193691281413,0.00144927851096129,0.112867968751114,0.00210773462627312,0
C07,CO,186,Dbc_02,-0.516493463873368,0.00589276128226711,0.176056640902844,0.0140088532214761,35
C07,CO,187,Db,-0.34776604730325,0.000479282999961911,0.0874233942953426,0.00068031290743396,0
C07,CO,187,Dbc_corrected,-0.360093801771534,0.00042840610988127,0.0882322848692523,0.000568954895895152,0
C07,CO,187,Dbc_02,-0.270857524036096,0.126911146005759,0.172916025571212,0.146071954600628,35
C07,CO,188,Db,-0.287184263117144,0.00741271858269591,0.117689180896659,0.0213220048032651,0
C07,CO,188,Dbc_corrected,-0.304415762310287,0.00622704182738597,0.120714757942542,0.0178306677105944,0
C07,CO,188,Dbc_02,-0.0861759026004018,0.622324181516601,0.224807196666269,0.707699302152132,35
C07,CO,189,Db,-0.362179283437131,0.00227653614866146,0.120606719148309,0.00557341854884351,0
C07,CO,189,Dbc_corrected,-0.364323236690359,0.00369086326198381,0.12428253367843,0.00658921348033893,0
C07,CO,189,Dbc_02,-0.556391731480011,0.000336805641453873,0.15739876017153,0.00245002684906463,35
C07,CO,190,Db,-0.107369915595991,0.341228475545643,0.102895251565205,0.306963994243371,0
C07,CO,190,Dbc_corrected,-0.113815256812917,0.33536385988045,0.110317495116248,0.312181722835174,0
C07,CO,190,Dbc_02,-0.105091238572311,0.484066080546592,0.103686957369784,0.327336418064208,35
C07,CO,191,Db,-0.159854645092932,0.127945272389308,0.108484659088946,0.153959268496076,0
C07,CO,191,Dbc_corrected,-0.156124163516904,0.150681596129666,0.115106743815803,0.188196958624416,0
C07,CO,191,Dbc_02,-0.376710894687677,0.0188107479388058,0.192916415436956,0.074880821671813,35
C07,CO,192,Db,-0.0933983061680446,0.413075091181139,0.114028638700231,0.422033624621771,0
C07,CO,192,Dbc_corrected,-0.107774556543897,0.370322461535512,0.117340438566653,0.368491442398124,0
C07,CO,192,Dbc_02,-0.0562933292229445,0.725131173422589,0.166492754269144,0.742165275178699,35
C07,CO,193,Db,-0.228066862875585,0.0148079943881038,0.0998489633918806,0.0307759360513178,0
C07,CO,193,Dbc_corrected,-0.245717088869651,0.0120383678563235,0.106469704559832,0.0290909679103921,0
C07,CO,193,Dbc_02,-0.165861568654711,0.211026077528982,0.099879117901262,0.119813374857872,35
C07,CO,194,Db,-0.275816225487009,0.0119470048877349,0.118514352311582,0.0290308280088573,0
C07,CO,194,Dbc_corrected,-0.289299703818263,0.0112743806788581,0.124187302321181,0.029161482219468,0
C07,CO,194,Dbc_02,-0.223245538218531,0.173071964695115,0.160725208148791,0.188272350440294,35
C07,CO,195,Db,-0.0259537061778098,0.784008808010663,0.0815546872511359,0.753736683304576,0
C07,CO,195,Dbc_corrected,-0.0275948873813823,0.779974493687452,0.0841597562513828,0.746491130931021,0
C07,CO,195,Dbc_02,-0.0423761779065237,0.758663661079663,0.137370199807341,0.764350489435189,35
C07,CO,196,Db,-0.190242411016345,0.0857396624801371,0.108763266675881,0.0941636818160232,0
C07,CO,196,Dbc_corrected,-0.184662659186427,0.110226539943787,0.111328169096105,0.111957156739551,0
C07,CO,196,Dbc_02,-0.237967476059246,0.131909398708059,0.182486421889277,0.21052540018175,35
C07,CO,197,Db,-0.355027268323091,0.000454665499762127,0.0826386629771278,0.000208461940649042,0
C07,CO,197,Dbc_corrected,-0.368070146431435,0.000489583582299514,0.0878218389325998,0.000270998674255089,0
C07,CO,197,Dbc_02,-0.36665000074306,0.015736331870184,0.128334393931047,0.0141015651961742,35
C07,CO,198,Db,-0.15367391045874,0.155222617751115,0.0941620194945313,0.115919698416648,0
C07,CO,198,Dbc_corrected,-0.141983994273337,0.202078101877896,0.0984598574311881,0.162705126595757,0
C07,CO,198,Dbc_02,-0.188654543777194,0.295050331138129,0.123084719603049,0.153968133631501,35
C07,CO,199,Db,-0.234948538383741,0.0309447847763275,0.1055060103117,0.0365041545048636,0
C07,CO,199,Dbc_corrected,-0.25511708642204,0.0245823518878875,0.105719853806838,0.0248154311502253,0
C07,CO,199,Dbc_02,-0.262938942176381,0.0917987883875543,0.115139095292286,0.0390054306191866,35
C07,CO,200,Db,-0.26198554179625,0.028608667202288,0.106694131236021,0.0240230088723121,0
C07,CO,200,Dbc_corrected,-0.264132713584564,0.0317685641325903,0.108759580902166,0.0256534674795868,0
C07,CO,200,Dbc_02,-0.450585805600944,0.0349586119000013,0.175948490648188,0.0358302877254972,35
C07,CO,201,Db,-0.204717381837955,0.0606211325526395,0.09438161173821,0.0398935917893788,0
C07,CO,201,Dbc_corrected,-0.214975740356473,0.06013366882952,0.0992308853536482,0.0400062074079763,0
C07,CO,201,Dbc_02,-0.0958226223641466,0.54290254128003,0.113077116379578,0.413223005516523,35
C07,CO,202,Db,-0.192163656510524,0.0704032789682476,0.114008707588241,0.105808830274487,0
C07,CO,202,Dbc_corrected,-0.209421824713287,0.0597544316446279,0.125012996036913,0.107484658226313,0
C07,CO,202,Dbc_02,-0.27431010436546,0.0838891835951336,0.121210057566871,0.0494116496417404,35
C07,CO,203,Db,-0.036501646854744,0.725354075548256,0.11792280471939,0.759755877485443,0
C07,CO,203,Dbc_corrected,-0.0514929434238271,0.633550610430502,0.120593627737325,0.673500230804438,0
C07,CO,203,Dbc_02,0.0613740887899076,0.685181995700423,0.16672448852325,0.718813710104363,35
C07,CO,204,Db,-0.108218567694244,0.352613327302764,0.0960739874659346,0.273959274542301,0
C07,CO,204,Dbc_corrected,-0.128852743056748,0.292167413926044,0.103462176531457,0.228226667387069,0
C07,CO,204,Dbc_02,-0.223842178587627,0.179928730321111,0.141143904819019,0.142679328650753,35
C07,CO,205,Db,-0.0736574679937379,0.470069929471922,0.100049302608957,0.468653138375697,0
C07,CO,205,Dbc_corrected,-0.077814165780492,0.464167043668098,0.107167988966324,0.474941238625131,0
C07,CO,205,Dbc_02,0.0250353326792842,0.868347763979068,0.183610960914556,0.893467662410534,35
C07,CO,206,Db,-0.314391250761378,0.00151087054121011,0.0874626565242396,0.00141714596855519,0
C07,CO,206,Dbc_corrected,-0.313353146862332,0.00198579341829903,0.0905155588653457,0.00208190154982682,0
C07,CO,206,Dbc_02,-0.093425745417399,0.597949510848257,0.165575666428085,0.580609595812346,35
C07,CO,207,Db,-0.0716842561022766,0.568341663610169,0.102419859895971,0.489018434739734,0
C07,CO,207,Dbc_corrected,-0.0735350800626971,0.573454004961216,0.108703044910917,0.503512606855128,0
C07,CO,207,Dbc_02,-0.144076833335677,0.414369197880474,0.135546989673499,0.303514325794912,35
C07,CO,208,Db,0.00812734994973646,0.939687508198803,0.104136825966101,0.93842139970292,0
C07,CO,208,Dbc_corrected,0.00666837561379094,0.952702575966139,0.107883811810334,0.951218050259205,0
C07,CO,208,Dbc_02,0.0492259969083416,0.754252756531858,0.144528552300814,0.738789472838708,35
C07,CO,209,Db,-0.400177769869357,0.000521156340316398,0.0991361984488491,0.000456325287187722,0
C07,CO,209,Dbc_corrected,-0.410010389364357,0.000663801753726739,0.107360940602972,0.000806151233922485,0
C07,CO,209,Dbc_02,-0.47180037424045,0.0087207273647545,0.16303042833209,0.0138571458394627,35
C07,CO,210,Db,-0.284615242495272,0.00133767795642298,0.0879141984067701,0.00551842075725201,0
C07,CO,210,Dbc_corrected,-0.301236640635577,0.00119895438111632,0.0917297369157145,0.00483721591255594,0
C07,CO,210,Dbc_02,-0.253001276845899,0.039097873726822,0.124237066332041,0.0786369660687676,35
C07,CO,211,Db,-0.320569213560809,0.00125088978726738,0.100492065286113,0.00485448568178675,0
C07,CO,211,Dbc_corrected,-0.347249511867963,0.000794996203072042,0.0998427275477381,0.00265870314951939,0
C07,CO,211,Dbc_02,-0.264601463661239,0.0652394424916143,0.173546652755341,0.150793573627292,35
C07,CO,212,Db,-0.0357196996774022,0.755948720307426,0.0911232431982937,0.698187025868309,0
C07,CO,212,Dbc_corrected,-0.0278906940377065,0.816970171513086,0.0980660134535826,0.778334038021479,0
C07,CO,212,Dbc_02,-0.0494137878286221,0.758883900499362,0.142776431658572,0.733719903010733,35
C07,CO,213,Db,-0.163542739155038,0.117390394644326,0.127915332254115,0.214526880515587,0
C07,CO,213,Dbc_corrected,-0.194609732837135,0.0708558126378458,0.133393373968083,0.159454628451073,0
C07,CO,213,Dbc_02,-0.119268211632156,0.484136752642674,0.219948188931833,0.597290980524498,35
C07,CO,214,Db,-0.243584636399114,0.032200598248277,0.110156389166321,0.0356488772089915,0
C07,CO,214,Dbc_corrected,-0.258562201932544,0.0294017834548665,0.121129219407983,0.0420574121422036,0
C07,CO,214,Dbc_02,-0.0600499704501981,0.726255703746376,0.108840212946337,0.590290070121896,35
C07,CO,215,Db,-0.097024266147187,0.423439596292566,0.113402342438426,0.400546366826985,0
C07,CO,215,Dbc_corrected,-0.0997907481633419,0.425320036381986,0.120289706891289,0.415173896809008,0
C07,CO,215,Dbc_02,-0.0265805183174638,0.892080735944861,0.179642974018142,0.884409200786867,35
C07,CO,216,Db,-0.0932059914232729,0.414281928193302,0.0882667105057752,0.301322835033759,0
C07,CO,216,Dbc_corrected,-0.099305181746919,0.402755271225897,0.0928469801733652,0.295569595391247,0
C07,CO,216,Dbc_02,-0.013358887274239,0.938589404546763,0.113644427966328,0.908143334363839,35
C07,CO,217,Db,-0.240754055813828,0.0490014889948248,0.11936860306937,0.0525448331324935,0
C07,CO,217,Dbc_corrected,-0.246677913669484,0.0518658607932567,0.125667819216346,0.0589954221998212,0
C07,CO,217,Dbc_02,0.0383669194724755,0.837993524459351,0.14882137710624,0.799881867256101,35
C07,CO,218,Db,-0.249649364328329,0.0151147618340253,0.121159043712108,0.0494236666462745,0
C07,CO,218,Dbc_corrected,-0.27077602424046,0.0122910486135972,0.130560166504254,0.0479963360992347,0
C07,CO,218,Dbc_02,-0.337102054922439,0.0139219388991152,0.144031637580675,0.0330459469421833,35
C07,CO,219,Db,-0.336088372089167,0.000330123370196678,0.0977244729108841,0.00201178190902282,0
C07,CO,219,Dbc_corrected,-0.33865662825512,0.000581770878535226,0.105515580620452,0.00347187931963921,0
C07,CO,219,Dbc_02,-0.31261206714831,0.0122907149570801,0.130626540539799,0.0314488482548462,35
C07,CO,220,Db,-0.296684549920044,0.00255449508686362,0.0924709326612947,0.00372757570653908,0
C07,CO,220,Dbc_corrected,-0.288024960012453,0.00510054885017659,0.0979160761847313,0.00719358800531153,0
C07,CO,220,Dbc_02,-0.161707202298695,0.228226827303285,0.133152465175372,0.241504898699756,35
C07,CO,221,Db,-0.212721910161977,0.0154277119638209,0.091498992572285,0.0278024046566295,0
C07,CO,221,Dbc_corrected,-0.215938800979581,0.0182707891782623,0.0978297427005929,0.0360548907257853,0
C07,CO,221,Dbc_02,-0.327542783986167,0.00994676823520912,0.0830292973533396,0.00129183718919754,35
C07,CO,222,Db,-0.386668366490716,4.44086074553692e-05,0.083777900748857,8.31483772645028e-05,0
C07,CO,222,Dbc_corrected,-0.399407515183096,5.60296496272396e-05,0.0895758556640701,0.000117280420506874,0
C07,CO,222,Dbc_02,-0.374372605001416,0.00319445601267714,0.125798327145352,0.0100324877647446,35
C07,CO,223,Db,-0.37339408794992,0.00106602109003696,0.117148861140778,0.00507532074090207,0
C07,CO,223,Dbc_corrected,-0.371531877566228,0.00160801301268814,0.119908827943427,0.0063032393695629,0
C07,CO,223,Dbc_02,-0.373102655158121,0.0403984604620232,0.147124421961756,0.0320226088782271,35
C07,CO,224,Db,-0.357286718725863,0.000571142401581435,0.0887162115308286,0.000352530889074025,0
C07,CO,224,Dbc_corrected,-0.357194085258759,0.000969564570491537,0.0991787073148064,0.00109902772355204,0
C07,CO,224,Dbc_02,-0.232929158188372,0.121183511472631,0.139420787556712,0.115756791374817,35
C07,CO,225,Db,-0.153397383076057,0.13248864712959,0.119044798733684,0.21004781976346,0
C07,CO,225,Dbc_corrected,-0.180388097114868,0.0916536226308803,0.12290451147399,0.15513550967541,0
C07,CO,225,Dbc_02,-0.00521763392469373,0.970652436348587,0.143548843173663,0.971610236095989,35
C07,CO,226,Db,-0.428212947777142,0.000207179770046352,0.0958593022252059,0.00022800680260904,0
C07,CO,226,Dbc_corrected,-0.433219105248405,0.000275983116248239,0.0989080049753268,0.000303245023841598,0
C07,CO,226,Dbc_02,-0.191100365132661,0.339039307633287,0.149960942483107,0.227077343434612,35
C07,CO,227,Db,-0.292365699239184,0.00107397656574151,0.0668176038757707,0.000537607111727236,0
C07,CO,227,Dbc_corrected,-0.279288067480235,0.00248988537070941,0.0716379023295722,0.00132031300293467,0
C07,CO,227,Dbc_02,-0.307112830048693,0.0280665872672168,0.114883932612534,0.0439718791961901,35
C07,CO,228,Db,-0.181158070152368,0.0737781624038273,0.0988509724433672,0.0816551220223772,0
C07,CO,228,Dbc_corrected,-0.19140438532398,0.0688419784333005,0.102842729296362,0.0777259967394462,0
C07,CO,228,Dbc_02,-0.00906679546863024,0.952540119711028,0.102645974628448,0.931173823892482,35
C07,CO,229,Db,-0.285221744355722,0.00576455699667195,0.0888575267768814,0.00338504077143264,0
C07,CO,229,Dbc_corrected,-0.295213261732651,0.00567638615561288,0.092273961367513,0.00361094892831508,0
C07,CO,229,Dbc_02,-0.259845467251845,0.109463123782007,0.132453039386328,0.0665662000889571,35
C07,CO,230,Db,-0.141519883064112,0.319745805816095,0.129509428581663,0.288192817480256,0
C07,CO,230,Dbc_corrected,-0.15262168905086,0.304707897792335,0.135382924571335,0.273557976757341,0
C07,CO,230,Dbc_02,-0.178086073638862,0.385001069390361,0.181467296180768,0.350915735239903,35
C07,CO,231,Db,-0.34199241621303,0.000818759258163842,0.0914667891346857,0.00111082261037107,0
C07,CO,231,Dbc_corrected,-0.358247581956811,0.000734166125555944,0.0939068851077351,0.000939681068247739,0
C07,CO,231,Dbc_02,-0.462034988367758,0.00719792286765612,0.15554919647338,0.0143804327101508,35
C07,CO,232,Db,-0.274160904460069,0.0189112956172507,0.102290557633145,0.015233820965446,0
C07,CO,232,Dbc_corrected,-0.271628640623364,0.0240457355077133,0.105933232770839,0.0199072647709839,0
C07,CO,232,Dbc_02,-0.423582058153768,0.0205957725570765,0.158012337996476,0.0203304111109733,35
C07,CO,233,Db,-0.363810184597884,0.000101832978192096,0.0936754264947105,0.000634200682830677,0
C07,CO,233,Dbc_corrected,-0.394757432940025,4.6104225855947e-05,0.0950387013144122,0.000319980563364354,0
C07,CO,233,Dbc_02,-0.179710190518691,0.225591260333097,0.119813849861303,0.161774201211199,35
C07,CO,234,Db,-0.209677911303787,0.0312367436470869,0.0961231371023362,0.0451984209221546,0
C07,CO,234,Dbc_corrected,-0.214031378213189,0.0309547048908652,0.0982221487042253,0.0464172903194012,0
C07,CO,234,Dbc_02,-0.0198713053006119,0.924025826232179,0.170237801019377,0.909099820937988,35
C07,CO,235,Db,-0.161232302739235,0.148696275917662,0.0965536619305091,0.107875167027173,0
C07,CO,235,Dbc_corrected,-0.174024975197076,0.133720927269451,0.102465460488098,0.102785630421496,0
C07,CO,235,Dbc_02,-0.0666176436160102,0.698968178655604,0.153218512806073,0.669914234342261,35
C07,CO,236,Db,-0.112899239545131,0.223666206370232,0.101459806996296,0.276042599858581,0
C07,CO,236,Dbc_corrected,-0.120969431098303,0.209548076582212,0.105267245680876,0.260821703963295,0
C07,CO,236,Dbc_02,-0.160886119276727,0.208428945315671,0.168923368957958,0.357819624970552,35
C07,CO,237,Db,-0.20448327599643,0.0439560592643905,0.104396317489196,0.062498208778956,0
C07,CO,237,Dbc_corrected,-0.180108458513582,0.0935365581789494,0.104632481787986,0.0986399759313575,0
C07,CO,237,Dbc_02,-0.121571912686771,0.369572027228314,0.149377829734269,0.429213247878963,35
C07,CO,238,Db,-0.29423975074405,0.00229291658065345,0.0843547481322333,0.00173658218831901,0
C07,CO,238,Dbc_corrected,-0.302448992369039,0.00256476879568075,0.0882325738477293,0.00195028299068433,0
C07,CO,238,Dbc_02,-0.282607486590814,0.0365025527256419,0.0945469745000561,0.0119176871867164,35
C07,CO,239,Db,-0.142653774673699,0.164838107725288,0.0878687838030102,0.12235993145205,0
C07,CO,239,Dbc_corrected,-0.133186937082952,0.206818329303936,0.0909024135164493,0.161904949033749,0
C07,CO,239,Dbc_02,-0.290701653610834,0.0997648264026185,0.171846513704158,0.109597877085181,35
C07,CO,240,Db,-0.0856455691520687,0.359232053283894,0.0820384063310515,0.304945698967583,0
C07,CO,240,Dbc_corrected,-0.0762554509273035,0.427163592265389,0.0826380280919538,0.363891517139604,0
C07,CO,240,Dbc_02,-0.140746568430382,0.35913917993761,0.151442679109673,0.366503379540303,35
C07,CO,241,Db,-0.284505105323965,0.0101877402628642,0.114352272277512,0.0192142827329741,0
C07,CO,241,Dbc_corrected,-0.299003774222636,0.0098301753337636,0.123928688881704,0.0225090742301983,0
C07,CO,241,Dbc_02,-0.151192408922437,0.301295911737652,0.136874000848297,0.286538381741425,35
C07,CO,242,Db,-0.185621684040362,0.0981824414377838,0.0960112669020792,0.0650923262229332,0
C07,CO,242,Dbc_corrected,-0.184427886342418,0.119426613601699,0.0996256932959208,0.0773668564528422,0
C07,CO,242,Dbc_02,-0.0882331097080378,0.587355587543033,0.163058704115985,0.595017481881495,35
C07,CO,243,Db,-0.28767971519956,0.015830754437168,0.118036266408713,0.0234604918211965,0
C07,CO,243,Dbc_corrected,-0.310428145110486,0.0135391182242082,0.126267289261081,0.0220402404716897,0
C07,CO,243,Dbc_02,-0.441086051985079,0.00743313602481251,0.156831728104722,0.0177057500862683,35
C07,CO,244,Db,-0.27598947282607,0.00394807215077033,0.118970057452567,0.0278542501636043,0
C07,CO,244,Dbc_corrected,-0.277665278757327,0.00539766902598327,0.128512069158503,0.0394298340584102,0
C07,CO,244,Dbc_02,-0.366453500612064,0.00925591994909082,0.124057875389286,0.0103287074146517,35
C07,CO,245,Db,-0.166406398337804,0.104302284871776,0.0923740074003023,0.0876378111516175,0
C07,CO,245,Dbc_corrected,-0.166314051171077,0.126310107204513,0.0960633004811109,0.0985706103860119,0
C07,CO,245,Dbc_02,-0.165786183358228,0.209888498001225,0.0982836155502193,0.121996857815597,35
C07,CO,246,Db,-0.218645667743071,0.0395282649043736,0.0789807082573162,0.0113399477043988,0
C07,CO,246,Dbc_corrected,-0.224259074356807,0.0415174491709145,0.08514914980617,0.0152347747898966,0
C07,CO,246,Dbc_02,-0.181320485619246,0.253864149814962,0.115902218780744,0.151200820969323,35
C07,CO,247,Db,-0.223146463220265,0.0245276547165876,0.0953792913609727,0.0282847091626043,0
C07,CO,247,Dbc_corrected,-0.230955773461876,0.0242991353771508,0.0958076738161748,0.0244391788193298,0
C07,CO,247,Dbc_02,-0.154605134092756,0.31364898194434,0.179733620095869,0.407019765623942,35
C07,CO,248,Db,-0.241381554817279,0.0577324388112957,0.146481480765205,0.112768454089715,0
C07,CO,248,Dbc_corrected,-0.264090832609683,0.0481350328282822,0.149356925333047,0.0898418909207712,0
C07,CO,248,Dbc_02,-0.0895060554980217,0.616361733246804,0.179928399298955,0.62683735965404,35
C07,CO,249,Db,-0.139183668578126,0.193302698140382,0.106439886692107,0.199972605604289,0
C07,CO,249,Dbc_corrected,-0.120932322216483,0.273834854037328,0.112422506562236,0.289948196469534,0
C07,CO,249,Dbc_02,-0.179673103176608,0.264500971652197,0.158948158541073,0.273561081680339,35
C07,CO,250,Db,-0.228477560302003,0.0117791048383125,0.0877095114770441,0.0174938131226629,0
C07,CO,250,Dbc_corrected,-0.240437771892513,0.00957804493902849,0.0904979034854706,0.0161213181513194,0
C07,CO,250,Dbc_02,-0.0838845372509191,0.606865998159156,0.151717184243383,0.590435183089386,35
