design,construct,rule,c.bm,t_half,variant,mean,sd,resid_var,ncp,power,mc_mean,mc_sd,mc_power,power_z,block
CO,CS,graded,0.25,0,E9,-0.130194856131429,0.0570199735470938,51.4045030460331,-2.31714898591271,0.621824937102138,-0.131184447762759,0.0564720951095838,0.6314,1.39619515452786,"CO, all structures, c_bm 0.25"
CO,CS,graded,0.25,0,E9b,-0.130194856131429,0.0554681854899503,48.6446474672868,-2.38197396785868,0.64519710081038,-0.130996922633541,0.0548284318989876,0.6528,1.12363290968894,"CO, all structures, c_bm 0.25"
CO,CS,graded,0.25,0.1,E9,-0.130194855646415,0.0570199737495327,51.4045034110376,-2.31714896905405,0.621824930954602,-0.130693169941116,0.0568111542676697,0.618,-0.557735244684778,"CO, all structures, c_bm 0.25"
CO,CS,graded,0.25,0.1,E9b,-0.130194855743418,0.0554681856411433,48.6446477324742,-2.38197395426715,0.645197095968637,-0.130365906957104,0.05516266015712,0.649,0.562031404380511,"CO, all structures, c_bm 0.25"
CO,CS,graded,0.25,0.2,E9,-0.130192046147258,0.0570211462299027,51.406617454181,-2.3170513222424,0.621789323334599,-0.130774796484325,0.057143866931778,0.6284,0.963923116538317,"CO, all structures, c_bm 0.25"
CO,CS,graded,0.25,0.2,E9b,-0.130192608144092,0.0554690613178947,48.6461836505003,-2.38189523044278,0.645169051560084,-0.130822973119219,0.0558117218972481,0.6564,1.65979299140467,"CO, all structures, c_bm 0.25"
CO,CS,graded,0.25,0.5,E9,-0.129669877373494,0.0572334727785977,51.7901108395172,-2.29919811589174,0.615260015279707,-0.131162110729244,0.0559674911652276,0.6238,1.24116376503012,"CO, all structures, c_bm 0.25"
CO,CS,graded,0.25,0.5,E9b,-0.129774873125081,0.0556276711811436,48.9247439965027,-2.36748396956081,0.64002083618321,-0.131181764234928,0.0546141906029648,0.6538,2.02988823847284,"CO, all structures, c_bm 0.25"
CO,CS,graded,0.25,1,E9,-0.126703558526092,0.0582919317216642,53.7208378229211,-2.20586098186398,0.580568906444609,-0.125053927441382,0.0584251432353178,0.5622,-2.63215285873473,"CO, all structures, c_bm 0.25"
CO,CS,graded,0.25,1,E9b,-0.12740181804716,0.0564192995289936,50.3254882906937,-2.29161861717397,0.612476843396982,-0.126060712825589,0.0568184984444673,0.599,-1.95604804444875,"CO, all structures, c_bm 0.25"
CO,CS,graded,0.25,2,E9,-0.118757232363135,0.0606405844396972,58.1116243929057,-1.98787592983488,0.497161525820967,-0.117551408602685,0.0619102416008827,0.484,-1.86135082556283,"CO, all structures, c_bm 0.25"
CO,CS,graded,0.25,2,E9b,-0.121044757116794,0.0581803772455074,53.4999773194409,-2.11168871669062,0.544819409622109,-0.11946727276893,0.059336160111531,0.5386,-0.883112455951997,"CO, all structures, c_bm 0.25"
CO,CS,mean,0.25,0,E9,-0.130194856131429,0.0591968995311711,55.404503046033,-2.23193739752951,0.590346869557874,-0.12980935545428,0.0590015659293105,0.5794,-1.57403061065966,"CO, all structures, c_bm 0.25"
CO,CS,mean,0.25,0,E9b,-0.130194856131429,0.057703683871481,52.6446474672868,-2.28969391582845,0.611769062408052,-0.129902947989666,0.0577614056812795,0.6048,-1.01116151081173,"CO, all structures, c_bm 0.25"
CO,CS,mean,0.25,0.1,E9,-0.130194856131429,0.0591968997102444,55.4045033812352,-2.2319373907778,0.590346867034155,-0.129689196835882,0.0594781469125848,0.5816,-1.25769621839018,"CO, all structures, c_bm 0.25"
CO,CS,mean,0.25,0.1,E9b,-0.130194856131429,0.0577036840037502,52.6446477086323,-2.28969391057998,0.611769060477437,-0.130034224975705,0.0583531880759534,0.6082,-0.517845352783054,"CO, all structures, c_bm 0.25"
CO,CS,mean,0.25,0.2,E9,-0.130194856131429,0.0591979368509883,55.4064447927453,-2.23189828750277,0.590332250562936,-0.128645217231743,0.0598531412888013,0.5762,-2.0320396976778,"CO, all structures, c_bm 0.25"
CO,CS,mean,0.25,0.2,E9b,-0.130194856131429,0.0577044500682445,52.6460455210536,-2.28966351338868,0.611757879015615,-0.128904483346819,0.058320148714948,0.604,-1.12560728047438,"CO, all structures, c_bm 0.25"
CO,CS,mean,0.25,0.5,E9,-0.130194856131429,0.0593854022894626,55.7579178420611,-2.22485272116886,0.587696359809341,-0.131749798124519,0.0587618835882119,0.59,0.330913560230061,"CO, all structures, c_bm 0.25"
CO,CS,mean,0.25,0.5,E9b,-0.130194856131429,0.057842902155829,52.8989791927304,-2.28418300183964,0.609740215277993,-0.131336637489153,0.0574403434878538,0.6178,1.16831277046435,"CO, all structures, c_bm 0.25"
CO,CS,mean,0.25,1,E9,-0.130194856131429,0.060310793411228,57.5091866722042,-2.19071523368188,0.5748627370277,-0.131480161922464,0.059453497264654,0.5746,-0.0375802460638104,"CO, all structures, c_bm 0.25"
CO,CS,mean,0.25,1,E9b,-0.130194856131429,0.0585259597864965,54.155707149511,-2.25752425698626,0.59987940463244,-0.131615637355548,0.0577846956733023,0.6062,0.912253549034937,"CO, all structures, c_bm 0.25"
CO,CS,mean,0.25,2,E9,-0.130194856131429,0.0623377256129845,61.4396945658322,-2.11948338798388,0.54780006105435,-0.131385105803011,0.0623394308891505,0.5542,0.909252586679875,"CO, all structures, c_bm 0.25"
CO,CS,mean,0.25,2,E9b,-0.130194856131429,0.0600208119556781,56.9574941744961,-2.20129934228454,0.578852305012169,-0.131176989621097,0.0597935598751402,0.5824,0.508077752991332,"CO, all structures, c_bm 0.25"
CO,CS,mean_decayed,0.25,0,E9,-0.130194856131429,0.0591968995311711,55.404503046033,-2.23193739752951,0.590346869557874,-0.129047437376673,0.0591506657708454,0.5844,-0.855089637471796,"CO, all structures, c_bm 0.25"
CO,CS,mean_decayed,0.25,0,E9b,-0.130194856131429,0.057703683871481,52.6446474672868,-2.28969391582845,0.611769062408052,-0.129541255223309,0.0580568650580728,0.6044,-1.06919867286345,"CO, all structures, c_bm 0.25"
CO,CS,mean_decayed,0.25,0.1,E9,-0.130194855646415,0.0591968997102444,55.4045033812352,-2.23193738246319,0.590346863926238,-0.131404431775822,0.0601043181039004,0.5994,1.30173408911587,"CO, all structures, c_bm 0.25"
CO,CS,mean_decayed,0.25,0.1,E9b,-0.130194855743418,0.0577036840037502,52.6446477086323,-2.28969390375616,0.611769057967339,-0.132117067322926,0.057873531517682,0.6212,1.36836277476544,"CO, all structures, c_bm 0.25"
CO,CS,mean_decayed,0.25,0.2,E9,-0.130192046147258,0.0591979368528938,55.4064447946086,-2.23185011660009,0.59031424449287,-0.130881811026353,0.0590107467200601,0.5972,0.990078288027735,"CO, all structures, c_bm 0.25"
CO,CS,mean_decayed,0.25,0.2,E9b,-0.130192608144092,0.0577044500694956,52.6460455222461,-2.28962397927717,0.611743336426383,-0.130814331673919,0.0581279794562318,0.6116,-0.0207968467697163,"CO, all structures, c_bm 0.25"
CO,CS,mean_decayed,0.25,0.5,E9,-0.129669877373494,0.0593854685882334,55.7579828783575,-2.21588025709097,0.584333029486527,-0.129648575863037,0.0604869636347957,0.586,0.239171784607519,"CO, all structures, c_bm 0.25"
CO,CS,mean_decayed,0.25,0.5,E9b,-0.129774873125081,0.0578429457185659,52.8990208159601,-2.27681378085449,0.607022002885287,-0.129904704697703,0.0587022032045627,0.6038,-0.46647093959055,"CO, all structures, c_bm 0.25"
CO,CS,mean_decayed,0.25,1,E9,-0.126703558526092,0.0603136805673195,57.512063051012,-2.13191582853822,0.552547176867886,-0.12699502219788,0.0601278385987587,0.551,-0.22002227824533,"CO, all structures, c_bm 0.25"
CO,CS,mean_decayed,0.25,1,E9b,-0.12740181804716,0.0585278639317111,54.1575480319479,-2.20905660156865,0.581770405878184,-0.128036632744346,0.0582987841889117,0.5872,0.778339686832344,"CO, all structures, c_bm 0.25"
CO,CS,mean_decayed,0.25,2,E9,-0.118757232363135,0.0623676977857829,61.4705650863699,-1.93280117096296,0.47588604293416,-0.118762371659051,0.0628145293726039,0.4708,-0.72011304404882,"CO, all structures, c_bm 0.25"
CO,CS,mean_decayed,0.25,2,E9b,-0.121044757116794,0.0600407360965722,56.9772513076402,-2.04623708447322,0.519682071934492,-0.121223426422404,0.0604571291641297,0.522,0.328058798652358,"CO, all structures, c_bm 0.25"
CO,CS,step,0.25,0,E9,-0.130194856131429,0.0570199735470938,51.4045030460331,-2.31714898591271,0.621824937102138,-0.129593926538167,0.0578864402377785,0.6074,-2.10338328857035,"CO, all structures, c_bm 0.25"
CO,CS,step,0.25,0,E9b,-0.130194856131429,0.0554681854899503,48.6446474672868,-2.38197396785868,0.64519710081038,-0.129662877428026,0.0560032434200747,0.6404,-0.708963805412125,"CO, all structures, c_bm 0.25"
CO,CS,step,0.25,0.1,E9,-0.0650974280657146,0.0591510913044048,54.4045033812352,-1.12617821034769,0.198821131089277,-0.065588823489289,0.0600038744442495,0.204,0.91753767765853,"CO, all structures, c_bm 0.25"
CO,CS,step,0.25,0.1,E9b,-0.0781169136788575,0.057233262954793,51.2046477086323,-1.39299994783563,0.278866595925273,-0.0793118513527466,0.0576120365378714,0.2874,1.34555439383573,"CO, all structures, c_bm 0.25"
CO,CS,step,0.25,0.2,E9,-0.0650974280657146,0.059152129248328,54.4064447927453,-1.12615811718729,0.198815703808437,-0.0648153263259979,0.0593155210297975,0.196,-0.498861988886637,"CO, all structures, c_bm 0.25"
CO,CS,step,0.25,0.2,E9b,-0.0781169136788575,0.057234035315766,51.2060455210536,-1.39298093478846,0.278860363670774,-0.0775625961971686,0.0576675593960477,0.2752,-0.577173204383719,"CO, all structures, c_bm 0.25"
CO,CS,step,0.25,0.5,E9,-0.0650974280657146,0.0593397394018428,54.7579178420611,-1.12253807975694,0.197839472574051,-0.0649343630719582,0.0597819985999191,0.2026,0.844992700248596,"CO, all structures, c_bm 0.25"
CO,CS,step,0.25,0.5,E9b,-0.0781169136788575,0.0573736226035678,51.4589791927304,-1.38955329392945,0.277737946386452,-0.0778408442778744,0.0579186232544186,0.2786,0.136098791745666,"CO, all structures, c_bm 0.25"
CO,CS,step,0.25,1,E9,-0.0650974280657146,0.0602658316883549,56.5091866722042,-1.10500696912134,0.193155886408742,-0.0639325896343314,0.0601889909057109,0.1878,-0.959328989611868,"CO, all structures, c_bm 0.25"
CO,CS,step,0.25,1,E9b,-0.0781169136788575,0.0580622012136848,52.715707149511,-1.37289009924707,0.272313502395649,-0.0767869815442916,0.0582452930301102,0.2638,-1.35234194477693,"CO, all structures, c_bm 0.25"
CO,CS,step,0.25,2,E9,-0.0650974280657146,0.0622942268737405,60.4396945658322,-1.06847266232939,0.183632375292018,-0.0646496511764211,0.0620325433219907,0.1818,-0.334643132322088,"CO, all structures, c_bm 0.25"
CO,CS,step,0.25,2,E9b,-0.0781169136788575,0.0595686923531706,55.5174941744961,-1.33779898952359,0.26106807439211,-0.0775805042488291,0.0594540486106208,0.2554,-0.912518011683462,"CO, all structures, c_bm 0.25"
CO,covar,graded,0.25,0,E9,-0.130194856131429,0.117205531974992,217.191769080206,-1.1272827455756,0.199119619701415,-0.128735486162121,0.11803083187478,0.1992,0.0142329119582842,"CO, all structures, c_bm 0.25"
CO,covar,graded,0.25,0,E9b,-0.130194856131429,0.10627582264841,178.573122524747,-1.24321572478926,0.232022645868681,-0.12862849888986,0.10731510695801,0.2314,-0.104300578828377,"CO, all structures, c_bm 0.25"
CO,covar,graded,0.25,0.1,E9,-0.130194855646415,0.117205532073478,217.191769445211,-1.12728274042891,0.199119618309905,-0.129242159472449,0.117257306774847,0.197,-0.375320089629814,"CO, all structures, c_bm 0.25"
CO,covar,graded,0.25,0.1,E9b,-0.130194855743418,0.106275822727322,178.573122789935,-1.24321572016108,0.232022644494417,-0.129397368559389,0.106436172293517,0.2338,0.29772815933383,"CO, all structures, c_bm 0.25"
CO,covar,graded,0.25,0.2,E9,-0.130192046147258,0.117206102484476,217.193883488354,-1.12725292852052,0.199111558171779,-0.128227945467527,0.117563522612553,0.1962,-0.515556450711437,"CO, all structures, c_bm 0.25"
CO,covar,graded,0.25,0.2,E9b,-0.130192608144092,0.106276279768992,178.574658707961,-1.24318891173402,0.232014684240418,-0.128760048814158,0.106655710205395,0.226,-1.00754311711479,"CO, all structures, c_bm 0.25"
CO,covar,graded,0.25,0.5,E9,-0.129669877373494,0.117309546706686,217.57737687369,-1.12174191199489,0.197625183671477,-0.131080343172293,0.118218288997309,0.1994,0.315158213418146,"CO, all structures, c_bm 0.25"
CO,covar,graded,0.25,0.5,E9b,-0.129774873125081,0.106359149484594,178.853219053963,-1.23823463439545,0.230546328396547,-0.131212881413843,0.107118140382396,0.2362,0.949172697776202,"CO, all structures, c_bm 0.25"
CO,covar,graded,0.25,1,E9,-0.126703558526092,0.117829574581566,219.508103857094,-1.09124997879983,0.189532055659374,-0.123919719488826,0.118545140364994,0.1836,-1.07023946574643,"CO, all structures, c_bm 0.25"
CO,covar,graded,0.25,1,E9b,-0.12740181804716,0.106775316611055,180.253963348154,-1.21085999004868,0.222531424075081,-0.124867194255749,0.107291026356047,0.2114,-1.89233766982434,"CO, all structures, c_bm 0.25"
CO,covar,graded,0.25,2,E9,-0.118757232363135,0.119008990515077,223.898890427079,-1.01273265114256,0.169728158930139,-0.118468805406751,0.117799287450625,0.17,0.0512050704799965,"CO, all structures, c_bm 0.25"
CO,covar,graded,0.25,2,E9b,-0.121044757116794,0.107716234498233,183.428452376901,-1.14044237907559,0.202698051403285,-0.120578562485951,0.106841015470202,0.2038,0.193825154464171,"CO, all structures, c_bm 0.25"
CO,covar,mean,0.25,0,E9,-0.130194856131429,0.118279889483941,221.191769080206,-1.11704343365452,0.196363653275435,-0.126053476658101,0.119521399376527,0.19,-1.13274244465281,"CO, all structures, c_bm 0.25"
CO,covar,mean,0.25,0,E9b,-0.130194856131429,0.107459508701597,182.573122524747,-1.22952147723205,0.227977095258972,-0.126065799758501,0.108739285230834,0.2204,-1.27710630435946,"CO, all structures, c_bm 0.25"
CO,covar,mean,0.25,0.1,E9,-0.130194856131429,0.118279889573563,221.191769415408,-1.11704343280812,0.196363653048651,-0.133916239602044,0.116385419383905,0.1956,-0.135931702142166,"CO, all structures, c_bm 0.25"
CO,covar,mean,0.25,0.1,E9b,-0.130194856131429,0.107459508772623,182.573122766093,-1.22952147641939,0.227977095020132,-0.133484191360073,0.105666941652524,0.2254,-0.434364909753647,"CO, all structures, c_bm 0.25"
CO,covar,mean,0.25,0.2,E9,-0.130194856131429,0.118280408646754,221.193710826919,-1.11703853066662,0.196362339576765,-0.129147687149874,0.116809168730811,0.1934,-0.527303438893152,"CO, all structures, c_bm 0.25"
CO,covar,mean,0.25,0.2,E9b,-0.130194856131429,0.107459920136427,182.574520578514,-1.22951676972846,0.227975711724967,-0.128985984710969,0.106466336096814,0.229,0.172642386828963,"CO, all structures, c_bm 0.25"
CO,covar,mean,0.25,0.5,E9,-0.130194856131429,0.118374344126212,221.545183876234,-1.11615210928262,0.196124927289191,-0.129268826252412,0.120660645098424,0.1962,0.0133692308237646,"CO, all structures, c_bm 0.25"
CO,covar,mean,0.25,0.5,E9b,-0.130194856131429,0.10753433036876,182.827454250191,-1.22866598441944,0.227725747205577,-0.129395558635116,0.109327013661825,0.2252,-0.425875873651168,"CO, all structures, c_bm 0.25"
CO,covar,mean,0.25,1,E9,-0.130194856131429,0.118841285520317,223.296452706377,-1.11176661631475,0.194953104307919,-0.131665540526694,0.117640422737239,0.1912,-0.669884562383841,"CO, all structures, c_bm 0.25"
CO,covar,mean,0.25,1,E9b,-0.130194856131429,0.107903284690409,184.084182206971,-1.22446479975565,0.226493786702112,-0.131785036861593,0.107299866919506,0.2274,0.153093017541281,"CO, all structures, c_bm 0.25"
CO,covar,mean,0.25,2,E9,-0.130194856131429,0.119882656697411,227.226960600005,-1.10210915841567,0.192388778721926,-0.133191281467686,0.12097197377311,0.2022,1.76001768501609,"CO, all structures, c_bm 0.25"
CO,covar,mean,0.25,2,E9b,-0.130194856131429,0.108721335283686,186.885969231957,-1.21525157446483,0.223805915390631,-0.133039782017701,0.110074019283423,0.2326,1.4919514710526,"CO, all structures, c_bm 0.25"
CO,covar,mean_decayed,0.25,0,E9,-0.130194856131429,0.118279889483941,221.191769080206,-1.11704343365452,0.196363653275435,-0.130996981772218,0.11867892646164,0.1948,-0.278333271336952,"CO, all structures, c_bm 0.25"
CO,covar,mean_decayed,0.25,0,E9b,-0.130194856131429,0.107459508701597,182.573122524747,-1.22952147723205,0.227977095258972,-0.131028216104535,0.107606318193849,0.2258,-0.366945641488717,"CO, all structures, c_bm 0.25"
CO,covar,mean_decayed,0.25,0.1,E9,-0.130194855646415,0.118279889573563,221.191769415408,-1.11704342864681,0.196363651933673,-0.129588097963367,0.118595610595321,0.2,0.647276906929216,"CO, all structures, c_bm 0.25"
CO,covar,mean_decayed,0.25,0.1,E9b,-0.130194855743418,0.107459508772623,182.573122766093,-1.22952147275513,0.227977093943205,-0.129806437328597,0.108034839182366,0.23,0.340957318763366,"CO, all structures, c_bm 0.25"
CO,covar,mean_decayed,0.25,0.2,E9,-0.130192046147258,0.118280408647708,221.193710828782,-1.11701442171719,0.196355879946968,-0.130522882861255,0.122012292613048,0.1988,0.435064547742364,"CO, all structures, c_bm 0.25"
CO,covar,mean_decayed,0.25,0.2,E9b,-0.130192608144092,0.107459920137099,182.574520579707,-1.22949554048228,0.227969472516685,-0.129879416461627,0.110460813055351,0.2264,-0.264534995558652,"CO, all structures, c_bm 0.25"
CO,covar,mean_decayed,0.25,0.5,E9,-0.129669877373494,0.118374377386636,221.545248912531,-1.11165133706396,0.194922363034507,-0.126587912636619,0.118650788119105,0.192,-0.521638277912356,"CO, all structures, c_bm 0.25"
CO,covar,mean_decayed,0.25,0.5,E9b,-0.129774873125081,0.107534353801238,182.827495873421,-1.22470241012954,0.226563358735717,-0.126806149809101,0.10793496270661,0.2262,-0.061378094200684,"CO, all structures, c_bm 0.25"
CO,covar,mean_decayed,0.25,1,E9,-0.126703558526092,0.118842750749914,223.299329085185,-1.08194657962402,0.187107180367097,-0.129017149008887,0.118992789926296,0.1906,0.633285130438026,"CO, all structures, c_bm 0.25"
CO,covar,mean_decayed,0.25,1,E9b,-0.12740181804716,0.107904317496835,184.086023089408,-1.19819066783696,0.218879060550113,-0.129815442134468,0.108047654674181,0.2278,1.52557774901252,"CO, all structures, c_bm 0.25"
CO,covar,mean_decayed,0.25,2,E9,-0.118757232363135,0.119898244646568,227.257831120543,-1.00522053983035,0.167912716874546,-0.118835153932351,0.118585169837418,0.1628,-0.967187130383838,"CO, all structures, c_bm 0.25"
CO,covar,mean_decayed,0.25,2,E9b,-0.121044757116794,0.108732335894466,186.905726365101,-1.12978393413224,0.199796606366525,-0.120658071417956,0.107087854088673,0.1902,-1.69710391522453,"CO, all structures, c_bm 0.25"
CO,covar,step,0.25,0,E9,-0.130194856131429,0.117205531974992,217.191769080206,-1.1272827455756,0.199119619701415,-0.130121150840738,0.114354335264817,0.1946,-0.800287513580846,"CO, all structures, c_bm 0.25"
CO,covar,step,0.25,0,E9b,-0.130194856131429,0.10627582264841,178.573122524747,-1.24321572478926,0.232022645868681,-0.130261438757268,0.103878506725518,0.2318,-0.0372958276048304,"CO, all structures, c_bm 0.25"
CO,covar,step,0.25,0.1,E9,-0.0650974280657146,0.118256969962585,220.191769415408,-0.559788541732618,0.0855774715263985,-0.0663230629963326,0.117995384430433,0.0852,-0.0954148595954013,"CO, all structures, c_bm 0.25"
CO,covar,step,0.25,0.1,E9b,-0.0781169136788575,0.107207636232226,181.133122766093,-0.740639472575123,0.112998487310925,-0.079120955398131,0.107068931337022,0.1112,-0.401692649856179,"CO, all structures, c_bm 0.25"
CO,covar,step,0.25,0.2,E9,-0.0650974280657146,0.118257489136378,220.193710826919,-0.55978607394571,0.0855771525187799,-0.0634745827808705,0.117778056451519,0.0872,0.410213791858414,"CO, all structures, c_bm 0.25"
CO,covar,step,0.25,0.2,E9b,-0.0781169136788575,0.10720804856248,181.134520578514,-0.740636614817672,0.112997989502537,-0.0768418219017581,0.106512708823052,0.1128,-0.0442210964192794,"CO, all structures, c_bm 0.25"
CO,covar,step,0.25,0.5,E9,-0.0650974280657146,0.118351442807041,220.545183876234,-0.55933984300732,0.0855194932878053,-0.0656706040972215,0.119603388288808,0.0892,0.930620961806954,"CO, all structures, c_bm 0.25"
CO,covar,step,0.25,0.5,E9b,-0.0781169136788575,0.107282633490726,181.387454250191,-0.740120048524723,0.112908039752426,-0.0788273276910359,0.108611943873406,0.1184,1.22705952739672,"CO, all structures, c_bm 0.25"
CO,covar,step,0.25,1,E9,-0.0650974280657146,0.118818474200432,222.296452706377,-0.55713222496127,0.0852349541157859,-0.066503229122816,0.121164438842207,0.09,1.20666979732168,"CO, all structures, c_bm 0.25"
CO,covar,step,0.25,1,E9b,-0.0781169136788575,0.10765245044971,182.644182206971,-0.737569364814386,0.112464873043911,-0.0789761873931996,0.110008855770521,0.118,1.23882900398607,"CO, all structures, c_bm 0.25"
CO,covar,step,0.25,2,E9,-0.0650974280657146,0.119860043567599,226.226960600005,-0.552271160462896,0.0846126085818814,-0.0657515005344768,0.119171943407244,0.0806,-1.01951071497498,"CO, all structures, c_bm 0.25"
CO,covar,step,0.25,2,E9b,-0.0781169136788575,0.108472392739883,185.445969231957,-0.731976422511022,0.111498859151176,-0.0790226700514916,0.107823340228356,0.11,-0.336729851817526,"CO, all structures, c_bm 0.25"
CO,sep,graded,0.25,0,E9,-0.130194856131429,0.120178639923752,228.350365695282,-1.09939481729236,0.191672063844075,-0.130983479605414,0.122424945642051,0.1964,0.849343566960511,"CO, all structures, c_bm 0.25"
CO,sep,graded,0.25,0,E9b,-0.130194856131429,0.10902611584764,187.935239798082,-1.21185436034478,0.222819621854406,-0.130781462391272,0.111019858230435,0.2278,0.84627145231352,"CO, all structures, c_bm 0.25"
CO,sep,graded,0.25,0.1,E9,-0.130194855646415,0.120178640019802,228.350366060287,-1.09939481231814,0.191672062532263,-0.130627237449452,0.121259494595629,0.1946,0.525985287694937,"CO, all structures, c_bm 0.25"
CO,sep,graded,0.25,0.1,E9b,-0.130194855743418,0.109026115924561,187.935240063269,-1.21185435587818,0.222819620559352,-0.13038182538719,0.109891202754708,0.2238,0.166587176820978,"CO, all structures, c_bm 0.25"
CO,sep,graded,0.25,0.2,E9,-0.130192046147258,0.120179196319428,228.35248010343,-1.09936599937737,0.191664464024138,-0.134560487347995,0.120124328486007,0.2022,1.89267044860662,"CO, all structures, c_bm 0.25"
CO,sep,graded,0.25,0.2,E9b,-0.130192608144092,0.109026561436945,187.936775981296,-1.2118284833329,0.222812119108889,-0.133918287012619,0.108636726928644,0.232,1.56123379720315,"CO, all structures, c_bm 0.25"
CO,sep,graded,0.25,0.5,E9,-0.129669877373494,0.120280083625304,228.735973488766,-1.09403843408315,0.190262911080933,-0.128708478830905,0.118122317097199,0.1872,-0.551785528947141,"CO, all structures, c_bm 0.25"
CO,sep,graded,0.25,0.5,E9b,-0.129774873125081,0.10910734226583,188.215336327298,-1.20704600758096,0.221428089750844,-0.12861712890392,0.107085837198064,0.2152,-1.06065499704943,"CO, all structures, c_bm 0.25"
CO,sep,graded,0.25,1,E9,-0.126703558526092,0.120787323070158,230.66670047217,-1.0645279673034,0.18262340550125,-0.126571487124863,0.11991244167917,0.182,-0.114094921851952,"CO, all structures, c_bm 0.25"
CO,sep,graded,0.25,1,E9b,-0.12740181804716,0.109513066319129,189.616080621489,-1.18058906897772,0.213865475733861,-0.127501040082492,0.108316120477386,0.2132,-0.114762090369604,"CO, all structures, c_bm 0.25"
CO,sep,graded,0.25,2,E9,-0.118757232363135,0.121938134280461,235.057487042155,-0.988402279621085,0.163898964352651,-0.119529482504065,0.122340303717642,0.168,0.783359403539721,"CO, all structures, c_bm 0.25"
CO,sep,graded,0.25,2,E9b,-0.121044757116794,0.110430659835505,192.790569650236,-1.11240723559301,0.195123994649437,-0.121542673151234,0.11029132981647,0.1976,0.441790885224107,"CO, all structures, c_bm 0.25"
CO,sep,mean,0.25,0,E9,-0.130194856131429,0.121226651462107,232.350365695282,-1.08989048437684,0.189176410034789,-0.1311021010911,0.121705032837434,0.195,1.0514269718081,"CO, all structures, c_bm 0.25"
CO,sep,mean,0.25,0,E9b,-0.130194856131429,0.110180258974171,191.935239798082,-1.19916013187436,0.219157255084201,-0.131213042602614,0.110703656461995,0.2254,1.06708957216306,"CO, all structures, c_bm 0.25"
CO,sep,mean,0.25,0.1,E9,-0.130194856131429,0.121226651549552,232.350366030484,-1.08989048359067,0.189176409829254,-0.129500824642664,0.118987452238456,0.183,-1.11512725396477,"CO, all structures, c_bm 0.25"
CO,sep,mean,0.25,0.1,E9b,-0.130194856131429,0.110180259043443,191.935240039428,-1.19916013112043,0.219157254867772,-0.129438849568768,0.108141721520963,0.213,-1.05247652330886,"CO, all structures, c_bm 0.25"
CO,sep,mean,0.25,0.2,E9,-0.130194856131429,0.121227158005231,232.352307441994,-1.08988593031041,0.189175219432545,-0.128584668194749,0.121163222048944,0.1834,-1.04269637212639,"CO, all structures, c_bm 0.25"
CO,sep,mean,0.25,0.2,E9b,-0.130194856131429,0.11018066024922,191.936637851849,-1.19915576456489,0.219156001374704,-0.128560970155175,0.110311851997146,0.219,-0.0266657992507958,"CO, all structures, c_bm 0.25"
CO,sep,mean,0.25,0.5,E9,-0.130194856131429,0.121318811878838,232.70378049131,-1.08906254384828,0.188960037699743,-0.127137656538083,0.121258920588837,0.1842,-0.859783852121655,"CO, all structures, c_bm 0.25"
CO,sep,mean,0.25,0.5,E9b,-0.130194856131429,0.110253234261333,192.189571523526,-1.19836642223343,0.218929478646774,-0.127589104726217,0.109835907856482,0.2114,-1.28751608410723,"CO, all structures, c_bm 0.25"
CO,sep,mean,0.25,1,E9,-0.130194856131429,0.121774463302055,234.455049321453,-1.08498752775196,0.187897488686129,-0.130611134207152,0.121204345041915,0.189,0.199573163928027,"CO, all structures, c_bm 0.25"
CO,sep,mean,0.25,1,E9b,-0.130194856131429,0.110613119946081,193.446299480306,-1.19446747316975,0.217812652375862,-0.130500783511412,0.109984210389018,0.2212,0.580293659218424,"CO, all structures, c_bm 0.25"
CO,sep,mean,0.25,2,E9,-0.130194856131429,0.122790961170647,238.385557215081,-1.07600569799108,0.185569659787863,-0.129150453427374,0.122137392026464,0.1822,-0.612901380503308,"CO, all structures, c_bm 0.25"
CO,sep,mean,0.25,2,E9b,-0.130194856131429,0.111411275026787,196.248086505291,-1.18591025773335,0.215373665594384,-0.128798149770521,0.110557149482233,0.2078,-1.30275691684986,"CO, all structures, c_bm 0.25"
CO,sep,mean_decayed,0.25,0,E9,-0.130194856131429,0.121226651462107,232.350365695282,-1.08989048437684,0.189176410034789,-0.129853157212584,0.120641729276116,0.1874,-0.320724061055927,"CO, all structures, c_bm 0.25"
CO,sep,mean_decayed,0.25,0,E9b,-0.130194856131429,0.110180258974171,191.935239798082,-1.19916013187436,0.219157255084201,-0.129876556489331,0.109329661562788,0.216,-0.539678302165426,"CO, all structures, c_bm 0.25"
CO,sep,mean_decayed,0.25,0.1,E9,-0.130194855646415,0.121226651549552,232.350366030484,-1.08989047953051,0.189176408767776,-0.130188955779931,0.120078013937625,0.1844,-0.862362400119858,"CO, all structures, c_bm 0.25"
CO,sep,mean_decayed,0.25,0.1,E9b,-0.130194855743418,0.110180259043443,191.935240039428,-1.19916012754665,0.219157253841858,-0.130154186371593,0.109368616179556,0.2144,-0.813170495607258,"CO, all structures, c_bm 0.25"
CO,sep,mean_decayed,0.25,0.2,E9,-0.130192046147258,0.121227158006162,232.352307443858,-1.08986240739351,0.189169069747223,-0.128747751653139,0.120705544576296,0.187,-0.391623100720636,"CO, all structures, c_bm 0.25"
CO,sep,mean_decayed,0.25,0.2,E9b,-0.130192608144092,0.110180660249875,191.936637853041,-1.19913505954214,0.219150057709365,-0.128637010924908,0.109927076672071,0.2168,-0.40170657798905,"CO, all structures, c_bm 0.25"
CO,sep,mean_decayed,0.25,0.5,E9,-0.129669877373494,0.121318844332015,232.703845527606,-1.08467101523854,0.187815126549881,-0.128933759129767,0.122603050470149,0.1862,-0.292414447615545,"CO, all structures, c_bm 0.25"
CO,sep,mean_decayed,0.25,0.5,E9b,-0.129774873125081,0.110253257115953,192.189613146755,-1.19450059843504,0.217822126282435,-0.129328709737583,0.111445537996337,0.2172,-0.106576092042104,"CO, all structures, c_bm 0.25"
CO,sep,mean_decayed,0.25,1,E9,-0.126703558526092,0.121775893239131,234.457925700261,-1.0558860890401,0.180426227640834,-0.129080901651454,0.121118553690907,0.1818,0.252613127503203,"CO, all structures, c_bm 0.25"
CO,sep,mean_decayed,0.25,1,E9b,-0.12740181804716,0.110614127450721,193.448140362743,-1.16883729610011,0.210557766795812,-0.129959349499155,0.110076464483288,0.212,0.25013512481235,"CO, all structures, c_bm 0.25"
CO,sep,mean_decayed,0.25,2,E9,-0.118757232363135,0.122806179965466,238.416427735619,-0.981415006946212,0.162252078750764,-0.119159916546559,0.124365300128881,0.1632,0.181804842479802,"CO, all structures, c_bm 0.25"
CO,sep,mean_decayed,0.25,2,E9b,-0.121044757116794,0.111422010062168,196.267843638435,-1.10250894785042,0.192494491297865,-0.12096012993339,0.112404333462409,0.1962,0.664585620055184,"CO, all structures, c_bm 0.25"
CO,sep,step,0.25,0,E9,-0.130194856131429,0.120178639923752,228.350365695282,-1.09939481729236,0.191672063844075,-0.127963252482754,0.119431148615357,0.1856,-1.09080753082414,"CO, all structures, c_bm 0.25"
CO,sep,step,0.25,0,E9b,-0.130194856131429,0.10902611584764,187.935239798082,-1.21185436034478,0.222819621854406,-0.128515168794904,0.108472292593129,0.2152,-1.29473470975565,"CO, all structures, c_bm 0.25"
CO,sep,step,0.25,0.1,E9,-0.0650974280657146,0.121204289169623,231.350366030484,-0.546121720670182,0.083833576104955,-0.0648732491255416,0.121262365513597,0.0852,0.348637636154124,"CO, all structures, c_bm 0.25"
CO,sep,step,0.25,0.1,E9b,-0.0781169136788575,0.109934620223695,190.495240039428,-0.722210382016602,0.109830918805707,-0.0781029296079854,0.109822774047151,0.1128,0.671442017790481,"CO, all structures, c_bm 0.25"
CO,sep,step,0.25,0.2,E9,-0.0650974280657146,0.121204795718744,231.352307441994,-0.546119429253186,0.0838332875384141,-0.0662953340714539,0.120288235893496,0.081,-0.722903205963683,"CO, all structures, c_bm 0.25"
CO,sep,step,0.25,0.2,E9b,-0.0781169136788575,0.109935022325926,190.496637851849,-0.722207732320245,0.109830469515915,-0.0790535925217347,0.109046306540841,0.1088,-0.233035651889519,"CO, all structures, c_bm 0.25"
CO,sep,step,0.25,0.5,E9,-0.0650974280657146,0.121296466489714,231.70378049131,-0.545705065907251,0.0837811262771168,-0.0676110910666035,0.12193981520967,0.0874,0.923603812990367,"CO, all structures, c_bm 0.25"
CO,sep,step,0.25,0.5,E9b,-0.0781169136788575,0.110007758389725,190.749571523526,-0.721728750251163,0.109749280968079,-0.0801539138224969,0.110561752425203,0.116,1.41402787779559,"CO, all structures, c_bm 0.25"
CO,sep,step,0.25,1,E9,-0.0650974280657146,0.121752201539442,233.455049321453,-0.543654402864248,0.0835235985933691,-0.0650392502034703,0.120844700833373,0.082,-0.389394957328328,"CO, all structures, c_bm 0.25"
CO,sep,step,0.25,1,E9b,-0.0781169136788575,0.110368444516782,192.006299480306,-0.719362927519238,0.109349113657694,-0.0779848493421734,0.109573911577638,0.1044,-1.12137545005043,"CO, all structures, c_bm 0.25"
CO,sep,step,0.25,2,E9,-0.0650974280657146,0.122768883730401,237.385557215081,-0.539134841720285,0.0829596353838826,-0.0663515017988788,0.121292749542913,0.0786,-1.11765438814672,"CO, all structures, c_bm 0.25"
CO,sep,step,0.25,2,E9b,-0.0781169136788575,0.11116835630674,194.808086505291,-0.714171148205399,0.108475874545377,-0.0794437935366768,0.109848281820427,0.1062,-0.517487889310373,"CO, all structures, c_bm 0.25"
Hybrid,CS,graded,0.1,0,E9,-0.0520779424525717,0.052764388021306,44.0178628380383,-1.00161323829297,0.167045908965434,-0.0522565440605552,0.0523790988892426,0.1604,-1.25982706893313,"Hybrid, CS heatmap rows"
Hybrid,CS,graded,0.1,0,E9b,-0.0520779424525717,0.0568260668544416,51.0554769727791,-0.930022302756582,0.150513451731823,-0.0523237712757841,0.0558481639036771,0.1412,-1.84174610233156,"Hybrid, CS heatmap rows"
Hybrid,CS,graded,0.1,0.1,E9,-0.052063033959004,0.0527644412613494,44.0179516664549,-1.00132549341864,0.166976904831396,-0.052255818560848,0.0523473812343044,0.1694,0.459408207219638,"Hybrid, CS heatmap rows"
Hybrid,CS,graded,0.1,0.1,E9b,-0.0520664520036984,0.056826048830775,51.0554445856469,-0.929817398057678,0.150467973613976,-0.0519670144579272,0.0567637685944049,0.152,0.302997700979924,"Hybrid, CS heatmap rows"
Hybrid,CS,graded,0.1,0.2,E9,-0.0515862420777779,0.0527663967629838,44.0212133760648,-0.992118624082022,0.164779844191233,-0.0519875449038063,0.0520319328840642,0.162,-0.529849989054307,"Hybrid, CS heatmap rows"
Hybrid,CS,graded,0.1,0.2,E9b,-0.0516989677349447,0.0568256663845475,51.0547569929473,-0.923260977307943,0.149018359805731,-0.0519844214692304,0.0558788857431436,0.1454,-0.718483448647212,"Hybrid, CS heatmap rows"
Hybrid,CS,graded,0.1,0.5,E9,-0.0471820014868892,0.0527974492343525,44.0729686475952,-0.906882293793717,0.145444289762911,-0.0478947855464737,0.0521848231932233,0.1498,0.873625807617431,"Hybrid, CS heatmap rows"
Hybrid,CS,graded,0.1,0.5,E9b,-0.048301610499327,0.056831673127167,51.0655280085419,-0.86249862836804,0.136098930653908,-0.0496075515687936,0.0563468027727139,0.148,2.45420945942165,"Hybrid, CS heatmap rows"
Hybrid,CS,graded,0.1,1,E9,-0.0392778700456324,0.0528782978354356,44.2079072719114,-0.753804395603253,0.115313574961546,-0.0392689423743481,0.0531923639793428,0.1124,-0.645024630381861,"Hybrid, CS heatmap rows"
Hybrid,CS,graded,0.1,1,E9b,-0.0421901081110186,0.0568610153067073,51.1182425223347,-0.752979922340572,0.115167308099603,-0.042205569830973,0.0568081675659826,0.1148,-0.0813617571511744,"Hybrid, CS heatmap rows"
Hybrid,CS,graded,0.1,2,E9,-0.0286882183331488,0.0529956370538834,44.4041399903937,-0.549354341267906,0.0842419462097667,-0.0292785677526853,0.0532599737758268,0.0826,-0.418012586230302,"Hybrid, CS heatmap rows"
Hybrid,CS,graded,0.1,2,E9b,-0.0339886910287014,0.056928321226776,51.2392347674091,-0.605890072713486,0.0917974974438288,-0.0347734071272804,0.0567190772979182,0.09,-0.440196429511085,"Hybrid, CS heatmap rows"
Hybrid,CS,graded,0.2,0,E9,-0.104155884905143,0.0516008022077433,42.0978628380383,-2.0483987570502,0.520514803720047,-0.103977047526063,0.0512589769438685,0.5124,-1.14857372588344,"Hybrid, CS heatmap rows"
Hybrid,CS,graded,0.2,0,E9b,-0.104155884905143,0.0557473229793608,49.1354769727791,-1.896037575549,0.461703276879388,-0.103365292336965,0.055766275408837,0.454,-1.0926175290636,"Hybrid, CS heatmap rows"
Hybrid,CS,graded,0.2,0.1,E9,-0.104126067918008,0.05160153026569,42.0990507963023,-2.04778346342808,0.52027779064618,-0.103436172430588,0.0517876616084839,0.5082,-1.7094639368958,"Hybrid, CS heatmap rows"
Hybrid,CS,graded,0.2,0.1,E9b,-0.104132904007397,0.0557477851852081,49.1362917476875,-1.89560351826568,0.461536009186844,-0.103519153419663,0.0551977365187539,0.4556,-0.84197353032845,"Hybrid, CS heatmap rows"
Hybrid,CS,graded,0.2,0.2,E9,-0.103172484155556,0.0516249676727664,42.1372980569521,-2.02810885102716,0.512693708361367,-0.103130674400409,0.0515009903149387,0.5118,-0.126430198566745,"Hybrid, CS heatmap rows"
Hybrid,CS,graded,0.2,0.2,E9b,-0.103397935469889,0.055762707689901,49.1625992582895,-1.88172070784286,0.456189049310875,-0.103420976668906,0.0561541429497032,0.4582,0.285489421886534,"Hybrid, CS heatmap rows"
Hybrid,CS,graded,0.2,0.5,E9,-0.0943640029737784,0.0518450242850241,42.4970045703413,-1.84708937795816,0.442880431050437,-0.0937291744988753,0.0525161270173997,0.4348,-1.15027605347853,"Hybrid, CS heatmap rows"
Hybrid,CS,graded,0.2,0.5,E9b,-0.0966032209986541,0.0559050872607283,49.4138825902447,-1.753589081177,0.407265032436529,-0.0957170615794147,0.0570452903098814,0.404,-0.469898075475137,"Hybrid, CS heatmap rows"
Hybrid,CS,graded,0.2,1,E9,-0.0785557400912647,0.0522214218250446,43.115739261807,-1.52658405218447,0.324248254694161,-0.077812201644721,0.0525846276254131,0.3196,-0.702170382709979,"Hybrid, CS heatmap rows"
Hybrid,CS,graded,0.2,1,E9b,-0.0843802162220373,0.0561558843344229,49.8581139164673,-1.52487212728075,0.323647825976568,-0.0834849907305282,0.0562130807629753,0.319,-0.702444584780084,"Hybrid, CS heatmap rows"
Hybrid,CS,graded,0.2,2,E9,-0.0573764366662976,0.0526475269593934,43.8214993840772,-1.1059886535718,0.193416213433277,-0.0574093203070125,0.0516800084481303,0.1886,-0.862222882843102,"Hybrid, CS heatmap rows"
Hybrid,CS,graded,0.2,2,E9b,-0.0679773820574027,0.0564724288152787,50.421405830927,-1.22156807699986,0.225646644885976,-0.0681844754471269,0.0558582402054379,0.2222,-0.583038870109983,"Hybrid, CS heatmap rows"
Hybrid,CS,graded,0.25,0,E9,-0.130194856131429,0.05071059452814,40.6578628380383,-2.60544714789532,0.720866605525959,-0.130118724269167,0.0498128704082859,0.7234,0.399350717496202,"Hybrid, CS, c_bm 0.25"
Hybrid,CS,graded,0.25,0,E9b,-0.130194856131429,0.0549243627935722,47.6954769727791,-2.40555861117574,0.653559446950181,-0.129661331884867,0.0535324574080145,0.6512,-0.350621311075709,"Hybrid, CS, c_bm 0.25"
Hybrid,CS,graded,0.25,0.1,E9,-0.13015758489751,0.0507118494423622,40.6598751436879,-2.60463682380515,0.720607969736861,-0.131227675170939,0.0513830966341593,0.727,1.00731960698036,"Hybrid, CS, c_bm 0.25"
Hybrid,CS,graded,0.25,0.1,E9b,-0.130166130009246,0.0549251977562209,47.696927119218,-2.40499128930188,0.653359228482503,-0.131551857136993,0.0548368144083927,0.668,2.17536997052928,"Hybrid, CS, c_bm 0.25"
Hybrid,CS,graded,0.25,0.2,E9,-0.128965605194445,0.0507520519990407,40.7243615676176,-2.57873950312549,0.712277196203353,-0.129579641478644,0.0495619057198932,0.7264,2.20594289490726,"Hybrid, CS, c_bm 0.25"
Hybrid,CS,graded,0.25,0.2,E9b,-0.129247419337362,0.054951997011532,47.7434809572962,-2.3868523545764,0.64693328033036,-0.130713276973077,0.0539616034614241,0.6578,1.60777520944104,"Hybrid, CS, c_bm 0.25"
Hybrid,CS,graded,0.25,0.5,E9,-0.117955003717223,0.0511190616718487,41.315031512401,-2.34165569743742,0.630724452003252,-0.118971157336634,0.0516034150022663,0.6344,0.538532590563848,"Hybrid, CS, c_bm 0.25"
Hybrid,CS,graded,0.25,0.5,E9b,-0.120754026248318,0.0551999417121705,48.1751485265218,-2.21998890533059,0.585874054582575,-0.121218761300438,0.0558235747804948,0.5798,-0.871957543858169,"Hybrid, CS, c_bm 0.25"
Hybrid,CS,graded,0.25,1,E9,-0.0981946751140809,0.0517232905374494,42.2966132542286,-1.92661907339092,0.473499304586221,-0.0977143929844163,0.0510355520246477,0.4786,0.722362588224982,"Hybrid, CS, c_bm 0.25"
Hybrid,CS,graded,0.25,1,E9b,-0.105475270277547,0.0556211700536287,48.9130174620668,-1.92441677609942,0.472649200210019,-0.104969319740593,0.0550514520006845,0.4736,0.134665023471139,"Hybrid, CS, c_bm 0.25"
Hybrid,CS,graded,0.25,2,E9,-0.071720545832872,0.0523849263250879,43.3845189293398,-1.38943075603881,0.277697861482435,-0.0723550842313639,0.0516134787016091,0.2734,-0.678565380104343,"Hybrid, CS, c_bm 0.25"
Hybrid,CS,graded,0.25,2,E9b,-0.0849717275717534,0.056128079516807,49.8080341285653,-1.53633336581267,0.32767624173351,-0.0860763759743967,0.0550653075455865,0.3372,1.43476792611011,"Hybrid, CS, c_bm 0.25"
Hybrid,CS,graded,0.3,1,E9,-0.117833610136897,0.051107870462284,41.2954592449662,-2.33980006389731,0.630053214794562,-0.117939656298625,0.0515930870035806,0.6296,-0.0663790199108787,"Hybrid, CS heatmap rows"
Hybrid,CS,graded,0.3,1,E9b,-0.126570324333056,0.0549605660284432,47.7578995733551,-2.33706073558711,0.629061519738653,-0.126426522882858,0.0558932090962481,0.6328,0.547245992720352,"Hybrid, CS heatmap rows"
Hybrid,CS,graded,0.3,2,E9,-0.0860646549994464,0.0520621712499767,42.850431706883,-1.67767543815501,0.378846936418859,-0.0863438709981832,0.051489539277577,0.3816,0.401300811527027,"Hybrid, CS heatmap rows"
Hybrid,CS,graded,0.3,2,E9b,-0.101966073086104,0.0557043174325497,49.0583576034567,-1.85763295413748,0.446927188767773,-0.102519403629985,0.0557115027326696,0.448,0.15258040788643,"Hybrid, CS heatmap rows"
Hybrid,CS,mean,0.1,0,E9,-0.0520779424525717,0.0531465890550815,44.6578628380383,-0.994410186847431,0.16532471995249,-0.0517034908163452,0.0544524801371844,0.1698,0.851878280675888,"Hybrid, CS heatmap rows"
Hybrid,CS,mean,0.1,0,E9b,-0.0520779424525717,0.0571811258989558,51.6954769727791,-0.924247445668648,0.149235775975446,-0.0511997063915215,0.0589078343450537,0.1586,1.85829951547943,"Hybrid, CS heatmap rows"
Hybrid,CS,mean,0.1,0.1,E9,-0.0520779424525717,0.0531464239020484,44.6575852898391,-0.994413276986833,0.165325455589871,-0.0516906168559752,0.0533220564595569,0.164,-0.252302605087792,"Hybrid, CS heatmap rows"
Hybrid,CS,mean,0.1,0.1,E9b,-0.0520779424525717,0.0571809518103549,51.6951621983,-0.924250259559282,0.149236396502624,-0.0513343978896817,0.0579911665165166,0.1496,0.0721557966670447,"Hybrid, CS heatmap rows"
Hybrid,CS,mean,0.1,0.2,E9,-0.0520779424525717,0.0531414252166811,44.6491851491024,-0.994506815296662,0.165347724405279,-0.0511995737616628,0.053746093929264,0.166,0.124155004374789,"Hybrid, CS heatmap rows"
Hybrid,CS,mean,0.1,0.2,E9b,-0.0520779424525717,0.0571755946515709,51.6854762378332,-0.924336858665539,0.149255494557254,-0.0507358222319115,0.0577839311763849,0.15,0.147736613224708,"Hybrid, CS heatmap rows"
Hybrid,CS,mean,0.1,0.5,E9,-0.0520779424525717,0.0531111289012682,44.5982900066798,-0.995074114331344,0.165482828724754,-0.052623605264078,0.0539446988848196,0.1696,0.78341129653397,"Hybrid, CS heatmap rows"
Hybrid,CS,mean,0.1,0.5,E9b,-0.0520779424525717,0.0571371959996374,51.6160764813076,-0.924958052770084,0.149392544281665,-0.0518447317234816,0.0577473646468978,0.1518,0.477544948492437,"Hybrid, CS heatmap rows"
Hybrid,CS,mean,0.1,1,E9,-0.0520779424525717,0.0530954506226378,44.5719632752795,-0.995367944575544,0.16555283686266,-0.0529664148861381,0.052794922758931,0.1676,0.389466152375389,"Hybrid, CS heatmap rows"
Hybrid,CS,mean,0.1,1,E9b,-0.0520779424525717,0.057094123753259,51.5382853909571,-0.925655848243937,0.149546609683847,-0.0528024619546314,0.0567960739633445,0.1498,0.0502413697556596,"Hybrid, CS heatmap rows"
Hybrid,CS,mean,0.1,2,E9,-0.0520779424525717,0.0531111667230402,44.5983535258326,-0.99507340571452,0.165482659915264,-0.0517483843486656,0.0533309240546956,0.1624,-0.58656573337703,"Hybrid, CS heatmap rows"
Hybrid,CS,mean,0.1,2,E9b,-0.0520779424525717,0.0570794762137241,51.5118444129032,-0.925893386874847,0.149599083461396,-0.0517378288883341,0.0572132612106855,0.149,-0.118767060124764,"Hybrid, CS heatmap rows"
Hybrid,CS,mean,0.2,0,E9,-0.104155884905143,0.0531465890550815,44.6578628380383,-1.98882037369486,0.497526359215286,-0.103651962610877,0.053496873098117,0.494,-0.498708605937984,"Hybrid, CS heatmap rows"
Hybrid,CS,mean,0.2,0,E9b,-0.104155884905143,0.0571811258989558,51.6954769727791,-1.8484948913373,0.443419601646652,-0.103850743375492,0.0575790078443489,0.4402,-0.458264004286956,"Hybrid, CS heatmap rows"
Hybrid,CS,mean,0.2,0.1,E9,-0.104155884905143,0.0531464239020484,44.6575852898391,-1.98882655397367,0.497528746601246,-0.104149954002647,0.0536213400565831,0.4934,-0.583900075816525,"Hybrid, CS heatmap rows"
Hybrid,CS,mean,0.2,0.1,E9b,-0.104155884905143,0.0571809518103549,51.6951621983,-1.84850051911856,0.443421760705856,-0.104023949259292,0.0587126033265734,0.4418,-0.230834205211216,"Hybrid, CS heatmap rows"
Hybrid,CS,mean,0.2,0.2,E9,-0.104155884905143,0.0531414252166811,44.6491851491024,-1.98901363059332,0.497601012478696,-0.104088745581357,0.0528545909478801,0.4958,-0.254704559075796,"Hybrid, CS heatmap rows"
Hybrid,CS,mean,0.2,0.2,E9b,-0.104155884905143,0.0571755946515709,51.6854762378332,-1.84867371733108,0.44348820769477,-0.104650952852872,0.0563924626436815,0.4468,0.471378609559675,"Hybrid, CS heatmap rows"
Hybrid,CS,mean,0.2,0.5,E9,-0.104155884905143,0.0531111289012682,44.5982900066798,-1.99014822866269,0.498039291013335,-0.10465371700902,0.0524907377781272,0.5002,0.305572744812622,"Hybrid, CS heatmap rows"
Hybrid,CS,mean,0.2,0.5,E9b,-0.104155884905143,0.0571371959996374,51.6160764813076,-1.84991610554017,0.443964885750885,-0.104462200506354,0.0561192050511274,0.4458,0.261169639272012,"Hybrid, CS heatmap rows"
Hybrid,CS,mean,0.2,1,E9,-0.104155884905143,0.0530954506226378,44.5719632752795,-1.99073588915109,0.498266291672399,-0.105634392844467,0.0523357638444716,0.508,1.3765625081231,"Hybrid, CS heatmap rows"
Hybrid,CS,mean,0.2,1,E9b,-0.104155884905143,0.057094123753259,51.5382853909571,-1.85131169648787,0.444500426384798,-0.10528896934221,0.0563289890899856,0.4522,1.09565473987043,"Hybrid, CS heatmap rows"
Hybrid,CS,mean,0.2,2,E9,-0.104155884905143,0.0531111667230402,44.5983535258326,-1.99014681142904,0.498038743563027,-0.104271599249648,0.05343432427495,0.5066,1.21075381084193,"Hybrid, CS heatmap rows"
Hybrid,CS,mean,0.2,2,E9b,-0.104155884905143,0.0570794762137241,51.5118444129032,-1.85178677374969,0.44468275097006,-0.103948314167687,0.0577337123156459,0.4436,-0.154069921054936,"Hybrid, CS heatmap rows"
Hybrid,CS,mean,0.25,0,E9,-0.130194856131429,0.0531465890550815,44.6578628380383,-2.48602546711858,0.681461327299079,-0.130743195565512,0.0521166894164543,0.688,0.992368363562391,"Hybrid, CS, c_bm 0.25"
Hybrid,CS,mean,0.25,0,E9b,-0.130194856131429,0.0571811258989558,51.6954769727791,-2.31061861417162,0.619441074092276,-0.131131852293239,0.0554177229379284,0.6368,2.52811540882057,"Hybrid, CS, c_bm 0.25"
Hybrid,CS,mean,0.25,0.1,E9,-0.130194856131429,0.0531464239020484,44.6575852898391,-2.48603319246708,0.68146395665596,-0.130649146860087,0.0534189160669047,0.6858,0.658078771108919,"Hybrid, CS, c_bm 0.25"
Hybrid,CS,mean,0.25,0.1,E9b,-0.130194856131429,0.0571809518103549,51.6951621983,-2.3106256488982,0.619443644799364,-0.131439855032694,0.0577757441469434,0.6318,1.79955446752071,"Hybrid, CS, c_bm 0.25"
Hybrid,CS,mean,0.25,0.2,E9,-0.130194856131429,0.0531414252166811,44.6491851491024,-2.48626703824165,0.681543542439137,-0.128656726217861,0.0528857596264188,0.6726,-1.35744655849998,"Hybrid, CS, c_bm 0.25"
Hybrid,CS,mean,0.25,0.2,E9b,-0.130194856131429,0.0571755946515709,51.6854762378332,-2.31084214666385,0.61952275692482,-0.129106471762898,0.0568388393756248,0.6146,-0.716969067193756,"Hybrid, CS, c_bm 0.25"
Hybrid,CS,mean,0.25,0.5,E9,-0.130194856131429,0.0531111289012682,44.5982900066798,-2.48768528582836,0.682026027122388,-0.130036884259805,0.0530667471426601,0.6846,0.390834333283901,"Hybrid, CS, c_bm 0.25"
Hybrid,CS,mean,0.25,0.5,E9b,-0.130194856131429,0.0571371959996374,51.6160764813076,-2.31239513192521,0.620090082256734,-0.129868341600499,0.0571976247388353,0.6144,-0.828964320781421,"Hybrid, CS, c_bm 0.25"
Hybrid,CS,mean,0.25,1,E9,-0.130194856131429,0.0530954506226378,44.5719632752795,-2.48841986143886,0.682275797109047,-0.131393867235627,0.0538054004653576,0.681,-0.19375882124369,"Hybrid, CS, c_bm 0.25"
Hybrid,CS,mean,0.25,1,E9b,-0.130194856131429,0.057094123753259,51.5382853909571,-2.31413962060984,0.620727023919567,-0.131912814802457,0.0581665189496528,0.6254,0.681008109915345,"Hybrid, CS, c_bm 0.25"
Hybrid,CS,mean,0.25,2,E9,-0.130194856131429,0.0531111667230402,44.5983535258326,-2.4876835142863,0.682025424655516,-0.128447795652109,0.0528613259154987,0.677,-0.763064567846164,"Hybrid, CS, c_bm 0.25"
Hybrid,CS,mean,0.25,2,E9b,-0.130194856131429,0.0570794762137241,51.5118444129032,-2.31473346718712,0.62094376421941,-0.128720268496726,0.0575016076118619,0.6146,-0.924600400931685,"Hybrid, CS, c_bm 0.25"
Hybrid,CS,mean,0.3,0,E9,-0.156233827357715,0.0531465890550815,44.6578628380383,-2.98323056054229,0.826738904343117,-0.155777231032457,0.0533701739915924,0.8222,-0.848010669707993,"Hybrid, CS heatmap rows"
Hybrid,CS,mean,0.3,0,E9b,-0.156233827357715,0.0571811258989558,51.6954769727791,-2.77274233700594,0.771478316388749,-0.155452267061324,0.0575039087654964,0.7664,-0.85522263628466,"Hybrid, CS heatmap rows"
Hybrid,CS,mean,0.3,0.1,E9,-0.156233827357715,0.0531464239020484,44.6575852898391,-2.9832398309605,0.82674112370887,-0.155502736900275,0.0530689332293908,0.8226,-0.773696602153999,"Hybrid, CS heatmap rows"
Hybrid,CS,mean,0.3,0.1,E9b,-0.156233827357715,0.0571809518103549,51.6951621983,-2.77275077867784,0.771480725103916,-0.155759123351253,0.0569819472562292,0.769,-0.417772342264343,"Hybrid, CS heatmap rows"
Hybrid,CS,mean,0.3,0.2,E9,-0.156233827357715,0.0531414252166811,44.6491851491024,-2.98352044588998,0.826808294758983,-0.156044434416367,0.0528555801835165,0.8276,0.147938961422578,"Hybrid, CS heatmap rows"
Hybrid,CS,mean,0.3,0.2,E9b,-0.156233827357715,0.0571755946515709,51.6854762378332,-2.77301057599662,0.771554847319729,-0.155808174560587,0.0568130394405784,0.7736,0.344458068614757,"Hybrid, CS heatmap rows"
Hybrid,CS,mean,0.3,0.5,E9,-0.156233827357715,0.0531111289012682,44.5982900066798,-2.98522234299403,0.82721530609576,-0.155751792574899,0.0540598015145715,0.8166,-1.98543470535936,"Hybrid, CS heatmap rows"
Hybrid,CS,mean,0.3,0.5,E9b,-0.156233827357715,0.0571371959996374,51.6160764813076,-2.77487415831025,0.772086122696256,-0.155916260026254,0.0580616894459275,0.7654,-1.12704455751797,"Hybrid, CS heatmap rows"
Hybrid,CS,mean,0.3,1,E9,-0.156233827357715,0.0530954506226378,44.5719632752795,-2.98610383372663,0.827425864013705,-0.157235911925709,0.0538375072182303,0.831,0.668811411330392,"Hybrid, CS heatmap rows"
Hybrid,CS,mean,0.3,1,E9b,-0.156233827357715,0.057094123753259,51.5382853909571,-2.77696754473181,0.772682033025695,-0.157360788454974,0.0576007277849536,0.7748,0.357344331584305,"Hybrid, CS heatmap rows"
Hybrid,CS,mean,0.3,2,E9,-0.156233827357715,0.0531111667230402,44.5983535258326,-2.98522021714356,0.827214798095122,-0.155548370036733,0.0533470603153447,0.8198,-1.38682579828933,"Hybrid, CS heatmap rows"
Hybrid,CS,mean,0.3,2,E9b,-0.156233827357715,0.0570794762137241,51.5118444129032,-2.77768016062454,0.772884676480004,-0.155547914351017,0.0566693652051281,0.7688,-0.689385428971155,"Hybrid, CS heatmap rows"
Hybrid,CS,mean_decayed,0.1,0,E9,-0.0520779424525717,0.0531465890550815,44.6578628380383,-0.994410186847431,0.16532471995249,-0.0519300893814652,0.0534800223371026,0.1632,-0.40444458465827,"Hybrid, CS heatmap rows"
Hybrid,CS,mean_decayed,0.1,0,E9b,-0.0520779424525717,0.0571811258989558,51.6954769727791,-0.924247445668648,0.149235775975446,-0.0517552647071784,0.0575704591322899,0.1482,-0.205546341936062,"Hybrid, CS heatmap rows"
Hybrid,CS,mean_decayed,0.1,0.1,E9,-0.052063033959004,0.0531464239032567,44.6575852908999,-0.994128603594217,0.165257696302544,-0.051981355223139,0.053208425940723,0.1626,-0.505979935557968,"Hybrid, CS heatmap rows"
Hybrid,CS,mean_decayed,0.1,0.1,E9b,-0.0520664520036984,0.0571809518107592,51.6951621986819,-0.92404633348173,0.149191431297046,-0.0515835942117874,0.0568023561102486,0.1482,-0.196770395602248,"Hybrid, CS heatmap rows"
Hybrid,CS,mean_decayed,0.1,0.2,E9,-0.0515862420777779,0.0531414265227589,44.6491862955986,-0.985117042785277,0.163123128128818,-0.0503946938653057,0.0525786541727856,0.154,-1.74598385321954,"Hybrid, CS heatmap rows"
Hybrid,CS,mean_decayed,0.1,0.2,E9b,-0.0516989677349447,0.057175595087754,51.6854766497883,-0.917610393026725,0.147777693747832,-0.0503176443025475,0.0566482621916853,0.1434,-0.872267090430531,"Hybrid, CS heatmap rows"
Hybrid,CS,mean_decayed,0.1,0.5,E9,-0.0471820014868892,0.0531112199958373,44.5983699254459,-0.901524600720362,0.14428981949039,-0.0474574513233518,0.0530332008360473,0.1434,-0.17906294455953,"Hybrid, CS heatmap rows"
Hybrid,CS,mean_decayed,0.1,0.5,E9b,-0.048301610499327,0.0571372231073239,51.6161020660978,-0.857886283836685,0.135156281764188,-0.048238177990164,0.0572478551076181,0.1348,-0.0736871332461605,"Hybrid, CS heatmap rows"
Hybrid,CS,mean_decayed,0.1,1,E9,-0.0392778700456324,0.0530957195717029,44.5721991594672,-0.750717625964199,0.114766841627471,-0.0394971450649503,0.0535550448539404,0.122,1.60463375904462,"Hybrid, CS heatmap rows"
Hybrid,CS,mean_decayed,0.1,1,E9b,-0.0421901081110186,0.0570941849344756,51.5383430915311,-0.749904789058693,0.114623269881145,-0.0422517611940063,0.0575130502328259,0.119,0.971481022702651,"Hybrid, CS heatmap rows"
Hybrid,CS,mean_decayed,0.1,2,E9,-0.0286882183331488,0.0531116655115914,44.5987911232367,-0.548154203618803,0.0840900380680999,-0.0303188982176891,0.0528817105837377,0.086,0.486643635124518,"Hybrid, CS heatmap rows"
Hybrid,CS,mean_decayed,0.1,2,E9b,-0.0339886910287014,0.0570796487688802,51.5120071096825,-0.604283753778704,0.0915719850584712,-0.0358130499279036,0.0565347043576762,0.0904,-0.287329689321644,"Hybrid, CS heatmap rows"
Hybrid,CS,mean_decayed,0.2,0,E9,-0.104155884905143,0.0531465890550815,44.6578628380383,-1.98882037369486,0.497526359215286,-0.103750475038925,0.0522920476532786,0.4918,-0.809839397238969,"Hybrid, CS heatmap rows"
Hybrid,CS,mean_decayed,0.2,0,E9b,-0.104155884905143,0.0571811258989558,51.6954769727791,-1.8484948913373,0.443419601646652,-0.10342132584924,0.0564853715074309,0.4442,0.111078485351145,"Hybrid, CS heatmap rows"
Hybrid,CS,mean_decayed,0.2,0.1,E9,-0.104126067918008,0.0531464239068819,44.6575852940824,-1.98825720711759,0.497308811877802,-0.102911521343102,0.0531297575596929,0.4884,-1.25991450819929,"Hybrid, CS heatmap rows"
Hybrid,CS,mean_decayed,0.2,0.1,E9b,-0.104132904007397,0.0571809518119722,51.6951621998276,-1.84809266694298,0.443265294750409,-0.103019616709912,0.0567402332064687,0.446,0.389259763276411,"Hybrid, CS heatmap rows"
Hybrid,CS,mean_decayed,0.2,0.2,E9,-0.103172484155556,0.0531414304409922,44.6491897350873,-1.97023400968342,0.490345742622047,-0.102116077374082,0.0530212736252792,0.4804,-1.40680267604583,"Hybrid, CS heatmap rows"
Hybrid,CS,mean_decayed,0.2,0.2,E9b,-0.103397935469889,0.0571755963963033,51.6854778856537,-1.83522076411222,0.438331190404657,-0.102233404624796,0.0568335149136905,0.4264,-1.70030737072011,"Hybrid, CS heatmap rows"
Hybrid,CS,mean_decayed,0.2,0.5,E9,-0.0943640029737784,0.0531114932786073,44.5986096817444,-1.80304435495575,0.426035146028338,-0.0929063811809169,0.052772760652584,0.4178,-1.17758141523815,"Hybrid, CS heatmap rows"
Hybrid,CS,mean_decayed,0.2,0.5,E9b,-0.0966032209986541,0.057137304430306,51.6161788204682,-1.7157712919775,0.39304096628438,-0.0958702403167809,0.0564114639705382,0.3892,-0.556066712469119,"Hybrid, CS heatmap rows"
Hybrid,CS,mean_decayed,0.2,1,E9,-0.0785557400912647,0.0530965264107244,44.5729068120302,-1.50142333326752,0.31546986063259,-0.077454914470213,0.0534704277810803,0.309,-0.984475026098096,"Hybrid, CS heatmap rows"
Hybrid,CS,mean_decayed,0.2,1,E9b,-0.0843802162220373,0.0570943684777323,51.5385161932531,-1.49980705942013,0.314909402867638,-0.0832183968118899,0.0569602460683131,0.3094,-0.838731038935124,"Hybrid, CS heatmap rows"
Hybrid,CS,mean_decayed,0.2,2,E9,-0.0573764366662976,0.0531131618491403,44.600103915449,-1.09629227234549,0.190855009294756,-0.0574718134429485,0.0526809897339673,0.191,0.0260891667124492,"Hybrid, CS heatmap rows"
Hybrid,CS,mean_decayed,0.2,2,E9b,-0.0679773820574027,0.0570801664312187,51.5124952000205,-1.20856178184447,0.221866189546756,-0.0676065827365966,0.0563860494864629,0.2178,-0.691990155944021,"Hybrid, CS heatmap rows"
Hybrid,CS,mean_decayed,0.25,0,E9,-0.130194856131429,0.0531465890550815,44.6578628380383,-2.48602546711858,0.681461327299079,-0.130997815530863,0.0521654118657126,0.6818,0.0514000454478478,"Hybrid, CS, c_bm 0.25"
Hybrid,CS,mean_decayed,0.25,0,E9b,-0.130194856131429,0.0571811258989558,51.6954769727791,-2.31061861417162,0.619441074092276,-0.131433229945251,0.056249043999651,0.6282,1.2756305124951,"Hybrid, CS, c_bm 0.25"
Hybrid,CS,mean_decayed,0.25,0.1,E9,-0.13015758489751,0.0531464239096007,44.6575852964693,-2.48532150883057,0.681221690542972,-0.131044279421779,0.0536656585564561,0.6866,0.816097737334183,"Hybrid, CS, c_bm 0.25"
Hybrid,CS,mean_decayed,0.25,0.1,E9b,-0.130166130009246,0.0571809518128819,51.6951622006869,-2.31011583365953,0.619257327337089,-0.131068791765707,0.0575415139683855,0.623,0.545023832273455,"Hybrid, CS, c_bm 0.25"
Hybrid,CS,mean_decayed,0.25,0.2,E9,-0.128965605194445,0.0531414333796669,44.6491923147039,-2.4627924409601,0.673509707477969,-0.128787979575741,0.0525433045912608,0.6698,-0.559393739086976,"Hybrid, CS, c_bm 0.25"
Hybrid,CS,mean_decayed,0.25,0.2,E9b,-0.129247419337362,0.0571755973777152,51.6854788125527,-2.29402593457038,0.613361511732841,-0.12915958633059,0.0569195383711231,0.6086,-0.691383576122052,"Hybrid, CS, c_bm 0.25"
Hybrid,CS,mean_decayed,0.25,0.5,E9,-0.117955003717223,0.053111698239762,44.5987894989683,-2.25380090014708,0.598496267564854,-0.117370688647222,0.0520395963678276,0.602,0.505406029935746,"Hybrid, CS, c_bm 0.25"
Hybrid,CS,mean_decayed,0.25,0.5,E9b,-0.120754026248318,0.0571373654224666,51.6162363862461,-2.14471291900933,0.557423911155652,-0.120267528144211,0.0559090481309789,0.5626,0.736885403496345,"Hybrid, CS, c_bm 0.25"
Hybrid,CS,mean_decayed,0.25,1,E9,-0.0981946751140809,0.0530971315319447,44.5734375514524,-1.87676799307266,0.454282985859803,-0.0993427546844649,0.0520891101577497,0.4586,0.613086129050791,"Hybrid, CS, c_bm 0.25"
Hybrid,CS,mean_decayed,0.25,1,E9b,-0.105475270277547,0.0570945061347876,51.5386460195445,-1.8747564630069,0.453509083341477,-0.106921395793239,0.0563008780482985,0.4628,1.31965101958164,"Hybrid, CS, c_bm 0.25"
Hybrid,CS,mean_decayed,0.25,2,E9,-0.071720545832872,0.0531142840746378,44.6010885096082,-1.37035021455487,0.271491401190268,-0.0719257023065106,0.0543222817194956,0.2768,0.844052628999417,"Hybrid, CS, c_bm 0.25"
Hybrid,CS,mean_decayed,0.25,2,E9b,-0.0849717275717534,0.0570805546748918,51.5128612677739,-1.51069685951646,0.318693664243265,-0.0851930573420295,0.0588442157114181,0.3232,0.683833890474174,"Hybrid, CS, c_bm 0.25"
Hybrid,CS,mean_decayed,0.3,0,E9,-0.156233827357715,0.0531465890550815,44.6578628380383,-2.98323056054229,0.826738904343117,-0.156046773695676,0.0542055006632697,0.8248,-0.362248561814228,"Hybrid, CS heatmap rows"
Hybrid,CS,mean_decayed,0.3,0,E9b,-0.156233827357715,0.0571811258989558,51.6954769727791,-2.77274233700594,0.771478316388749,-0.155751293254802,0.0579010650493612,0.7738,0.390987135624608,"Hybrid, CS heatmap rows"
Hybrid,CS,mean_decayed,0.3,0.1,E9,-0.156189101877012,0.0531464239129238,44.6575852993866,-2.98238581049927,0.826536588841989,-0.155585043861837,0.0525374655784414,0.831,0.83352170600102,"Hybrid, CS heatmap rows"
Hybrid,CS,mean_decayed,0.3,0.1,E9b,-0.156199356011095,0.0571809518139938,51.6951622017371,-2.77213900036327,0.771306123468255,-0.155821062785745,0.0571997958724996,0.7708,-0.0852120120014067,"Hybrid, CS heatmap rows"
Hybrid,CS,mean_decayed,0.3,0.2,E9,-0.154758726233334,0.0531414369713803,44.6491954675685,-2.95535082480733,0.819978389094836,-0.154501196945262,0.0532773486103718,0.816,-0.732198328109437,"Hybrid, CS heatmap rows"
Hybrid,CS,mean_decayed,0.3,0.2,E9b,-0.155096903204834,0.0571755985772187,51.6854799454293,-2.75283109131526,0.765755029509337,-0.15514261355814,0.057594748239363,0.765,-0.126057549838105,"Hybrid, CS heatmap rows"
Hybrid,CS,mean_decayed,0.3,0.5,E9,-0.141546004460668,0.0531119487467658,44.5990092755753,-2.70455441635145,0.751534620042193,-0.141399653505616,0.0534064113291138,0.754,0.403423715766229,"Hybrid, CS heatmap rows"
Hybrid,CS,mean_decayed,0.3,0.5,E9b,-0.144904831497981,0.0571374399683523,51.616306744419,-2.57365374873606,0.710626534718378,-0.144777213193686,0.0575514719189322,0.7086,-0.316001386456221,"Hybrid, CS heatmap rows"
Hybrid,CS,mean_decayed,0.3,1,E9,-0.117833610136897,0.0530978711151821,44.5740862329685,-2.25210520419518,0.597865893602116,-0.117883747858228,0.0528007190359541,0.5996,0.250076797367552,"Hybrid, CS heatmap rows"
Hybrid,CS,mean_decayed,0.3,1,E9b,-0.126570324333056,0.0570946743818489,51.538804696123,-2.24970429242936,0.596972863653917,-0.126914860836956,0.0571390787992546,0.5982,0.176902260424418,"Hybrid, CS heatmap rows"
Hybrid,CS,mean_decayed,0.3,2,E9,-0.0860646549994464,0.05311565565138,44.6022919024695,-1.64439807366247,0.36657372346667,-0.0855784413923971,0.0534986692453839,0.3598,-0.993993997755707,"Hybrid, CS heatmap rows"
Hybrid,CS,mean_decayed,0.3,2,E9b,-0.101966073086104,0.0570810291913505,51.5133086839171,-1.81282835875561,0.429767843374732,-0.101531230810224,0.0568844926152251,0.4266,-0.452486777007024,"Hybrid, CS heatmap rows"
Hybrid,CS,step,0.1,0,E9,-0.0520779424525717,0.052764388021306,44.0178628380383,-1.00161323829297,0.167045908965434,-0.0511273581961989,0.0524751171744101,0.1626,-0.84278561289325,"Hybrid, CS heatmap rows"
Hybrid,CS,step,0.1,0,E9b,-0.0520779424525717,0.0568260668544416,51.0554769727791,-0.930022302756582,0.150513451731823,-0.0503529271970974,0.0561065180351817,0.1398,-2.11859775921555,"Hybrid, CS heatmap rows"
Hybrid,CS,step,0.1,0.1,E9,-2.97350386899166e-18,0.0531464239020484,44.6575852898391,-5.67781979710493e-17,0.05,-0.000692924679233746,0.0541108048707911,0.0514,0.454219979166121,"Hybrid, CS heatmap rows"
Hybrid,CS,step,0.1,0.1,E9b,-0.0117547355821519,0.0571631180607284,51.6625561574837,-0.208682309343693,0.0548637692330389,-0.0124664368538304,0.0586364381571267,0.0602,1.65702697456679,"Hybrid, CS heatmap rows"
Hybrid,CS,step,0.1,0.2,E9,-2.97350386899166e-18,0.0531414252166811,44.6491851491024,-5.67835387451481e-17,0.05,0.000137075092853497,0.0528652538046539,0.0502,0.0648885684522911,"Hybrid, CS heatmap rows"
Hybrid,CS,step,0.1,0.2,E9b,-0.0117547355821519,0.0571577592304614,51.6528701970169,-0.208701874508624,0.0548646839778327,-0.0106574363503084,0.0568427140480884,0.0532,-0.516920035011918,"Hybrid, CS heatmap rows"
Hybrid,CS,step,0.1,0.5,E9,-2.97350386899166e-18,0.0531111289012682,44.5982900066798,-5.68159299225845e-17,0.05,0.000236544059725125,0.0534349720022647,0.049,-0.324442842261539,"Hybrid, CS heatmap rows"
Hybrid,CS,step,0.1,0.5,E9b,-0.0117547355821519,0.0571193485886143,51.5834704404913,-0.208842219766778,0.0548712481877629,-0.012247017007534,0.0579573569747654,0.0612,1.96510228057487,"Hybrid, CS heatmap rows"
Hybrid,CS,step,0.1,1,E9,-2.97350386899166e-18,0.0530954506226378,44.5719632752795,-5.68327068021387e-17,0.05,0.00070378909055801,0.0534257581168418,0.0534,1.10310566368917,"Hybrid, CS heatmap rows"
Hybrid,CS,step,0.1,1,E9b,-0.0117547355821519,0.0570762628737998,51.5056793501408,-0.208999871646625,0.0548786271842658,-0.0112289838224411,0.0576635800898706,0.0578,0.907040281293319,"Hybrid, CS heatmap rows"
Hybrid,CS,step,0.1,2,E9,-2.97350386899166e-18,0.0531111667230402,44.5983535258326,-5.68158894625593e-17,0.05,0.0012937102588875,0.0526263503510075,0.0482,-0.583997116070759,"Hybrid, CS heatmap rows"
Hybrid,CS,step,0.1,2,E9b,-0.0117547355821519,0.0570616107494325,51.4792383720869,-0.209053538443027,0.0548811403779167,-0.0106482029816676,0.0562883034331659,0.0502,-1.45338906673346,"Hybrid, CS heatmap rows"
Hybrid,CS,step,0.2,0,E9,-0.104155884905143,0.0516008022077433,42.0978628380383,-2.0483987570502,0.520514803720047,-0.104032318151362,0.0522485197151134,0.5196,-0.129481815387717,"Hybrid, CS heatmap rows"
Hybrid,CS,step,0.2,0,E9b,-0.104155884905143,0.0557473229793608,49.1354769727791,-1.896037575549,0.461703276879388,-0.104687814256257,0.0560225641593676,0.4688,1.006585145763,"Hybrid, CS heatmap rows"
Hybrid,CS,step,0.2,0.1,E9,-5.94700773798332e-18,0.0531464239020484,44.6575852898391,-1.13556395942099e-16,0.0500000000000002,-7.67761091785628e-05,0.0533717641832607,0.0516,0.519108547618389,"Hybrid, CS heatmap rows"
Hybrid,CS,step,0.2,0.1,E9b,-0.0235094711643038,0.0571095833979266,51.5647380350347,-0.417760300714139,0.0696567893444667,-0.023702307046947,0.0572281261904189,0.0694,-0.0713277751964723,"Hybrid, CS heatmap rows"
Hybrid,CS,step,0.2,0.2,E9,-5.94700773798332e-18,0.0531414252166811,44.6491851491024,-1.13567077490296e-16,0.0500000000000002,-0.000142727127894142,0.0527813767098838,0.0466,-1.10310566368923,"Hybrid, CS heatmap rows"
Hybrid,CS,step,0.2,0.2,E9b,-0.0235094711643038,0.0571042195438074,51.5550520745679,-0.417799542452402,0.0696605216655503,-0.0242287493616227,0.0562568279151551,0.0674,-0.627884250490876,"Hybrid, CS heatmap rows"
Hybrid,CS,step,0.2,0.5,E9,-5.94700773798332e-18,0.0531111289012682,44.5982900066798,-1.13631859845169e-16,0.0500000000000002,0.000546614446252349,0.0525871628140673,0.0496,-0.129777136904661,"Hybrid, CS heatmap rows"
Hybrid,CS,step,0.2,0.5,E9b,-0.0235094711643038,0.0570657728647181,51.4856523180423,-0.418081032739777,0.0696873051700239,-0.0232130150407066,0.056803088546799,0.0674,-0.63521069969373,"Hybrid, CS heatmap rows"
Hybrid,CS,step,0.2,1,E9,-5.94700773798332e-18,0.0530954506226378,44.5719632752795,-1.13665413604277e-16,0.0500000000000002,-0.000416599330444401,0.0530185747774058,0.05,-4.95280381273662e-14,"Hybrid, CS heatmap rows"
Hybrid,CS,step,0.2,1,E9b,-0.0235094711643038,0.0570226466686619,51.4078612276918,-0.418397236179866,0.0697174139543355,-0.0240037836954668,0.0567291293000079,0.07,0.0784616856164972,"Hybrid, CS heatmap rows"
Hybrid,CS,step,0.2,2,E9,-5.94700773798332e-18,0.0531111667230402,44.5983535258326,-1.13631778925119e-16,0.0500000000000002,0.00127161919388361,0.0523124826421565,0.0448,-1.68710277975998,"Hybrid, CS heatmap rows"
Hybrid,CS,step,0.2,2,E9b,-0.0235094711643038,0.057007980763922,51.3814202496379,-0.418504876346422,0.0697276688124293,-0.0220711464331649,0.0562976506115591,0.0672,-0.701774441416395,"Hybrid, CS heatmap rows"
Hybrid,CS,step,0.25,0,E9,-0.130194856131429,0.05071059452814,40.6578628380383,-2.60544714789532,0.720866605525959,-0.129854997997949,0.050803156645008,0.715,-0.924780230661062,"Hybrid, CS, c_bm 0.25"
Hybrid,CS,step,0.25,0,E9b,-0.130194856131429,0.0549243627935722,47.6954769727791,-2.40555861117574,0.653559446950181,-0.129530729009122,0.0544967539444742,0.6458,-1.15307846302113,"Hybrid, CS, c_bm 0.25"
Hybrid,CS,step,0.25,0.1,E9,-7.43375967247915e-18,0.0531464239020484,44.6575852898391,-1.41945494927623e-16,0.05,0.000986246507145376,0.0536378198288497,0.054,1.29777136904609,"Hybrid, CS, c_bm 0.25"
Hybrid,CS,step,0.25,0.1,E9b,-0.0293868389553797,0.0570693994447086,51.4913744431979,-0.522572252341958,0.0809353494511697,-0.028100953875033,0.0569088026224101,0.0754,-1.43511892424622,"Hybrid, CS, c_bm 0.25"
Hybrid,CS,step,0.25,0.2,E9,-7.43375967247915e-18,0.0531414252166811,44.6491851491024,-1.4195884686287e-16,0.05,-0.00143024316417249,0.0527607444449045,0.0478,-0.713774252975364,"Hybrid, CS, c_bm 0.25"
Hybrid,CS,step,0.25,0.2,E9b,-0.0293868389553797,0.057064031813414,51.4816884827312,-0.522621409394407,0.0809412589356767,-0.0309633070709457,0.056047655444632,0.0734,-1.95511470699059,"Hybrid, CS, c_bm 0.25"
Hybrid,CS,step,0.25,0.5,E9,-7.43375967247915e-18,0.0531111289012682,44.5982900066798,-1.42039824806461e-16,0.05,-0.001007614959141,0.0525090337774551,0.0498,-0.0648885684523159,"Hybrid, CS, c_bm 0.25"
Hybrid,CS,step,0.25,0.5,E9b,-0.0293868389553797,0.0570255580397295,51.4122887262056,-0.522974025158727,0.0809836663097097,-0.030326789870178,0.0570924179563201,0.0826,0.418943730144044,"Hybrid, CS, c_bm 0.25"
Hybrid,CS,step,0.25,1,E9,-7.43375967247915e-18,0.0530954506226378,44.5719632752795,-1.42081767005347e-16,0.05,0.000118942707162725,0.0521519169749867,0.0418,-2.66043130654452,"Hybrid, CS, c_bm 0.25"
Hybrid,CS,step,0.25,1,E9b,-0.0293868389553797,0.0569824014077507,51.3344976358551,-0.523370126423691,0.0810313394209449,-0.0289312765426992,0.055902034494768,0.0772,-0.992793147639194,"Hybrid, CS, c_bm 0.25"
Hybrid,CS,step,0.25,2,E9,-7.43375967247915e-18,0.0531111667230402,44.5983535258326,-1.42039723656398e-16,0.05,-0.000805970084999902,0.0533435038641179,0.052,0.648885684523039,"Hybrid, CS, c_bm 0.25"
Hybrid,CS,step,0.25,2,E9b,-0.0293868389553797,0.0569677251421774,51.3080566578011,-0.523504965243583,0.0810475767425981,-0.0299539616355644,0.0573373534163465,0.085,1.02407536161993,"Hybrid, CS, c_bm 0.25"
Hybrid,CS,step,0.3,0.1,E9,-8.92051160697498e-18,0.0531464239020484,44.6575852898391,-1.70334593913148e-16,0.0499999999999999,0.000826685482458729,0.0527631320849953,0.0476,-0.77866282142764,"Hybrid, CS heatmap rows"
Hybrid,CS,step,0.3,0.1,E9b,-0.0352642067464557,0.0570202472663702,51.401707830953,-0.627633418495538,0.0949127586947287,-0.0350620133957861,0.0566458718403082,0.095,0.0210474573015398,"Hybrid, CS heatmap rows"
Hybrid,CS,step,0.3,0.2,E9,-8.92051160697498e-18,0.0531414252166811,44.6491851491024,-1.70350616235444e-16,0.0499999999999999,-0.000325722642825774,0.0534627895623341,0.0486,-0.454219979166117,"Hybrid, CS heatmap rows"
Hybrid,CS,step,0.3,0.2,E9b,-0.0352642067464557,0.0570148750076734,51.3920218704863,-0.627692561392076,0.0949213918141583,-0.0356585221709072,0.0575257048023327,0.0974,0.597953872565857,"Hybrid, CS heatmap rows"
Hybrid,CS,step,0.3,0.5,E9,-8.92051160697498e-18,0.0531111289012682,44.5982900066798,-1.70447789767754e-16,0.0499999999999999,0.000831770390460301,0.0522486346453277,0.0458,-1.36265993749839,"Hybrid, CS heatmap rows"
Hybrid,CS,step,0.3,0.5,E9b,-0.0352642067464557,0.0569763680404504,51.3226221139607,-0.628116808953623,0.0949833448476988,-0.0354676014718119,0.0565059481185156,0.0966,0.389897434366543,"Hybrid, CS heatmap rows"
Hybrid,CS,step,0.3,1,E9,-8.92051160697498e-18,0.0530954506226378,44.5719632752795,-1.70498120406416e-16,0.0499999999999999,-0.000931031716433018,0.0529855282109581,0.049,-0.324442842261505,"Hybrid, CS heatmap rows"
Hybrid,CS,step,0.3,1,E9b,-0.0352642067464557,0.0569331741213532,51.2448310236102,-0.628593377624955,0.0950529915187178,-0.0362068386995124,0.0571500742401989,0.1006,1.33736318247936,"Hybrid, CS heatmap rows"
Hybrid,CS,step,0.3,2,E9,-8.92051160697498e-18,0.0531111667230402,44.5983535258326,-1.70447668387678e-16,0.0499999999999999,-0.000235208007865087,0.052102002909512,0.0442,-1.88176848511683,"Hybrid, CS heatmap rows"
Hybrid,CS,step,0.3,2,E9b,-0.0352642067464557,0.0569184851626689,51.2183900455563,-0.628755609190452,0.0950767131898025,-0.0352848278988898,0.0553125156437879,0.0926,-0.597059698317622,"Hybrid, CS heatmap rows"
Hybrid,covar,graded,0.25,0,E9,-0.130194856131429,0.0862356072888067,117.57646376093,-1.53212551097286,0.32619492236443,-0.131639542559813,0.0861536460065334,0.3358,1.44870561626442,"Hybrid, AR(1) structures, c_bm 0.25"
Hybrid,covar,graded,0.25,0,E9b,-0.130194856131429,0.0777168050618342,95.4942052945256,-1.70006697748699,0.387172274568053,-0.131453598132668,0.0778880443256214,0.3928,0.816952065757893,"Hybrid, AR(1) structures, c_bm 0.25"
Hybrid,covar,graded,0.25,0.1,E9,-0.13015758489751,0.0862363452433873,117.57847606658,-1.53167379811387,0.32603606320214,-0.128516925410525,0.0866647651798071,0.3192,-1.03119291862393,"Hybrid, AR(1) structures, c_bm 0.25"
Hybrid,covar,graded,0.25,0.1,E9b,-0.130166130009246,0.0777173951525601,95.4956554409644,-1.6996789702753,0.387027578712283,-0.128039352895907,0.0788142547115062,0.3836,-0.497600737013018,"Hybrid, AR(1) structures, c_bm 0.25"
Hybrid,covar,graded,0.25,0.2,E9,-0.128965605194445,0.08625999274974,117.64296249051,-1.51723076132551,0.320973300746818,-0.129106719694255,0.0863820001169627,0.3188,-0.32917508146668,"Hybrid, AR(1) structures, c_bm 0.25"
Hybrid,covar,graded,0.25,0.2,E9b,-0.129247419337362,0.0777363372966248,95.5422092790427,-1.68727144086381,0.382408500937195,-0.129129799731281,0.0783597521660892,0.3826,0.0278636002800394,"Hybrid, AR(1) structures, c_bm 0.25"
Hybrid,covar,graded,0.25,0.5,E9,-0.117955003717223,0.086476436289212,118.233632435293,-1.3842246137263,0.275997466318514,-0.117792138148528,0.0876736322464088,0.275,-0.157783160606467,"Hybrid, AR(1) structures, c_bm 0.25"
Hybrid,covar,graded,0.25,0.5,E9b,-0.120754026248318,0.0779118073578467,95.9738768482683,-1.57284460115774,0.34063974739124,-0.120468832143031,0.0793425486257146,0.3362,-0.662421195444578,"Hybrid, AR(1) structures, c_bm 0.25"
Hybrid,covar,graded,0.25,1,E9,-0.0981946751140809,0.0868349834519088,119.215214177121,-1.14757957756206,0.204655892024512,-0.0969697890848042,0.0873344719611972,0.2034,-0.220113989014186,"Hybrid, AR(1) structures, c_bm 0.25"
Hybrid,covar,graded,0.25,1,E9b,-0.105475270277547,0.0782108094758894,96.7117457838133,-1.36858492030226,0.270920758158698,-0.104830630636798,0.078616916832204,0.2682,-0.432878917153189,"Hybrid, AR(1) structures, c_bm 0.25"
Hybrid,covar,graded,0.25,2,E9,-0.071720545832872,0.0872307060223449,120.303119852232,-0.834383785785557,0.130436429288308,-0.0735812039676561,0.0874313630844586,0.1366,1.29409829684135,"Hybrid, AR(1) structures, c_bm 0.25"
Hybrid,covar,graded,0.25,2,E9b,-0.0849717275717534,0.0785721163707852,97.6067624503118,-1.09747644843485,0.191166589171316,-0.0869128946832765,0.0791925823896401,0.1982,1.26478134381931,"Hybrid, AR(1) structures, c_bm 0.25"
Hybrid,covar,mean,0.25,0,E9,-0.130194856131429,0.0876902246277291,121.57646376093,-1.50671040520563,0.317306144115025,-0.128975022838515,0.0889238313206046,0.3128,-0.684601492163495,"Hybrid, AR(1) structures, c_bm 0.25"
Hybrid,covar,mean,0.25,0,E9b,-0.130194856131429,0.0793277840344191,99.4942052945256,-1.66554222445054,0.374357729302301,-0.129480290439079,0.0799403019142705,0.3708,-0.519818173538387,"Hybrid, AR(1) structures, c_bm 0.25"
Hybrid,covar,mean,0.25,0.1,E9,-0.130194856131429,0.0876901245331998,121.576186212731,-1.50671212505116,0.31730674217493,-0.130051166399764,0.0876081469715544,0.3126,-0.715077238694582,"Hybrid, AR(1) structures, c_bm 0.25"
Hybrid,covar,mean,0.25,0.1,E9b,-0.130194856131429,0.0793276585478061,99.4938905200465,-1.66554485913378,0.374358702375307,-0.129738064590011,0.0785716493478769,0.368,-0.929066561439159,"Hybrid, AR(1) structures, c_bm 0.25"
Hybrid,covar,mean,0.25,0.2,E9,-0.130194856131429,0.0876870950661041,121.567786071994,-1.50676417985811,0.317324843962413,-0.131412446370838,0.0865160773058725,0.32,0.406419965134183,"Hybrid, AR(1) structures, c_bm 0.25"
Hybrid,covar,mean,0.25,0.2,E9b,-0.130194856131429,0.0793237970882631,99.4842045595797,-1.66562593737671,0.374388647544886,-0.131586568654302,0.0780059692582733,0.3842,1.43350837079334,"Hybrid, AR(1) structures, c_bm 0.25"
Hybrid,covar,mean,0.25,0.5,E9,-0.130194856131429,0.0876687377589012,121.516890929572,-1.50707968722868,0.317434569285288,-0.132150945125649,0.0875910147581657,0.3186,0.177040328580115,"Hybrid, AR(1) structures, c_bm 0.25"
Hybrid,covar,mean,0.25,0.5,E9b,-0.130194856131429,0.079296124290158,99.4148048030541,-1.66620720828618,0.374603353448551,-0.131685083772421,0.079429432568118,0.3832,1.25588672208883,"Hybrid, AR(1) structures, c_bm 0.25"
Hybrid,covar,mean,0.25,1,E9,-0.130194856131429,0.0876592404934747,121.490564198171,-1.50724296876897,0.317491360646753,-0.129859801893648,0.088119356972203,0.3202,0.411449134879878,"Hybrid, AR(1) structures, c_bm 0.25"
Hybrid,covar,mean,0.25,1,E9b,-0.130194856131429,0.0792650940067041,99.3370137127036,-1.66685948634898,0.374844331805799,-0.129720800554312,0.0792249503755808,0.3746,-0.0356899094667776,"Hybrid, AR(1) structures, c_bm 0.25"
Hybrid,covar,mean,0.25,2,E9,-0.130194856131429,0.0876687606719431,121.516954448725,-1.50707929333946,0.317434432290848,-0.128978286671017,0.0873476321353295,0.3126,-0.734397651668488,"Hybrid, AR(1) structures, c_bm 0.25"
Hybrid,covar,mean,0.25,2,E9b,-0.130194856131429,0.0792545441320073,99.3105727346497,-1.66708136837367,0.374926314822235,-0.128827741568739,0.0789940223192578,0.3642,-1.56674014684946,"Hybrid, AR(1) structures, c_bm 0.25"
Hybrid,covar,mean_decayed,0.25,0,E9,-0.130194856131429,0.0876902246277291,121.57646376093,-1.50671040520563,0.317306144115025,-0.130493549341376,0.0860779174518166,0.3184,0.166185401964614,"Hybrid, AR(1) structures, c_bm 0.25"
Hybrid,covar,mean_decayed,0.25,0,E9b,-0.130194856131429,0.0793277840344191,99.4942052945256,-1.66554222445054,0.374357729302301,-0.130193190657342,0.0786285881755145,0.3784,0.590614291443274,"Hybrid, AR(1) structures, c_bm 0.25"
Hybrid,covar,mean_decayed,0.25,0.1,E9,-0.13015758489751,0.0876901245377771,121.576186219361,-1.50628079445118,0.317156765903975,-0.128676765123104,0.0882289990031403,0.3136,-0.540434155499809,"Hybrid, AR(1) structures, c_bm 0.25"
Hybrid,covar,mean_decayed,0.25,0.1,E9b,-0.130166130009246,0.0793276585496277,99.4938905224333,-1.66517737420275,0.374222985808715,-0.129306703938136,0.0799567338535259,0.3682,-0.880079305398876,"Hybrid, AR(1) structures, c_bm 0.25"
Hybrid,covar,mean_decayed,0.25,0.2,E9,-0.128965605194445,0.0876871000131573,121.567793237596,-1.49253783434885,0.3123939834907,-0.129791656855239,0.0876747121361474,0.3174,0.763758602909749,"Hybrid, AR(1) structures, c_bm 0.25"
Hybrid,covar,mean_decayed,0.25,0.2,E9b,-0.129247419337362,0.0793237990532336,99.4842071342992,-1.65350504311957,0.369920108633422,-0.130068490003441,0.0795660931638651,0.372,0.304630844625668,"Hybrid, AR(1) structures, c_bm 0.25"
Hybrid,covar,mean_decayed,0.25,0.5,E9,-0.117955003717223,0.087669082674472,121.51739042186,-1.36539361106678,0.269890693931243,-0.118266500438551,0.0864979556564084,0.2678,-0.333033225597137,"Hybrid, AR(1) structures, c_bm 0.25"
Hybrid,covar,mean_decayed,0.25,0.5,E9b,-0.120754026248318,0.0792962463686629,99.4149647079926,-1.54538415057922,0.330871510816959,-0.120940334810523,0.0779714777334909,0.332,0.16958910763713,"Hybrid, AR(1) structures, c_bm 0.25"
Hybrid,covar,mean_decayed,0.25,1,E9,-0.0981946751140809,0.0876602586352134,121.492038474344,-1.13677559958745,0.201696856363516,-0.0982721281667457,0.0877375834491247,0.198,-0.651454509496862,"Hybrid, AR(1) structures, c_bm 0.25"
Hybrid,covar,mean_decayed,0.25,1,E9b,-0.105475270277547,0.0792653694340378,99.337374341291,-1.35037697288103,0.26507070336578,-0.105277946292643,0.0791704433654275,0.259,-0.97256888049097,"Hybrid, AR(1) structures, c_bm 0.25"
Hybrid,covar,mean_decayed,0.25,2,E9,-0.071720545832872,0.0876706492495248,121.5196894325,-0.830196648229368,0.129610203707221,-0.0717383912161247,0.0888561449268191,0.1312,0.334695589912179,"Hybrid, AR(1) structures, c_bm 0.25"
Hybrid,covar,mean_decayed,0.25,2,E9b,-0.0849717275717534,0.0792553208480825,99.3115895895204,-1.08801578554205,0.188686716334474,-0.0846679470300767,0.0802409248063259,0.1912,0.454215085619576,"Hybrid, AR(1) structures, c_bm 0.25"
Hybrid,covar,step,0.25,0,E9,-0.130194856131429,0.0862356072888067,117.57646376093,-1.53212551097286,0.32619492236443,-0.129132871938724,0.0861011394726728,0.3198,-0.964527336105793,"Hybrid, AR(1) structures, c_bm 0.25"
Hybrid,covar,step,0.25,0,E9b,-0.130194856131429,0.0777168050618342,95.4942052945256,-1.70006697748699,0.387172274568053,-0.129058080982425,0.0777941747908874,0.382,-0.750836273754804,"Hybrid, AR(1) structures, c_bm 0.25"
Hybrid,covar,step,0.25,0.1,E9,-7.43375967247915e-18,0.0876901245331998,121.576186212731,-8.60290196252757e-17,0.0500000000000002,0.00166585604368744,0.0878985624952315,0.049,-0.324442842261574,"Hybrid, AR(1) structures, c_bm 0.25"
Hybrid,covar,step,0.25,0.1,E9b,-0.0293868389553797,0.0792472871063666,99.2901027649444,-0.37632286626447,0.0659183058153561,-0.0278339752648756,0.0793497702045363,0.064,-0.546647538138913,"Hybrid, AR(1) structures, c_bm 0.25"
Hybrid,covar,step,0.25,0.2,E9,-7.43375967247915e-18,0.0876870950661041,121.567786071994,-8.60319918081725e-17,0.0500000000000002,-0.000940779196666593,0.0866323058518889,0.0462,-1.23288280059384,"Hybrid, AR(1) structures, c_bm 0.25"
Hybrid,covar,step,0.25,0.2,E9b,-0.0293868389553797,0.0792434217303968,99.2804168044777,-0.376341223155098,0.0659198725998497,-0.0302038852010261,0.0781722706995155,0.062,-1.11700909281111,"Hybrid, AR(1) structures, c_bm 0.25"
Hybrid,covar,step,0.25,0.5,E9,-7.43375967247915e-18,0.0876687377589012,121.516890929572,-8.60500063906026e-17,0.0500000000000002,0.00142908992046195,0.0863203854233481,0.0488,-0.389331410713879,"Hybrid, AR(1) structures, c_bm 0.25"
Hybrid,covar,step,0.25,0.5,E9b,-0.0293868389553797,0.0792157208543971,99.2110170479521,-0.376472828616565,0.0659311076097116,-0.0287505437289334,0.0784225579784032,0.0634,-0.721208723879433,"Hybrid, AR(1) structures, c_bm 0.25"
Hybrid,covar,step,0.25,1,E9,-7.43375967247915e-18,0.0876592404934747,121.490564198171,-8.60593293067725e-17,0.0500000000000002,0.00095408292678887,0.0879624360267195,0.0484,-0.51910854761849,"Hybrid, AR(1) structures, c_bm 0.25"
Hybrid,covar,step,0.25,1,E9b,-0.0293868389553797,0.0791846590630611,99.1332259576016,-0.376620511134091,0.0659437199327996,-0.028529928355911,0.0799710607129596,0.0702,1.21266810697295,"Hybrid, AR(1) structures, c_bm 0.25"
Hybrid,covar,step,0.25,2,E9,-7.43375967247915e-18,0.0876687606719431,121.516954448725,-8.60499839006371e-17,0.0500000000000002,-4.39054446915774e-05,0.0876730139847134,0.0484,-0.51910854761849,"Hybrid, AR(1) structures, c_bm 0.25"
Hybrid,covar,step,0.25,2,E9b,-0.0293868389553797,0.0791740984704838,99.1067849795476,-0.376670747606625,0.0659480113729559,-0.0293048879403558,0.0796823824271392,0.0656,-0.0991498501650048,"Hybrid, AR(1) structures, c_bm 0.25"
Hybrid,sep,graded,0.25,0,E9,-0.130194856131429,0.0849077145623932,113.983357249542,-1.55608680038524,0.334665661255649,-0.129962448545408,0.0852832516927641,0.3318,-0.429422017702965,"Hybrid, AR(1) structures, c_bm 0.25"
Hybrid,sep,graded,0.25,0,E9b,-0.130194856131429,0.0768432588834709,93.3595374960203,-1.71939316214813,0.394397764088132,-0.130484673972984,0.0772320484855063,0.3966,0.318630896514966,"Hybrid, AR(1) structures, c_bm 0.25"
Hybrid,sep,graded,0.25,0.1,E9,-0.13015758489751,0.0849084640579267,113.985369555192,-1.55562760344355,0.334502528322877,-0.129886422281493,0.0852711570169178,0.3312,-0.49494694246599,"Hybrid, AR(1) structures, c_bm 0.25"
Hybrid,sep,graded,0.25,0.1,E9b,-0.130166130009246,0.076843855682235,93.3609876424591,-1.7190004456785,0.394250589072608,-0.130202924803345,0.0772974856793485,0.3958,0.224191395882146,"Hybrid, AR(1) structures, c_bm 0.25"
Hybrid,sep,graded,0.25,0.2,E9,-0.128965605194445,0.0849324812832214,114.049855979122,-1.54094537930667,0.329302920045579,-0.130140653098334,0.0844679417679176,0.3364,1.0678338935543,"Hybrid, AR(1) structures, c_bm 0.25"
Hybrid,sep,graded,0.25,0.2,E9b,-0.129247419337362,0.0768630131019309,93.4075414805374,-1.70644236521068,0.389551897633955,-0.129791267812819,0.0762346384481779,0.39,0.0649763337756395,"Hybrid, AR(1) structures, c_bm 0.25"
Hybrid,sep,graded,0.25,0.5,E9,-0.117955003717223,0.085152299211599,114.640525923905,-1.40574969757428,0.283061189238843,-0.117309223904829,0.0847444330520123,0.2884,0.838008300417792,"Hybrid, AR(1) structures, c_bm 0.25"
Hybrid,sep,graded,0.25,0.5,E9b,-0.120754026248318,0.0770404723024152,93.839209049763,-1.59063365047167,0.347024584549409,-0.1204872523478,0.0766128057876326,0.3524,0.798488196724434,"Hybrid, AR(1) structures, c_bm 0.25"
Hybrid,sep,graded,0.25,1,E9,-0.0981946751140809,0.0855163983036752,115.622107665733,-1.16527441649317,0.209561252035449,-0.0963824971818981,0.085280093507043,0.2036,-1.03569739250649,"Hybrid, AR(1) structures, c_bm 0.25"
Hybrid,sep,graded,0.25,1,E9b,-0.105475270277547,0.077342843015284,94.577077985308,-1.38394367725077,0.275905856397032,-0.104173616410175,0.0771542028449187,0.2684,-1.1874279749994,"Hybrid, AR(1) structures, c_bm 0.25"
Hybrid,sep,graded,0.25,2,E9,-0.071720545832872,0.0859181942367058,116.710013340844,-0.847130350695981,0.13297891605535,-0.0728272137865011,0.0850193870284167,0.134,0.212637680395384,"Hybrid, AR(1) structures, c_bm 0.25"
Hybrid,sep,graded,0.25,2,E9b,-0.0849717275717534,0.0777081856550337,95.4720946518065,-1.10967790170227,0.194396603045824,-0.0858291503761402,0.07701276858255,0.2018,1.32285138962688,"Hybrid, AR(1) structures, c_bm 0.25"
Hybrid,sep,mean,0.25,0,E9,-0.130194856131429,0.0863846949580834,117.983357249542,-1.52948128074688,0.32526543850567,-0.129355943535811,0.0854579763675208,0.3202,-0.76456887067626,"Hybrid, AR(1) structures, c_bm 0.25"
Hybrid,sep,mean,0.25,0,E9b,-0.130194856131429,0.0784721731993221,97.3595374960203,-1.68370224112207,0.381082665681796,-0.12953886196813,0.0778422153072143,0.3798,-0.186755137138783,"Hybrid, AR(1) structures, c_bm 0.25"
Hybrid,sep,mean,0.25,0.1,E9,-0.130194856131429,0.0863845933508264,117.983079701343,-1.52948307975283,0.325266070517131,-0.131052997330714,0.08712411601339,0.324,-0.191098483834911,"Hybrid, AR(1) structures, c_bm 0.25"
Hybrid,sep,mean,0.25,0.1,E9b,-0.130194856131429,0.0784720463444806,97.3592227215411,-1.68370496292928,0.381083676236016,-0.131195604263039,0.0790702267085471,0.3854,0.628453101386211,"Hybrid, AR(1) structures, c_bm 0.25"
Hybrid,sep,mean,0.25,0.2,E9,-0.130194856131429,0.0863815180977478,117.974679560606,-1.52953753060822,0.325285199963322,-0.131363025958198,0.0849511823907714,0.3268,0.22863780329974,"Hybrid, AR(1) structures, c_bm 0.25"
Hybrid,sep,mean,0.25,0.2,E9b,-0.130194856131429,0.0784681427798118,97.3495367610744,-1.68378872241399,0.381114774885359,-0.131058156898024,0.0769448955954118,0.3824,0.187124759644288,"Hybrid, AR(1) structures, c_bm 0.25"
Hybrid,sep,mean,0.25,0.5,E9,-0.130194856131429,0.0863628832773579,117.923784418184,-1.52986756425324,0.325401155736562,-0.13051639756035,0.0867666919508072,0.3274,0.301669649242512,"Hybrid, AR(1) structures, c_bm 0.25"
Hybrid,sep,mean,0.25,0.5,E9b,-0.130194856131429,0.0784401681171908,97.2801370045488,-1.68438922369497,0.381337753458572,-0.130499267008901,0.078897165070357,0.3886,1.05724169324867,"Hybrid, AR(1) structures, c_bm 0.25"
Hybrid,sep,mean,0.25,1,E9,-0.130194856131429,0.0863532423921209,117.897457686784,-1.53003836591865,0.32546117266235,-0.131042499539301,0.0867980631670946,0.3348,1.40936758625284,"Hybrid, AR(1) structures, c_bm 0.25"
Hybrid,sep,mean,0.25,1,E9b,-0.130194856131429,0.0784087990898,97.2023459141983,-1.68506309770284,0.381588021484414,-0.130987590936945,0.0785985085230085,0.3876,0.875116976574131,"Hybrid, AR(1) structures, c_bm 0.25"
Hybrid,sep,mean,0.25,2,E9,-0.130194856131429,0.0863629065368575,117.923847937337,-1.52986715222502,0.325401010961963,-0.132041267493299,0.0864746280265658,0.333,1.1468550419886,"Hybrid, AR(1) structures, c_bm 0.25"
Hybrid,sep,mean,0.25,2,E9b,-0.130194856131429,0.0783981339853524,97.1759049361443,-1.68529232986723,0.381673166066371,-0.132015788397591,0.0779404223451703,0.394,1.79424475978398,"Hybrid, AR(1) structures, c_bm 0.25"
Hybrid,sep,mean_decayed,0.25,0,E9,-0.130194856131429,0.0863846949580834,117.983357249542,-1.52948128074688,0.32526543850567,-0.130739723181775,0.085752344030518,0.328,0.412750167863035,"Hybrid, AR(1) structures, c_bm 0.25"
Hybrid,sep,mean_decayed,0.25,0,E9b,-0.130194856131429,0.0784721731993221,97.3595374960203,-1.68370224112207,0.381082665681796,-0.130381568890055,0.0776404062543644,0.3836,0.36652194136986,"Hybrid, AR(1) structures, c_bm 0.25"
Hybrid,sep,mean_decayed,0.25,0.1,E9,-0.13015758489751,0.0863845933554728,117.983079707973,-1.52904523044812,0.325112263684256,-0.127930610850882,0.0857912792498698,0.3194,-0.862304802141373,"Hybrid, AR(1) structures, c_bm 0.25"
Hybrid,sep,mean_decayed,0.25,0.1,E9b,-0.130166130009246,0.0784720463463219,97.359222723928,-1.68333347116217,0.380945755689248,-0.128467731827452,0.0782823361566744,0.3748,-0.894879113276294,"Hybrid, AR(1) structures, c_bm 0.25"
Hybrid,sep,mean_decayed,0.25,0.2,E9,-0.128965605194445,0.0863815231195711,117.974686726208,-1.51509616564891,0.320227812509861,-0.127962608364395,0.0864427222000547,0.317,-0.489195082112651,"Hybrid, AR(1) structures, c_bm 0.25"
Hybrid,sep,mean_decayed,0.25,0.2,E9b,-0.129247419337362,0.0784681447662093,97.3495393357939,-1.67153565563124,0.376573265111813,-0.128517475964689,0.0784744009058022,0.3718,-0.696599414516385,"Hybrid, AR(1) structures, c_bm 0.25"
Hybrid,sep,mean_decayed,0.25,0.5,E9,-0.117955003717223,0.0863632334082215,117.924283910472,-1.38603902958901,0.276589489639945,-0.117407366136089,0.0878890207233811,0.2774,0.128124837908998,"Hybrid, AR(1) structures, c_bm 0.25"
Hybrid,sep,mean_decayed,0.25,0.5,E9b,-0.120754026248318,0.0784402915278409,97.2802969094873,-1.56224769093683,0.33685731748663,-0.120671838860307,0.0797079247002589,0.3382,0.200877757372871,"Hybrid, AR(1) structures, c_bm 0.25"
Hybrid,sep,mean_decayed,0.25,1,E9,-0.0981946751140809,0.086354275931954,117.898931962956,-1.15396787062746,0.20641842471632,-0.0976782786888097,0.0856416605594944,0.1988,-1.33100646416912,"Hybrid, AR(1) structures, c_bm 0.25"
Hybrid,sep,mean_decayed,0.25,1,E9b,-0.105475270277547,0.0784090775250384,97.2027065427857,-1.36512425487424,0.269803844763203,-0.105154257636963,0.0777053660705283,0.266,-0.605987895069669,"Hybrid, AR(1) structures, c_bm 0.25"
Hybrid,sep,mean_decayed,0.25,2,E9,-0.071720545832872,0.0863648236701306,117.926582921112,-0.842749384278412,0.132100437995767,-0.0725870341173297,0.0872286482826596,0.1344,0.480223338856943,"Hybrid, AR(1) structures, c_bm 0.25"
Hybrid,sep,mean_decayed,0.25,2,E9b,-0.0849717275717534,0.0783989191860799,97.1769217910151,-1.09990099267118,0.191805584177422,-0.0851491988777893,0.0790330113415423,0.1938,0.35818893603443,"Hybrid, AR(1) structures, c_bm 0.25"
Hybrid,sep,step,0.25,0,E9,-0.130194856131429,0.0849077145623932,113.983357249542,-1.55608680038524,0.334665661255649,-0.129913419900371,0.0855829517024562,0.337,0.349802842755913,"Hybrid, AR(1) structures, c_bm 0.25"
Hybrid,sep,step,0.25,0,E9b,-0.130194856131429,0.0768432588834709,93.3595374960203,-1.71939316214813,0.394397764088132,-0.130094947652757,0.0773070015405769,0.3946,0.0292605390542857,"Hybrid, AR(1) structures, c_bm 0.25"
Hybrid,sep,step,0.25,0.1,E9,-7.43375967247915e-18,0.0863845933508264,117.983079701343,-8.7329177018547e-17,0.0500000000000002,-0.00101393615454592,0.0860803492634538,0.0468,-1.03821709523693,"Hybrid, AR(1) structures, c_bm 0.25"
Hybrid,sep,step,0.25,0.1,E9b,-0.0293868389553797,0.0783907976776093,97.1554349664391,-0.38043462557942,0.0662712225881477,-0.030517526994254,0.0778992515663424,0.0622,-1.15727610571227,"Hybrid, AR(1) structures, c_bm 0.25"
Hybrid,sep,step,0.25,0.2,E9,-7.43375967247915e-18,0.0863815180977478,117.974679560606,-8.73322860090624e-17,0.0500000000000002,-0.000817631766454782,0.087305080584234,0.053,0.973328526784523,"Hybrid, AR(1) structures, c_bm 0.25"
Hybrid,sep,step,0.25,0.2,E9b,-0.0293868389553797,0.0783868900668632,97.1457490059723,-0.380453590809166,0.0662728595795435,-0.0297391992326827,0.0791143369233348,0.0682,0.547798093375854,"Hybrid, AR(1) structures, c_bm 0.25"
Hybrid,sep,step,0.25,0.5,E9,-7.43375967247915e-18,0.0863628832773579,117.923784418184,-8.73511300008591e-17,0.0500000000000002,-0.000602935600184594,0.0863799879227401,0.0462,-1.23288280059384,"Hybrid, AR(1) structures, c_bm 0.25"
Hybrid,sep,step,0.25,0.5,E9b,-0.0293868389553797,0.078358886396469,97.0763492494467,-0.380589559402571,0.0662845982338322,-0.0301303760089758,0.0783180521383715,0.0586,-2.18420095860355,"Hybrid, AR(1) structures, c_bm 0.25"
Hybrid,sep,step,0.25,1,E9,-7.43375967247915e-18,0.0863532423921209,117.897457686784,-8.73608822949981e-17,0.0500000000000002,0.0011322272341362,0.0865651044009511,0.0514,0.454219979166085,"Hybrid, AR(1) structures, c_bm 0.25"
Hybrid,sep,step,0.25,1,E9b,-0.0293868389553797,0.0783274848169288,96.9985581590962,-0.380742141790279,0.0662977763802292,-0.0285761986177281,0.0785791715048405,0.0682,0.540620978650699,"Hybrid, AR(1) structures, c_bm 0.25"
Hybrid,sep,step,0.25,2,E9,-7.43375967247915e-18,0.0863629065368575,117.923847937337,-8.73511064752084e-17,0.0500000000000002,-0.00267516592388041,0.0863124250213468,0.0534,1.10310566368913,"Hybrid, AR(1) structures, c_bm 0.25"
Hybrid,sep,step,0.25,2,E9b,-0.0293868389553797,0.0783168086391858,96.9721171810423,-0.380794045929101,0.0663022604514087,-0.0316223727573876,0.0785875071488746,0.0736,2.07398705104718,"Hybrid, AR(1) structures, c_bm 0.25"
OL+BDC,CS,graded,0.25,0,E9,-0.130194856131429,0.0586687429379171,54.4202719650615,-2.25203008050182,0.59783795973689,-0.130046859353919,0.0597552328061027,0.5988,0.138734977886433,"OL+BDC, all structures, c_bm 0.25"
OL+BDC,CS,graded,0.25,0,E9b,-0.130194856131429,0.0654945586183263,67.8199681263315,-2.01732444142998,0.508532799684889,-0.130200825015247,0.0666538918201286,0.502,-0.924011953425249,"OL+BDC, all structures, c_bm 0.25"
OL+BDC,CS,graded,0.25,0.1,E9,-0.130141827953853,0.0586703548103092,54.4232622806088,-2.25105098673541,0.597473843537681,-0.130348255890453,0.0584618253827588,0.5964,-0.154835131837207,"OL+BDC, all structures, c_bm 0.25"
OL+BDC,CS,graded,0.25,0.1,E9b,-0.130157736406115,0.0654954195658968,67.8217511636744,-2.01672277367892,0.508300594672253,-0.129355903188179,0.0650721626315512,0.5024,-0.834585114696571,"OL+BDC, all structures, c_bm 0.25"
OL+BDC,CS,graded,0.25,0.2,E9,-0.128445971981023,0.0587220810555058,54.5192419922536,-2.21976142523172,0.58578877332742,-0.128012313439044,0.0583874285560791,0.576,-1.40517954488804,"OL+BDC, all structures, c_bm 0.25"
OL+BDC,CS,graded,0.25,0.2,E9b,-0.128970604115881,0.065523109503778,67.8791036490441,-1.99748441615846,0.500872884431015,-0.128730500172318,0.0648485949000161,0.5044,0.498810227486404,"OL+BDC, all structures, c_bm 0.25"
OL+BDC,CS,graded,0.25,0.5,E9,-0.112903351801474,0.0591946746578456,55.398329518118,-1.93561605435152,0.47697296957749,-0.112816371278734,0.0592677516207542,0.4734,-0.505830915930903,"OL+BDC, all structures, c_bm 0.25"
OL+BDC,CS,graded,0.25,0.5,E9b,-0.118073850645235,0.065778976202269,68.4098309961152,-1.82160908253184,0.433122534093452,-0.117695182423599,0.0660936293519809,0.4296,-0.50267839630451,"OL+BDC, all structures, c_bm 0.25"
OL+BDC,CS,graded,0.25,1,E9,-0.0867965707542861,0.0599279623224562,56.7750596489753,-1.46988880554712,0.304612667840536,-0.0866644842209517,0.0593528744298199,0.3086,0.612604312984771,"OL+BDC, all structures, c_bm 0.25"
OL+BDC,CS,graded,0.25,1,E9b,-0.0996804367256254,0.0661822502396918,69.250769147673,-1.52847502351304,0.324912006685877,-0.0995123057476028,0.0646659542672952,0.3176,-1.10397314712557,"OL+BDC, all structures, c_bm 0.25"
OL+BDC,CS,graded,0.25,2,E9,-0.0570400949476445,0.060561467655645,57.9818903980397,-0.955861059590843,0.156332705313852,-0.0577216314098304,0.0604357547103344,0.1636,1.41497004091267,"OL+BDC, all structures, c_bm 0.25"
OL+BDC,CS,graded,0.25,2,E9b,-0.0786029330292543,0.0665916228039126,70.1108924926483,-1.19786180995986,0.218784741030555,-0.0788830744052905,0.0664130931227758,0.2218,0.51572210525739,"OL+BDC, all structures, c_bm 0.25"
OL+BDC,CS,mean,0.25,0,E9,-0.130194856131429,0.0607866509087948,58.4202719650615,-2.17356560866725,0.568379542338132,-0.130202857671133,0.0605503945023593,0.571,0.374103628068295,"OL+BDC, all structures, c_bm 0.25"
OL+BDC,CS,mean,0.25,0,E9b,-0.130194856131429,0.0673983140694311,71.8199681263315,-1.96034241665614,0.486524033995465,-0.130142001010312,0.0672279783951333,0.4938,1.02935091188503,"OL+BDC, all structures, c_bm 0.25"
OL+BDC,CS,mean,0.25,0.1,E9,-0.130194856131429,0.0607865117880898,58.4200045556878,-2.17357058325735,0.56838142615905,-0.13011887410137,0.0605846006353221,0.5658,-0.368531578598516,"OL+BDC, all structures, c_bm 0.25"
OL+BDC,CS,mean,0.25,0.1,E9b,-0.130194856131429,0.0673980806290567,71.8194706168183,-1.96034920650926,0.486526657249534,-0.129949694550419,0.0672084249004322,0.4848,-0.244274913012708,"OL+BDC, all structures, c_bm 0.25"
OL+BDC,CS,mean,0.25,0.2,E9,-0.130194856131429,0.0607826080047297,58.4125011898306,-2.17371018155616,0.568434289706003,-0.130604558258695,0.0599757777372787,0.578,1.36564753915057,"OL+BDC, all structures, c_bm 0.25"
OL+BDC,CS,mean,0.25,0.2,E9b,-0.130194856131429,0.067390929771619,71.8042315018105,-1.96055721933459,0.486607022903179,-0.13054676762603,0.0662522133416866,0.491,0.621483772327762,"OL+BDC, all structures, c_bm 0.25"
OL+BDC,CS,mean,0.25,0.5,E9,-0.130194856131429,0.0607794263461961,58.406386158743,-2.17382397011858,0.568477378468171,-0.130852644421618,0.0606068310605517,0.5658,-0.382240227718982,"OL+BDC, all structures, c_bm 0.25"
OL+BDC,CS,mean,0.25,0.5,E9b,-0.130194856131429,0.067341862787002,71.6997089936195,-1.96198573091625,0.487158931215944,-0.131061442163856,0.0668549561129708,0.489,0.260452352099485,"OL+BDC, all structures, c_bm 0.25"
OL+BDC,CS,mean,0.25,1,E9,-0.130194856131429,0.0608555794158928,58.5528374267531,-2.1711037040412,0.567447022943898,-0.130268000443788,0.0606178179934806,0.5728,0.764008289051258,"OL+BDC, all structures, c_bm 0.25"
OL+BDC,CS,mean,0.25,1,E9b,-0.130194856131429,0.067292905345832,71.595495710173,-1.96341312954771,0.487710414966976,-0.130055371906914,0.0668649709424579,0.492,0.606822262224762,"OL+BDC, all structures, c_bm 0.25"
OL+BDC,CS,mean,0.25,2,E9,-0.130194856131429,0.0609577769194371,58.7496633687267,-2.16746378490861,0.566067484210178,-0.129321350044747,0.0617969579113951,0.5698,0.532526781747117,"OL+BDC, all structures, c_bm 0.25"
OL+BDC,CS,mean,0.25,2,E9b,-0.130194856131429,0.0672803898259862,71.568866706235,-1.96377836429222,0.487851526272152,-0.129190004435169,0.0682775995346943,0.4788,-1.28045713081355,"OL+BDC, all structures, c_bm 0.25"
OL+BDC,CS,mean_decayed,0.25,0,E9,-0.130194856131429,0.0607866509087948,58.4202719650615,-2.17356560866725,0.568379542338132,-0.129272530658653,0.0617297812726072,0.5706,0.316998545469629,"OL+BDC, all structures, c_bm 0.25"
OL+BDC,CS,mean_decayed,0.25,0,E9b,-0.130194856131429,0.0673983140694311,71.8199681263315,-1.96034241665614,0.486524033995465,-0.129771523728548,0.0687113157553824,0.4978,1.5952419076612,"OL+BDC, all structures, c_bm 0.25"
OL+BDC,CS,mean_decayed,0.25,0.1,E9,-0.130141827953853,0.060786511814524,58.4200045822304,-2.17268529059258,0.568046147040364,-0.130358057057988,0.0612790948405527,0.5662,-0.263536519064239,"OL+BDC, all structures, c_bm 0.25"
OL+BDC,CS,mean_decayed,0.25,0.1,E9b,-0.130157736406115,0.067398080635017,71.8194706234539,-1.95979029321564,0.486310722082405,-0.131189133802328,0.0686581097943368,0.4888,0.352169074285793,"OL+BDC, all structures, c_bm 0.25"
OL+BDC,CS,mean_decayed,0.25,0.2,E9,-0.128445971981023,0.0607826366286451,58.412529929307,-2.14451059500909,0.557346888872415,-0.129243296717184,0.060799034910222,0.5506,-0.960492566423082,"OL+BDC, all structures, c_bm 0.25"
OL+BDC,CS,mean_decayed,0.25,0.2,E9b,-0.128970604115881,0.0673909362136458,71.8042386730525,-1.94212155432267,0.479485340576598,-0.129687727884247,0.0673492626618355,0.4906,1.57317491277208,"OL+BDC, all structures, c_bm 0.25"
OL+BDC,CS,mean_decayed,0.25,0.5,E9,-0.112903351801474,0.060781614852322,58.408583424368,-1.88507751583219,0.457481383147541,-0.113178563177341,0.0607636964780268,0.4578,0.0452230354413107,"OL+BDC, all structures, c_bm 0.25"
OL+BDC,CS,mean_decayed,0.25,0.5,E9b,-0.118073850645235,0.0673423032591757,71.7001989702906,-1.77932082341171,0.417009613602907,-0.118023301272592,0.0670152563089363,0.412,-0.718431724255396,"OL+BDC, all structures, c_bm 0.25"
OL+BDC,CS,mean_decayed,0.25,1,E9,-0.0867965707542861,0.0608624872528532,58.5597818711975,-1.4473166450653,0.296944683149434,-0.0874417537944741,0.0599699068808165,0.3006,0.56568870246784,"OL+BDC, all structures, c_bm 0.25"
OL+BDC,CS,mean_decayed,0.25,1,E9b,-0.0996804367256254,0.0672937838777611,71.596472272673,-1.50322792533112,0.316096118226944,-0.10087176096632,0.0656738157713981,0.317,0.137464170373464,"OL+BDC, all structures, c_bm 0.25"
OL+BDC,CS,mean_decayed,0.25,2,E9,-0.0570400949476445,0.0609646731765171,58.7566078131712,-0.949538541614332,0.154893323668977,-0.0574498415124015,0.0615880575171142,0.1582,0.646255977584644,"OL+BDC, all structures, c_bm 0.25"
OL+BDC,CS,mean_decayed,0.25,2,E9b,-0.0786029330292543,0.0672805238358727,71.5690156410226,-1.18559659904648,0.21528458471462,-0.0791809921891133,0.0680888731205187,0.2152,-0.0145517200701047,"OL+BDC, all structures, c_bm 0.25"
OL+BDC,CS,step,0.25,0,E9,-0.130194856131429,0.0586687429379171,54.4202719650615,-2.25203008050182,0.59783795973689,-0.13061052189832,0.0579776875103341,0.601,0.455995037630132,"OL+BDC, all structures, c_bm 0.25"
OL+BDC,CS,step,0.25,0,E9b,-0.130194856131429,0.0654945586183263,67.8199681263315,-2.01732444142998,0.508532799684889,-0.130009430846512,0.064887234120466,0.5016,-0.980588735080595,"OL+BDC, all structures, c_bm 0.25"
OL+BDC,CS,step,0.25,0.1,E9,0,0.0607865117880898,58.4200045556878,0,0.0500000000000001,-5.87810339815345e-05,0.0610545903162977,0.0514,0.454219979166112,"OL+BDC, all structures, c_bm 0.25"
OL+BDC,CS,step,0.25,0.1,E9b,-0.0379734997050002,0.0672412125369331,71.4791928390405,-0.573127859032693,0.0873235945230056,-0.0383289003120629,0.0673354439901502,0.0944,1.7724479819029,"OL+BDC, all structures, c_bm 0.25"
OL+BDC,CS,step,0.25,0.2,E9,0,0.0607826080047297,58.4125011898306,0,0.0500000000000001,0.00118384329143212,0.0608357713691581,0.0516,0.519108547618416,"OL+BDC, all structures, c_bm 0.25"
OL+BDC,CS,step,0.25,0.2,E9b,-0.0379734997050002,0.0672340449953701,71.4639537240327,-0.573188963235166,0.0873316933321385,-0.0370765611535393,0.066851621794395,0.082,-1.33538882826619,"OL+BDC, all structures, c_bm 0.25"
OL+BDC,CS,step,0.25,0.5,E9,0,0.0607794263461961,58.406386158743,0,0.0500000000000001,-0.000443917157016966,0.0604429755024109,0.0498,-0.0648885684523293,"OL+BDC, all structures, c_bm 0.25"
OL+BDC,CS,step,0.25,0.5,E9b,-0.0379734997050002,0.0671848634335114,71.3594312158418,-0.573608594002108,0.0873873363127257,-0.0381081628615605,0.0659826394657701,0.0866,-0.197141377994901,"OL+BDC, all structures, c_bm 0.25"
OL+BDC,CS,step,0.25,1,E9,0,0.0608555794158928,58.5528374267531,0,0.0500000000000001,-0.000708444030803562,0.0612053483384096,0.0546,1.49243707440299,"OL+BDC, all structures, c_bm 0.25"
OL+BDC,CS,step,0.25,1,E9b,-0.0379734997050002,0.067135791503782,71.2552179323952,-0.574027902201344,0.0874429796287892,-0.037672173062878,0.0679241806851451,0.089,0.389750622657061,"OL+BDC, all structures, c_bm 0.25"
OL+BDC,CS,step,0.25,2,E9,0,0.0609577769194371,58.7496633687267,0,0.0500000000000001,-0.00106648798729762,0.0609603235423835,0.0516,0.519108547618416,"OL+BDC, all structures, c_bm 0.25"
OL+BDC,CS,step,0.25,2,E9b,-0.0379734997050002,0.0671232466891527,71.2285889284572,-0.574135193129792,0.087457224345192,-0.0387552024800971,0.0668380152229711,0.0872,-0.0643832079381785,"OL+BDC, all structures, c_bm 0.25"
OL+BDC,covar,graded,0.25,0,E9,-0.130194856131429,0.107303479537,182.043322025328,-1.23130931495897,0.228502896907506,-0.128447104264111,0.11007046984794,0.235,1.09418751524979,"OL+BDC, all structures, c_bm 0.25"
OL+BDC,covar,graded,0.25,0,E9b,-0.130194856131429,0.0885553465209331,123.987160925476,-1.49199093078119,0.312205084136922,-0.128807315322557,0.0906087555805087,0.3122,-0.00077580535699342,"OL+BDC, all structures, c_bm 0.25"
OL+BDC,covar,graded,0.25,0.1,E9,-0.130141827953853,0.107304360845213,182.046312340875,-1.23079769570346,0.228352357455175,-0.13043732294281,0.109035052397451,0.2294,0.176476085693579,"OL+BDC, all structures, c_bm 0.25"
OL+BDC,covar,graded,0.25,0.1,E9b,-0.130157736406115,0.0885559832701665,123.988943962819,-1.49155482588405,0.312054489619485,-0.130406677788632,0.0906071832953148,0.309,-0.466156149418259,"OL+BDC, all structures, c_bm 0.25"
OL+BDC,covar,graded,0.25,0.2,E9,-0.128445971981023,0.107332651725006,182.14229205252,-1.21443928042487,0.223569850383486,-0.130800068475402,0.106137067289748,0.2312,1.29497159529678,"OL+BDC, all structures, c_bm 0.25"
OL+BDC,covar,graded,0.25,0.2,E9b,-0.128970604115881,0.0885764645257263,124.046296448189,-1.47760906885049,0.307255390021887,-0.13138572717633,0.0871385610745221,0.3084,0.175430942617685,"OL+BDC, all structures, c_bm 0.25"
OL+BDC,covar,graded,0.25,0.5,E9,-0.112903351801474,0.107591936643413,183.021379578385,-1.06491915245702,0.182723293487868,-0.113801232897231,0.107687283254561,0.1792,-0.644692036176985,"OL+BDC, all structures, c_bm 0.25"
OL+BDC,covar,graded,0.25,0.5,E9b,-0.118073850645235,0.0887659050483452,124.57702379526,-1.34988094289671,0.264912253219113,-0.11801330644286,0.088792470235603,0.2622,-0.434604901934232,"OL+BDC, all structures, c_bm 0.25"
OL+BDC,covar,graded,0.25,1,E9,-0.0867965707542861,0.107997111030591,184.398109709242,-0.815614709490479,0.126767411865361,-0.0873320431302485,0.107515332399357,0.1304,0.772026811325383,"OL+BDC, all structures, c_bm 0.25"
OL+BDC,covar,graded,0.25,1,E9b,-0.0996804367256254,0.0890651583708374,125.417961946818,-1.13577100517923,0.20142310994118,-0.10016504787983,0.0881193859944399,0.2012,-0.0393360644002537,"OL+BDC, all structures, c_bm 0.25"
OL+BDC,covar,graded,0.25,2,E9,-0.0570400949476445,0.108349927030145,185.604940458306,-0.534252039422048,0.0823559306887831,-0.0562429645220492,0.1074976139875,0.0792,-0.811760449707965,"OL+BDC, all structures, c_bm 0.25"
OL+BDC,covar,graded,0.25,2,E9b,-0.0786029330292543,0.0893697735058769,126.278085291793,-0.892555997812351,0.142373461499362,-0.0785199448110941,0.0886134421960291,0.1432,0.167257061493305,"OL+BDC, all structures, c_bm 0.25"
OL+BDC,covar,mean,0.25,0,E9,-0.130194856131429,0.108475952411305,186.043322025328,-1.21800058855854,0.224605921266661,-0.131279451624127,0.108546123195035,0.2344,1.65949807253907,"OL+BDC, all structures, c_bm 0.25"
OL+BDC,covar,mean,0.25,0,E9b,-0.130194856131429,0.0899724676122359,127.987160925476,-1.46849116610702,0.304135323791016,-0.130965731127919,0.0899725680288765,0.315,1.66995959100037,"OL+BDC, all structures, c_bm 0.25"
OL+BDC,covar,mean,0.25,0.1,E9,-0.130194856131429,0.108475874452321,186.043054615954,-1.21800146390607,0.224606176276785,-0.130429833303841,0.109256591247122,0.2232,-0.238260886349986,"OL+BDC, all structures, c_bm 0.25"
OL+BDC,covar,mean,0.25,0.1,E9b,-0.130194856131429,0.0899722927423437,127.986663415963,-1.46849402026227,0.304136298247961,-0.130876441334549,0.0904724037725085,0.3084,0.655353466204987,"OL+BDC, all structures, c_bm 0.25"
OL+BDC,covar,mean,0.25,0.2,E9,-0.130194856131429,0.108473686941528,186.035551250097,-1.21802602646518,0.224613332020554,-0.130549360217858,0.110787999467559,0.2292,0.777150938323469,"OL+BDC, all structures, c_bm 0.25"
OL+BDC,covar,mean,0.25,0.2,E9b,-0.130194856131429,0.0899669361727765,127.971424300955,-1.4685814533873,0.304166150071509,-0.130727275448833,0.0924326651203785,0.3136,1.44999247751293,"OL+BDC, all structures, c_bm 0.25"
OL+BDC,covar,mean,0.25,0.5,E9,-0.130194856131429,0.108471904149438,186.02943621901,-1.21804604535564,0.224619164169827,-0.131457620100827,0.108916333191953,0.2282,0.60672023252956,"OL+BDC, all structures, c_bm 0.25"
OL+BDC,covar,mean,0.25,0.5,E9b,-0.130194856131429,0.0899301877706066,127.866901792765,-1.46918156357506,0.30437107768232,-0.131038157955211,0.090067423915863,0.3122,1.20308546449695,"OL+BDC, all structures, c_bm 0.25"
OL+BDC,covar,mean,0.25,1,E9,-0.130194856131429,0.108514592884442,186.17588748702,-1.21756687620916,0.224479591421729,-0.129203292063807,0.107541792464931,0.2154,-1.5387436043429,"OL+BDC, all structures, c_bm 0.25"
OL+BDC,covar,mean,0.25,1,E9b,-0.130194856131429,0.0898935331306778,127.762688509318,-1.4697806313759,0.3045757105879,-0.129361715442333,0.0900581848810579,0.3044,-0.0269966809010475,"OL+BDC, all structures, c_bm 0.25"
OL+BDC,covar,mean,0.25,2,E9,-0.130194856131429,0.108571938776978,186.372713428993,-1.21692377763299,0.224292350228609,-0.131187078176695,0.109061594947672,0.2296,0.899768929332473,"OL+BDC, all structures, c_bm 0.25"
OL+BDC,covar,mean,0.25,2,E9b,-0.130194856131429,0.0898841645895974,127.73605950538,-1.46993382521474,0.304628049208866,-0.131469861678057,0.0903684103239962,0.3124,1.19404725727085,"OL+BDC, all structures, c_bm 0.25"
OL+BDC,covar,mean_decayed,0.25,0,E9,-0.130194856131429,0.108475952411305,186.043322025328,-1.21800058855854,0.224605921266661,-0.128467337414133,0.108541861147265,0.2248,0.0328844899725477,"OL+BDC, all structures, c_bm 0.25"
OL+BDC,covar,mean_decayed,0.25,0,E9b,-0.130194856131429,0.0899724676122359,127.987160925476,-1.46849116610702,0.304135323791016,-0.128111131860613,0.0896846757612127,0.2964,-1.18896117158283,"OL+BDC, all structures, c_bm 0.25"
OL+BDC,covar,mean_decayed,0.25,0.1,E9,-0.130141827953853,0.108475874467134,186.043054642497,-1.21750537357545,0.224461680621898,-0.129603603860779,0.108445177800633,0.2216,-0.484990720396428,"OL+BDC, all structures, c_bm 0.25"
OL+BDC,covar,mean_decayed,0.25,0.1,E9b,-0.130157736406115,0.0899722927468085,127.986663422599,-1.46807533936172,0.30399336836095,-0.130237375550779,0.0904280934965805,0.3048,0.123999950330705,"OL+BDC, all structures, c_bm 0.25"
OL+BDC,covar,mean_decayed,0.25,0.2,E9,-0.128445971981023,0.108473702980778,186.035579989574,-1.20166440850041,0.219876863568789,-0.131144275053184,0.109883769460961,0.2274,1.28443636904328,"OL+BDC, all structures, c_bm 0.25"
OL+BDC,covar,mean_decayed,0.25,0.2,E9b,-0.128970604115881,0.0899669409982625,127.971431472197,-1.45477200526761,0.299467554300514,-0.130674994066448,0.091409492840827,0.3146,2.3361735957127,"OL+BDC, all structures, c_bm 0.25"
OL+BDC,covar,mean_decayed,0.25,0.5,E9,-0.112903351801474,0.108473130437395,186.031633484635,-1.05626806697992,0.180522960285922,-0.115563192029526,0.106876470511686,0.1826,0.381852100956293,"OL+BDC, all structures, c_bm 0.25"
OL+BDC,covar,mean_decayed,0.25,0.5,E9b,-0.118073850645235,0.0899305176071168,127.867391769436,-1.33239973757666,0.259359691982844,-0.120507937283907,0.0882884948297651,0.2636,0.684112450262686,"OL+BDC, all structures, c_bm 0.25"
OL+BDC,covar,mean_decayed,0.25,1,E9,-0.0867965707542861,0.108518466988047,186.182831931464,-0.811696112632001,0.126012630170821,-0.0868875910637347,0.108549111731049,0.125,-0.215762640573417,"OL+BDC, all structures, c_bm 0.25"
OL+BDC,covar,mean_decayed,0.25,1,E9b,-0.0996804367256254,0.0898941907879479,127.763665071818,-1.12529649526656,0.198583064681187,-0.0998197737774597,0.0896472592575346,0.1928,-1.0250444292154,"OL+BDC, all structures, c_bm 0.25"
OL+BDC,covar,mean_decayed,0.25,2,E9,-0.0570400949476445,0.108575810834419,186.379657873438,-0.533140530352867,0.0822193147116951,-0.0604083261045555,0.107767001990861,0.0836,0.355404822354484,"OL+BDC, all structures, c_bm 0.25"
OL+BDC,covar,mean_decayed,0.25,2,E9b,-0.0786029330292543,0.0898842648991613,127.736208440168,-0.887447062779604,0.141290880496081,-0.0814899884257019,0.0888818451116116,0.1474,1.24017656233056,"OL+BDC, all structures, c_bm 0.25"
OL+BDC,covar,step,0.25,0,E9,-0.130194856131429,0.107303479537,182.043322025328,-1.23130931495897,0.228502896907506,-0.128143623867996,0.105998302928049,0.2212,-1.22989253942753,"OL+BDC, all structures, c_bm 0.25"
OL+BDC,covar,step,0.25,0,E9b,-0.130194856131429,0.0885553465209331,123.987160925476,-1.49199093078119,0.312205084136922,-0.128351043790436,0.0881411095554843,0.3042,-1.22152240432057,"OL+BDC, all structures, c_bm 0.25"
OL+BDC,covar,step,0.25,0.1,E9,0,0.108475874452321,186.043054615954,0,0.0500000000000001,0.0019050030589984,0.110636163628305,0.0568,2.20621132737835,"OL+BDC, all structures, c_bm 0.25"
OL+BDC,covar,step,0.25,0.1,E9b,-0.0379734997050002,0.0898548432321273,127.646385638186,-0.428881268070394,0.0707291078277035,-0.0366926427235946,0.091895939802576,0.0726,0.516016398384387,"OL+BDC, all structures, c_bm 0.25"
OL+BDC,covar,step,0.25,0.2,E9,0,0.108473686941528,186.035551250097,0,0.0500000000000001,0.0009635786286769,0.107697084593924,0.0476,-0.778662821427682,"OL+BDC, all structures, c_bm 0.25"
OL+BDC,covar,step,0.25,0.2,E9b,-0.0379734997050002,0.0898494796605557,127.631146523178,-0.428906871444125,0.0707316104058767,-0.0369153781417828,0.0885603167075593,0.0656,-1.41534177068116,"OL+BDC, all structures, c_bm 0.25"
OL+BDC,covar,step,0.25,0.5,E9,0,0.108471904149438,186.02943621901,0,0.0500000000000001,0.000337273924822257,0.108314566841006,0.0482,-0.583997116070768,"OL+BDC, all structures, c_bm 0.25"
OL+BDC,covar,step,0.25,0.5,E9b,-0.0379734997050002,0.089812683199049,127.526624014987,-0.429082604316341,0.0707487914501948,-0.0378259028213482,0.0906185240363313,0.0696,-0.316810901143632,"OL+BDC, all structures, c_bm 0.25"
OL+BDC,covar,step,0.25,1,E9,0,0.108514592884442,186.17588748702,0,0.0500000000000001,-0.000557758197163263,0.10754576398805,0.0488,-0.389331410713852,"OL+BDC, all structures, c_bm 0.25"
OL+BDC,covar,step,0.25,1,E9b,-0.0379734997050002,0.0897759805831852,127.42241073154,-0.429258032514972,0.07076595001432,-0.03853994027604,0.0895403824667462,0.0718,0.285135838442945,"OL+BDC, all structures, c_bm 0.25"
OL+BDC,covar,step,0.25,2,E9,0,0.108571938776978,186.372713428993,0,0.0500000000000001,0.00233528182874644,0.108210740961277,0.0488,-0.389331410713852,"OL+BDC, all structures, c_bm 0.25"
OL+BDC,covar,step,0.25,2,E9b,-0.0379734997050002,0.0897665997736687,127.395781727602,-0.429302893170549,0.0707703389898866,-0.0363054379319525,0.0894806772293396,0.0698,-0.267560078465063,"OL+BDC, all structures, c_bm 0.25"
OL+BDC,sep,graded,0.25,0,E9,-0.130194856131429,0.107978112223034,184.339583908656,-1.22361626038164,0.226245438384577,-0.129852647112156,0.107331716973967,0.2258,-0.0752802605866924,"OL+BDC, all structures, c_bm 0.25"
OL+BDC,sep,graded,0.25,0,E9b,-0.130194856131429,0.0892754447601853,126.011791784138,-1.4799564901226,0.308060929184397,-0.130203641957131,0.0893966906233077,0.3056,-0.376904984786849,"OL+BDC, all structures, c_bm 0.25"
OL+BDC,sep,graded,0.25,0.1,E9,-0.130141827953853,0.107978988024996,184.342574224203,-1.22310796278752,0.226096748258217,-0.132691762587771,0.108904521604519,0.2334,1.23455595657536,"OL+BDC, all structures, c_bm 0.25"
OL+BDC,sep,graded,0.25,0.1,E9b,-0.130157736406115,0.089276076373418,126.013574821481,-1.47952407378424,0.307912472052573,-0.132316084114513,0.0902996958102403,0.3174,1.45326200319855,"OL+BDC, all structures, c_bm 0.25"
OL+BDC,sep,graded,0.25,0.2,E9,-0.128445971981023,0.108007102196217,184.438553935848,-1.20685571188779,0.221373125850786,-0.127870326549531,0.106539807043711,0.2168,-0.778880824587542,"OL+BDC, all structures, c_bm 0.25"
OL+BDC,sep,graded,0.25,0.2,E9b,-0.128970604115881,0.0892963924666814,126.07092730685,-1.46569624593976,0.303181759141703,-0.12792096652822,0.0877568071825944,0.2956,-1.16638975424777,"OL+BDC, all structures, c_bm 0.25"
OL+BDC,sep,graded,0.25,0.5,E9,-0.112903351801474,0.108264771875172,185.317641461712,-1.05830090624472,0.181038357908341,-0.112601891183535,0.107433003950364,0.1828,0.323508427968131,"OL+BDC, all structures, c_bm 0.25"
OL+BDC,sep,graded,0.25,0.5,E9b,-0.118073850645235,0.0894843088968015,126.601654653921,-1.33904370090802,0.261462752539804,-0.117998313648056,0.0895117306261581,0.2612,-0.0422805675771224,"OL+BDC, all structures, c_bm 0.25"
OL+BDC,sep,graded,0.25,1,E9,-0.0867965707542861,0.108667437576564,186.69437159257,-0.810583332526101,0.125798999068695,-0.0874949833233158,0.108631595770711,0.1256,-0.0424318340226165,"OL+BDC, all structures, c_bm 0.25"
OL+BDC,sep,graded,0.25,1,E9b,-0.0996804367256254,0.0897811677096522,127.442592805479,-1.12671311043903,0.198965645920592,-0.100003359969441,0.0897374698867195,0.2008,0.32490287392732,"OL+BDC, all structures, c_bm 0.25"
OL+BDC,sep,graded,0.25,2,E9,-0.0570400949476445,0.109018084215145,187.901202341634,-0.53097756949924,0.0819543248050519,-0.0567371651043047,0.108094810718068,0.0764,-1.43185220321651,"OL+BDC, all structures, c_bm 0.25"
OL+BDC,sep,graded,0.25,2,E9b,-0.0786029330292543,0.0900833617055785,128.302716150454,-0.885485678785416,0.14087701292095,-0.0782144863240997,0.0890011114270135,0.134,-1.39777447520664,"OL+BDC, all structures, c_bm 0.25"
OL+BDC,sep,mean,0.25,0,E9,-0.130194856131429,0.109143338092815,188.339583908656,-1.21055280322342,0.22244243738651,-0.130468580871581,0.111110227441407,0.2222,-0.041220143405856,"OL+BDC, all structures, c_bm 0.25"
OL+BDC,sep,mean,0.25,0,E9b,-0.130194856131429,0.0906813132234045,130.011791784138,-1.45701213607169,0.300227506380723,-0.129951838596244,0.0923999362234959,0.3044,0.643690367407192,"OL+BDC, all structures, c_bm 0.25"
OL+BDC,sep,mean,0.25,0.1,E9,-0.130194856131429,0.109143260610531,188.339316499282,-1.2105536626113,0.222442686306554,-0.129275356232203,0.106042231207196,0.2128,-1.63948621673225,"OL+BDC, all structures, c_bm 0.25"
OL+BDC,sep,mean,0.25,0.1,E9b,-0.130194856131429,0.0906811397204532,130.011294274624,-1.45701492381682,0.300228452651888,-0.129954035990407,0.0883144176103865,0.2878,-1.91733500044862,"OL+BDC, all structures, c_bm 0.25"
OL+BDC,sep,mean,0.25,0.2,E9,-0.130194856131429,0.109141086476136,188.331813133425,-1.21057777732777,0.222449671155669,-0.134023980001103,0.107225426240162,0.2336,1.89580008839882,"OL+BDC, all structures, c_bm 0.25"
OL+BDC,sep,mean,0.25,0.2,E9b,-0.130194856131429,0.0906758250252116,129.996055159617,-1.45710032243635,0.300257440981741,-0.133697272324242,0.0898474782554837,0.3186,2.82962506201541,"OL+BDC, all structures, c_bm 0.25"
OL+BDC,sep,mean,0.25,0.5,E9,-0.130194856131429,0.109139314586025,188.325698102337,-1.21059743120593,0.222455364016053,-0.129288457335558,0.109211105171445,0.2188,-0.621486255557194,"OL+BDC, all structures, c_bm 0.25"
OL+BDC,sep,mean,0.25,0.5,E9b,-0.130194856131429,0.0906393640320965,129.891532651426,-1.4576864620832,0.300456438684566,-0.129723755507948,0.0912162675965894,0.2962,-0.656497753567784,"OL+BDC, all structures, c_bm 0.25"
OL+BDC,sep,mean,0.25,1,E9,-0.130194856131429,0.109181742371968,188.472149370347,-1.21012699569576,0.222319123556923,-0.130581730591094,0.107974592472209,0.2182,-0.700488001521366,"OL+BDC, all structures, c_bm 0.25"
OL+BDC,sep,mean,0.25,1,E9b,-0.130194856131429,0.0906029962992539,129.787319367979,-1.45827157244364,0.30065514642604,-0.129643010693813,0.090049060328693,0.2872,-2.0748820699543,"OL+BDC, all structures, c_bm 0.25"
OL+BDC,sep,mean,0.25,2,E9,-0.130194856131429,0.109238738038732,188.668975312321,-1.20949560800101,0.222136349064202,-0.131061806984322,0.108884223972431,0.2232,0.180934995937361,"OL+BDC, all structures, c_bm 0.25"
OL+BDC,sep,mean,0.25,2,E9b,-0.130194856131429,0.0905937011257195,129.760690364041,-1.45842119528891,0.300705968970538,-0.130319933006547,0.090773604806624,0.3042,0.53877920437453,"OL+BDC, all structures, c_bm 0.25"
OL+BDC,sep,mean_decayed,0.25,0,E9,-0.130194856131429,0.109143338092815,188.339583908656,-1.21055280322342,0.22244243738651,-0.127527187719367,0.108915561872373,0.2106,-2.01349706979771,"OL+BDC, all structures, c_bm 0.25"
OL+BDC,sep,mean_decayed,0.25,0,E9b,-0.130194856131429,0.0906813132234045,130.011791784138,-1.45701213607169,0.300227506380723,-0.128045647913574,0.0899348922479418,0.2934,-1.05327904406555,"OL+BDC, all structures, c_bm 0.25"
OL+BDC,sep,mean_decayed,0.25,0.1,E9,-0.130141827953853,0.109143260625253,188.339316525825,-1.21006060576101,0.222299900724234,-0.131292372789442,0.110001498049743,0.2314,1.54758823965027,"OL+BDC, all structures, c_bm 0.25"
OL+BDC,sep,mean_decayed,0.25,0.1,E9b,-0.130157736406115,0.0906811397248831,130.01129428126,-1.45659951571087,0.300087461576688,-0.132085372574544,0.0909798310665361,0.3088,1.34426192189935,"OL+BDC, all structures, c_bm 0.25"
OL+BDC,sep,mean_decayed,0.25,0.2,E9,-0.128445971981023,0.109141102417305,188.331841872901,-1.19431621205009,0.217769394507672,-0.127672910035245,0.108004979052935,0.2164,-0.234610670117897,"OL+BDC, all structures, c_bm 0.25"
OL+BDC,sep,mean_decayed,0.25,0.2,E9b,-0.128970604115881,0.0906758298129727,129.996062330859,-1.44339883496595,0.295622829875834,-0.128101895021916,0.0895803397436487,0.291,-0.716343447646876,"OL+BDC, all structures, c_bm 0.25"
OL+BDC,sep,mean_decayed,0.25,0.5,E9,-0.112903351801474,0.109140533375052,188.327895367962,-1.04980883563763,0.178892005514745,-0.115210316792278,0.107404156683905,0.1728,-1.12395696591242,"OL+BDC, all structures, c_bm 0.25"
OL+BDC,sep,mean_decayed,0.25,0.5,E9b,-0.118073850645235,0.0906396912879247,129.892022628097,-1.32197487751304,0.256077964046536,-0.120452563320468,0.0892724713129025,0.25,-0.984675910106374,"OL+BDC, all structures, c_bm 0.25"
OL+BDC,sep,mean_decayed,0.25,1,E9,-0.0867965707542861,0.109185592803897,188.479093814792,-0.806736468095587,0.125062889830788,-0.0852214107305232,0.111109914634663,0.1282,0.670597799755035,"OL+BDC, all structures, c_bm 0.25"
OL+BDC,sep,mean_decayed,0.25,1,E9b,-0.0996804367256254,0.0906036488068021,129.788295930479,-1.11648497225989,0.196214056819001,-0.0984788817188136,0.0919164267046678,0.1932,-0.536662408332907,"OL+BDC, all structures, c_bm 0.25"
OL+BDC,sep,mean_decayed,0.25,2,E9,-0.0570400949476445,0.109242586461756,188.675919756766,-0.529886331396226,0.0818210656619379,-0.0559099241728508,0.109475426718731,0.0784,-0.882572078866242,"OL+BDC, all structures, c_bm 0.25"
OL+BDC,sep,mean_decayed,0.25,2,E9b,-0.0786029330292543,0.0905938006496523,129.760839298829,-0.880496520065044,0.139828635153353,-0.077594909249216,0.0911382056087031,0.1354,-0.902951358071497,"OL+BDC, all structures, c_bm 0.25"
OL+BDC,sep,step,0.25,0,E9,-0.130194856131429,0.107978112223034,184.339583908656,-1.22361626038164,0.226245438384577,-0.12973457506599,0.107222418607928,0.2298,0.600730278182707,"OL+BDC, all structures, c_bm 0.25"
OL+BDC,sep,step,0.25,0,E9b,-0.130194856131429,0.0892754447601853,126.011791784138,-1.4799564901226,0.308060929184397,-0.129815008892022,0.0888271641694679,0.3166,1.30780616372652,"OL+BDC, all structures, c_bm 0.25"
OL+BDC,sep,step,0.25,0.1,E9,0,0.109143260610531,188.339316499282,0,0.0500000000000001,0.00291122858900866,0.109755685759265,0.0528,0.908439958332246,"OL+BDC, all structures, c_bm 0.25"
OL+BDC,sep,step,0.25,0.1,E9b,-0.0379734997050002,0.0905646094893393,129.671016496847,-0.425519906298844,0.070401904617045,-0.0363512595015164,0.0912625436260599,0.0672,-0.885020999643625,"OL+BDC, all structures, c_bm 0.25"
OL+BDC,sep,step,0.25,0.2,E9,0,0.109141086476136,188.331813133425,0,0.0500000000000001,-0.000938839625166125,0.11043868383643,0.053,0.973328526784551,"OL+BDC, all structures, c_bm 0.25"
OL+BDC,sep,step,0.25,0.2,E9b,-0.0379734997050002,0.0905592879552339,129.655777381839,-0.425544912343279,0.0704043288764988,-0.0390935018750419,0.0911839552674229,0.0674,-0.830396952045377,"OL+BDC, all structures, c_bm 0.25"
OL+BDC,sep,step,0.25,0.5,E9,0,0.109139314586025,188.325698102337,0,0.0500000000000001,-0.000424472457850609,0.109597487761361,0.0546,1.49243707440299,"OL+BDC, all structures, c_bm 0.25"
OL+BDC,sep,step,0.25,0.5,E9b,-0.0379734997050002,0.0905227800230367,129.551254873648,-0.425716543462484,0.0704209719879578,-0.0388196423027184,0.0919610491668992,0.0734,0.823313853173151,"OL+BDC, all structures, c_bm 0.25"
OL+BDC,sep,step,0.25,1,E9,0,0.109181742371968,188.472149370347,0,0.0500000000000001,0.00176173581774493,0.106525880914241,0.044,-1.94665705356917,"OL+BDC, all structures, c_bm 0.25"
OL+BDC,sep,step,0.25,1,E9b,-0.0379734997050002,0.0904863654334663,129.447041590201,-0.425887873732446,0.0704375928903003,-0.0364151372894427,0.088213220496145,0.0638,-1.83423123635312,"OL+BDC, all structures, c_bm 0.25"
OL+BDC,sep,step,0.25,2,E9,0,0.109238738038732,188.668975312321,0,0.0500000000000001,0.000911370308817205,0.108738592884476,0.0478,-0.713774252975377,"OL+BDC, all structures, c_bm 0.25"
OL+BDC,sep,step,0.25,2,E9b,-0.0379734997050002,0.0904770582778439,129.420412586263,-0.425931685934604,0.0704418442683242,-0.0371677983863265,0.0894463627642555,0.0682,-0.619493567246406,"OL+BDC, all structures, c_bm 0.25"
