design,construct,rule,t_half,variant,c.bm,mean,sd,resid_var,ncp,power
Hybrid,CS,step,0,E9,0.25,-0.130194856131429,0.05071059452814,40.6578628380383,-2.60544714789532,0.720866605525959
Hybrid,CS,step,0.03,E9,0.25,-7.43375967247915e-18,0.0531465890550659,44.657862838012,-1.41945053832019e-16,0.05
Hybrid,CS,step,0.0312592016986259,E9,0.25,-7.43375967247915e-18,0.0531465890550419,44.6578628379716,-1.41945053832083e-16,0.05
Hybrid,CS,step,0.0325712563611792,E9,0.25,-7.43375967247915e-18,0.0531465890549846,44.6578628378755,-1.41945053832236e-16,0.05
Hybrid,CS,step,0.0339383824057251,E9,0.25,-7.43375967247915e-18,0.0531465890548532,44.6578628376545,-1.41945053832587e-16,0.05
Hybrid,CS,step,0.0353628913648552,E9,0.25,-7.43375967247915e-18,0.0531465890545616,44.6578628371646,-1.41945053833366e-16,0.05
Hybrid,CS,step,0.0368471917940202,E9,0.25,-7.43375967247915e-18,0.0531465890539365,44.6578628361139,-1.41945053835035e-16,0.05
Hybrid,CS,step,0.0383937933439077,E9,0.25,-7.43375967247915e-18,0.0531465890526385,44.6578628339326,-1.41945053838502e-16,0.05
Hybrid,CS,step,0.0400053110037523,E9,0.25,-7.43375967247915e-18,0.053146589050026,44.6578628295422,-1.4194505384548e-16,0.05
Hybrid,CS,step,0.0416844695227518,E9,0.25,-7.43375967247915e-18,0.0531465890449217,44.6578628209642,-1.41945053859112e-16,0.05
Hybrid,CS,step,0.0434341080170641,E9,0.25,-7.43375967247915e-18,0.0531465890352301,44.6578628046769,-1.41945053884997e-16,0.05
Hybrid,CS,step,0.045257184770177,E9,0.25,-7.43375967247915e-18,0.0531465890173261,44.6578627745883,-1.41945053932815e-16,0.05
Hybrid,CS,step,0.0471567822347647,E9,0.25,-7.43375967247915e-18,0.0531465889851101,44.6578627204476,-1.41945054018858e-16,0.05
Hybrid,CS,step,0.0491361122444897,E9,0.25,-7.43375967247915e-18,0.053146588928588,44.657862625459,-1.41945054169819e-16,0.05
Hybrid,CS,step,0.0511985214445608,E9,0.25,-7.43375967247915e-18,0.0531465888317976,44.6578624627975,-1.41945054428329e-16,0.05
Hybrid,CS,step,0.0533474969502316,E9,0.25,-7.43375967247915e-18,0.0531465886698647,44.6578621906606,-1.41945054860822e-16,0.05
Hybrid,CS,step,0.055586672242804,E9,0.25,-7.43375967247915e-18,0.0531465884049341,44.6578617454303,-1.41945055568405e-16,0.05
Hybrid,CS,step,0.0579198333131074,E9,0.25,-7.43375967247915e-18,0.0531465879806923,44.6578610324689,-1.41945056701479e-16,0.05
Hybrid,CS,step,0.0603509250628405,E9,0.25,-7.43375967247915e-18,0.0531465873151856,44.6578599140488,-1.41945058478929e-16,0.05
Hybrid,CS,step,0.0628840579745996,E9,0.25,-7.43375967247915e-18,0.0531465862916385,44.6578581939226,-1.41945061212641e-16,0.05
Hybrid,CS,step,0.0655235150618698,E9,0.25,-7.43375967247915e-18,0.0531465847470117,44.6578555980936,-1.41945065338064e-16,0.05
Hybrid,CS,step,0.0682737591107313,E9,0.25,-7.43375967247915e-18,0.0531465824580958,44.6578517514466,-1.41945071451351e-16,0.05
Hybrid,CS,step,0.0711394402255249,E9,0.25,-7.43375967247915e-18,0.0531465791250356,44.657846150059,-1.41945080353362e-16,0.05
Hybrid,CS,step,0.0741254036912341,E9,0.25,-7.43375967247915e-18,0.0531465743523045,44.6578381292274,-1.41945093100481e-16,0.05
Hybrid,CS,step,0.0772366981658785,E9,0.25,-7.43375967247915e-18,0.0531465676273072,44.6578268275084,-1.41945111061761e-16,0.05
Hybrid,CS,step,0.0804785842167695,E9,0.25,-7.43375967247915e-18,0.0531465582969734,44.6578111473843,-1.41945135981442e-16,0.05
Hybrid,CS,step,0.0838565432150617,E9,0.25,-7.43375967247915e-18,0.0531465455429019,44.6577897134901,-1.41945170045338e-16,0.05
Hybrid,CS,step,0.0873762866036384,E9,0.25,-7.43375967247915e-18,0.0531465283558137,44.6577608296845,-1.41945215949073e-16,0.05
Hybrid,CS,step,0.0910437655540025,E9,0.25,-7.43375967247915e-18,0.053146505510269,44.6577224365595,-1.41945276965611e-16,0.05
Hybrid,CS,step,0.0948651810284991,E9,0.25,-7.43375967247915e-18,0.0531464755407639,44.6576720712741,-1.41945357009107e-16,0.05
Hybrid,CS,step,0.0988469942648838,E9,0.25,-7.43375967247915e-18,0.0531464367204558,44.6576068318037,-1.4194546069174e-16,0.05
Hybrid,CS,step,0.102995937700964,E9,0.25,-7.43375967247915e-18,0.0531463870438417,44.6575233478375,-1.41945593369995e-16,0.05
Hybrid,CS,step,0.107319026357785,E9,0.25,-7.43375967247915e-18,0.0531463242147354,44.6574177605802,-1.41945761176798e-16,0.05
Hybrid,CS,step,0.111823569700605,E9,0.25,-7.43375967247915e-18,0.0531462456408342,44.6572857136329,-1.41945971036066e-16,0.05
Hybrid,CS,step,0.116517183997718,E9,0.25,-7.43375967247915e-18,0.0531461484360488,44.6571223569233,-1.41946230656529e-16,0.05
Hybrid,CS,step,0.12140780519802,E9,0.25,-7.43375967247915e-18,0.0531460294315744,44.6569223653311,-1.41946548502222e-16,0.05
Hybrid,CS,step,0.126503702349079,E9,0.25,-7.43375967247915e-18,0.0531458851964213,44.656679973214,-1.41946933737732e-16,0.05
Hybrid,CS,step,0.131813491578427,E9,0.25,-7.43375967247915e-18,0.0531457120678002,44.6563890255026,-1.41947396147133e-16,0.05
Hybrid,CS,step,0.137346150661672,E9,0.25,-7.43375967247915e-18,0.0531455061913892,44.6560430454062,-1.4194794602656e-16,0.05
Hybrid,CS,step,0.143111034202102,E9,0.25,-7.43375967247915e-18,0.0531452635711033,44.6556353180939,-1.41948594051406e-16,0.05
Hybrid,CS,step,0.149117889447416,E9,0.25,-7.43375967247915e-18,0.0531449801275664,44.6551589890059,-1.41949351120304e-16,0.05
Hybrid,CS,step,0.155376872770339,E9,0.25,-7.43375967247915e-18,0.0531446517640687,44.6546071747475,-1.41950228179122e-16,0.05
Hybrid,CS,step,0.161898566840992,E9,0.25,-7.43375967247915e-18,0.0531442744384014,44.6539730838626,-1.41951236029264e-16,0.05
Hybrid,CS,step,0.168693998520034,E9,0.25,-7.43375967247915e-18,0.0531438442386227,44.6532501442124,-1.4195238512548e-16,0.05
Hybrid,CS,step,0.175774657502848,E9,0.25,-7.43375967247915e-18,0.0531433574605395,44.6524321332356,-1.41953685369071e-16,0.05
Hybrid,CS,step,0.183152515746281,E9,0.25,-7.43375967247915e-18,0.0531428106845222,44.6515133070804,-1.41955145902862e-16,0.05
Hybrid,CS,step,0.190840047710792,E9,0.25,-7.43375967247915e-18,0.0531422008492107,44.6504885245015,-1.41956774914443e-16,0.05
Hybrid,CS,step,0.198850251452234,E9,0.25,-7.43375967247915e-18,0.0531415253197378,44.6493533615318,-1.41958579454014e-16,0.05
Hybrid,CS,step,0.207196670598929,E9,0.25,-7.43375967247915e-18,0.053140781948299,44.6481042132734,-1.41960565272619e-16,0.05
Hybrid,CS,step,0.215893417251189,E9,0.25,-7.43375967247915e-18,0.0531399691252224,44.6467383797064,-1.41962736685687e-16,0.05
Hybrid,CS,step,0.224955195842017,E9,0.25,-7.43375967247915e-18,0.0531390858191387,44.6452541331584,-1.41965096465632e-16,0.05
Hybrid,CS,step,0.234397327999317,E9,0.25,-7.43375967247915e-18,0.053138131605389,44.643650765987,-1.41967645765785e-16,0.05
Hybrid,CS,step,0.244235778451654,E9,0.25,-7.43375967247915e-18,0.0531371066824125,44.6419286180389,-1.41970384076377e-16,0.05
Hybrid,CS,step,0.254487182021372,E9,0.25,-7.43375967247915e-18,0.0531360118764869,44.6400890845172,-1.41973309211558e-16,0.05
Hybrid,CS,step,0.2651688717507,E9,0.25,-7.43375967247915e-18,0.053134848635818,44.6381346059307,-1.4197641732481e-16,0.05
Hybrid,CS,step,0.276298908208406,E9,0.25,-7.43375967247915e-18,0.0531336190155415,44.6360686427545,-1.41979702948578e-16,0.05
Hybrid,CS,step,0.287896110026556,E9,0.25,-7.43375967247915e-18,0.0531323256556738,44.6338956382321,-1.41983159052703e-16,0.05
Hybrid,CS,step,0.299980085718997,E9,0.25,-7.43375967247915e-18,0.0531309717543982,44.6316209733246,-1.41986777115271e-16,0.05
Hybrid,CS,step,0.312571266835374,E9,0.25,-7.43375967247915e-18,0.0531295610392525,44.6292509181299,-1.41990547199064e-16,0.05
Hybrid,CS,step,0.325690942506732,E9,0.25,-7.43375967247915e-18,0.0531280977387945,44.6267925840989,-1.41994458026697e-16,0.05
Hybrid,CS,step,0.339361295441117,E9,0.25,-7.43375967247915e-18,0.0531265865571331,44.6242538810659,-1.41998497048115e-16,0.05
Hybrid,CS,step,0.353605439430029,E9,0.25,-7.43375967247915e-18,0.053125032653337,44.6216434824723,-1.42002650495042e-16,0.05
Hybrid,CS,step,0.36844745842915,E9,0.25,-7.43375967247915e-18,0.0531234416271737,44.6189708012299,-1.42006903418521e-16,0.05
Hybrid,CS,step,0.38391244727943,E9,0.25,-7.43375967247915e-18,0.0531218195119234,44.6162459774701,-1.4201123970756e-16,0.05
Hybrid,CS,step,0.400026554137359,E9,0.25,-7.43375967247915e-18,0.0531201727741769,44.6134798780309,-1.42015642089116e-16,0.05
Hybrid,CS,step,0.4168170246862,E9,0.25,-7.43375967247915e-18,0.053118508319626,44.6106841060159,-1.42020092112079e-16,0.05
Hybrid,CS,step,0.434312248202902,E9,0.25,-7.43375967247915e-18,0.0531168335029382,44.6078710172191,-1.4202457012036e-16,0.05
Hybrid,CS,step,0.452541805558606,E9,0.25,-7.43375967247915e-18,0.0531151561389388,44.6050537387565,-1.42029055222509e-16,0.05
Hybrid,CS,step,0.471536519233894,E9,0.25,-7.43375967247915e-18,0.0531134845115823,44.6022461839954,-1.42033525267288e-16,0.05
Hybrid,CS,step,0.491328505433342,E9,0.25,-7.43375967247915e-18,0.0531118273766371,44.5994630569442,-1.42037956836106e-16,0.05
Hybrid,CS,step,0.511951228387509,E9,0.25,-7.43375967247915e-18,0.0531101939537127,44.5967198387669,-1.4204232526404e-16,0.05
Hybrid,CS,step,0.533439556934147,E9,0.25,-7.43375967247915e-18,0.0531085939032669,44.5940327491042,-1.42046604701117e-16,0.05
Hybrid,CS,step,0.555829823474338,E9,0.25,-7.43375967247915e-18,0.0531070372845798,44.5914186754746,-1.42050768224647e-16,0.05
Hybrid,CS,step,0.579159885403199,E9,0.25,-7.43375967247915e-18,0.0531055344913871,44.5888950652061,-1.42054788011465e-16,0.05
Hybrid,CS,step,0.603469189119055,E9,0.25,-7.43375967247915e-18,0.053104096162887,44.5864797760779,-1.42058635576246e-16,0.05
Hybrid,CS,step,0.628798836719292,E9,0.25,-7.43375967247915e-18,0.0531027330691441,44.5841908840343,-1.42062282078528e-16,0.05
Hybrid,CS,step,0.655191655495656,E9,0.25,-7.43375967247915e-18,0.0531014559714009,44.5820464488385,-1.42065698697084e-16,0.05
Hybrid,CS,step,0.682692270346511,E9,0.25,-7.43375967247915e-18,0.0531002754593802,44.5800642411659,-1.42068857066106e-16,0.05
Hybrid,CS,step,0.711347179228481,E9,0.25,-7.43375967247915e-18,0.0530992017691875,44.5782614371905,-1.42071729763499e-16,0.05
Hybrid,CS,step,0.741204831775056,E9,0.25,-7.43375967247915e-18,0.0530982445867671,44.5766542889784,-1.42074290838036e-16,0.05
Hybrid,CS,step,0.772315711215085,E9,0.25,-7.43375967247915e-18,0.0530974128429232,44.5752577807628,-1.42076516359214e-16,0.05
Hybrid,CS,step,0.804732419729668,E9,0.25,-7.43375967247915e-18,0.0530967145065899,44.5740852823037,-1.42078384971884e-16,0.05
Hybrid,CS,step,0.838509767391766,E9,0.25,-7.43375967247915e-18,0.053096156383264,44.5731482109157,-1.42079878437065e-16,0.05
Hybrid,CS,step,0.873704864838903,E9,0.25,-7.43375967247915e-18,0.0530957439253107,44.5724557134045,-1.42080982140893e-16,0.05
Hybrid,CS,step,0.910377219835665,E9,0.25,-7.43375967247915e-18,0.0530954810602411,44.5720143781183,-1.42081685555318e-16,0.05
Hybrid,CS,step,0.948588837889245,E9,0.25,-7.43375967247915e-18,0.0530953700421316,44.5718279857738,-1.42081982636591e-16,0.05
Hybrid,CS,step,0.988404327088169,E9,0.25,-7.43375967247915e-18,0.0530954113302303,44.5718973058199,-1.42081872150679e-16,0.05
Hybrid,CS,step,1.02989100734146,E9,0.25,-7.43375967247915e-18,0.0530956034975954,44.5722199431004,-1.42081357917914e-16,0.05
Hybrid,CS,step,1.07311902420292,E9,0.25,-7.43375967247915e-18,0.0530959431714717,44.5727902376692,-1.42080448972283e-16,0.05
Hybrid,CS,step,1.11816146747305,E9,0.25,-7.43375967247915e-18,0.0530964250061417,44.5735992189903,-1.42079159633382e-16,0.05
Hybrid,CS,step,1.16509449477906,E9,0.25,-7.43375967247915e-18,0.053097041688258,44.5746346145417,-1.42077509491038e-16,0.05
Hybrid,CS,step,1.21399746034191,E9,0.25,-7.43375967247915e-18,0.0530977839742119,44.5758809120905,-1.42075523303823e-16,0.05
Hybrid,CS,step,1.26495304914824,E9,0.25,-7.43375967247915e-18,0.0530986407589035,44.5773194745936,-1.42073230813249e-16,0.05
Hybrid,CS,step,1.31804741675389,E9,0.25,-7.43375967247915e-18,0.0530995991752924,44.5789287067141,-1.42070666475383e-16,0.05
Hybrid,CS,step,1.37337033495542,E9,0.25,-7.43375967247915e-18,0.0531006447242534,44.580684272187,-1.42067869111274e-16,0.05
Hybrid,CS,step,1.43101534357603,E9,0.25,-7.43375967247915e-18,0.0531017614344217,44.5825593615451,-1.42064881477159e-16,0.05
Hybrid,CS,step,1.49107990862239,E9,0.25,-7.43375967247915e-18,0.0531029320517989,44.5845250098607,-1.4206174975519e-16,0.05
Hybrid,CS,step,1.55366558707987,E9,0.25,-7.43375967247915e-18,0.0531041382588048,44.586550464016,-1.42058522965651e-16,0.05
Hybrid,CS,step,1.61887819862478,E9,0.25,-7.43375967247915e-18,0.0531053609221452,44.5886035984827,-1.42055252302478e-16,0.05
Hybrid,CS,step,1.68682800454401,E9,0.25,-7.43375967247915e-18,0.0531065803682869,44.5906513776132,-1.4205199039542e-16,0.05
Hybrid,CS,step,1.75762989416439,E9,0.25,-7.43375967247915e-18,0.0531077766844966,44.5926603610389,-1.42048790504381e-16,0.05
Hybrid,CS,step,1.83140357910731,E9,0.25,-7.43375967247915e-18,0.0531089300423505,44.5945972469996,-1.42045705654281e-16,0.05
Hybrid,CS,step,1.90827379569669,E9,0.25,-7.43375967247915e-18,0.0531100210394316,44.5964294464101,-1.42042787721898e-16,0.05
Hybrid,CS,step,1.98837051586284,E9,0.25,-7.43375967247915e-18,0.0531110310536798,44.5981256783669,-1.42040086489468e-16,0.05
Hybrid,CS,step,2.07182916689858,E9,0.25,-7.43375967247915e-18,0.0531119426036682,44.5996565757721,-1.42037648682963e-16,0.05
Hybrid,CS,step,2.15879086043929,E9,0.25,-7.43375967247915e-18,0.0531127397070337,44.6009952879859,-1.42035517015713e-16,0.05
Hybrid,CS,step,2.24940263105407,E9,0.25,-7.43375967247915e-18,0.0531134082284894,44.6021180660653,-1.42033729260158e-16,0.05
Hybrid,CS,step,2.3438176848513,E9,0.25,-7.43375967247915e-18,0.0531139362083733,44.6030048153421,-1.4203231737173e-16,0.05
Hybrid,CS,step,2.4421956585191,E9,0.25,-7.43375967247915e-18,0.0531143141625871,44.6036395999128,-1.42031306689136e-16,0.05
Hybrid,CS,step,2.54470288923857,E9,0.25,-7.43375967247915e-18,0.0531145353450786,44.6040110841287,-1.42030715234498e-16,0.05
Hybrid,CS,step,2.65151269592615,E9,0.25,-7.43375967247915e-18,0.0531145959647283,44.6041128973539,-1.42030553134946e-16,0.05
Hybrid,CS,step,2.76280567228076,E9,0.25,-7.43375967247915e-18,0.053114495349579,44.603943910086,-1.42030822184387e-16,0.05
Hybrid,CS,step,2.87876999213107,E9,0.25,-7.43375967247915e-18,0.0531142360527495,44.6035084119067,-1.42031515560488e-16,0.05
Hybrid,CS,step,2.99960172759923,E9,0.25,-7.43375967247915e-18,0.053113823896039,44.6028161845364,-1.42032617707499e-16,0.05
Hybrid,CS,step,3.12550518061903,E9,0.25,-7.43375967247915e-18,0.0531132679490668,44.6018824663811,-1.4203410439071e-16,0.05
Hybrid,CS,step,3.25669322836902,E9,0.25,-7.43375967247915e-18,0.0531125804437163,44.6007278082113,-1.42035942923237e-16,0.05
Hybrid,CS,step,3.39338768320454,E9,0.25,-7.43375967247915e-18,0.0531117766255847,44.5993778228742,-1.42038092560728e-16,0.05
Hybrid,CS,step,3.53581966769745,E9,0.25,-7.43375967247915e-18,0.0531108745459763,44.5978628350438,-1.42040505054742e-16,0.05
Hybrid,CS,step,3.68423000541744,E9,0.25,-7.43375967247915e-18,0.0531098947996598,44.5962174398516,-1.42043125351057e-16,0.05
Hybrid,CS,step,3.83886962811578,E9,0.25,-7.43375967247915e-18,0.0531088602150607,44.5944799816804,-1.42045892415334e-16,0.05
Hybrid,CS,step,4,E9,0.25,-7.43375967247915e-18,0.0531077955047397,44.5926919663861,-1.42048740165391e-16,0.05
Hybrid,CS,step,0,E9b,0.25,-0.130194856131429,0.0549243627935722,47.6954769727791,-2.40555861117574,0.653559446950181
Hybrid,CS,step,0.03,E9b,0.25,-0.0293868389553797,0.0570695738735793,51.4916892176473,-0.522570655068234,0.0809351574424783
Hybrid,CS,step,0.0312592016986259,E9b,0.25,-0.0293868389553797,0.057069573873554,51.4916892176015,-0.522570655068466,0.0809351574425063
Hybrid,CS,step,0.0325712563611792,E9b,0.25,-0.0293868389553797,0.0570695738734935,51.4916892174925,-0.52257065506902,0.0809351574425728
Hybrid,CS,step,0.0339383824057251,E9b,0.25,-0.0293868389553797,0.0570695738733548,51.4916892172421,-0.52257065507029,0.0809351574427255
Hybrid,CS,step,0.0353628913648552,E9b,0.25,-0.0293868389553797,0.057069573873047,51.4916892166867,-0.522570655073109,0.0809351574430643
Hybrid,CS,step,0.0368471917940202,E9b,0.25,-0.0293868389553797,0.0570695738723871,51.4916892154957,-0.522570655079152,0.0809351574437907
Hybrid,CS,step,0.0383937933439077,E9b,0.25,-0.0293868389553797,0.0570695738710169,51.4916892130232,-0.522570655091699,0.080935157445299
Hybrid,CS,step,0.0400053110037523,E9b,0.25,-0.0293868389553797,0.0570695738682591,51.4916892080463,-0.522570655116953,0.0809351574483348
Hybrid,CS,step,0.0416844695227518,E9b,0.25,-0.0293868389553797,0.0570695738628709,51.4916891983228,-0.522570655166293,0.080935157454266
Hybrid,CS,step,0.0434341080170641,E9b,0.25,-0.0293868389553797,0.0570695738526401,51.4916891798603,-0.522570655259977,0.0809351574655278
Hybrid,CS,step,0.045257184770177,E9b,0.25,-0.0293868389553797,0.0570695738337401,51.4916891457534,-0.522570655433047,0.0809351574863325
Hybrid,CS,step,0.0471567822347647,E9b,0.25,-0.0293868389553797,0.057069573799732,51.4916890843822,-0.522570655744464,0.080935157523768
Hybrid,CS,step,0.0491361122444897,E9b,0.25,-0.0293868389553797,0.0570695737400656,51.491688976708,-0.522570656290837,0.0809351575894475
Hybrid,CS,step,0.0511985214445608,E9b,0.25,-0.0293868389553797,0.0570695736378908,51.491688792323,-0.522570657226466,0.0809351577019196
Hybrid,CS,step,0.0533474969502316,E9b,0.25,-0.0293868389553797,0.0570695734669495,51.4916884838418,-0.522570658791798,0.0809351578900882
Hybrid,CS,step,0.055586672242804,E9b,0.25,-0.0293868389553797,0.0570695731872803,51.4916879791498,-0.522570661352767,0.0809351581979425
Hybrid,CS,step,0.0579198333131074,E9b,0.25,-0.0293868389553797,0.0570695727394362,51.4916871709688,-0.522570665453737,0.0809351586909203
Hybrid,CS,step,0.0603509250628405,E9b,0.25,-0.0293868389553797,0.0570695720369023,51.4916859031737,-0.522570671886936,0.0809351594642556
Hybrid,CS,step,0.0628840579745996,E9b,0.25,-0.0293868389553797,0.0570695709564019,51.4916839532992,-0.522570681781225,0.0809351606536489
Hybrid,CS,step,0.0655235150618698,E9b,0.25,-0.0293868389553797,0.0570695693258144,51.4916810107357,-0.522570696712738,0.0809351624485672
Hybrid,CS,step,0.0682737591107313,E9b,0.25,-0.0293868389553797,0.0570695669094885,51.4916766502262,-0.522570718839366,0.080935165108411
Hybrid,CS,step,0.0711394402255249,E9b,0.25,-0.0293868389553797,0.0570695633908365,51.4916703004559,-0.52257075106015,0.0809351689816741
Hybrid,CS,step,0.0741254036912341,E9b,0.25,-0.0293868389553797,0.0570695583522241,51.4916612077609,-0.522570797199429,0.0809351745280814
Hybrid,CS,step,0.0772366981658785,E9b,0.25,-0.0293868389553797,0.0570695512523367,51.4916483952844,-0.522570862214105,0.0809351823435026
Hybrid,CS,step,0.0804785842167695,E9b,0.25,-0.0293868389553797,0.0570695414013902,51.4916306182415,-0.522570952420646,0.0809351931872426
Hybrid,CS,step,0.0838565432150617,E9b,0.25,-0.0293868389553797,0.0570695279347536,51.4916063163204,-0.522571075736634,0.0809352080110765
Hybrid,CS,step,0.0873762866036384,E9b,0.25,-0.0293868389553797,0.0570695097857577,51.4915735646124,-0.522571241929774,0.0809352279891854
Hybrid,CS,step,0.0910437655540025,E9b,0.25,-0.0293868389553797,0.0570694856586462,51.4915300248036,-0.522571462865597,0.0809352545479329
Hybrid,CS,step,0.0948651810284991,E9b,0.25,-0.0293868389553797,0.0570694540027932,51.4914728986482,-0.522571752743597,0.0809352893942537
Hybrid,CS,step,0.0988469942648838,E9b,0.25,-0.0293868389553797,0.0570694129894195,51.4913988859572,-0.522572128310474,0.0809353345412904
Hybrid,CS,step,0.102995937700964,E9b,0.25,-0.0293868389553797,0.0570693604921099,51.4913041494453,-0.522572609038615,0.0809353923298524
Hybrid,CS,step,0.107319026357785,E9b,0.25,-0.0293868389553797,0.0570692940724248,51.4911842887749,-0.522573217257941,0.0809354654442716
Hybrid,CS,step,0.111823569700605,E9b,0.25,-0.0293868389553797,0.05706921097183,51.4910343260046,-0.522573978229936,0.0809355569213093
Hybrid,CS,step,0.116517183997718,E9b,0.25,-0.0293868389553797,0.057069108111024,51.4908487043937,-0.522574920153974,0.0809356701509278
Hybrid,CS,step,0.12140780519802,E9b,0.25,-0.0293868389553797,0.0570689820975324,51.4906213021274,-0.522576074098003,0.0809358088679718
Hybrid,CS,step,0.126503702349079,E9b,0.25,-0.0293868389553797,0.0570688292421639,51.4903454620418,-0.522577473848137,0.0809359771341062
Hybrid,CS,step,0.131813491578427,E9b,0.25,-0.0293868389553797,0.0570686455846042,51.4900140378459,-0.522579155674639,0.0809361793097062
Hybrid,CS,step,0.137346150661672,E9b,0.25,-0.0293868389553797,0.0570684269280648,51.4896194566892,-0.52258115801506,0.0809364200157954
Hybrid,CS,step,0.143111034202102,E9b,0.25,-0.0293868389553797,0.057068168882526,51.4891537972482,-0.522583521078752,0.0809367040865346
Hybrid,CS,step,0.149117889447416,E9b,0.25,-0.0293868389553797,0.0570678669157362,51.4886088818146,-0.522586286380425,0.0809370365131867
Hybrid,CS,step,0.155376872770339,E9b,0.25,-0.0293868389553797,0.0570675164107659,51.4879763802203,-0.522589496213744,0.0809374223808779
Hybrid,CS,step,0.161898566840992,E9b,0.25,-0.0293868389553797,0.0570671127285899,51.4872479228394,-0.522593193078935,0.0809378667998331
Hybrid,CS,step,0.168693998520034,E9b,0.25,-0.0293868389553797,0.0570666512738978,51.4864152194194,-0.522597419080859,0.0809383748330627
Hybrid,CS,step,0.175774657502848,E9b,0.25,-0.0293868389553797,0.0570661275621309,51.4854701801283,-0.522602215315859,0.0809389514227011
Hybrid,CS,step,0.183152515746281,E9b,0.25,-0.0293868389553797,0.0570655372856304,51.4844050349929,-0.522607621266729,0.0809396013173204
Hybrid,CS,step,0.190840047710792,E9b,0.25,-0.0293868389553797,0.0570648763767561,51.4832124478674,-0.522613674225372,0.0809403290025685
Hybrid,CS,step,0.198850251452234,E9b,0.25,-0.0293868389553797,0.0570641410659225,51.4818856212205,-0.522620408761927,0.080941138637389
Hybrid,CS,step,0.207196670598929,E9b,0.25,-0.0293868389553797,0.057063327932683,51.4804183883677,-0.522627856257437,0.0809420339978723
Hybrid,CS,step,0.215893417251189,E9b,0.25,-0.0293868389553797,0.0570624339482836,51.4788052902965,-0.522636044514507,0.0809430184304734
Hybrid,CS,step,0.224955195842017,E9b,0.25,-0.0293868389553797,0.0570614565084887,51.4770416349193,-0.522644997456888,0.0809440948159104
Hybrid,CS,step,0.234397327999317,E9b,0.25,-0.0293868389553797,0.0570603934559363,51.4751235374175,-0.52265473492478,0.0809452655445581
Hybrid,CS,step,0.244235778451654,E9b,0.25,-0.0293868389553797,0.0570592430917972,51.4730479412669,-0.522665272567909,0.0809465325035858
Hybrid,CS,step,0.254487182021372,E9b,0.25,-0.0293868389553797,0.0570580041770599,51.4708126205247,-0.522676621833455,0.0809478970754857
Hybrid,CS,step,0.2651688717507,E9b,0.25,-0.0293868389553797,0.0570566759243143,51.4684161649559,-0.522688790040817,0.0809493601470321
Hybrid,CS,step,0.276298908208406,E9b,0.25,-0.0293868389553797,0.0570552579814387,51.465857950537,-0.5227017805304,0.0809509221271285
Hybrid,CS,step,0.287896110026556,E9b,0.25,-0.0293868389553797,0.0570537504090755,51.4631380987372,-0.522715592869169,0.0809525829714728
Hybrid,CS,step,0.299980085718997,E9b,0.25,-0.0293868389553797,0.0570521536541756,51.4602574286977,-0.52273022309209,0.0809543422115304
Hybrid,CS,step,0.312571266835374,E9b,0.25,-0.0293868389553797,0.0570504685221897,51.4572174069596,-0.522745663955893,0.0809561989849824
Hybrid,CS,step,0.325690942506732,E9b,0.25,-0.0293868389553797,0.0570486961506465,51.4540200996882,-0.522761905180054,0.0809581520646328
Hybrid,CS,step,0.339361295441117,E9b,0.25,-0.0293868389553797,0.057046837986876,51.4506681323669,-0.522778933649728,0.0809601998827342
Hybrid,CS,step,0.353605439430029,E9b,0.25,-0.0293868389553797,0.0570448957724886,51.4471646616756,-0.522796733556719,0.0809623405478706
Hybrid,CS,step,0.36844745842915,E9b,0.25,-0.0293868389553797,0.0570428715369091,51.4435133636933,-0.522815286457397,0.0809645718518222
Hybrid,CS,step,0.38391244727943,E9b,0.25,-0.0293868389553797,0.0570407676017758,51.4397184416918,-0.522834571230933,0.0809668912644621
Hybrid,CS,step,0.400026554137359,E9b,0.25,-0.0293868389553797,0.0570385865973714,51.4357846556177,-0.522854563927131,0.080969295915352
Hybrid,CS,step,0.4168170246862,E9b,0.25,-0.0293868389553797,0.0570363314914656,51.431717373944,-0.522875237500294,0.0809717825616235
Hybrid,CS,step,0.434312248202902,E9b,0.25,-0.0293868389553797,0.0570340056300562,51.4275226469583,-0.522896561433792,0.0809743475426972
Hybrid,CS,step,0.452541805558606,E9b,0.25,-0.0293868389553797,0.0570316127885378,51.42320729883,-0.522918501268725,0.0809769867234469
Hybrid,CS,step,0.471536519233894,E9b,0.25,-0.0293868389553797,0.0570291572308647,51.4187790340595,-0.522941018058956,0.0809796954284864
Hybrid,CS,step,0.491328505433342,E9b,0.25,-0.0293868389553797,0.0570266437733669,51.4142465522832,-0.522964067783092,0.0809824683712511
Hybrid,CS,step,0.511951228387509,E9b,0.25,-0.0293868389553797,0.0570240778491021,51.409619664004,-0.522987600751148,0.0809852995824167
Hybrid,CS,step,0.533439556934147,E9b,0.25,-0.0293868389553797,0.0570214655680436,51.4049093987762,-0.523011561049015,0.080988182342839
Hybrid,CS,step,0.555829823474338,E9b,0.25,-0.0293868389553797,0.0570188137680847,51.4001280967963,-0.523035886066808,0.0809911091265655
Hybrid,CS,step,0.579159885403199,E9b,0.25,-0.0293868389553797,0.0570161300518253,51.3952894748347,-0.523060506157371,0.0809940715594887
Hybrid,CS,step,0.603469189119055,E9b,0.25,-0.0293868389553797,0.0570134228044287,51.3904086580214,-0.523085344468306,0.0809970603988714
Hybrid,CS,step,0.628798836719292,E9b,0.25,-0.0293868389553797,0.0570107011884914,51.3855021701932,-0.523110316984922,0.0810000655382526
Hybrid,CS,step,0.655191655495656,E9b,0.25,-0.0293868389553797,0.0570079751128337,51.3805878772489,-0.523135332812689,0.0810030760411872
Hybrid,CS,step,0.682692270346511,E9b,0.25,-0.0293868389553797,0.0570052551733394,51.3756848801571,-0.52316029471664,0.0810060802059466
Hybrid,CS,step,0.711347179228481,E9b,0.25,-0.0293868389553797,0.0570025525653545,51.3708133567658,-0.52318509992244,0.0810090656617305
Hybrid,CS,step,0.741204831775056,E9b,0.25,-0.0293868389553797,0.0569998789686246,51.3659943541978,-0.52320964117041,0.0810120194954024
Hybrid,CS,step,0.772315711215085,E9b,0.25,-0.0293868389553797,0.056997246407176,51.3612495361912,-0.523233808000625,0.0810149284060971
Hybrid,CS,step,0.804732419729668,E9b,0.25,-0.0293868389553797,0.0569946670878452,51.356600892081,-0.523257488235282,0.0810177788836528
Hybrid,CS,step,0.838509767391766,E9b,0.25,-0.0293868389553797,0.0569921532222361,51.3520704160434,-0.523280569614563,0.0810205574056075
Hybrid,CS,step,0.873704864838903,E9b,0.25,-0.0293868389553797,0.056989716837671,51.3476797666428,-0.523302941534942,0.0810232506466141
Hybrid,CS,step,0.910377219835665,E9b,0.25,-0.0293868389553797,0.0569873695831696,51.343449917549,-0.523324496834495,0.0810258456936013
Hybrid,CS,step,0.948588837889245,E9b,0.25,-0.0293868389553797,0.056985122536626,51.3394008105362,-0.523345133568439,0.0810283302598353
Hybrid,CS,step,0.988404327088169,E9b,0.25,-0.0293868389553797,0.0569829860191936,51.3355510215711,-0.523364756719533,0.0810306928912064
Hybrid,CS,step,1.02989100734146,E9b,0.25,-0.0293868389553797,0.0569809694224678,51.3319174500423,-0.523383279791744,0.0810329231585133
Hybrid,CS,step,1.07311902420292,E9b,0.25,-0.0293868389553797,0.0569790810534492,51.3285150400787,-0.523400626241132,0.0810350118301806
Hybrid,CS,step,1.11816146747305,E9b,0.25,-0.0293868389553797,0.0569773280015379,51.3253565415855,-0.52341673070458,0.081036951020651
Hybrid,CS,step,1.16509449477906,E9b,0.25,-0.0293868389553797,0.0569757160310213,51.3224523172037,-0.523431539994258,0.0810387343105627
Hybrid,CS,step,1.21399746034191,E9b,0.25,-0.0293868389553797,0.0569742495017202,51.3198101999648,-0.523445013833018,0.0810403568357081
Hybrid,CS,step,1.26495304914824,E9b,0.25,-0.0293868389553797,0.0569729313196965,51.3174354050434,-0.523457125312964,0.0810418153426139
Hybrid,CS,step,1.31804741675389,E9b,0.25,-0.0293868389553797,0.056971762919209,51.3153304977214,-0.523467861066064,0.081043108209404
Hybrid,CS,step,1.37337033495542,E9b,0.25,-0.0293868389553797,0.0569707442764451,51.3134954184995,-0.523477221141803,0.081044235431292
Hybrid,CS,step,1.43101534357603,E9b,0.25,-0.0293868389553797,0.0569698739549335,51.3119275651737,-0.523485218592608,0.0810451985708396
Hybrid,CS,step,1.49107990862239,E9b,0.25,-0.0293868389553797,0.0569691491819503,51.3106219306363,-0.523491878773362,0.081046000673695
Hybrid,CS,step,1.55366558707987,E9b,0.25,-0.0293868389553797,0.0569685659546438,51.3095712941053,-0.52349723836673,0.0810466461512453
Hybrid,CS,step,1.61887819862478,E9b,0.25,-0.0293868389553797,0.0569681191740043,51.3087664624169,-0.523501344151599,0.0810471406322681
Hybrid,CS,step,1.68682800454401,E9b,0.25,-0.0293868389553797,0.056967802804196,51.3081965569221,-0.523504251537593,0.0810474907863543
Hybrid,CS,step,1.75762989416439,E9b,0.25,-0.0293868389553797,0.056967610054146,51.3078493404088,-0.523506022894371,0.0810477041225733
Hybrid,CS,step,1.83140357910731,E9b,0.25,-0.0293868389553797,0.0569675335776642,51.3077115773595,-0.523506725710141,0.0810477887675382
Hybrid,CS,step,1.90827379569669,E9b,0.25,-0.0293868389553797,0.0569675656877791,51.3077694197905,-0.523506430619256,0.081047753227687
Hybrid,CS,step,1.98837051586284,E9b,0.25,-0.0293868389553797,0.0569676985804408,51.3080088099565,-0.523505209343665,0.0810476061411835
Hybrid,CS,step,2.07182916689858,E9b,0.25,-0.0293868389553797,0.0569679245623014,51.308415890414,-0.523503132597004,0.0810473560253264
Hybrid,CS,step,2.15879086043929,E9b,0.25,-0.0293868389553797,0.0569682362769738,51.3089774113696,-0.523500268002947,0.0810470110256945
Hybrid,CS,step,2.24940263105407,E9b,0.25,-0.0293868389553797,0.0569686269240131,51.309681124959,-0.523496678080853,0.0810465786734205
Hybrid,CS,step,2.3438176848513,E9b,0.25,-0.0293868389553797,0.056969090464893,51.3105161561489,-0.523492418351413,0.0810460656569512
Hybrid,CS,step,2.4421956585191,E9b,0.25,-0.0293868389553797,0.0569696218104716,51.3114733403459,-0.523487535612969,0.0810454776143959
Hybrid,CS,step,2.54470288923857,E9b,0.25,-0.0293868389553797,0.0569702169848584,51.3125455185536,-0.523482066435266,0.081044818952099
Hybrid,CS,step,2.65151269592615,E9b,0.25,-0.0293868389553797,0.0569708732612036,51.3137277820037,-0.523476035911803,0.0810440926943923
Hybrid,CS,step,2.76280567228076,E9b,0.25,-0.0293868389553797,0.0569715892657061,51.3150176595907,-0.523469456704779,0.081043300368621
Hybrid,CS,step,2.87876999213107,E9b,0.25,-0.0293868389553797,0.0569723650470536,51.3164152430838,-0.523462328408213,0.0810424419285203
Hybrid,CS,step,2.99960172759923,E9b,0.25,-0.0293868389553797,0.0569732021095252,51.3179232469252,-0.523454637245444,0.0810415157178912
Hybrid,CS,step,3.12550518061903,E9b,0.25,-0.0293868389553797,0.0569741034090676,51.3195470013686,-0.5234463561073,0.0810405184753341
Hybrid,CS,step,3.25669322836902,E9b,0.25,-0.0293868389553797,0.0569750733127481,51.3212943796806,-0.523437444927185,0.0810394453795701
Hybrid,CS,step,3.39338768320454,E9b,0.25,-0.0293868389553797,0.0569761175230544,51.3231756620498,-0.523427851379554,0.0810382901337537
Hybrid,CS,step,3.53581966769745,E9b,0.25,-0.0293868389553797,0.0569772429695031,51.3252033406334,-0.523417511879095,0.081037045085997
Hybrid,CS,step,3.68423000541744,E9b,0.25,-0.0293868389553797,0.0569784576709036,51.3273918717704,-0.523406352849854,0.0810357013824325
Hybrid,CS,step,3.83886962811578,E9b,0.25,-0.0293868389553797,0.0569797705723701,51.3297573827265,-0.523394292226639,0.0810342491482625
Hybrid,CS,step,4,E9b,0.25,-0.0293868389553797,0.0569811913617553,51.3323173413872,-0.523381241145701,0.0810326776916151
Hybrid,CS,graded,0,E9,0.25,-0.130194856131429,0.05071059452814,40.6578628380383,-2.60544714789532,0.720866605525959
Hybrid,CS,graded,0.03,E9,0.25,-0.130194856127906,0.0507105945282586,40.6578628382285,-2.60544714781872,0.720866605501518
Hybrid,CS,graded,0.0312592016986259,E9,0.25,-0.130194856122493,0.0507105945284408,40.6578628385207,-2.60544714770104,0.720866605463966
Hybrid,CS,graded,0.0325712563611792,E9,0.25,-0.130194856109599,0.0507105945288749,40.6578628392168,-2.6054471474207,0.720866605374509
Hybrid,CS,graded,0.0339383824057251,E9,0.25,-0.130194856079983,0.050710594529872,40.6578628408157,-2.60544714677679,0.72086660516904
Hybrid,CS,graded,0.0353628913648552,E9,0.25,-0.130194856014303,0.0507105945320833,40.6578628443616,-2.60544714534879,0.720866604713367
Hybrid,CS,graded,0.0368471917940202,E9,0.25,-0.130194855873463,0.0507105945368251,40.657862851965,-2.60544714228669,0.720866603736251
Hybrid,CS,graded,0.0383937933439077,E9,0.25,-0.130194855581053,0.0507105945466697,40.6578628677512,-2.60544713592921,0.720866601707586
Hybrid,CS,graded,0.0400053110037523,E9,0.25,-0.130194854992494,0.050710594566485,40.6578628995255,-2.60544712313294,0.72086659762431
Hybrid,CS,graded,0.0416844695227518,E9,0.25,-0.13019485384259,0.0507105946051994,40.657862961605,-2.60544709813206,0.720866589646555
Hybrid,CS,graded,0.0434341080170641,E9,0.25,-0.130194851659226,0.0507105946787077,40.6578630794775,-2.60544705066202,0.720866574498915
Hybrid,CS,graded,0.045257184770177,E9,0.25,-0.130194847625744,0.0507105948145048,40.6578632972316,-2.60544696296729,0.720866546515613
Hybrid,CS,graded,0.0471567822347647,E9,0.25,-0.130194840368001,0.0507105950588547,40.6578636890528,-2.60544680517163,0.720866496163173
Hybrid,CS,graded,0.0491361122444897,E9,0.25,-0.130194827634456,0.0507105954875609,40.6578643764941,-2.60544652832274,0.720866407820952
Hybrid,CS,graded,0.0511985214445608,E9,0.25,-0.130194805829073,0.050710596221693,40.6578655536936,-2.60544605423673,0.720866256540513
Hybrid,CS,graded,0.0533474969502316,E9,0.25,-0.130194769348008,0.0507105974499183,40.6578675231841,-2.60544526107648,0.72086600344367
Hybrid,CS,graded,0.055586672242804,E9,0.25,-0.130194709662799,0.0507105994593689,40.6578707453894,-2.60544396341885,0.720865589361829
Hybrid,CS,graded,0.0579198333131074,E9,0.25,-0.130194614086292,0.05071060267719,40.6578759052477,-2.60544188542375,0.720864926274063
Hybrid,CS,graded,0.0603509250628405,E9,0.25,-0.130194464154012,0.0507106077250359,40.657883999598,-2.60543862564249,0.720863886076954
Hybrid,CS,graded,0.0628840579745996,E9,0.25,-0.130194233554579,0.0507106154887491,40.6578964489124,-2.60543361202195,0.72086228622531
Hybrid,CS,graded,0.0655235150618698,E9,0.25,-0.130193885549339,0.0507106272052383,40.6579152366078,-2.60542604580347,0.720859871827934
Hybrid,CS,graded,0.0682737591107313,E9,0.25,-0.1301933698345,0.0507106445681293,40.6579430784614,-2.60541483330164,0.720856293873366
Hybrid,CS,graded,0.0711394402255249,E9,0.25,-0.130192618819328,0.0507106698530818,40.6579836235626,-2.60539850498846,0.720851083400146
Hybrid,CS,graded,0.0741254036912341,E9,0.25,-0.130191543321127,0.050710706062754,40.6580416867721,-2.60537512189933,0.720843621613068
Hybrid,CS,graded,0.0772366981658785,E9,0.25,-0.130190027710815,0.0507107570902834,40.6581235108782,-2.60534217009807,0.72083310617448
Hybrid,CS,graded,0.0804785842167695,E9,0.25,-0.130187924580312,0.0507108278989024,40.6582370546316,-2.60529644475124,0.720818514155529
Hybrid,CS,graded,0.0838565432150617,E9,0.25,-0.130185049042069,0.0507109247139915,40.6583923007374,-2.60523392621475,0.720798562399027
Hybrid,CS,graded,0.0873762866036384,E9,0.25,-0.130181172809013,0.0507110552226111,40.6586015758566,-2.60514965136229,0.72077166630226
Hybrid,CS,graded,0.0910437655540025,E9,0.25,-0.130176018236659,0.0507112287744334,40.6588798728824,-2.60503758411473,0.720735898251535
Hybrid,CS,graded,0.0948651810284991,E9,0.25,-0.130169252534813,0.0507114565771476,40.6592451643948,-2.60489048969208,0.720688947107972
Hybrid,CS,graded,0.0988469942648838,E9,0.25,-0.130160482371475,0.0507117518789165,40.6597186954108,-2.60469981744266,0.720628080236322
Hybrid,CS,graded,0.102995937700964,E9,0.25,-0.130149249093971,0.0507121301303955,40.6603252434441,-2.60445559716135,0.720550109571183
Hybrid,CS,graded,0.107319026357785,E9,0.25,-0.13013502478098,0.0507126091192204,40.6610933345258,-2.6041463535668,0.7204513631209
Hybrid,CS,graded,0.111823569700605,E9,0.25,-0.130117209313995,0.0507132090707205,40.662055405209,-2.60375904306669,0.720327663120302
Hybrid,CS,graded,0.116517183997718,E9,0.25,-0.130095128619253,0.0507139527098697,40.6632479025966,-2.60327901612953,0.72017431176978
Hybrid,CS,graded,0.12140780519802,E9,0.25,-0.130068034183594,0.0507148652810635,40.664711316962,-2.60269000755395,0.719986085158861
Hybrid,CS,graded,0.126503702349079,E9,0.25,-0.1300351038937,0.0507159745240757,40.6664901443709,-2.60197415575597,0.719757235592359
Hybrid,CS,graded,0.131813491578427,E9,0.25,-0.129995444191454,0.05071731060638,40.6686327796429,-2.60111205096815,0.719481502146131
Hybrid,CS,graded,0.137346150661672,E9,0.25,-0.129948093483168,0.0507189060137505,40.6711913427722,-2.60008281105274,0.719152128907143
Hybrid,CS,graded,0.143111034202102,E9,0.25,-0.129892026691066,0.0507207954025701,40.6742214443434,-2.5988641825617,0.718761890028053
Hybrid,CS,graded,0.149117889447416,E9,0.25,-0.129826160795033,0.0507230154184397,40.677781897351,-2.59743266380232,0.718303120472729
Hybrid,CS,graded,0.155376872770339,E9,0.25,-0.129749361183821,0.0507256044864432,40.6819343840373,-2.59576364604264,0.717767751163028
Hybrid,CS,graded,0.161898566840992,E9,0.25,-0.12966044861891,0.0507286025787261,40.6867430868509,-2.59383156864465,0.717147347166763
Hybrid,CS,graded,0.168693998520034,E9,0.25,-0.129558206611273,0.0507320509649264,40.6922742924212,-2.59161008384822,0.71643314759158
Hybrid,CS,graded,0.175774657502848,E9,0.25,-0.129441389020403,0.0507359919504889,40.6985959766294,-2.58907222712395,0.715616105961033
Hybrid,CS,graded,0.183152515746281,E9,0.25,-0.1293087277042,0.0507404686071062,40.7057773775827,-2.58619058942439,0.714686930031884
Hybrid,CS,graded,0.190840047710792,E9,0.25,-0.12915894007511,0.050745524498566,40.7138885617466,-2.58293748823464,0.713636120246516
Hybrid,CS,graded,0.198850251452234,E9,0.25,-0.128990736449264,0.0507512034042713,40.7229999868612,-2.57928513498802,0.712454006278429
Hybrid,CS,graded,0.207196670598929,E9,0.25,-0.128802827108273,0.0507575490417576,40.7331820637512,-2.57520579710524,0.711130781401213
Hybrid,CS,graded,0.215893417251189,E9,0.25,-0.128593929025095,0.0507646047887635,40.7445047179011,-2.57067195357525,0.709656534671514
Hybrid,CS,graded,0.224955195842017,E9,0.25,-0.128362772233627,0.050772413404887,40.7570369508228,-2.56565644357437,0.708021281149261
Hybrid,CS,graded,0.234397327999317,E9,0.25,-0.128108105844903,0.0507810167526277,40.7708464008598,-2.56013260808292,0.706214990571781
Hybrid,CS,graded,0.244235778451654,E9,0.25,-0.127828703729995,0.0507904555176757,40.7859989031627,-2.55407442478641,0.70422761504645
Hybrid,CS,graded,0.254487182021372,E9,0.25,-0.127523369900688,0.0508007689286372,40.8025580490756,-2.54745663673986,0.70204911642742
Hybrid,CS,graded,0.2651688717507,E9,0.25,-0.127190943624091,0.0508119944769244,40.8205847460224,-2.54025487533786,0.699669494097564
Hybrid,CS,graded,0.276298908208406,E9,0.25,-0.126830304307376,0.0508241676382194,40.8401367800362,-2.53244577809052,0.697078813892555
Hybrid,CS,graded,0.287896110026556,E9,0.25,-0.126440376184724,0.0508373215976477,40.861268384217,-2.52400710158233,0.69426723888568
Hybrid,CS,graded,0.299980085718997,E9,0.25,-0.126020132831651,0.0508514869815034,40.8840298174773,-2.5149178298154,0.691225062707257
Hybrid,CS,graded,0.312571266835374,E9,0.25,-0.125568601523117,0.0508666915989534,40.9084669588377,-2.50515827793741,0.687942746007045
Hybrid,CS,graded,0.325690942506732,E9,0.25,-0.125084867442367,0.050882960197568,40.9346209231471,-2.49471019115207,0.684410956588026
Hybrid,CS,graded,0.339361295441117,E9,0.25,-0.124568077737956,0.0509003142367208,40.9625277043617,-2.48355683842377,0.68062061364841
Hybrid,CS,graded,0.353605439430029,E9,0.25,-0.124017445417668,0.0509187716828447,40.9922178523787,-2.47168310043354,0.676562936468904
Hybrid,CS,graded,0.36844745842915,E9,0.25,-0.123432253060307,0.0509383468302173,41.023716188869,-2.45907555112686,0.672229497775188
Hybrid,CS,graded,0.38391244727943,E9,0.25,-0.122811856320092,0.0509590501503858,41.0570415666187,-2.44572253212269,0.667612281891855
Hybrid,CS,graded,0.400026554137359,E9,0.25,-0.122155687193707,0.0509808881725463,41.0922066756087,-2.43161421922672,0.662703747684072
Hybrid,CS,graded,0.4168170246862,E9,0.25,-0.121463257017197,0.0510038633962244,41.1292178975085,-2.41674268031142,0.657496896157144
Hybrid,CS,graded,0.434312248202902,E9,0.25,-0.120734159158896,0.0510279742364941,41.1680752085309,-2.401101923889,0.6519853424527
Hybrid,CS,graded,0.452541805558606,E9,0.25,-0.119968071375621,0.0510532150008098,41.2087721287962,-2.38468793780683,0.646163391844413
Hybrid,CS,graded,0.471536519233894,E9,0.25,-0.119164757802353,0.0510795758953719,41.2512957146042,-2.3674987176349,0.640026119197484
Hybrid,CS,graded,0.491328505433342,E9,0.25,-0.118324070550669,0.0511070430578905,41.2956265884572,-2.3495342844851,0.633569451216309
Hybrid,CS,graded,0.511951228387509,E9,0.25,-0.117445950897949,0.0511355986127369,41.3417390004258,-2.33079669219334,0.626790250665547
Hybrid,CS,graded,0.533439556934147,E9,0.25,-0.116530430057747,0.0511652207438519,41.3896009136396,-2.31129002399994,0.619686401613293
Hybrid,CS,graded,0.555829823474338,E9,0.25,-0.11557762953102,0.0511958837804872,41.4391741063971,-2.29102037906808,0.612256894612506
Hybrid,CS,graded,0.579159885403199,E9,0.25,-0.114587761047841,0.0512275582909264,41.4904142836971,-2.26999584937272,0.604501910609831
Hybrid,CS,graded,0.603469189119055,E9,0.25,-0.113561126118838,0.0512602111797861,41.5432711918935,-2.24822648766139,0.59642290225124
Hybrid,CS,graded,0.628798836719292,E9,0.25,-0.112498115224431,0.051293805785314,41.5976887316426,-2.22572426732132,0.588022671142979
Hybrid,CS,graded,0.655191655495656,E9,0.25,-0.111399206677129,0.0513283019742231,41.6536050662279,-2.2025030350769,0.579305439526644
Hybrid,CS,graded,0.682692270346511,E9,0.25,-0.110264965197204,0.0513636562329426,41.7109527245788,-2.17857845748137,0.570276914742332
Hybrid,CS,graded,0.711347179228481,E9,0.25,-0.109096040244481,0.0513998217556068,41.7696587006296,-2.15396796215511,0.560944344787647
Hybrid,CS,graded,0.741204831775056,E9,0.25,-0.107893164148577,0.0514367485305167,41.8296445529102,-2.12869067466286,0.551316563238958
Hybrid,CS,graded,0.772315711215085,E9,0.25,-0.106657150076655,0.0514743834280592,41.890826510176,-2.10276735181913,0.541404021790901
Hybrid,CS,graded,0.804732419729668,E9,0.25,-0.105388889871838,0.0515126702940442,41.9531155903234,-2.0762203120744,0.531218808698084
Hybrid,CS,graded,0.838509767391766,E9,0.25,-0.104089351787368,0.0515515500530381,42.0164177406457,-2.04907336347495,0.520774651476828
Hybrid,CS,graded,0.873704864838903,E9,0.25,-0.102759578131896,0.0515909608264807,42.0806340076178,-2.02135172951862,0.510086902351277
Hybrid,CS,graded,0.910377219835665,E9,0.25,-0.101400682830806,0.0516308380701881,42.1456607438746,-1.99308197305872,0.499172505113315
Hybrid,CS,graded,0.948588837889245,E9,0.25,-0.100013848897902,0.0516711147353034,42.2113898589492,-1.96429191825005,0.488049942313052
Hybrid,CS,graded,0.988404327088169,E9,0.25,-0.0986003258019699,0.0517117214559494,42.2777091188306,-1.93501057039324,0.476739162007331
Hybrid,CS,graded,1.02989100734146,E9,0.25,-0.0971614267043312,0.0517525867658707,42.344502497656,-1.90526803342403,0.465261483666139
Hybrid,CS,graded,1.07311902420292,E9,0.25,-0.0956985255371606,0.0517936373453401,42.4116505830801,-1.87509542471848,0.453639483264988
Hybrid,CS,graded,1.11816146747305,E9,0.25,-0.0942130538884242,0.0518347982986456,42.4790310352271,-1.84452478684645,0.441896858066711
Hybrid,CS,graded,1.16509449477906,E9,0.25,-0.0927064976580977,0.0518759934616542,42.546519097771,-1.81358899590554,0.430058272105377
Hybrid,CS,graded,1.21399746034191,E9,0.25,-0.0911803934518728,0.0519171457383074,42.6139881586677,-1.78232166610748,0.418149183912547
Hybrid,CS,graded,1.26495304914824,E9,0.25,-0.0896363246827377,0.0519581774644488,42.6813103573946,-1.75075705036451,0.406195658552302
Hybrid,CS,graded,1.31804741675389,E9,0.25,-0.0880759173573505,0.0519990107970871,42.7483572351766,-1.71892993673407,0.39422416653562
Hybrid,CS,graded,1.37337033495542,E9,0.25,-0.0865008355325932,0.0520395681270022,42.8150004244923,-1.68687554071888,0.382261372644243
Hybrid,CS,graded,1.43101534357603,E9,0.25,-0.0849127764376053,0.0520797725124384,42.8811123740275,-1.65462939358144,0.370333918086953
Hybrid,CS,graded,1.49107990862239,E9,0.25,-0.0833134652674002,0.0521195481314194,42.946567105046,-1.62222722700865,0.358468199716101
Hybrid,CS,graded,1.55366558707987,E9,0.25,-0.081704649665296,0.052158820749905,43.0112409947501,-1.58970485464491,0.346690150231596
Hybrid,CS,graded,1.61887819862478,E9,0.25,-0.0800880939223023,0.0521975182025446,43.0750135815423,-1.55709805119209,0.335025023378743
Hybrid,CS,graded,1.68682800454401,E9,0.25,-0.0784655729318017,0.0522355708821537,43.1377683861162,-1.52444242994156,0.323497188097454
Hybrid,CS,graded,1.75762989416439,E9,0.25,-0.0768388659469249,0.0522729122332595,43.1993937410461,-1.49177331974932,0.312129935400554
Hybrid,CS,graded,1.83140357910731,E9,0.25,-0.0752097501956015,0.052309479244177,43.2597836200504,-1.4591256425817,0.30094530145256
Hybrid,CS,graded,1.90827379569669,E9,0.25,-0.0735799944141401,0.0523452129311474,43.318838456507,-1.4265337928397,0.289963909898949
Hybrid,CS,graded,1.98837051586284,E9,0.25,-0.0719513523641978,0.0523800588071835,43.3764659392262,-1.39403151971115,0.279204835975964
Hybrid,CS,graded,2.07182916689858,E9,0.25,-0.0703255564000929,0.0524139673275024,43.4325817720903,-1.36165181379896,0.268685494335746
Hybrid,CS,graded,2.15879086043929,E9,0.25,-0.068704311153627,0.0524468943028726,43.4871103831048,-1.32942679923129,0.258421551876259
Hybrid,CS,graded,2.24940263105407,E9,0.25,-0.0670892874020167,0.0524788012719294,43.5399855677985,-1.297387632378,0.248426866198932
Hybrid,CS,graded,2.3438176848513,E9,0.25,-0.0654821161813576,0.0525096558235769,43.5911510518635,-1.26556440818152,0.23871344965697
Hybrid,CS,graded,2.4421956585191,E9,0.25,-0.063884383203458,0.0525394318610227,43.6405609585086,-1.23398607496557,0.229291458331057
Hybrid,CS,graded,2.54470288923857,E9,0.25,-0.0622976236281327,0.0525681097997992,43.688180167225,-1.20268035841882,0.22016920470014
Hybrid,CS,graded,2.65151269592615,E9,0.25,-0.0607233172363903,0.0525956766932841,43.7339845525179,-1.17167369527039,0.211353192282312
Hybrid,CS,graded,2.76280567228076,E9,0.25,-0.059162884042633,0.0526221262807124,43.7779610935728,-1.14099117698776,0.202848170118871
Hybrid,CS,graded,2.87876999213107,E9,0.25,-0.0576176803762886,0.0526474589544059,43.8201078487053,-1.11065650364289,0.194657204671491
Hybrid,CS,graded,2.99960172759923,E9,0.25,-0.0560889954554207,0.052671681644865,43.8604337916695,-1.08069194791557,0.186781766501158
Hybrid,CS,graded,3.12550518061903,E9,0.25,-0.0545780484670553,0.0526948076243833,43.8989585103153,-1.05111832903981,0.179221828995744
Hybrid,CS,graded,3.25669322836902,E9,0.25,-0.0530859861613924,0.0527168562318751,43.9357117715609,-1.02195499635495,0.171975976403953
Hybrid,CS,graded,3.39338768320454,E9,0.25,-0.0516138809599063,0.0527378525235645,43.9707329600075,-0.99321982199928,0.165041518506797
Hybrid,CS,graded,3.53581966769745,E9,0.25,-0.0501627295707056,0.0527578268559865,44.0040704006559,-0.964929202184823,0.158414609400624
Hybrid,CS,graded,3.68423000541744,E9,0.25,-0.0487334520985199,0.0527768144093364,44.0357805789443,-0.937098066415671,0.152090368064322
Hybrid,CS,graded,3.83886962811578,E9,0.25,-0.0473268916313725,0.0527948546605119,44.0659272736311,-0.909739893960173,0.146062998622401
Hybrid,CS,graded,4,E9,0.25,-0.0459438142814328,0.0528119908161844,44.0945806198087,-0.882866736857057,0.140325908481442
Hybrid,CS,graded,0,E9b,0.25,-0.130194856131429,0.0549243627935722,47.6954769727791,-2.40555861117574,0.653559446950181
Hybrid,CS,graded,0.03,E9b,0.25,-0.130194856128714,0.0549243627936512,47.6954769729162,-2.40555861112211,0.653559446931258
Hybrid,CS,graded,0.0312592016986259,E9b,0.25,-0.130194856124542,0.0549243627937724,47.6954769731268,-2.40555861103973,0.653559446902185
Hybrid,CS,graded,0.0325712563611792,E9b,0.25,-0.130194856114604,0.0549243627940612,47.6954769736284,-2.40555861084346,0.653559446832926
Hybrid,CS,graded,0.0339383824057251,E9b,0.25,-0.130194856091778,0.0549243627947246,47.6954769747805,-2.40555861039265,0.653559446673848
Hybrid,CS,graded,0.0353628913648552,E9b,0.25,-0.130194856041156,0.0549243627961958,47.6954769773357,-2.4055586093929,0.653559446321057
Hybrid,CS,graded,0.0368471917940202,E9b,0.25,-0.130194855932606,0.0549243627993506,47.6954769828147,-2.40555860724909,0.653559445564555
Hybrid,CS,graded,0.0383937933439077,E9b,0.25,-0.130194855707237,0.0549243628059004,47.6954769941903,-2.40555860279817,0.653559443993924
Hybrid,CS,graded,0.0400053110037523,E9b,0.25,-0.130194855253616,0.0549243628190838,47.6954770170868,-2.40555859383939,0.653559440832575
Hybrid,CS,graded,0.0416844695227518,E9b,0.25,-0.130194854367348,0.054924362844841,47.6954770618212,-2.40555857633606,0.653559434656045
Hybrid,CS,graded,0.0434341080170641,E9b,0.25,-0.13019485268456,0.0549243628937472,47.6954771467599,-2.40555854310189,0.653559422928456
Hybrid,CS,graded,0.045257184770177,E9b,0.25,-0.130194849575828,0.054924362984095,47.6954773036732,-2.40555848170606,0.653559401263254
Hybrid,CS,graded,0.0471567822347647,E9b,0.25,-0.130194843982055,0.0549243631466645,47.695477586019,-2.40555837123198,0.653559362279444
Hybrid,CS,graded,0.0491361122444897,E9b,0.25,-0.130194834167908,0.0549243634318891,47.6954780813883,-2.40555817740772,0.653559293883231
Hybrid,CS,graded,0.0511985214445608,E9b,0.25,-0.130194817361809,0.054924363920318,47.6954789296767,-2.40555784549606,0.653559176759075
Hybrid,CS,graded,0.0533474969502316,E9b,0.25,-0.130194789244695,0.0549243647374745,47.6954803488892,-2.40555729019781,0.653558980806782
Hybrid,CS,graded,0.055586672242804,E9b,0.25,-0.130194743243412,0.0549243660743919,47.6954826708066,-2.40555638169661,0.653558660216997
Hybrid,CS,graded,0.0579198333131074,E9b,0.25,-0.130194669579568,0.0549243682152568,47.6954863889955,-2.4055549268744,0.653558146842476
Hybrid,CS,graded,0.0603509250628405,E9b,0.25,-0.130194554022005,0.0549243715736661,47.6954922217787,-2.40555264467337,0.653557341503683
Hybrid,CS,graded,0.0628840579745996,E9b,0.25,-0.13019437629171,0.0549243767389867,47.695501192751,-2.40554913459386,0.65355610287197
Hybrid,CS,graded,0.0655235150618698,E9b,0.25,-0.130194108073038,0.0549243845341586,47.6955147311708,-2.40554383741722,0.65355423360865
Hybrid,CS,graded,0.0682737591107313,E9b,0.25,-0.130193710595259,0.0549243960859901,47.6955347940465,-2.405535987443,0.653551463508724
Hybrid,CS,graded,0.0711394402255249,E9b,0.25,-0.130193131764054,0.0549244129085401,47.6955640109548,-2.405524555838,0.653547429506436
Hybrid,CS,graded,0.0741254036912341,E9b,0.25,-0.130192302843488,0.0549244369995801,47.6956058515745,-2.40550818510826,0.653541652545152
Hybrid,CS,graded,0.0772366981658785,E9b,0.25,-0.130191134714564,0.0549244709493866,47.6956648146388,-2.40548511520938,0.653533511491105
Hybrid,CS,graded,0.0804785842167695,E9b,0.25,-0.1301895137652,0.0549245180602867,47.6957466355671,-2.4054531023795,0.653522214469953
Hybrid,CS,graded,0.0838565432150617,E9b,0.25,-0.130187297496695,0.0549245824745125,47.6958585085313,-2.40540933237548,0.653506768213488
Hybrid,CS,graded,0.0873762866036384,E9b,0.25,-0.13018430996096,0.0549246693070783,47.6960093172558,-2.40535033037072,0.653485946205129
Hybrid,CS,graded,0.0910437655540025,E9b,0.25,-0.130180337168575,0.0549247847796646,47.6962098675797,-2.40527187028297,0.653458256589158
Hybrid,CS,graded,0.0948651810284991,E9b,0.25,-0.130175122627556,0.0549249363509347,47.6964731138406,-2.40516888669262,0.653421910942737
Hybrid,CS,graded,0.0988469942648838,E9b,0.25,-0.130168363184395,0.0549251328383898,47.6968143705925,-2.40503539274358,0.653374795086131
Hybrid,CS,graded,0.102995937700964,E9b,0.25,-0.130159705340795,0.0549253845268384,47.6972515011132,-2.40486440745709,0.653314443114216
Hybrid,CS,graded,0.107319026357785,E9b,0.25,-0.130148742210767,0.054925703258831,47.6978050746402,-2.40464789571716,0.653238015765472
Hybrid,CS,graded,0.111823569700605,E9b,0.25,-0.130135011263377,0.0549261025029866,47.698498485278,-2.40437672380566,0.653142284104076
Hybrid,CS,graded,0.116517183997718,E9b,0.25,-0.130117992967488,0.0549265973969864,47.6993580269901,-2.40404063279511,0.653023619284176
Hybrid,CS,graded,0.12140780519802,E9b,0.25,-0.13009711041819,0.0549272047630592,47.7004129209225,-2.40362823138623,0.65287798890659
Hybrid,CS,graded,0.126503702349079,E9b,0.25,-0.130071729982887,0.0549279430949638,47.7016952933479,-2.40312700895565,0.652700960186109
Hybrid,CS,graded,0.131813491578427,E9b,0.25,-0.130041162961304,0.0549288325166801,47.7032401046227,-2.40252336871941,0.652487709844395
Hybrid,CS,graded,0.137346150661672,E9b,0.25,-0.130004668211198,0.054929894714159,47.705085031524,-2.40180268008248,0.652233040352068
Hybrid,CS,graded,0.143111034202102,E9b,0.25,-0.129961455653421,0.0549311528424631,47.7072703070353,-2.40094934849564,0.651931401885896
Hybrid,CS,graded,0.149117889447416,E9b,0.25,-0.129910690538795,0.0549326314113717,47.7098385229418,-2.39994690052941,0.651576919161111
Hybrid,CS,graded,0.155376872770339,E9b,0.25,-0.129851498336912,0.0549343561529885,47.7128344013943,-2.3987780814384,0.65116342215792
Hybrid,CS,graded,0.161898566840992,E9b,0.25,-0.12978297009457,0.0549363538750449,47.7163045418723,-2.39742496224876,0.650684479692051
Hybrid,CS,graded,0.168693998520034,E9b,0.25,-0.129704168109153,0.0549386523034587,47.7202971497377,-2.39586905335865,0.65013343478177
Hybrid,CS,graded,0.175774657502848,E9b,0.25,-0.129614131769244,0.0549412799173172,47.7248617518932,-2.39409142178139,0.649503440832483
Hybrid,CS,graded,0.183152515746281,E9b,0.25,-0.129511883429543,0.054944265778879,47.7300489040546,-2.39207280945456,0.648787497783388
Hybrid,CS,graded,0.190840047710792,E9b,0.25,-0.129396434207852,0.0549476393605009,47.7359098929507,-2.38979375044395,0.647978487524258
Hybrid,CS,graded,0.198850251452234,E9b,0.25,-0.129266789616157,0.0549514303696844,47.7424964355275,-2.38723468534524,0.647069208077448
Hybrid,CS,graded,0.207196670598929,E9b,0.25,-0.129121954963396,0.0549556685727894,47.7498603761026,-2.38437607168083,0.646052406234247
Hybrid,CS,graded,0.215893417251189,E9b,0.25,-0.128960940492241,0.0549603836174379,47.7580533815068,-2.38119848956279,0.644920808520273
Hybrid,CS,graded,0.224955195842017,E9b,0.25,-0.128782766234397,0.054965604853296,47.7671266336637,-2.37768274231112,0.643667150529816
Hybrid,CS,graded,0.234397327999317,E9b,0.25,-0.128586466587225,0.0549713611507979,47.7771305188334,-2.3738099520544,0.642284204804523
Hybrid,CS,graded,0.244235778451654,E9b,0.25,-0.128371094628291,0.0549776807174695,47.7881143129106,-2.36956165058413,0.640764807533011
Hybrid,CS,graded,0.254487182021372,E9b,0.25,-0.128135726193432,0.0549845909118075,47.8001258626674,-2.36491986588205,0.639101884413191
Hybrid,CS,graded,0.2651688717507,E9b,0.25,-0.127879463748372,0.0549921180551318,47.8132112636278,-2.35986720479639,0.637288476050208
Hybrid,CS,graded,0.276298908208406,E9b,0.25,-0.127601440084423,0.0550002872424109,47.8274145362492,-2.35438693232276,0.635317763263688
Hybrid,CS,graded,0.287896110026556,E9b,0.25,-0.127300821866033,0.0550091221536944,47.8427773031744,-2.34846304786422,0.633183092654059
Hybrid,CS,graded,0.299980085718997,E9b,0.25,-0.126976813052883,0.0550186448684264,47.8593384713985,-2.3420803587222,0.630878002734863
Hybrid,CS,graded,0.312571266835374,E9b,0.25,-0.126628658212594,0.055028875685483,47.8771339241628,-2.33522455092387,0.628396250881817
Hybrid,CS,graded,0.325690942506732,E9b,0.25,-0.126255645732758,0.0550398329522407,47.8961962281624,-2.32788225733849,0.625731841285317
Hybrid,CS,graded,0.339361295441117,E9b,0.25,-0.125857110933443,0.0550515329062807,47.9165543621455,-2.32004112288863,0.622879054024721
Hybrid,CS,graded,0.353605439430029,E9b,0.25,-0.125432439074135,0.055063989533443,47.9382334731484,-2.31168986653222,0.6198324753138
Hybrid,CS,graded,0.36844745842915,E9b,0.25,-0.124981068242526,0.0550772144458352,47.9612546663998,-2.30281833958559,0.616587028898992
Hybrid,CS,graded,0.38391244727943,E9b,0.25,-0.124502492106963,0.055091216783063,47.9856348343315,-2.29341757988102,0.613138008527677
Hybrid,CS,graded,0.400026554137359,E9b,0.25,-0.123996262509893,0.0551060031393821,48.0113865291504,-2.28347986120745,0.60948111134359
Hybrid,CS,graded,0.4168170246862,E9b,0.25,-0.123461991876491,0.0551215775186929,48.0385178820864,-2.27299873747247,0.605612472012069
Hybrid,CS,graded,0.434312248202902,E9b,0.25,-0.122899355410908,0.05513794131833,48.0670325707802,-2.26196908104752,0.601528697330179
Hybrid,CS,graded,0.452541805558606,E9b,0.25,-0.122308093052436,0.0551550933414907,48.096929834397,-2.25038711481569,0.59722690103661
Hybrid,CS,graded,0.471536519233894,E9b,0.25,-0.121688011165349,0.0551730298369525,48.1282045340396,-2.23825043753128,0.592704738504679
Hybrid,CS,graded,0.491328505433342,E9b,0.25,-0.121038983939326,0.0551917445635229,48.1608472540144,-2.22555804221827,0.587960440978857
Hybrid,CS,graded,0.511951228387509,E9b,0.25,-0.120360954482037,0.0552112288755256,48.1948444376144,-2.21231032747476,0.582992849000974
Hybrid,CS,graded,0.533439556934147,E9b,0.25,-0.119653935591542,0.055231471824646,48.2301785494671,-2.1985091017061,0.577801444665573
Hybrid,CS,graded,0.555829823474338,E9b,0.25,-0.118918010203237,0.0552524602727137,48.2668282552959,-2.18415758046962,0.572386382343289
Hybrid,CS,graded,0.579159885403199,E9b,0.25,-0.118153331513792,0.0552741790095659,48.3047686092744,-2.16926037726871,0.566748517514242
Hybrid,CS,graded,0.603469189119055,E9b,0.25,-0.117360122792267,0.0552966108700691,48.343971239112,-2.15382348827256,0.560889433357819
Hybrid,CS,graded,0.628798836719292,E9b,0.25,-0.116538676895909,0.0553197368446968,48.3844045196201,-2.13785427154921,0.554811464747882
Hybrid,CS,graded,0.655191655495656,E9b,0.25,-0.115689355514341,0.0553435361787722,48.4260337267727,-2.12136142147481,0.548517719301515
Hybrid,CS,graded,0.682692270346511,E9b,0.25,-0.114812588170518,0.0553679864565354,48.4688211661106,-2.10435493901637,0.542012095122731
Hybrid,CS,graded,0.711347179228481,E9b,0.25,-0.113908871009598,0.0553930636675239,48.5127262716174,-2.08684609857412,0.535299294870195
Hybrid,CS,graded,0.741204831775056,E9b,0.25,-0.112978765407426,0.05541874225426,48.5577056737606,-2.06884741201638,0.528384835760071
Hybrid,CS,graded,0.772315711215085,E9b,0.25,-0.112022896428684,0.0554449951417999,48.6037132380321,-2.05037259044679,0.521275055094099
Hybrid,CS,graded,0.804732419729668,E9b,0.25,-0.111041951161055,0.0554717937512166,48.6507000778485,-2.03143650412068,0.513977110882215
Hybrid,CS,graded,0.838509767391766,E9b,0.25,-0.110036676946181,0.0554991080004243,48.6986145478988,-2.01205514078247,0.506498977112104
Hybrid,CS,graded,0.873704864838903,E9b,0.25,-0.109007879521417,0.0555269062968465,48.7474022257924,-1.99224556254232,0.498849433210915
Hybrid,CS,graded,0.910377219835665,E9b,0.25,-0.107956421078668,0.055555155527191,48.7970058910817,-1.97202586125791,0.491038047250809
Hybrid,CS,graded,0.948588837889245,E9b,0.25,-0.106883218238848,0.0555838210500118,48.8473655113455,-1.95141511224811,0.483075152475568
Hybrid,CS,graded,0.988404327088169,E9b,0.25,-0.105789239933036,0.0556128666968071,48.8984182450503,-1.93043332604852,0.474971816773444
Hybrid,CS,graded,1.02989100734146,E9b,0.25,-0.104675505175028,0.0556422547871434,48.9500984703973,-1.90910139783192,0.466739804794787
Hybrid,CS,graded,1.07311902420292,E9b,0.25,-0.103543080704969,0.0556719461627813,49.002337848428,-1.88744105406449,0.458391532512439
Hybrid,CS,graded,1.11816146747305,E9b,0.25,-0.10239307848056,0.0557019002450466,49.0550654273906,-1.86547479595393,0.449940014148421
Hybrid,CS,graded,1.16509449477906,E9b,0.25,-0.101226652991167,0.0557320751188331,49.108207793897,-1.84322583926886,0.441398801539295
Hybrid,CS,graded,1.21399746034191,E9b,0.25,-0.10004499837099,0.0557624276456792,49.1616892748204,-1.82071805016729,0.432781916181011
Hybrid,CS,graded,1.26495304914824,E9b,0.25,-0.098849345290361,0.055792913607398,49.215432192281,-1.7979758767633,0.424103774376501
Hybrid,CS,graded,1.31804741675389,E9b,0.25,-0.0976409576088817,0.0558234878807818,49.2693571724956,-1.77502427627814,0.415379106098683
Hybrid,CS,graded,1.37337033495542,E9b,0.25,-0.0964211287802779,0.0558541046429824,49.3233835077646,-1.75188863776086,0.406622868370459
Hybrid,CS,graded,1.43101534357603,E9b,0.25,-0.0951911780061553,0.0558847176062836,49.3774295694356,-1.7285947005145,0.397850154143178
Hybrid,CS,graded,1.49107990862239,E9b,0.25,-0.0939524461438494,0.0559152802801511,49.4314132683189,-1.70516846852219,0.389076097817285
Hybrid,CS,graded,1.55366558707987,E9b,0.25,-0.0927062913818652,0.0559457462576512,49.4852525577277,-1.68163612132366,0.380315778686141
Hybrid,CS,graded,1.61887819862478,E9b,0.25,-0.0914540847045863,0.0559760695225845,49.5388659730651,-1.65802392194036,0.371584123688428
Hybrid,CS,graded,1.68682800454401,E9b,0.25,-0.0901972051756015,0.0560062047729808,49.5921732006869,-1.63435812258055,0.362895810920843
Hybrid,CS,graded,1.75762989416439,E9b,0.25,-0.088937035075844,0.0560361077559653,49.645095667646,-1.61066486896785,0.35426517538687
Hybrid,CS,graded,1.83140357910731,E9b,0.25,-0.0876749549384772,0.0560657356084363,49.6975571429087,-1.58697010422381,0.34570611843704
Hybrid,CS,graded,1.90827379569669,E9b,0.25,-0.0864123385269277,0.0560950471975332,49.7494843397545,-1.56329947329427,0.337232022291466
Hybrid,CS,graded,1.98837051586284,E9b,0.25,-0.085150547805519,0.0561240034545243,49.8008075083889,-1.53967822893775,0.328855670928874
Hybrid,CS,graded,2.07182916689858,E9b,0.25,-0.0838909279537686,0.0561525676955491,49.8514610073571,-1.51613114029282,0.320589178481684
Hybrid,CS,graded,2.15879086043929,E9b,0.25,-0.0826348024755926,0.0561807059226257,49.9013838421972,-1.49268240500988,0.312443926100513
Hybrid,CS,graded,2.24940263105407,E9b,0.25,-0.0813834684534814,0.0562083870984929,49.950520159949,-1.46935556587471,0.304430508050211
Hybrid,CS,graded,2.3438176848513,E9b,0.25,-0.080138191995306,0.0562355833892229,49.9988196886665,-1.44617343276814,0.296558687582357
Hybrid,CS,graded,2.4421956585191,E9b,0.25,-0.0789002039179269,0.0562622703690977,50.0462381119736,-1.42315801070387,0.288837362903839
Hybrid,CS,graded,2.54470288923857,E9b,0.25,-0.0776706957073968,0.0562884271829925,50.0927373699419,-1.40033043456797,0.281274543336621
Hybrid,CS,graded,2.65151269592615,E9b,0.25,-0.076450815790469,0.0563140366624277,50.1382858791275,-1.3777109110552,0.273877335548303
Hybrid,CS,graded,2.76280567228076,E9b,0.25,-0.0752416661465342,0.0563390853925105,50.18285866643,-1.35531866816242,0.266651939532998
Hybrid,CS,graded,2.87876999213107,E9b,0.25,-0.0740442992832126,0.0563635637281459,50.2264374134684,-1.33317191246399,0.259603653843994
Hybrid,CS,graded,2.99960172759923,E9b,0.25,-0.072859715592803,0.056387465759123,50.2690104103301,-1.31128779426214,0.252736889427624
Hybrid,CS,graded,3.12550518061903,E9b,0.25,-0.0716888611008034,0.056410789224919,50.3105724197627,-1.2896823805796,0.246055191284724
Hybrid,CS,graded,3.25669322836902,E9b,0.25,-0.0705326256119061,0.0564335353812722,50.3511244550526,-1.26837063584768,0.239561267093763
Hybrid,CS,graded,3.39338768320454,E9b,0.25,-0.0693918412533755,0.0564557088217116,50.3906734768952,-1.24736641003993,0.233257021867804
Hybrid,CS,graded,3.53581966769745,E9b,0.25,-0.0682672814106149,0.0564773172582482,50.4292320164332,-1.22668243391423,0.227143597684948
Hybrid,CS,graded,3.68423000541744,E9b,0.25,-0.0671596600451132,0.0564983712663123,50.466817733253,-1.2063303209528,0.221221417526775
Hybrid,CS,graded,3.83886962811578,E9b,0.25,-0.0660696313808812,0.0565188839997133,50.5034529184397,-1.18632057553281,0.215490232277968
Hybrid,CS,graded,4,E9b,0.25,-0.0649977899419686,0.0565388708819139,50.5391639537636,-1.16666260681804,0.20994916997997
Hybrid,CS,mean,0,E9,0.25,-0.130194856131429,0.0531465890550815,44.6578628380383,-2.48602546711858,0.681461327299079
Hybrid,CS,mean,0.03,E9,0.25,-0.130194856131429,0.0531465890550659,44.657862838012,-2.48602546711931,0.681461327299328
Hybrid,CS,mean,0.0312592016986259,E9,0.25,-0.130194856131429,0.0531465890550419,44.6578628379716,-2.48602546712043,0.681461327299711
Hybrid,CS,mean,0.0325712563611792,E9,0.25,-0.130194856131429,0.0531465890549846,44.6578628378755,-2.48602546712311,0.681461327300622
Hybrid,CS,mean,0.0339383824057251,E9,0.25,-0.130194856131429,0.0531465890548532,44.6578628376545,-2.48602546712926,0.681461327302715
Hybrid,CS,mean,0.0353628913648552,E9,0.25,-0.130194856131429,0.0531465890545616,44.6578628371646,-2.4860254671429,0.681461327307357
Hybrid,CS,mean,0.0368471917940202,E9,0.25,-0.130194856131429,0.0531465890539365,44.6578628361139,-2.48602546717214,0.68146132731731
Hybrid,CS,mean,0.0383937933439077,E9,0.25,-0.130194856131429,0.0531465890526385,44.6578628339326,-2.48602546723285,0.681461327337974
Hybrid,CS,mean,0.0400053110037523,E9,0.25,-0.130194856131429,0.053146589050026,44.6578628295422,-2.48602546735506,0.681461327379567
Hybrid,CS,mean,0.0416844695227518,E9,0.25,-0.130194856131429,0.0531465890449217,44.6578628209642,-2.48602546759382,0.681461327460831
Hybrid,CS,mean,0.0434341080170641,E9,0.25,-0.130194856131429,0.0531465890352301,44.6578628046769,-2.48602546804716,0.681461327615128
Hybrid,CS,mean,0.045257184770177,E9,0.25,-0.130194856131429,0.0531465890173261,44.6578627745883,-2.48602546888465,0.681461327900172
Hybrid,CS,mean,0.0471567822347647,E9,0.25,-0.130194856131429,0.0531465889851101,44.6578627204476,-2.48602547039161,0.681461328413074
Hybrid,CS,mean,0.0491361122444897,E9,0.25,-0.130194856131429,0.053146588928588,44.657862625459,-2.48602547303554,0.681461329312946
Hybrid,CS,mean,0.0511985214445608,E9,0.25,-0.130194856131429,0.0531465888317976,44.6578624627975,-2.48602547756308,0.681461330853919
Hybrid,CS,mean,0.0533474969502316,E9,0.25,-0.130194856131429,0.0531465886698647,44.6578621906606,-2.48602548513777,0.681461333432004
Hybrid,CS,mean,0.055586672242804,E9,0.25,-0.130194856131429,0.0531465884049341,44.6578617454303,-2.48602549753037,0.681461337649889
Hybrid,CS,mean,0.0579198333131074,E9,0.25,-0.130194856131429,0.0531465879806923,44.6578610324689,-2.48602551737503,0.68146134440412
Hybrid,CS,mean,0.0603509250628405,E9,0.25,-0.130194856131429,0.0531465873151856,44.6578599140488,-2.48602554850528,0.68146135499946
Hybrid,CS,mean,0.0628840579745996,E9,0.25,-0.130194856131429,0.0531465862916385,44.6578581939226,-2.48602559638351,0.681461371295056
Hybrid,CS,mean,0.0655235150618698,E9,0.25,-0.130194856131429,0.0531465847470117,44.6578555980936,-2.48602566863616,0.681461395886615
Hybrid,CS,mean,0.0682737591107313,E9,0.25,-0.130194856131429,0.0531465824580958,44.6578517514466,-2.48602577570426,0.681461432327786
Hybrid,CS,mean,0.0711394402255249,E9,0.25,-0.130194856131429,0.0531465791250356,44.657846150059,-2.48602593161408,0.681461485392478
Hybrid,CS,mean,0.0741254036912341,E9,0.25,-0.130194856131429,0.0531465743523045,44.6578381292274,-2.4860261548671,0.681461561377763
Hybrid,CS,mean,0.0772366981658785,E9,0.25,-0.130194856131429,0.0531465676273072,44.6578268275084,-2.48602646944093,0.681461668444528
Hybrid,CS,mean,0.0804785842167695,E9,0.25,-0.130194856131429,0.0531465582969734,44.6578111473843,-2.48602690588418,0.681461816990128
Hybrid,CS,mean,0.0838565432150617,E9,0.25,-0.130194856131429,0.0531465455429019,44.6577897134901,-2.48602750247921,0.681462020044123
Hybrid,CS,mean,0.0873762866036384,E9,0.25,-0.130194856131429,0.0531465283558137,44.6577608296845,-2.48602830643716,0.681462293674993
Hybrid,CS,mean,0.0910437655540025,E9,0.25,-0.130194856131429,0.053146505510269,44.6577224365595,-2.48602937508072,0.681462657392689
Hybrid,CS,mean,0.0948651810284991,E9,0.25,-0.130194856131429,0.0531464755407639,44.6576720712741,-2.48603077696239,0.681463134529206
Hybrid,CS,mean,0.0988469942648838,E9,0.25,-0.130194856131429,0.0531464367204558,44.6576068318037,-2.48603259285988,0.681463752577322
Hybrid,CS,mean,0.102995937700964,E9,0.25,-0.130194856131429,0.0531463870438417,44.6575233478375,-2.48603491658664,0.681464543466406
Hybrid,CS,mean,0.107319026357785,E9,0.25,-0.130194856131429,0.0531463242147354,44.6574177605802,-2.48603785555475,0.681465543753904
Hybrid,CS,mean,0.111823569700605,E9,0.25,-0.130194856131429,0.0531462456408342,44.6572857136329,-2.48604153102966,0.681466794711916
Hybrid,CS,mean,0.116517183997718,E9,0.25,-0.130194856131429,0.0531461484360488,44.6571223569233,-2.48604607802208,0.681468342290216
Hybrid,CS,mean,0.12140780519802,E9,0.25,-0.130194856131429,0.0531460294315744,44.6569223653311,-2.48605164477109,0.681470236940135
Hybrid,CS,mean,0.126503702349079,E9,0.25,-0.130194856131429,0.0531458851964213,44.656679973214,-2.48605839178524,0.681472533287887
Hybrid,CS,mean,0.131813491578427,E9,0.25,-0.130194856131429,0.0531457120678002,44.6563890255026,-2.48606649042283,0.681475289651032
Hybrid,CS,mean,0.137346150661672,E9,0.25,-0.130194856131429,0.0531455061913892,44.6560430454062,-2.48607612101031,0.681478567397661
Hybrid,CS,mean,0.143111034202102,E9,0.25,-0.130194856131429,0.0531452635711033,44.6556353180939,-2.48608747051652,0.681482430154343
Hybrid,CS,mean,0.149117889447416,E9,0.25,-0.130194856131429,0.0531449801275664,44.6551589890059,-2.48610072982011,0.681486942875546
Hybrid,CS,mean,0.155376872770339,E9,0.25,-0.130194856131429,0.0531446517640687,44.6546071747475,-2.48611609062697,0.681492170793917
Hybrid,CS,mean,0.161898566840992,E9,0.25,-0.130194856131429,0.0531442744384014,44.6539730838626,-2.4861337421129,0.681498178277007
Hybrid,CS,mean,0.168693998520034,E9,0.25,-0.130194856131429,0.0531438442386227,44.6532501442124,-2.48615386738237,0.681505027621406
Hybrid,CS,mean,0.175774657502848,E9,0.25,-0.130194856131429,0.0531433574605395,44.6524321332356,-2.48617663984674,0.681512777819524
Hybrid,CS,mean,0.183152515746281,E9,0.25,-0.130194856131429,0.0531428106845222,44.6515133070804,-2.48620221963343,0.681521483336954
Hybrid,CS,mean,0.190840047710792,E9,0.25,-0.130194856131429,0.0531422008492107,44.6504885245015,-2.4862307501399,0.681531192939253
Hybrid,CS,mean,0.198850251452234,E9,0.25,-0.130194856131429,0.0531415253197378,44.6493533615318,-2.48626235484334,0.681541948605899
Hybrid,CS,mean,0.207196670598929,E9,0.25,-0.130194856131429,0.053140781948299,44.6481042132734,-2.4862971344675,0.68155378456599
Hybrid,CS,mean,0.215893417251189,E9,0.25,-0.130194856131429,0.0531399691252224,44.6467383797064,-2.48633516459284,0.681566726485043
Hybrid,CS,mean,0.224955195842017,E9,0.25,-0.130194856131429,0.0531390858191387,44.6452541331584,-2.48637649377536,0.681580790825169
Hybrid,CS,mean,0.234397327999317,E9,0.25,-0.130194856131429,0.053138131605389,44.643650765987,-2.48642114221454,0.681595984392352
Hybrid,CS,mean,0.244235778451654,E9,0.25,-0.130194856131429,0.0531371066824125,44.6419286180389,-2.48646910098229,0.68161230407495
Hybrid,CS,mean,0.254487182021372,E9,0.25,-0.130194856131429,0.0531360118764869,44.6400890845172,-2.48652033179562,0.681629736767464
Hybrid,CS,mean,0.2651688717507,E9,0.25,-0.130194856131429,0.053134848635818,44.6381346059307,-2.4865747672866,0.681648259463755
Hybrid,CS,mean,0.276298908208406,E9,0.25,-0.130194856131429,0.0531336190155415,44.6360686427545,-2.48663231169652,0.681667839494831
Hybrid,CS,mean,0.287896110026556,E9,0.25,-0.130194856131429,0.0531323256556738,44.6338956382321,-2.48669284189914,0.681688434878784
Hybrid,CS,mean,0.299980085718997,E9,0.25,-0.130194856131429,0.0531309717543982,44.6316209733246,-2.48675620864173,0.681709994744944
Hybrid,CS,mean,0.312571266835374,E9,0.25,-0.130194856131429,0.0531295610392525,44.6292509181299,-2.4868222378838,0.681732459791381
Hybrid,CS,mean,0.325690942506732,E9,0.25,-0.130194856131429,0.0531280977387945,44.6267925840989,-2.48689073211331,0.681755762734769
Hybrid,CS,mean,0.339361295441117,E9,0.25,-0.130194856131429,0.0531265865571331,44.6242538810659,-2.48696147152858,0.681779828714608
Hybrid,CS,mean,0.353605439430029,E9,0.25,-0.130194856131429,0.053125032653337,44.6216434824723,-2.48703421499203,0.681804575619783
Hybrid,CS,mean,0.36844745842915,E9,0.25,-0.130194856131429,0.0531234416271737,44.6189708012299,-2.48710870068769,0.681829914314318
Hybrid,CS,mean,0.38391244727943,E9,0.25,-0.130194856131429,0.0531218195119234,44.6162459774701,-2.48718464644763,0.681855748750496
Hybrid,CS,mean,0.400026554137359,E9,0.25,-0.130194856131429,0.0531201727741769,44.6134798780309,-2.48726174975182,0.681881975970784
Hybrid,CS,mean,0.4168170246862,E9,0.25,-0.130194856131429,0.053118508319626,44.6106841060159,-2.48733968744754,0.681908486014355
Hybrid,CS,mean,0.434312248202902,E9,0.25,-0.130194856131429,0.0531168335029382,44.6078710172191,-2.48741811527808,0.681935161758613
Hybrid,CS,mean,0.452541805558606,E9,0.25,-0.130194856131429,0.0531151561389388,44.6050537387565,-2.48749666735062,0.681961878739965
Hybrid,CS,mean,0.471536519233894,E9,0.25,-0.130194856131429,0.0531134845115823,44.6022461839954,-2.4875749557084,0.681988505009906
Hybrid,CS,mean,0.491328505433342,E9,0.25,-0.130194856131429,0.0531118273766371,44.5994630569442,-2.48765257019827,0.682014901091359
Hybrid,CS,mean,0.511951228387509,E9,0.25,-0.130194856131429,0.0531101939537127,44.5967198387669,-2.48772907883877,0.682040920104968
Hybrid,CS,mean,0.533439556934147,E9,0.25,-0.130194856131429,0.0531085939032669,44.5940327491042,-2.48780402889354,0.6820664081349
Hybrid,CS,mean,0.555829823474338,E9,0.25,-0.130194856131429,0.0531070372845798,44.5914186754746,-2.4878769488386,0.682091204898113
Hybrid,CS,mean,0.579159885403199,E9,0.25,-0.130194856131429,0.0531055344913871,44.5888950652061,-2.48794735137911,0.682115144769931
Hybrid,CS,mean,0.603469189119055,E9,0.25,-0.130194856131429,0.053104096162887,44.5864797760779,-2.48801473762312,0.682138058202357
Hybrid,CS,mean,0.628798836719292,E9,0.25,-0.130194856131429,0.0531027330691441,44.5841908840343,-2.48807860245879,0.68215977355077
Hybrid,CS,mean,0.655191655495656,E9,0.25,-0.130194856131429,0.0531014559714009,44.5820464488385,-2.48813844111123,0.682180119300922
Hybrid,CS,mean,0.682692270346511,E9,0.25,-0.130194856131429,0.0531002754593802,44.5800642411659,-2.4881937567817,0.682198926663036
Hybrid,CS,mean,0.711347179228481,E9,0.25,-0.130194856131429,0.0530992017691875,44.5782614371905,-2.48824406919968,0.682216032475515
Hybrid,CS,mean,0.741204831775056,E9,0.25,-0.130194856131429,0.0530982445867671,44.5766542889784,-2.48828892385541,0.682231282339256
Hybrid,CS,mean,0.772315711215085,E9,0.25,-0.130194856131429,0.0530974128429232,44.5752577807628,-2.4883279016301,0.682244533886667
Hybrid,CS,mean,0.804732419729668,E9,0.25,-0.130194856131429,0.0530967145065899,44.5740852823037,-2.4883606285097,0.682255660078804
Hybrid,CS,mean,0.838509767391766,E9,0.25,-0.130194856131429,0.053096156383264,44.5731482109157,-2.4883867850567,0.682264552420215
Hybrid,CS,mean,0.873704864838903,E9,0.25,-0.130194856131429,0.0530957439253107,44.5724557134045,-2.48840611532396,0.682271123984432
Hybrid,CS,mean,0.910377219835665,E9,0.25,-0.130194856131429,0.0530954810602411,44.5720143781183,-2.48841843492317,0.68227531215271
Hybrid,CS,mean,0.948588837889245,E9,0.25,-0.130194856131429,0.0530953700421316,44.5718279857738,-2.48842363800416,0.682277080983431
Hybrid,CS,mean,0.988404327088169,E9,0.25,-0.130194856131429,0.0530954113302303,44.5718973058199,-2.48842170295406,0.682276423147557
Hybrid,CS,mean,1.02989100734146,E9,0.25,-0.130194856131429,0.0530956034975954,44.5722199431004,-2.48841269668216,0.682273361384672
Hybrid,CS,mean,1.07311902420292,E9,0.25,-0.130194856131429,0.0530959431714717,44.5727902376692,-2.48839677740969,0.682267949452344
Hybrid,CS,mean,1.11816146747305,E9,0.25,-0.130194856131429,0.0530964250061417,44.5735992189903,-2.48837419593005,0.682260272557064
Hybrid,CS,mean,1.16509449477906,E9,0.25,-0.130194856131429,0.053097041688258,44.5746346145417,-2.48834529533943,0.682250447266686
Hybrid,CS,mean,1.21399746034191,E9,0.25,-0.130194856131429,0.0530977839742119,44.5758809120905,-2.48831050925942,0.682238620911573
Hybrid,CS,mean,1.26495304914824,E9,0.25,-0.130194856131429,0.0530986407589035,44.5773194745936,-2.48827035858284,0.682224970484737
Hybrid,CS,mean,1.31804741675389,E9,0.25,-0.130194856131429,0.0530995991752924,44.5789287067141,-2.48822544677317,0.682209701051062
Hybrid,CS,mean,1.37337033495542,E9,0.25,-0.130194856131429,0.0531006447242534,44.580684272187,-2.48817645374222,0.68219304367347
Hybrid,CS,mean,1.43101534357603,E9,0.25,-0.130194856131429,0.0531017614344217,44.5825593615451,-2.48812412832266,0.682175252861331
Hybrid,CS,mean,1.49107990862239,E9,0.25,-0.130194856131429,0.0531029320517989,44.5845250098607,-2.48806927934862,0.682156603545071
Hybrid,CS,mean,1.55366558707987,E9,0.25,-0.130194856131429,0.0531041382588048,44.586550464016,-2.48801276536131,0.682137387582297
Hybrid,CS,mean,1.61887819862478,E9,0.25,-0.130194856131429,0.0531053609221452,44.5886035984827,-2.48795548297125,0.682117909805756
Hybrid,CS,mean,1.68682800454401,E9,0.25,-0.130194856131429,0.0531065803682869,44.5906513776132,-2.48789835393576,0.682098483632647
Hybrid,CS,mean,1.75762989416439,E9,0.25,-0.130194856131429,0.0531077766844966,44.5926603610389,-2.48784231104874,0.682079426268023
Hybrid,CS,mean,1.83140357910731,E9,0.25,-0.130194856131429,0.0531089300423505,44.5945972469996,-2.48778828298855,0.682061053551661
Hybrid,CS,mean,1.90827379569669,E9,0.25,-0.130194856131429,0.0531100210394316,44.5964294464101,-2.48773717832502,0.682043674516715
Hybrid,CS,mean,1.98837051586284,E9,0.25,-0.130194856131429,0.0531110310536798,44.5981256783669,-2.48768986894416,0.682027585748191
Hybrid,CS,mean,2.07182916689858,E9,0.25,-0.130194856131429,0.0531119426036682,44.5996565757721,-2.48764717320456,0.68201306564827
Hybrid,CS,mean,2.15879086043929,E9,0.25,-0.130194856131429,0.0531127397070337,44.6009952879859,-2.48760983918743,0.682000368732023
Hybrid,CS,mean,2.24940263105407,E9,0.25,-0.130194856131429,0.0531134082284894,44.6021180660653,-2.48757852843924,0.681989720089661
Hybrid,CS,mean,2.3438176848513,E9,0.25,-0.130194856131429,0.0531139362083733,44.6030048153421,-2.48755380062736,0.68198131015904
Hybrid,CS,mean,2.4421956585191,E9,0.25,-0.130194856131429,0.0531143141625871,44.6036395999128,-2.48753609953386,0.681975289953627
Hybrid,CS,mean,2.54470288923857,E9,0.25,-0.130194856131429,0.0531145353450786,44.6040110841287,-2.48752574079819,0.681971766886374
Hybrid,CS,mean,2.65151269592615,E9,0.25,-0.130194856131429,0.0531145959647283,44.6041128973539,-2.48752290178687,0.681970801318733
Hybrid,CS,mean,2.76280567228076,E9,0.25,-0.130194856131429,0.053114495349579,44.603943910086,-2.4875276139184,0.681972403946949
Hybrid,CS,mean,2.87876999213107,E9,0.25,-0.130194856131429,0.0531142360527495,44.6035084119067,-2.48753975770642,0.681976534115497
Hybrid,CS,mean,2.99960172759923,E9,0.25,-0.130194856131429,0.053113823896039,44.6028161845364,-2.48755906070757,0.681983099121187
Hybrid,CS,mean,3.12550518061903,E9,0.25,-0.130194856131429,0.0531132679490668,44.6018824663811,-2.48758509847518,0.681991954542327
Hybrid,CS,mean,3.25669322836902,E9,0.25,-0.130194856131429,0.0531125804437163,44.6007278082113,-2.48761729853119,0.682002905596781
Hybrid,CS,mean,3.39338768320454,E9,0.25,-0.130194856131429,0.0531117766255847,44.5993778228742,-2.4876549472791,0.682015709502216
Hybrid,CS,mean,3.53581966769745,E9,0.25,-0.130194856131429,0.0531108745459763,44.5978628350438,-2.48769719969576,0.682030078782606
Hybrid,CS,mean,3.68423000541744,E9,0.25,-0.130194856131429,0.0531098947996598,44.5962174398516,-2.48774309156162,0.682045685438426
Hybrid,CS,mean,3.83886962811578,E9,0.25,-0.130194856131429,0.0531088602150607,44.5944799816804,-2.48779155392136,0.68206216587485
Hybrid,CS,mean,4,E9,0.25,-0.130194856131429,0.0531077955047397,44.5926919663861,-2.48784142941174,0.682079126463504
Hybrid,CS,mean,0,E9b,0.25,-0.130194856131429,0.0571811258989558,51.6954769727791,-2.31061861417162,0.619441074092276
Hybrid,CS,mean,0.03,E9b,0.25,-0.130194856131429,0.0571811258989393,51.6954769727494,-2.31061861417228,0.61944107409252
Hybrid,CS,mean,0.0312592016986259,E9b,0.25,-0.130194856131429,0.057181125898914,51.6954769727036,-2.31061861417331,0.619441074092893
Hybrid,CS,mean,0.0325712563611792,E9b,0.25,-0.130194856131429,0.0571811258988537,51.6954769725945,-2.31061861417574,0.619441074093784
Hybrid,CS,mean,0.0339383824057251,E9b,0.25,-0.130194856131429,0.0571811258987152,51.6954769723441,-2.31061861418134,0.619441074095829
Hybrid,CS,mean,0.0353628913648552,E9b,0.25,-0.130194856131429,0.0571811258984081,51.6954769717887,-2.31061861419375,0.619441074100365
Hybrid,CS,mean,0.0368471917940202,E9b,0.25,-0.130194856131429,0.0571811258977494,51.6954769705978,-2.31061861422037,0.619441074110091
Hybrid,CS,mean,0.0383937933439077,E9b,0.25,-0.130194856131429,0.0571811258963819,51.6954769681252,-2.31061861427563,0.619441074130284
Hybrid,CS,mean,0.0400053110037523,E9b,0.25,-0.130194856131429,0.0571811258936294,51.6954769631484,-2.31061861438685,0.619441074170929
Hybrid,CS,mean,0.0416844695227518,E9b,0.25,-0.130194856131429,0.0571811258882517,51.6954769534248,-2.31061861460416,0.619441074250339
Hybrid,CS,mean,0.0434341080170641,E9b,0.25,-0.130194856131429,0.057181125878041,51.6954769349624,-2.31061861501676,0.619441074401118
Hybrid,CS,mean,0.045257184770177,E9b,0.25,-0.130194856131429,0.0571811258591779,51.6954769008554,-2.310618615779,0.619441074679663
Hybrid,CS,mean,0.0471567822347647,E9b,0.25,-0.130194856131429,0.0571811258252361,51.6954768394842,-2.31061861715054,0.619441075180868
Hybrid,CS,mean,0.0491361122444897,E9b,0.25,-0.130194856131429,0.0571811257656861,51.69547673181,-2.31061861955688,0.619441076060221
Hybrid,CS,mean,0.0511985214445608,E9b,0.25,-0.130194856131429,0.0571811256637106,51.695476547425,-2.31061862367759,0.619441077566056
Hybrid,CS,mean,0.0533474969502316,E9b,0.25,-0.130194856131429,0.0571811254931028,51.6954762389439,-2.31061863057164,0.619441080085358
Hybrid,CS,mean,0.055586672242804,E9b,0.25,-0.130194856131429,0.0571811252139792,51.6954757342518,-2.31061864185068,0.619441084207073
Hybrid,CS,mean,0.0579198333131074,E9b,0.25,-0.130194856131429,0.0571811247670088,51.6954749260709,-2.3106186599122,0.619441090807321
Hybrid,CS,mean,0.0603509250628405,E9b,0.25,-0.130194856131429,0.0571811240658454,51.6954736582758,-2.31061868824535,0.619441101161143
Hybrid,CS,mean,0.0628840579745996,E9b,0.25,-0.130194856131429,0.0571811229874529,51.6954717084013,-2.31061873182186,0.619441117085368
Hybrid,CS,mean,0.0655235150618698,E9b,0.25,-0.130194856131429,0.0571811213600464,51.6954687658377,-2.31061879758335,0.619441141116681
Hybrid,CS,mean,0.0682737591107313,E9b,0.25,-0.130194856131429,0.0571811189484344,51.6954644053283,-2.31061889503363,0.61944117672807
Hybrid,CS,mean,0.0711394402255249,E9b,0.25,-0.130194856131429,0.0571811154366468,51.695458055558,-2.31061903694067,0.619441228585354
Hybrid,CS,mean,0.0741254036912341,E9b,0.25,-0.130194856131429,0.057181110407864,51.6954489628629,-2.31061924014766,0.619441302843557
Hybrid,CS,mean,0.0772366981658785,E9b,0.25,-0.130194856131429,0.0571811033218275,51.6954361503865,-2.31061952648583,0.61944140748049
Hybrid,CS,mean,0.0804785842167695,E9b,0.25,-0.130194856131429,0.0571810934900987,51.6954183733435,-2.31061992377422,0.619441552662091
Hybrid,CS,mean,0.0838565432150617,E9b,0.25,-0.130194856131429,0.0571810800497336,51.6953940714224,-2.3106204668835,0.619441751131177
Hybrid,CS,mean,0.0873762866036384,E9b,0.25,-0.130194856131429,0.0571810619361438,51.6953613197144,-2.31062119883268,0.619442018608202
Hybrid,CS,mean,0.0910437655540025,E9b,0.25,-0.130194856131429,0.057181037856101,51.6953177799056,-2.31062217188003,0.619442374189909
Hybrid,CS,mean,0.0948651810284991,E9b,0.25,-0.130194856131429,0.0571810062620041,51.6952606537502,-2.31062344856307,0.61944284072935
Hybrid,CS,mean,0.0988469942648838,E9b,0.25,-0.130194856131429,0.0571809653286418,51.6951866410592,-2.31062510263774,0.619443445179073
Hybrid,CS,mean,0.102995937700964,E9b,0.25,-0.130194856131429,0.0571809129337475,51.6950919045474,-2.31062721986448,0.619444218878323
Hybrid,CS,mean,0.107319026357785,E9b,0.25,-0.130194856131429,0.0571808466436387,51.6949720438769,-2.3106298985889,0.619445197765192
Hybrid,CS,mean,0.111823569700605,E9b,0.25,-0.130194856131429,0.0571807637051628,51.6948220811066,-2.31063325006778,0.619446422495684
Hybrid,CS,mean,0.116517183997718,E9b,0.25,-0.130194856131429,0.0571806610450261,51.6946364594958,-2.310637398497,0.61944793845379
Hybrid,CS,mean,0.12140780519802,E9b,0.25,-0.130194856131429,0.057180535277373,51.6944090572294,-2.31064248070621,0.619449795639801
Hybrid,CS,mean,0.126503702349079,E9b,0.25,-0.130194856131429,0.0571803827202099,51.6941332171438,-2.31064864549639,0.619452048428055
Hybrid,CS,mean,0.131813491578427,E9b,0.25,-0.130194856131429,0.0571801994209498,51.6938017929479,-2.31065605260919,0.619454755190089
Hybrid,CS,mean,0.137346150661672,E9b,0.25,-0.130194856131429,0.0571799811909929,51.6934072117913,-2.31066487133141,0.61945797778442
Hybrid,CS,mean,0.143111034202102,E9b,0.25,-0.130194856131429,0.0571797236488857,51.6929415523502,-2.31067527875317,0.619461780919725
Hybrid,CS,mean,0.149117889447416,E9b,0.25,-0.130194856131429,0.0571794222712209,51.6923966369166,-2.31068745771357,0.619466231403789
Hybrid,CS,mean,0.155376872770339,E9b,0.25,-0.130194856131429,0.0571790724500796,51.6917641353223,-2.3107015944823,0.619471397295908
Hybrid,CS,mean,0.161898566840992,E9b,0.25,-0.130194856131429,0.0571786695554908,51.6910356779414,-2.3107178762387,0.61947734698525
Hybrid,CS,mean,0.168693998520034,E9b,0.25,-0.130194856131429,0.0571782090011141,51.6902029745214,-2.31073648842068,0.619484148221653
Hybrid,CS,mean,0.175774657502848,E9b,0.25,-0.130194856131429,0.057177686311146,51.6892579352304,-2.3107576120243,0.619491867128356
Hybrid,CS,mean,0.183152515746281,E9b,0.25,-0.130194856131429,0.0571770971863393,51.688192790095,-2.31078142093903,0.619500567227824
Hybrid,CS,mean,0.190840047710792,E9b,0.25,-0.130194856131429,0.0571764375669985,51.6870002029694,-2.31080807940504,0.619510308512149
Hybrid,CS,mean,0.198850251452234,E9b,0.25,-0.130194856131429,0.0571757036909029,51.6856733763225,-2.31083773967508,0.619521146588301
Hybrid,CS,mean,0.207196670598929,E9b,0.25,-0.130194856131429,0.0571748921442913,51.6842061434698,-2.31087053995624,0.619533131925704
Hybrid,CS,mean,0.215893417251189,E9b,0.25,-0.130194856131429,0.0571739999043328,51.6825930453986,-2.31090660269521,0.619546309229409
Hybrid,CS,mean,0.224955195842017,E9b,0.25,-0.130194856131429,0.0571730243718887,51.6808293900213,-2.31094603325519,0.619560716956492
Hybrid,CS,mean,0.234397327999317,E9b,0.25,-0.130194856131429,0.0571719633938234,51.6789112925195,-2.31098891901432,0.619576386986594
Hybrid,CS,mean,0.244235778451654,E9b,0.25,-0.130194856131429,0.0571708152746419,51.676835696369,-2.31103532889484,0.619593344449926
Hybrid,CS,mean,0.254487182021372,E9b,0.25,-0.130194856131429,0.0571695787777714,51.6746003756268,-2.31108531330985,0.619611607708018
Hybrid,CS,mean,0.2651688717507,E9b,0.25,-0.130194856131429,0.0571682531173609,51.6722039200579,-2.31113890449269,0.619631188474348
Hybrid,CS,mean,0.276298908208406,E9b,0.25,-0.130194856131429,0.0571668379420005,51.6696457056391,-2.31119611715216,0.619652092054146
Hybrid,CS,mean,0.287896110026556,E9b,0.25,-0.130194856131429,0.0571653333122401,51.6669258538393,-2.31125694937789,0.619674317675652
Hybrid,CS,mean,0.299980085718997,E9b,0.25,-0.130194856131429,0.0571637396741858,51.6640451837997,-2.31132138370372,0.619697858879198
Hybrid,CS,mean,0.312571266835374,E9b,0.25,-0.130194856131429,0.0571620578317451,51.6610051620616,-2.31138938822533,0.619722703926155
Hybrid,CS,mean,0.325690942506732,E9b,0.25,-0.130194856131429,0.0571602889202566,51.6578078547902,-2.31146091766159,0.619748836187359
Hybrid,CS,mean,0.339361295441117,E9b,0.25,-0.130194856131429,0.057158434384256,51.6544558874689,-2.31153591424839,0.619776234470374
Hybrid,CS,mean,0.353605439430029,E9b,0.25,-0.130194856131429,0.0571564959619859,51.6509524167776,-2.31161430835949,0.619804873247064
Hybrid,CS,mean,0.36844745842915,E9b,0.25,-0.130194856131429,0.0571544756789416,51.6473011187953,-2.31169601876164,0.6198347227476
Hybrid,CS,mean,0.38391244727943,E9b,0.25,-0.130194856131429,0.0571523758522619,51.6435061967938,-2.31178095243068,0.619865748894147
Hybrid,CS,mean,0.400026554137359,E9b,0.25,-0.130194856131429,0.0571501991071269,51.6395724107197,-2.31186900388142,0.619897913056994
Hybrid,CS,mean,0.4168170246862,E9b,0.25,-0.130194856131429,0.0571479484055445,51.635505129046,-2.31196005399556,0.619931171627476
Hybrid,CS,mean,0.434312248202902,E9b,0.25,-0.130194856131429,0.0571456270870108,51.6313104020604,-2.3120539683683,0.619965475415167
Hybrid,CS,mean,0.452541805558606,E9b,0.25,-0.130194856131429,0.0571432389195794,51.626995053932,-2.31215059523249,0.620000768891009
Hybrid,CS,mean,0.471536519233894,E9b,0.25,-0.130194856131429,0.0571407881589072,51.6225667891615,-2.31224976305866,0.620036989312179
Hybrid,CS,mean,0.491328505433342,E9b,0.25,-0.130194856131429,0.0571382796119459,51.6180343073852,-2.31235127796524,0.620074065777952
Hybrid,CS,mean,0.511951228387509,E9b,0.25,-0.130194856131429,0.057135718701167,51.6134074191061,-2.31245492110559,0.620111918277258
Hybrid,CS,mean,0.533439556934147,E9b,0.25,-0.130194856131429,0.0571331115246317,51.6086971538782,-2.31256044622138,0.620150456797279
Hybrid,CS,mean,0.555829823474338,E9b,0.25,-0.130194856131429,0.0571304649068948,51.6039158518984,-2.31266757756548,0.620189580567192
Hybrid,CS,mean,0.579159885403199,E9b,0.25,-0.130194856131429,0.0571277864357186,51.5990772299368,-2.31277600839806,0.620229177511408
Hybrid,CS,mean,0.603469189119055,E9b,0.25,-0.130194856131429,0.0571250844798936,51.5941964131235,-2.31288540024693,0.620269123981989
Hybrid,CS,mean,0.628798836719292,E9b,0.25,-0.130194856131429,0.0571223681841174,51.5892899252953,-2.31299538309678,0.620309284830263
Hybrid,CS,mean,0.655191655495656,E9b,0.25,-0.130194856131429,0.0571196474378466,51.5843756323509,-2.3131055566333,0.620349513863485
Hybrid,CS,mean,0.682692270346511,E9b,0.25,-0.130194856131429,0.0571169328162495,51.5794726352591,-2.31321549261885,0.620389654714438
Hybrid,CS,mean,0.711347179228481,E9b,0.25,-0.130194856131429,0.0571142354927774,51.5746011118679,-2.31332473842054,0.620429542131412
Hybrid,CS,mean,0.741204831775056,E9b,0.25,-0.130194856131429,0.057111567124325,51.5697821092998,-2.31343282165241,0.620469003674382
Hybrid,CS,mean,0.772315711215085,E9b,0.25,-0.130194856131429,0.0571089397113863,51.5650372912932,-2.3135392558352,0.620507861782089
Hybrid,CS,mean,0.804732419729668,E9b,0.25,-0.130194856131429,0.0571063654368996,51.560388647183,-2.3136435469249,0.620545936155531
Hybrid,CS,mean,0.838509767391766,E9b,0.25,-0.130194856131429,0.057103856488553,51.5558581711454,-2.3137452005173,0.620583046387433
Hybrid,CS,mean,0.873704864838903,E9b,0.25,-0.130194856131429,0.0571014248701059,51.5514675217448,-2.31384372950365,0.620619014755549
Hybrid,CS,mean,0.910377219835665,E9b,0.25,-0.130194856131429,0.0570990822077482,51.5472376726511,-2.31393866193333,0.620653669090722
Hybrid,CS,mean,0.948588837889245,E9b,0.25,-0.130194856131429,0.0570968395576559,51.5431885656382,-2.31402954883344,0.620686845628456
Hybrid,CS,mean,0.988404327088169,E9b,0.25,-0.130194856131429,0.0570947072207401,51.5393387766731,-2.31411597174148,0.620718391755118
Hybrid,CS,mean,1.02989100734146,E9b,0.25,-0.130194856131429,0.0570926945701693,51.5357052051443,-2.31419754972385,0.620748168565976
Hybrid,CS,mean,1.07311902420292,E9b,0.25,-0.130194856131429,0.0570908098966371,51.5323027951807,-2.31427394567756,0.620776053161221
Hybrid,CS,mean,1.11816146747305,E9b,0.25,-0.130194856131429,0.057089060275619,51.5291442966876,-2.31434487174146,0.620801940616872
Hybrid,CS,mean,1.16509449477906,E9b,0.25,-0.130194856131429,0.0570874514600714,51.5262400723057,-2.31441009367583,0.620825745579157
Hybrid,CS,mean,1.21399746034191,E9b,0.25,-0.130194856131429,0.0570859878012345,51.5235979550669,-2.31446943410097,0.620847403442671
Hybrid,CS,mean,1.26495304914824,E9b,0.25,-0.130194856131429,0.0570846721994378,51.5212231601454,-2.31452277451668,0.620866871083972
Hybrid,CS,mean,1.31804741675389,E9b,0.25,-0.130194856131429,0.0570835060860926,51.5191182528235,-2.31457005605351,0.620884127132821
Hybrid,CS,mean,1.37337033495542,E9b,0.25,-0.130194856131429,0.0570824894373969,51.5172831736016,-2.3146112789338,0.620899171773154
Hybrid,CS,mean,1.43101534357603,E9b,0.25,-0.130194856131429,0.0570816208196599,51.5157153202757,-2.31464650064583,0.62091202607506
Hybrid,CS,mean,1.49107990862239,E9b,0.25,-0.130194856131429,0.0570808974655596,51.5144096857383,-2.31467583285873,0.620922730867863
Hybrid,CS,mean,1.55366558707987,E9b,0.25,-0.130194856131429,0.0570803153800592,51.5133590492073,-2.31469943712986,0.620931345173212
Hybrid,CS,mean,1.61887819862478,E9b,0.25,-0.130194856131429,0.0570798694741147,51.5125542175189,-2.31471751948093,0.620937944225894
Hybrid,CS,mean,1.68682800454401,E9b,0.25,-0.130194856131429,0.057079553723695,51.5119843120241,-2.31473032394384,0.620942617119201
Hybrid,CS,mean,1.75762989416439,E9b,0.25,-0.130194856131429,0.0570793613510143,51.5116370955108,-2.31473812520277,0.620945464120886
Hybrid,CS,mean,1.83140357910731,E9b,0.25,-0.130194856131429,0.0570792850242601,51.5114993324616,-2.31474122048414,0.62094659371492
Hybrid,CS,mean,1.90827379569669,E9b,0.25,-0.130194856131429,0.057079317071509,51.5115571748926,-2.31473992087,0.620946119433013
Hybrid,CS,mean,1.98837051586284,E9b,0.25,-0.130194856131429,0.0570794497039905,51.5117965650586,-2.31473454223195,0.620944156547713
Hybrid,CS,mean,2.07182916689858,E9b,0.25,-0.130194856131429,0.0570796752434217,51.5122036455161,-2.31472539600066,0.620940818705388
Hybrid,CS,mean,2.15879086043929,E9b,0.25,-0.130194856131429,0.0570799863478219,51.5127651664717,-2.31471277999806,0.620936214581966
Hybrid,CS,mean,2.24940263105407,E9b,0.25,-0.130194856131429,0.0570803762300654,51.5134688800611,-2.31469696956598,0.620930444646566
Hybrid,CS,mean,2.3438176848513,E9b,0.25,-0.130194856131429,0.0570808388634539,51.5143039112509,-2.31467820922321,0.620923598117709
Hybrid,CS,mean,2.4421956585191,E9b,0.25,-0.130194856131429,0.0570813691688154,51.515261095448,-2.31465670507427,0.620915750193491
Hybrid,CS,mean,2.54470288923857,E9b,0.25,-0.130194856131429,0.0570819631780501,51.5163332736556,-2.31463261817568,0.620906959630874
Hybrid,CS,mean,2.65151269592615,E9b,0.25,-0.130194856131429,0.0570826181696543,51.5175155371057,-2.31460605904122,0.620897266740261
Hybrid,CS,mean,2.76280567228076,E9b,0.25,-0.130194856131429,0.0570833327725242,51.5188054146927,-2.31457708343569,0.62088669185002
Hybrid,CS,mean,2.87876999213107,E9b,0.25,-0.130194856131429,0.0570841070352612,51.5202029981858,-2.31454568957003,0.62087523428208
Hybrid,CS,mean,2.99960172759923,E9b,0.25,-0.130194856131429,0.0570849424592092,51.5217110020273,-2.314511816769,0.620862871864679
Hybrid,CS,mean,3.12550518061903,E9b,0.25,-0.130194856131429,0.0570858419945397,51.5233347564706,-2.31447534563922,0.620849560992423
Hybrid,CS,mean,3.25669322836902,E9b,0.25,-0.130194856131429,0.057086809999784,51.5250821347827,-2.31443609972107,0.620835237227619
Hybrid,CS,mean,3.39338768320454,E9b,0.25,-0.130194856131429,0.0570878521662825,51.5269634171518,-2.31439384856475,0.620819816421163
Hybrid,CS,mean,3.53581966769745,E9b,0.25,-0.130194856131429,0.0570889754100055,51.5289910957355,-2.31434831213072,0.620803196316601
Hybrid,CS,mean,3.68423000541744,E9b,0.25,-0.130194856131429,0.0570901877340877,51.5311796268725,-2.31429916637897,0.620785258587847
Hybrid,CS,mean,3.83886962811578,E9b,0.25,-0.130194856131429,0.0570914980661601,51.5335451378285,-2.31424604988132,0.620765871250124
Hybrid,CS,mean,4,E9b,0.25,-0.130194856131429,0.0570929160751437,51.5361050964892,-2.31418857126726,0.620744891375022
Hybrid,CS,mean_decayed,0,E9,0.25,-0.130194856131429,0.0531465890550815,44.6578628380383,-2.48602546711858,0.681461327299079
Hybrid,CS,mean_decayed,0.03,E9,0.25,-0.130194856127906,0.0531465890550659,44.657862838012,-2.48602546705204,0.681461327276432
Hybrid,CS,mean_decayed,0.0312592016986259,E9,0.25,-0.130194856122493,0.0531465890550419,44.6578628379716,-2.48602546694981,0.681461327241639
Hybrid,CS,mean_decayed,0.0325712563611792,E9,0.25,-0.130194856109599,0.0531465890549846,44.6578628378755,-2.48602546670628,0.681461327158751
Hybrid,CS,mean_decayed,0.0339383824057251,E9,0.25,-0.130194856079983,0.0531465890548532,44.6578628376545,-2.48602546614692,0.681461326968369
Hybrid,CS,mean_decayed,0.0353628913648552,E9,0.25,-0.130194856014303,0.0531465890545616,44.6578628371646,-2.48602546490641,0.681461326546158
Hybrid,CS,mean_decayed,0.0368471917940202,E9,0.25,-0.130194855873463,0.0531465890539365,44.6578628361139,-2.48602546224636,0.681461325640795
Hybrid,CS,mean_decayed,0.0383937933439077,E9,0.25,-0.130194855581053,0.0531465890526385,44.6578628339326,-2.48602545672362,0.681461323761101
Hybrid,CS,mean_decayed,0.0400053110037523,E9,0.25,-0.130194854992494,0.053146589050026,44.6578628295422,-2.4860254456075,0.681461319977673
Hybrid,CS,mean_decayed,0.0416844695227518,E9,0.25,-0.13019485384259,0.0531465890449217,44.6578628209642,-2.48602542388923,0.681461312585749
Hybrid,CS,mean_decayed,0.0434341080170641,E9,0.25,-0.130194851659226,0.0531465890352301,44.6578628046769,-2.486025382652,0.681461298550447
Hybrid,CS,mean_decayed,0.045257184770177,E9,0.25,-0.130194847625744,0.0531465890173261,44.6578627745883,-2.48602530647156,0.681461272622046
Hybrid,CS,mean_decayed,0.0471567822347647,E9,0.25,-0.130194840368001,0.0531465889851101,44.6578627204476,-2.48602516939445,0.681461225967143
Hybrid,CS,mean_decayed,0.0491361122444897,E9,0.25,-0.130194827634456,0.053146588928588,44.657862625459,-2.48602492889575,0.681461144112167
Hybrid,CS,mean_decayed,0.0511985214445608,E9,0.25,-0.130194805829073,0.0531465888317976,44.6578624627975,-2.4860245170571,0.681461003940729
Hybrid,CS,mean_decayed,0.0533474969502316,E9,0.25,-0.130194769348008,0.0531465886698648,44.6578621906606,-2.48602382803854,0.681460769429595
Hybrid,CS,mean_decayed,0.055586672242804,E9,0.25,-0.130194709662799,0.0531465884049342,44.6578617454304,-2.48602270076281,0.681460385755134
Hybrid,CS,mean_decayed,0.0579198333131074,E9,0.25,-0.130194614086292,0.0531465879806926,44.6578610324692,-2.48602089560728,0.681459771360136
Hybrid,CS,mean_decayed,0.0603509250628405,E9,0.25,-0.130194464154012,0.0531465873151864,44.6578599140495,-2.48601806383265,0.681458807548377
Hybrid,CS,mean_decayed,0.0628840579745996,E9,0.25,-0.130194233554579,0.0531465862916406,44.6578581939244,-2.48601370849455,0.681457325179914
Hybrid,CS,mean_decayed,0.0655235150618698,E9,0.25,-0.130193885549339,0.0531465847470168,44.6578555980981,-2.48600713570731,0.681455088081861
Hybrid,CS,mean_decayed,0.0682737591107313,E9,0.25,-0.1301933698345,0.0531465824581078,44.6578517514571,-2.48599739537785,0.681451772873619
Hybrid,CS,mean_decayed,0.0711394402255249,E9,0.25,-0.130192618819328,0.0531465791250628,44.6578461500829,-2.4859832109095,0.681446945034907
Hybrid,CS,mean_decayed,0.0741254036912341,E9,0.25,-0.130191543321127,0.0531465743523641,44.6578381292798,-2.48596289788835,0.681440031218388
Hybrid,CS,mean_decayed,0.0772366981658785,E9,0.25,-0.130190027710815,0.0531465676274339,44.6578268276197,-2.48593427238943,0.681430288019759
Hybrid,CS,mean_decayed,0.0804785842167695,E9,0.25,-0.130187924580312,0.0531465582972347,44.6578111476136,-2.48589455024496,0.681416767655658
Hybrid,CS,mean_decayed,0.0838565432150617,E9,0.25,-0.130185049042069,0.0531465455434248,44.6577897139492,-2.48584023935487,0.681398281247451
Hybrid,CS,mean_decayed,0.0873762866036384,E9,0.25,-0.130181172809013,0.0531465283568316,44.6577608305781,-2.48576702783445,0.681373360647545
Hybrid,CS,mean_decayed,0.0910437655540025,E9,0.25,-0.130176018236659,0.0531465055121983,44.6577224382533,-2.48566967142351,0.68134021995291
Hybrid,CS,mean_decayed,0.0948651810284991,E9,0.25,-0.130169252534813,0.053146475544328,44.6576720744029,-2.48554188406434,0.681296718007138
Hybrid,CS,mean_decayed,0.0988469942648838,E9,0.25,-0.130160482371475,0.0531464367268795,44.6576068374431,-2.48537623583814,0.681240323279329
Hybrid,CS,mean_decayed,0.102995937700964,E9,0.25,-0.130149249093971,0.05314638705515,44.6575233577651,-2.48516406249229,0.681168082512174
Hybrid,CS,mean_decayed,0.107319026357785,E9,0.25,-0.13013502478098,0.0531463242341975,44.6574177776659,-2.48489539057207,0.681076594446102
Hybrid,CS,mean_decayed,0.111823569700605,E9,0.25,-0.130117209313995,0.0531462456736117,44.6572857424081,-2.48455888169278,0.680961989752939
Hybrid,CS,mean_decayed,0.116517183997718,E9,0.25,-0.130095128619253,0.0531461484901181,44.6571224043904,-2.48414179877656,0.680819918060329
Hybrid,CS,mean_decayed,0.12140780519802,E9,0.25,-0.130068034183594,0.0531460295190121,44.6569224420919,-2.48362999618,0.680645542634883
Hybrid,CS,mean_decayed,0.126503702349079,E9,0.25,-0.1300351038937,0.0531458853351563,44.6566800950081,-2.48300793461778,0.680433542940418
Hybrid,CS,mean_decayed,0.131813491578427,E9,0.25,-0.129995444191454,0.0531457122839562,44.6563892152632,-2.48225872072179,0.680178124924757
Hybrid,CS,mean_decayed,0.137346150661672,E9,0.25,-0.129948093483168,0.0531455065223554,44.6560433359559,-2.4813641700423,0.679873038542592
Hybrid,CS,mean_decayed,0.143111034202102,E9,0.25,-0.129892026691066,0.0531452640694849,44.6556357556129,-2.48030489137554,0.679511601718782
Hybrid,CS,mean_decayed,0.149117889447416,E9,0.25,-0.129826160795033,0.053144980866179,44.6551596374154,-2.47906038955295,0.679086729717946
Hybrid,CS,mean_decayed,0.155376872770339,E9,0.25,-0.129749361183821,0.0531446528421412,44.6546081211544,-2.47760918329794,0.678590968728126
Hybrid,CS,mean_decayed,0.161898566840992,E9,0.25,-0.12966044861891,0.0531442759891543,44.6539744452116,-2.47592893447211,0.67801653239563
Hybrid,CS,mean_decayed,0.168693998520034,E9,0.25,-0.129558206611273,0.0531438464383734,44.653252075277,-2.47399658499425,0.677355340065367
Hybrid,CS,mean_decayed,0.175774657502848,E9,0.25,-0.129441389020403,0.0531433605394651,44.6524348360647,-2.47178849790508,0.676599055577639
Hybrid,CS,mean_decayed,0.183152515746281,E9,0.25,-0.1293087277042,0.0531428149391747,44.6515170419807,-2.46928059942796,0.675739125635077
Hybrid,CS,mean_decayed,0.190840047710792,E9,0.25,-0.12915894007511,0.0531422066568259,44.6504936225948,-2.4664485193926,0.674766816963704
Hybrid,CS,mean_decayed,0.198850251452234,E9,0.25,-0.128990736449264,0.0531415331543121,44.6493602388613,-2.46326772798564,0.67367325173
Hybrid,CS,mean_decayed,0.207196670598929,E9,0.25,-0.128802827108273,0.0531407923983166,44.6481133863577,-2.45971366741247,0.672449440921111
Hybrid,CS,mean_decayed,0.215893417251189,E9,0.25,-0.128593929025095,0.0531399829128078,44.6467504823417,-2.4557618776455,0.671086315629784
Hybrid,CS,mean_decayed,0.224955195842017,E9,0.25,-0.128362772233627,0.0531391038202805,44.6452699341588,-2.45138811595281,0.669574756394804
Hybrid,CS,mean_decayed,0.234397327999317,E9,0.25,-0.128108105844903,0.0531381548707338,44.6436711874216,-2.44656847031829,0.667905620920865
Hybrid,CS,mean_decayed,0.244235778451654,E9,0.25,-0.127828703729995,0.0531371364579685,44.6419547533867,-2.44127946716314,0.666069770633662
Hybrid,CS,mean_decayed,0.254487182021372,E9,0.25,-0.127523369900688,0.0531360496234151,44.6401222160176,-2.4354981739567,0.664058096614719
Hybrid,CS,mean_decayed,0.2651688717507,E9,0.25,-0.127190943624091,0.0531348960483281,44.6381762202666,-2.42920229737092,0.661861545508558
Hybrid,CS,mean_decayed,0.276298908208406,E9,0.25,-0.126830304307376,0.0531336780357722,44.6361204440858,-2.42237027760321,0.659471146006869
Hybrid,CS,mean_decayed,0.287896110026556,E9,0.25,-0.126440376184724,0.0531323984843325,44.6339595575032,-2.41498137939053,0.656878036496968
Hybrid,CS,mean_decayed,0.299980085718997,E9,0.25,-0.126020132831651,0.0531310608558816,44.6316991727275,-2.4070157800862,0.654073494421385
Hybrid,CS,mean_decayed,0.312571266835374,E9,0.25,-0.125568601523117,0.0531296691399879,44.6293457896146,-2.39845465499348,0.651048967839001
Hybrid,CS,mean_decayed,0.325690942506732,E9,0.25,-0.125084867442367,0.053128227817641,44.6269067409168,-2.38928025996683,0.647796109609987
Hybrid,CS,mean_decayed,0.339361295441117,E9,0.25,-0.124568077737956,0.0531267418268815,44.6243901415024,-2.37947601111832,0.644306814552378
Hybrid,CS,mean_decayed,0.353605439430029,E9,0.25,-0.124017445417668,0.0531252165326462,44.6218048451918,-2.36902656131561,0.640573259838549
Hybrid,CS,mean_decayed,0.36844745842915,E9,0.25,-0.123432253060307,0.0531236577026871,44.6191604120076,-2.35791787303559,0.636587948818003
Hybrid,CS,mean_decayed,0.38391244727943,E9,0.25,-0.122811856320092,0.0531220714908001,44.6164670875221,-2.34613728705031,0.632343758368495
Hybrid,CS,mean_decayed,0.400026554137359,E9,0.25,-0.122155687193707,0.0531204644278439,44.6137357946511,-2.33367358636977,0.627833989791478
Hybrid,CS,mean_decayed,0.4168170246862,E9,0.25,-0.121463257017197,0.0531188434201665,44.6109781367634,-2.32051705485114,0.623052423179745
Hybrid,CS,mean_decayed,0.434312248202902,E9,0.25,-0.120734159158896,0.0531172157541479,44.6082064094418,-2.30665952990483,0.617993375095699
Hybrid,CS,mean_decayed,0.452541805558606,E9,0.25,-0.119968071375621,0.0531155891046589,44.6054336167404,-2.29209444878287,0.612651759307777
Hybrid,CS,mean_decayed,0.471536519233894,E9,0.25,-0.119164757802353,0.0531139715444066,44.6026734864591,-2.2768168880218,0.60702315024104
Hybrid,CS,mean_decayed,0.491328505433342,E9,0.25,-0.118324070550669,0.0531123715504426,44.5999404779032,-2.26082359572633,0.601103848706036
Hybrid,CS,mean_decayed,0.511951228387509,E9,0.25,-0.117445950897949,0.0531107980036329,44.597249774943,-2.24411301651515,0.594890949378439
Hybrid,CS,mean_decayed,0.533439556934147,E9,0.25,-0.116530430057747,0.0531092601766823,44.594617257013,-2.22668530909966,0.588382409410389
Hybrid,CS,mean_decayed,0.555829823474338,E9,0.25,-0.11557762953102,0.0531077677064152,44.5920594410732,-2.20854235661927,0.581577117462812
Hybrid,CS,mean_decayed,0.579159885403199,E9,0.25,-0.114587761047841,0.0531063305464754,44.5895933885196,-2.18968777000415,0.574474962356119
Hybrid,CS,mean_decayed,0.603469189119055,E9,0.25,-0.113561126118838,0.0531049588974009,44.5872365725537,-2.1701268847665,0.567076900443573
Hybrid,CS,mean_decayed,0.628798836719292,E9,0.25,-0.112498115224431,0.0531036631121396,44.5850067035355,-2.14986675172414,0.559385020717735
Hybrid,CS,mean_decayed,0.655191655495656,E9,0.25,-0.111399206677129,0.0531024535764131,44.5829215122197,-2.12891612222834,0.551402606566003
Hybrid,CS,mean_decayed,0.682692270346511,E9,0.25,-0.110264965197204,0.0531013405648325,44.580998493339,-2.10728542849479,0.543134192997989
Hybrid,CS,mean_decayed,0.711347179228481,E9,0.25,-0.109096040244481,0.0531003340751909,44.579254614553,-2.08498675962048,0.534585618078665
Hybrid,CS,mean_decayed,0.741204831775056,E9,0.25,-0.107893164148577,0.0530994436447917,44.577705998114,-2.06203383381174,0.525764067220966
Hybrid,CS,mean_decayed,0.772315711215085,E9,0.25,-0.106657150076655,0.0530986781538873,44.5763675845075,-2.038441967254,0.516678108926051
Hybrid,CS,mean_decayed,0.804732419729668,E9,0.25,-0.105388889871838,0.053098045622212,44.5752527886561,-2.01422803992963,0.507337720516143
Hybrid,CS,mean_decayed,0.838509767391766,E9,0.25,-0.104089351787368,0.0530975530051185,44.5743731599183,-1.98941045854625,0.497754302391287
Hybrid,CS,mean_decayed,0.873704864838903,E9,0.25,-0.102759578131896,0.0530972059959471,44.5737380570493,-1.96400911658455,0.487940679366449
Hybrid,CS,mean_decayed,0.910377219835665,E9,0.25,-0.101400682830806,0.0530970088409877,44.5733543485653,-1.93804535132277,0.477911087716741
Hybrid,CS,mean_decayed,0.948588837889245,E9,0.25,-0.100013848897902,0.0530969641727951,44.5732261476834,-1.91154189755533,0.467681146682933
Hybrid,CS,mean_decayed,0.988404327088169,E9,0.25,-0.0986003258019699,0.0530970728667839,44.5733545893756,-1.88452283760333,0.457267813372239
Hybrid,CS,mean_decayed,1.02989100734146,E9,0.25,-0.0971614267043312,0.0530973339250625,44.5737376552744,-1.85701354712414,0.446689320233043
Hybrid,CS,mean_decayed,1.07311902420292,E9,0.25,-0.0956985255371606,0.0530977443904935,44.5743700504036,-1.82904063616989,0.435965094586573
Hybrid,CS,mean_decayed,1.11816146747305,E9,0.25,-0.0942130538884242,0.053098299293074,44.5752431341583,-1.80063188492537,0.425115660059868
Hybrid,CS,mean_decayed,1.16509449477906,E9,0.25,-0.0927064976580977,0.0530989916299972,44.5763449067387,-1.77181617357681,0.414162520176012
Hybrid,CS,mean_decayed,1.21399746034191,E9,0.25,-0.0911803934518728,0.0530998123802191,44.5776600514141,-1.74262340582343,0.403128024807784
Hybrid,CS,mean_decayed,1.26495304914824,E9,0.25,-0.0896363246827377,0.053100750554,44.5791700325448,-1.7130844256442,0.392035220676669
Hybrid,CS,mean_decayed,1.31804741675389,E9,0.25,-0.0880759173573505,0.0531017932776926,44.5808532491299,-1.68323092706753,0.380907687561921
Hybrid,CS,mean_decayed,1.37337033495542,E9,0.25,-0.0865008355325932,0.0531029259139288,44.5826852436696,-1.65309535685934,0.369769362355347
Hybrid,CS,mean_decayed,1.43101534357603,E9,0.25,-0.0849127764376053,0.0531041322172401,44.5846389661592,-1.62271081023641,0.358644353534857
Hybrid,CS,mean_decayed,1.49107990862239,E9,0.25,-0.0833134652674002,0.0531053945249436,44.5866850929283,-1.59211091992123,0.347556749012335
Hybrid,CS,mean_decayed,1.55366558707987,E9,0.25,-0.081704649665296,0.0531066939827733,44.5887923996583,-1.56132973907164,0.336530420618193
Hybrid,CS,mean_decayed,1.61887819862478,E9,0.25,-0.0800880939223023,0.0531080108041754,44.5909281871667,-1.53040161883391,0.3255888286982
Hybrid,CS,mean_decayed,1.68682800454401,E9,0.25,-0.0784655729318017,0.0531093245614092,44.5930587573942,-1.49936108147126,0.314754830403191
Hybrid,CS,mean_decayed,1.75762989416439,E9,0.25,-0.0768388659469249,0.05311061450561,44.5951499354896,-1.46824269020261,0.304050495239923
Hybrid,CS,mean_decayed,1.83140357910731,E9,0.25,-0.0752097501956015,0.0531118599118195,44.5971676320266,-1.43708091703751,0.293496931317951
Hybrid,CS,mean_decayed,1.90827379569669,E9,0.25,-0.0735799944141401,0.0531130404437537,44.5990784373331,-1.40591001000827,0.283114125476119
Hybrid,CS,mean_decayed,1.98837051586284,E9,0.25,-0.0719513523641978,0.0531141365318335,44.6008502378063,-1.37476386127167,0.272920800112348
Hybrid,CS,mean_decayed,2.07182916689858,E9,0.25,-0.0703255564000929,0.0531151297568588,44.6024528421086,-1.34367587757861,0.262934289086888
Hybrid,CS,mean_decayed,2.15879086043929,E9,0.25,-0.068704311153627,0.0531160032307424,44.6038586034444,-1.31267885458922,0.253170434542741
Hybrid,CS,mean_decayed,2.24940263105407,E9,0.25,-0.0670892874020167,0.0531167419650413,44.6050430228636,-1.28180485644599,0.243643505910833
Hybrid,CS,mean_decayed,2.3438176848513,E9,0.25,-0.0654821161813576,0.0531173332176755,44.6059853178453,-1.25108510191073,0.234366141767873
Hybrid,CS,mean_decayed,2.4421956585191,E9,0.25,-0.063884383203458,0.0531177668082654,44.6066689403666,-1.22054985823054,0.225349314617547
Hybrid,CS,mean_decayed,2.54470288923857,E9,0.25,-0.0622976236281327,0.0531180353929687,44.6070820292921,-1.19022834372802,0.216602318095751
Hybrid,CS,mean_decayed,2.65151269592615,E9,0.25,-0.0607233172363903,0.0531181346905353,44.6072177832302,-1.16014863992197,0.208132775579503
Hybrid,CS,mean_decayed,2.76280567228076,E9,0.25,-0.059162884042633,0.0531180636525088,44.6070747419367,-1.13033761378333,0.199946668725428
Hybrid,CS,mean_decayed,2.87876999213107,E9,0.25,-0.0576176803762886,0.0531178245720171,44.6066569668172,-1.10082085052639,0.192048384090179
Hybrid,CS,mean_decayed,2.99960172759923,E9,0.25,-0.0560889954554207,0.0531174231273519,44.605974113974,-1.07162259713447,0.184440775699916
Hybrid,CS,mean_decayed,3.12550518061903,E9,0.25,-0.0545780484670553,0.0531168683584502,44.605041396417,-1.0427657166287,0.177125241242397
Hybrid,CS,mean_decayed,3.25669322836902,E9,0.25,-0.0530859861613924,0.0531161725763697,44.6038794353636,-1.01427165291494,0.170101809451243
Hybrid,CS,mean_decayed,3.39338768320454,E9,0.25,-0.0516138809599063,0.053115351207816,44.6025140038428,-0.98616040588945,0.163369236231866
Hybrid,CS,mean_decayed,3.53581966769745,E9,0.25,-0.0501627295707056,0.0531144225786349,44.6009756689397,-0.958450516354115,0.156925107133679
Hybrid,CS,mean_decayed,3.68423000541744,E9,0.25,-0.0487334520985199,0.0531134076418655,44.599299341854,-0.931159060185388,0.150765943891827
Hybrid,CS,mean_decayed,3.83886962811578,E9,0.25,-0.0473268916313725,0.0531123296573915,44.5975237473801,-0.904301651120761,0.144887312931479
Hybrid,CS,mean_decayed,4,E9,0.25,-0.0459438142814328,0.0531112138313819,44.5956908263768,-0.877892451469439,0.139283933935484
Hybrid,CS,mean_decayed,0,E9b,0.25,-0.130194856131429,0.0571811258989558,51.6954769727791,-2.31061861417162,0.619441074092276
Hybrid,CS,mean_decayed,0.03,E9b,0.25,-0.130194856128714,0.0571811258989393,51.6954769727494,-2.3106186141241,0.61944107407491
Hybrid,CS,mean_decayed,0.0312592016986259,E9b,0.25,-0.130194856124542,0.057181125898914,51.6954769727036,-2.31061861405108,0.619441074048228
Hybrid,CS,mean_decayed,0.0325712563611792,E9b,0.25,-0.130194856114604,0.0571811258988537,51.6954769725945,-2.31061861387714,0.619441073984666
Hybrid,CS,mean_decayed,0.0339383824057251,E9b,0.25,-0.130194856091778,0.0571811258987152,51.6954769723441,-2.31061861347764,0.619441073838674
Hybrid,CS,mean_decayed,0.0353628913648552,E9b,0.25,-0.130194856041156,0.0571811258984081,51.6954769717887,-2.31061861259165,0.619441073514904
Hybrid,CS,mean_decayed,0.0368471917940202,E9b,0.25,-0.130194855932606,0.0571811258977494,51.6954769705978,-2.31061861069178,0.619441072820634
Hybrid,CS,mean_decayed,0.0383937933439077,E9b,0.25,-0.130194855707237,0.0571811258963819,51.6954769681252,-2.31061860674732,0.619441071379205
Hybrid,CS,mean_decayed,0.0400053110037523,E9b,0.25,-0.130194855253616,0.0571811258936294,51.6954769631484,-2.31061859880796,0.619441068477913
Hybrid,CS,mean_decayed,0.0416844695227518,E9b,0.25,-0.130194854367348,0.0571811258882517,51.6954769534248,-2.31061858329632,0.619441062809474
Hybrid,CS,mean_decayed,0.0434341080170641,E9b,0.25,-0.13019485268456,0.057181125878041,51.6954769349624,-2.31061855384384,0.619441052046613
Hybrid,CS,mean_decayed,0.045257184770177,E9b,0.25,-0.130194849575828,0.0571811258591779,51.6954769008554,-2.3106184994342,0.619441032163621
Hybrid,CS,mean_decayed,0.0471567822347647,E9b,0.25,-0.130194843982055,0.0571811258252361,51.6954768394842,-2.3106184015309,0.619440996386675
Hybrid,CS,mean_decayed,0.0491361122444897,E9b,0.25,-0.130194834167908,0.0571811257656861,51.69547673181,-2.31061822976176,0.619440933616833
Hybrid,CS,mean_decayed,0.0511985214445608,E9b,0.25,-0.130194817361809,0.0571811256637106,51.695476547425,-2.31061793561809,0.61944082612748
Hybrid,CS,mean_decayed,0.0533474969502316,E9b,0.25,-0.130194789244695,0.0571811254931028,51.6954762389439,-2.31061744350681,0.619440646294509
Hybrid,CS,mean_decayed,0.055586672242804,E9b,0.25,-0.130194743243412,0.0571811252139792,51.6954757342519,-2.31061663838322,0.619440352076913
Hybrid,CS,mean_decayed,0.0579198333131074,E9b,0.25,-0.130194669579568,0.0571811247670089,51.695474926071,-2.31061534910388,0.619439880933355
Hybrid,CS,mean_decayed,0.0603509250628405,E9b,0.25,-0.130194554022005,0.0571811240658456,51.695473658276,-2.31061332659203,0.619439141842985
Hybrid,CS,mean_decayed,0.0628840579745996,E9b,0.25,-0.13019437629171,0.0571811229874536,51.6954717084019,-2.31061021591979,0.619438005103136
Hybrid,CS,mean_decayed,0.0655235150618698,E9b,0.25,-0.130194108073038,0.0571811213600481,51.6954687658393,-2.31060552149982,0.619436289608676
Hybrid,CS,mean_decayed,0.0682737591107313,E9b,0.25,-0.130193710595259,0.0571811189484385,51.6954644053321,-2.31059856475631,0.619433747382467
Hybrid,CS,mean_decayed,0.0711394402255249,E9b,0.25,-0.130193131764054,0.0571811154366559,51.6954580555666,-2.31058843391818,0.619430045225918
Hybrid,CS,mean_decayed,0.0741254036912341,E9b,0.25,-0.130192302843488,0.0571811104078839,51.6954489628818,-2.31057392594346,0.619424743492002
Hybrid,CS,mean_decayed,0.0772366981658785,E9b,0.25,-0.130191134714564,0.0571811033218699,51.6954361504265,-2.31055348103022,0.619417272145658
Hybrid,CS,mean_decayed,0.0804785842167695,E9b,0.25,-0.1301895137652,0.0571810934901861,51.6954183734261,-2.31052511067286,0.61940690445957
Hybrid,CS,mean_decayed,0.0838565432150617,E9b,0.25,-0.130187297496695,0.0571810800499086,51.6953940715877,-2.31048632074962,0.619392728884725
Hybrid,CS,mean_decayed,0.0873762866036384,E9b,0.25,-0.13018430996096,0.0571810619364844,51.6953613200361,-2.31043403163797,0.619373619819998
Hybrid,CS,mean_decayed,0.0910437655540025,E9b,0.25,-0.130180337168575,0.0571810378567465,51.6953177805154,-2.310364497804,0.619348208167091
Hybrid,CS,mean_decayed,0.0948651810284991,E9b,0.25,-0.130175122627556,0.0571810062631966,51.6952606548766,-2.31027322965732,0.619314852680472
Hybrid,CS,mean_decayed,0.0988469942648838,E9b,0.25,-0.130168363184395,0.0571809653307912,51.6951866430894,-2.31015492066446,0.619271613192354
Hybrid,CS,mean_decayed,0.102995937700964,E9b,0.25,-0.130159705340795,0.0571809129375313,51.6950919081213,-2.31000338274488,0.619216226800175
Hybrid,CS,mean_decayed,0.107319026357785,E9b,0.25,-0.130148742210767,0.0571808466501507,51.6949720500277,-2.30981149281711,0.619146088042995
Hybrid,CS,mean_decayed,0.111823569700605,E9b,0.25,-0.130135011263377,0.05718076371613,51.6948220914656,-2.30957115302183,0.619058233964604
Hybrid,CS,mean_decayed,0.116517183997718,E9b,0.25,-0.130117992967488,0.0571806610631175,51.6946364765837,-2.30927326664004,0.618949334771842
Hybrid,CS,mean_decayed,0.12140780519802,E9b,0.25,-0.13009711041819,0.0571805353066289,51.6944090848627,-2.30890773108265,0.61881569055929
Hybrid,CS,mean_decayed,0.126503702349079,E9b,0.25,-0.130071729982887,0.057180382766629,51.6941332609882,-2.30846344859795,0.618653234303542
Hybrid,CS,mean_decayed,0.131813491578427,E9b,0.25,-0.130041162961304,0.0571801994932716,51.693801861258,-2.30792835458118,0.618457541051773
Hybrid,CS,mean_decayed,0.137346150661672,E9b,0.25,-0.130004668211198,0.0571799813017248,51.6934073163806,-2.30728946263111,0.618223842961502
Hybrid,CS,mean_decayed,0.143111034202102,E9b,0.25,-0.129961455653421,0.0571797238156233,51.6929417098377,-2.30653292483804,0.617947049611349
Hybrid,CS,mean_decayed,0.149117889447416,E9b,0.25,-0.129910690538795,0.0571794225183152,51.6923968703016,-2.30564410524965,0.617621772812605
Hybrid,CS,mean_decayed,0.155376872770339,E9b,0.25,-0.129851498336912,0.0571790728107067,51.6917644759389,-2.30460766408129,0.617242355020929
Hybrid,CS,mean_decayed,0.161898566840992,E9b,0.25,-0.12978297009457,0.0571786700741759,51.6910361678422,-2.30340765003059,0.616802900382398
Hybrid,CS,mean_decayed,0.168693998520034,E9b,0.25,-0.129704168109153,0.0571782097367579,51.6902036693354,-2.30202759802713,0.616297307449039
Hybrid,CS,mean_decayed,0.175774657502848,E9b,0.25,-0.129614131769244,0.0571776873405921,51.689258907531,-2.30045062988064,0.615719302659982
Hybrid,CS,mean_decayed,0.183152515746281,E9b,0.25,-0.129511883429543,0.057177098608504,51.6881941333002,-2.2986595555598,0.615062473795872
Hybrid,CS,mean_decayed,0.190840047710792,E9b,0.25,-0.129396434207852,0.0571764395075667,51.6870020357749,-2.29663697320311,0.614320302762253
Hybrid,CS,mean_decayed,0.198850251452234,E9b,0.25,-0.129266789616157,0.0571757063075625,51.6856758476434,-2.29436536639109,0.613486197227504
Hybrid,CS,mean_decayed,0.207196670598929,E9b,0.25,-0.129121954963396,0.0571748956324433,51.6842094378305,-2.29182719765615,0.612553520816893
Hybrid,CS,mean_decayed,0.215893417251189,E9b,0.25,-0.128960940492241,0.057174004503169,51.6825973886694,-2.28900499763361,0.611515621733169
Hybrid,CS,mean_decayed,0.224955195842017,E9b,0.25,-0.128782766234397,0.0571730303706774,51.6808350553503,-2.28588144963541,0.61036585982383
Hybrid,CS,mean_decayed,0.234397327999317,E9b,0.25,-0.128586466587225,0.057171971138184,51.6789186062523,-2.28243946973408,0.609097632238453
Hybrid,CS,mean_decayed,0.244235778451654,E9b,0.25,-0.128371094628291,0.0571708251725252,51.6768450436895,-2.27866228266743,0.607704397910985
Hybrid,CS,mean_decayed,0.254487182021372,E9b,0.25,-0.128135726193432,0.0571695913047985,51.6746122055911,-2.27453349401071,0.606179701161106
Hybrid,CS,mean_decayed,0.2651688717507,E9b,0.25,-0.127879463748372,0.0571682688211134,51.6722187496363,-2.27003715911899,0.604517194736816
Hybrid,CS,mean_decayed,0.276298908208406,E9b,0.25,-0.127601440084423,0.0571668574448057,51.6696641223345,-2.26515784932759,0.6027106626212
Hybrid,CS,mean_decayed,0.287896110026556,E9b,0.25,-0.127300821866033,0.0571653573119599,51.6669485164209,-2.2598807158302,0.600754042905121
Hybrid,CS,mean_decayed,0.299980085718997,E9b,0.25,-0.126976813052883,0.0571637689425143,51.6640728206817,-2.25419155154654,0.598641450989326
Hybrid,CS,mean_decayed,0.312571266835374,E9b,0.25,-0.126628658212594,0.0571620932095433,51.6610385668842,-2.24807685116221,0.596367203330141
Hybrid,CS,mean_decayed,0.325690942506732,E9b,0.25,-0.126255645732758,0.05716033130952,51.6578478788211,-2.24152386938563,0.593925841886814
Hybrid,CS,mean_decayed,0.339361295441117,E9b,0.25,-0.125857110933443,0.0571584847364204,51.6545034285484,-2.23452067733362,0.591312159369618
Hybrid,CS,mean_decayed,0.353605439430029,E9b,0.25,-0.125432439074135,0.0571565552624352,51.6510084046784,-2.22705621683562,0.588521225329205
Hybrid,CS,mean_decayed,0.36844745842915,E9b,0.25,-0.124981068242526,0.057154544927784,51.6473664970624,-2.21912035234541,0.585548413071014
Hybrid,CS,mean_decayed,0.38391244727943,E9b,0.25,-0.124502492106963,0.0571524560416815,51.6435819013544,-2.21070392007081,0.582389427326101
Hybrid,CS,mean_decayed,0.400026554137359,E9b,0.25,-0.123996262509893,0.0571502911958931,51.6396593458144,-2.2017987738806,0.579040332561749
Hybrid,CS,mean_decayed,0.4168170246862,E9b,0.25,-0.123461991876491,0.0571480532915424,51.6356041412976,-2.19239782752522,0.575497581773656
Hybrid,CS,mean_decayed,0.434312248202902,E9b,0.25,-0.122899355410908,0.0571457455789385,51.6314222537624,-2.18249509271436,0.571758045566265
Hybrid,CS,mean_decayed,0.452541805558606,E9b,0.25,-0.122308093052436,0.0571433717092071,51.6271203968757,-2.17208571263028,0.567819041300174
Hybrid,CS,mean_decayed,0.471536519233894,E9b,0.25,-0.121688011165349,0.0571409357954958,51.6227061405076,-2.16116599052009,0.563678362065686
Hybrid,CS,mean_decayed,0.491328505433342,E9b,0.25,-0.121038983939326,0.0571384424805441,51.6181880292049,-2.14973341309953,0.559334305229531
Hybrid,CS,mean_decayed,0.511951228387509,E9b,0.25,-0.120360954482037,0.0571358970065355,51.6135757032396,-2.13778666861084,0.554785700297079
Hybrid,CS,mean_decayed,0.533439556934147,E9b,0.25,-0.119653935591542,0.0571333052824573,51.6088800136799,-2.12532565950228,0.550031935833523
Hybrid,CS,mean_decayed,0.555829823474338,E9b,0.25,-0.118918010203237,0.0571306739437515,51.6041131222407,-2.1123515098276,0.545072985193255
Hybrid,CS,mean_decayed,0.579159885403199,E9b,0.25,-0.118153331513792,0.0571280103989041,51.5992885765356,-2.09886656759183,0.539909430813709
Hybrid,CS,mean_decayed,0.603469189119055,E9b,0.25,-0.117360122792267,0.0571253228578276,51.5944213518294,-2.08487440238469,0.53454248683637
Hybrid,CS,mean_decayed,0.628798836719292,E9b,0.25,-0.116538676895909,0.0571226203374536,51.589527851491,-2.07037979873588,0.528974019820119
Hybrid,CS,mean_decayed,0.655191655495656,E9b,0.25,-0.115689355514341,0.0571199126408507,51.5846258600284,-2.05538874568865,0.523206567308541
Hybrid,CS,mean_decayed,0.682692270346511,E9b,0.25,-0.114812588170518,0.0571172103073684,51.5797344447584,-2.03990842311465,0.517243354001454
Hybrid,CS,mean_decayed,0.711347179228481,E9b,0.25,-0.113908871009598,0.0571145245327065,51.5748738046785,-2.02394718528011,0.511088305261129
Hybrid,CS,mean_decayed,0.741204831775056,E9b,0.25,-0.112978765407426,0.0571118670593268,51.5700650678013,-2.00751454212255,0.504746057656241
Hybrid,CS,mean_decayed,0.772315711215085,E9b,0.25,-0.112022896428684,0.0571092500391486,51.5653300408769,-1.99062113861101,0.498221966213276
Hybrid,CS,mean_decayed,0.804732419729668,E9b,0.25,-0.111041951161055,0.0571066858719006,51.5606909178927,-1.97327873244875,0.491522108009197
Hybrid,CS,mean_decayed,0.838509767391766,E9b,0.25,-0.110036676946181,0.0571041870237362,51.5561699558237,-1.95550017024376,0.484653281704786
Hybrid,CS,mean_decayed,0.873704864838903,E9b,0.25,-0.109007879521417,0.0571017658316879,51.5517891276902,-1.93729936212932,0.477623002590077
Hybrid,CS,mean_decayed,0.910377219835665,E9b,0.25,-0.107956421078668,0.0570994343001855,51.547569763985,-1.91869125467572,0.47043949269649
Hybrid,CS,mean_decayed,0.948588837889245,E9b,0.25,-0.106883218238848,0.0570972038961768,51.5435321939398,-1.89969180180388,0.46311166552985
Hybrid,CS,mean_decayed,0.988404327088169,E9b,0.25,-0.105789239933036,0.0570950853493828,51.5396953979441,-1.88031793330266,0.455649104998362
Hybrid,CS,mean_decayed,1.02989100734146,E9b,0.25,-0.104675505175028,0.0570930884639233,51.5360766817874,-1.86058752047009,0.448062038153023
Hybrid,CS,mean_decayed,1.07311902420292,E9b,0.25,-0.103543080704969,0.0570912219470258,51.5326913823698,-1.84051933835032,0.440361301427049
Hybrid,CS,mean_decayed,1.11816146747305,E9b,0.25,-0.10239307848056,0.0570894932598355,51.52955261324,-1.82013302402625,0.432558300155729
Hybrid,CS,mean_decayed,1.16509449477906,E9b,0.25,-0.101226652991167,0.0570879084945474,51.5266710568887,-1.79944903045225,0.424664961277869
Hybrid,CS,mean_decayed,1.21399746034191,E9b,0.25,-0.10004499837099,0.0570864722812329,51.5240548092382,-1.77848857537181,0.41669367926157
Hybrid,CS,mean_decayed,1.26495304914824,E9b,0.25,-0.098849345290361,0.0570851877268747,51.5217092803093,-1.75727358495795,0.408657255456523
Hybrid,CS,mean_decayed,1.31804741675389,E9b,0.25,-0.0976409576088817,0.057084056388289,51.5196371536453,-1.73582663193483,0.400568831246418
Hybrid,CS,mean_decayed,1.37337033495542,E9b,0.25,-0.0964211287802779,0.057083078279801,51.5178384057465,-1.71417086808239,0.392441815551985
Hybrid,CS,mean_decayed,1.43101534357603,E9b,0.25,-0.0951911780061553,0.0570822519157666,51.516310385509,-1.69232995118409,0.384289807410064
Hybrid,CS,mean_decayed,1.49107990862239,E9b,0.25,-0.0939524461438494,0.0570815743872744,51.5150479524477,-1.67032796664515,0.376126514519363
Hybrid,CS,mean_decayed,1.55366558707987,E9b,0.25,-0.0927062913818652,0.0570810414716277,51.5140436712835,-1.64818934417646,0.367965668791202
Hybrid,CS,mean_decayed,1.61887819862478,E9b,0.25,-0.0914540847045863,0.0570806477724712,51.5132880592836,-1.62593877010158,0.359820940066805
Hybrid,CS,mean_decayed,1.68682800454401,E9b,0.25,-0.0901972051756015,0.0570803868877092,51.5127698815387,-1.60360109599305,0.351705849255094
Hybrid,CS,mean_decayed,1.75762989416439,E9b,0.25,-0.088937035075844,0.0570802516016512,51.5124764881653,-1.5812012444747,0.343633682201439
Hybrid,CS,mean_decayed,1.83140357910731,E9b,0.25,-0.0876749549384772,0.0570802340971541,51.5123941862566,-1.55876411313281,0.335617405615686
Hybrid,CS,mean_decayed,1.90827379569669,E9b,0.25,-0.0864123385269277,0.0570803261829084,51.5125086383186,-1.53631447755807,0.327669586364953
Hybrid,CS,mean_decayed,1.98837051586284,E9b,0.25,-0.085150547805519,0.057080519530492,51.5128052779673,-1.51387689458858,0.319802315374153
Hybrid,CS,mean_decayed,2.07182916689858,E9b,0.25,-0.0838909279537686,0.057080805915401,51.5132697328993,-1.49147560684209,0.312027137277165
Hybrid,CS,mean_decayed,2.15879086043929,E9b,0.25,-0.0826348024755926,0.0570811774560038,51.5138882446243,-1.46913444961198,0.304354986828251
Hybrid,CS,mean_decayed,2.24940263105407,E9b,0.25,-0.0813834684534814,0.0570816268442763,51.5146480742308,-1.44687676115946,0.296796132922309
Hybrid,CS,mean_decayed,2.3438176848513,E9b,0.25,-0.080138191995306,0.0570821475622767,51.515537883567,-1.42472529736477,0.289360130890659
Hybrid,CS,mean_decayed,2.4421956585191,E9b,0.25,-0.0789002039179269,0.0570827340786175,51.5165480816949,-1.40270215160881,0.282055783543677
Hybrid,CS,mean_decayed,2.54470288923857,E9b,0.25,-0.0776706957073968,0.057083382019696,51.5176711272974,-1.38082868064563,0.274891111230373
Hybrid,CS,mean_decayed,2.65151269592615,E9b,0.25,-0.076450815790469,0.0570840883111253,51.5189017788888,-1.35912543710212,0.267873330985681
Hybrid,CS,mean_decayed,2.76280567228076,E9b,0.25,-0.0752416661465342,0.057084851285657,51.5202372861405,-1.33761210910762,0.261008844645475
Hybrid,CS,mean_decayed,2.87876999213107,E9b,0.25,-0.0740442992832126,0.0570856707548632,51.5216775173442,-1.3163074674192,0.254303235633525
Hybrid,CS,mean_decayed,2.99960172759923,E9b,0.25,-0.072859715592803,0.0570865480429171,51.5232250199176,-1.29522932027087,0.247761273968596
Hybrid,CS,mean_decayed,3.12550518061903,E9b,0.25,-0.0716888611008034,0.0570874859819278,51.5248850128436,-1.27439447604315,0.241386928907338
Hybrid,CS,mean_decayed,3.25669322836902,E9b,0.25,-0.0705326256119061,0.0570884888694112,51.5266653119324,-1.25381871372477,0.235183388532116
Hybrid,CS,mean_decayed,3.39338768320454,E9b,0.25,-0.0693918412533755,0.057089562389559,51.528576190735,-1.23351676102495,0.229153085513293
Hybrid,CS,mean_decayed,3.53581966769745,E9b,0.25,-0.0682672814106149,0.0570907135009714,51.530630181737,-1.21350227989454,0.223297728222749
Hybrid,CS,mean_decayed,3.68423000541744,E9b,0.25,-0.0671596600451132,0.0570919502944025,51.5328418240552,-1.19378785912828,0.217618336348382
Hybrid,CS,mean_decayed,3.83886962811578,E9b,0.25,-0.0660696313808812,0.0570932818248066,51.5352273651957,-1.17438501364949,0.212115280155958
Hybrid,CS,mean_decayed,4,E9b,0.25,-0.0649977899419686,0.0570947179225389,51.5378044254707,-1.1553041900234,0.206788322562207
Hybrid,covar,step,0,E9,0.25,-0.130194856131429,0.0862356072888067,117.57646376093,-1.53212551097286,0.32619492236443
Hybrid,covar,step,0.03,E9,0.25,-7.43375967247915e-18,0.0876902246277196,121.576463760904,-8.6028921426948e-17,0.0500000000000002
Hybrid,covar,step,0.0312592016986259,E9,0.25,-7.43375967247915e-18,0.087690224627705,121.576463760864,-8.60289214269623e-17,0.0500000000000002
Hybrid,covar,step,0.0325712563611792,E9,0.25,-7.43375967247915e-18,0.0876902246276704,121.576463760767,-8.60289214269964e-17,0.0500000000000002
Hybrid,covar,step,0.0339383824057251,E9,0.25,-7.43375967247915e-18,0.0876902246275907,121.576463760546,-8.60289214270745e-17,0.0500000000000002
Hybrid,covar,step,0.0353628913648552,E9,0.25,-7.43375967247915e-18,0.087690224627414,121.576463760057,-8.60289214272479e-17,0.0500000000000002
Hybrid,covar,step,0.0368471917940202,E9,0.25,-7.43375967247915e-18,0.0876902246270351,121.576463759006,-8.60289214276196e-17,0.0500000000000002
Hybrid,covar,step,0.0383937933439077,E9,0.25,-7.43375967247915e-18,0.0876902246262484,121.576463756825,-8.60289214283913e-17,0.0500000000000002
Hybrid,covar,step,0.0400053110037523,E9,0.25,-7.43375967247915e-18,0.087690224624665,121.576463752434,-8.60289214299447e-17,0.0500000000000002
Hybrid,covar,step,0.0416844695227518,E9,0.25,-7.43375967247915e-18,0.0876902246215715,121.576463743856,-8.60289214329796e-17,0.0500000000000002
Hybrid,covar,step,0.0434341080170641,E9,0.25,-7.43375967247915e-18,0.0876902246156977,121.576463727569,-8.60289214387422e-17,0.0500000000000002
Hybrid,covar,step,0.045257184770177,E9,0.25,-7.43375967247915e-18,0.0876902246048466,121.57646369748,-8.60289214493877e-17,0.0500000000000002
Hybrid,covar,step,0.0471567822347647,E9,0.25,-7.43375967247915e-18,0.0876902245853214,121.57646364334,-8.6028921468543e-17,0.0500000000000002
Hybrid,covar,step,0.0491361122444897,E9,0.25,-7.43375967247915e-18,0.0876902245510649,121.576463548351,-8.60289215021505e-17,0.0500000000000002
Hybrid,covar,step,0.0511985214445608,E9,0.25,-7.43375967247915e-18,0.0876902244924029,121.576463385689,-8.60289215597011e-17,0.0500000000000002
Hybrid,covar,step,0.0533474969502316,E9,0.25,-7.43375967247915e-18,0.08769022439426,121.576463113553,-8.60289216559847e-17,0.0500000000000002
Hybrid,covar,step,0.055586672242804,E9,0.25,-7.43375967247915e-18,0.0876902242336929,121.576462668322,-8.60289218135098e-17,0.0500000000000002
Hybrid,covar,step,0.0579198333131074,E9,0.25,-7.43375967247915e-18,0.0876902239765719,121.576461955361,-8.60289220657597e-17,0.0500000000000002
Hybrid,covar,step,0.0603509250628405,E9,0.25,-7.43375967247915e-18,0.0876902235732269,121.576460836941,-8.60289224614633e-17,0.0500000000000002
Hybrid,covar,step,0.0628840579745996,E9,0.25,-7.43375967247915e-18,0.0876902229528837,121.576459116815,-8.60289230700539e-17,0.0500000000000002
Hybrid,covar,step,0.0655235150618698,E9,0.25,-7.43375967247915e-18,0.0876902220167287,121.576456520986,-8.60289239884735e-17,0.0500000000000002
Hybrid,covar,step,0.0682737591107313,E9,0.25,-7.43375967247915e-18,0.0876902206294809,121.576452674339,-8.60289253494397e-17,0.0500000000000002
Hybrid,covar,step,0.0711394402255249,E9,0.25,-7.43375967247915e-18,0.0876902186094067,121.576447072951,-8.60289273312436e-17,0.0500000000000002
Hybrid,covar,step,0.0741254036912341,E9,0.25,-7.43375967247915e-18,0.0876902157167885,121.576439052119,-8.60289301690612e-17,0.0500000000000002
Hybrid,covar,step,0.0772366981658785,E9,0.25,-7.43375967247915e-18,0.0876902116409569,121.5764277504,-8.60289341676767e-17,0.0500000000000002
Hybrid,covar,step,0.0804785842167695,E9,0.25,-7.43375967247915e-18,0.0876902059861047,121.576412070276,-8.60289397153989e-17,0.0500000000000002
Hybrid,covar,step,0.0838565432150617,E9,0.25,-7.43375967247915e-18,0.0876901982562225,121.576390636382,-8.60289472988413e-17,0.0500000000000002
Hybrid,covar,step,0.0873762866036384,E9,0.25,-7.43375967247915e-18,0.0876901878396162,121.576361752576,-8.60289575181109e-17,0.0500000000000002
Hybrid,covar,step,0.0910437655540025,E9,0.25,-7.43375967247915e-18,0.0876901739935833,121.576323359451,-8.60289711018424e-17,0.0500000000000002
Hybrid,covar,step,0.0948651810284991,E9,0.25,-7.43375967247915e-18,0.087690155829927,121.576272994166,-8.602898892141e-17,0.0500000000000002
Hybrid,covar,step,0.0988469942648838,E9,0.25,-7.43375967247915e-18,0.0876901323020628,121.576207754696,-8.60290120035781e-17,0.0500000000000002
Hybrid,covar,step,0.102995937700964,E9,0.25,-7.43375967247915e-18,0.0876901021945219,121.576124270729,-8.60290415407999e-17,0.0500000000000002
Hybrid,covar,step,0.107319026357785,E9,0.25,-7.43375967247915e-18,0.0876900641156662,121.576018683472,-8.60290788983671e-17,0.0500000000000002
Hybrid,covar,step,0.111823569700605,E9,0.25,-7.43375967247915e-18,0.0876900164943978,121.575886636525,-8.60291256176405e-17,0.0500000000000002
Hybrid,covar,step,0.116517183997718,E9,0.25,-7.43375967247915e-18,0.0876899575815749,121.575723279815,-8.60291834146651e-17,0.0500000000000002
Hybrid,covar,step,0.12140780519802,E9,0.25,-7.43375967247915e-18,0.0876898854567255,121.575523288223,-8.60292541735886e-17,0.0500000000000002
Hybrid,covar,step,0.126503702349079,E9,0.25,-7.43375967247915e-18,0.0876897980404965,121.575280896106,-8.60293399344542e-17,0.0500000000000002
Hybrid,covar,step,0.131813491578427,E9,0.25,-7.43375967247915e-18,0.0876896931130757,121.574989948395,-8.60294428751355e-17,0.0500000000000002
Hybrid,covar,step,0.137346150661672,E9,0.25,-7.43375967247915e-18,0.0876895683386049,121.574643968298,-8.60295652873952e-17,0.0500000000000002
Hybrid,covar,step,0.143111034202102,E9,0.25,-7.43375967247915e-18,0.087689421295353,121.574236240986,-8.6029709547294e-17,0.0500000000000002
Hybrid,covar,step,0.149117889447416,E9,0.25,-7.43375967247915e-18,0.0876892495111647,121.573759911898,-8.60298780804255e-17,0.0500000000000002
Hybrid,covar,step,0.155376872770339,E9,0.25,-7.43375967247915e-18,0.0876890505034466,121.57320809764,-8.60300733227007e-17,0.0500000000000002
Hybrid,covar,step,0.161898566840992,E9,0.25,-7.43375967247915e-18,0.0876888218227158,121.572574006755,-8.6030297677637e-17,0.0500000000000002
Hybrid,covar,step,0.168693998520034,E9,0.25,-7.43375967247915e-18,0.0876885610985313,121.571851067104,-8.60305534713109e-17,0.0500000000000002
Hybrid,covar,step,0.175774657502848,E9,0.25,-7.43375967247915e-18,0.0876882660864642,121.571033056128,-8.60308429062895e-17,0.0500000000000002
Hybrid,covar,step,0.183152515746281,E9,0.25,-7.43375967247915e-18,0.0876879347146621,121.570114229972,-8.60311680159587e-17,0.0500000000000002
Hybrid,covar,step,0.190840047710792,E9,0.25,-7.43375967247915e-18,0.0876875651285273,121.569089447393,-8.60315306206999e-17,0.0500000000000002
Hybrid,covar,step,0.198850251452234,E9,0.25,-7.43375967247915e-18,0.0876871557320695,121.567954284424,-8.60319322873249e-17,0.0500000000000002
Hybrid,covar,step,0.207196670598929,E9,0.25,-7.43375967247915e-18,0.0876867052246151,121.566705136165,-8.60323742930624e-17,0.0500000000000002
Hybrid,covar,step,0.215893417251189,E9,0.25,-7.43375967247915e-18,0.0876862126317557,121.565339302598,-8.60328575951914e-17,0.0500000000000002
Hybrid,covar,step,0.224955195842017,E9,0.25,-7.43375967247915e-18,0.0876856773296852,121.56385505605,-8.60333828071554e-17,0.0500000000000002
Hybrid,covar,step,0.234397327999317,E9,0.25,-7.43375967247915e-18,0.0876850990624035,121.562251688879,-8.60339501816688e-17,0.0500000000000002
Hybrid,covar,step,0.244235778451654,E9,0.25,-7.43375967247915e-18,0.0876844779516304,121.560529540931,-8.60345596009703e-17,0.0500000000000002
Hybrid,covar,step,0.254487182021372,E9,0.25,-7.43375967247915e-18,0.0876838144996557,121.558690007409,-8.60352105740009e-17,0.0500000000000002
Hybrid,covar,step,0.2651688717507,E9,0.25,-7.43375967247915e-18,0.0876831095857302,121.556735528823,-8.60359022399136e-17,0.0500000000000002
Hybrid,covar,step,0.276298908208406,E9,0.25,-7.43375967247915e-18,0.0876823644569453,121.554669565646,-8.60366333769865e-17,0.0500000000000002
Hybrid,covar,step,0.287896110026556,E9,0.25,-7.43375967247915e-18,0.0876815807148368,121.552496561124,-8.60374024157276e-17,0.0500000000000002
Hybrid,covar,step,0.299980085718997,E9,0.25,-7.43375967247915e-18,0.0876807602991587,121.550221896217,-8.60382074547533e-17,0.0500000000000002
Hybrid,covar,step,0.312571266835374,E9,0.25,-7.43375967247915e-18,0.0876799054703843,121.547851841022,-8.60390462779139e-17,0.0500000000000002
Hybrid,covar,step,0.325690942506732,E9,0.25,-7.43375967247915e-18,0.0876790187924955,121.545393506991,-8.60399163711353e-17,0.0500000000000002
Hybrid,covar,step,0.339361295441117,E9,0.25,-7.43375967247915e-18,0.0876781031175084,121.542854803958,-8.60408149375563e-17,0.0500000000000002
Hybrid,covar,step,0.353605439430029,E9,0.25,-7.43375967247915e-18,0.0876771615729546,121.540244405364,-8.60417389097658e-17,0.0500000000000002
Hybrid,covar,step,0.36844745842915,E9,0.25,-7.43375967247915e-18,0.0876761975531991,121.537571724122,-8.60426849582763e-17,0.0500000000000002
Hybrid,covar,step,0.38391244727943,E9,0.25,-7.43375967247915e-18,0.087675214715045,121.534846900362,-8.60436494957906e-17,0.0500000000000002
Hybrid,covar,step,0.400026554137359,E9,0.25,-7.43375967247915e-18,0.0876742169775715,121.532080800923,-8.60446286773153e-17,0.0500000000000002
Hybrid,covar,step,0.4168170246862,E9,0.25,-7.43375967247915e-18,0.0876732085256041,121.529285028908,-8.60456183967123e-17,0.0500000000000002
Hybrid,covar,step,0.434312248202902,E9,0.25,-7.43375967247915e-18,0.0876721938156604,121.526471940111,-8.6046614280821e-17,0.0500000000000002
Hybrid,covar,step,0.452541805558606,E9,0.25,-7.43375967247915e-18,0.0876711775826909,121.523654661648,-8.60476116828037e-17,0.0500000000000002
Hybrid,covar,step,0.471536519233894,E9,0.25,-7.43375967247915e-18,0.0876701648454819,121.520847106887,-8.60486056768067e-17,0.0500000000000002
Hybrid,covar,step,0.491328505433342,E9,0.25,-7.43375967247915e-18,0.0876691609082553,121.518063979836,-8.60495910563591e-17,0.0500000000000002
Hybrid,covar,step,0.511951228387509,E9,0.25,-7.43375967247915e-18,0.0876681713558168,121.515320761659,-8.60505623391102e-17,0.0500000000000002
Hybrid,covar,step,0.533439556934147,E9,0.25,-7.43375967247915e-18,0.0876672020396111,121.512633671996,-8.60515137805005e-17,0.0500000000000002
Hybrid,covar,step,0.555829823474338,E9,0.25,-7.43375967247915e-18,0.0876662590522581,121.510019598367,-8.60524393987495e-17,0.0500000000000002
Hybrid,covar,step,0.579159885403199,E9,0.25,-7.43375967247915e-18,0.0876653486885655,121.507495988098,-8.60533330131326e-17,0.0500000000000002
Hybrid,covar,step,0.603469189119055,E9,0.25,-7.43375967247915e-18,0.0876644773916381,121.50508069897,-8.60541882969018e-17,0.0500000000000002
Hybrid,covar,step,0.628798836719292,E9,0.25,-7.43375967247915e-18,0.0876636516834922,121.502791806926,-8.60549988454347e-17,0.0500000000000002
Hybrid,covar,step,0.655191655495656,E9,0.25,-7.43375967247915e-18,0.087662878080488,121.500647371731,-8.60557582593063e-17,0.0500000000000002
Hybrid,covar,step,0.682692270346511,E9,0.25,-7.43375967247915e-18,0.0876621629948401,121.498665164058,-8.60564602410455e-17,0.0500000000000002
Hybrid,covar,step,0.711347179228481,E9,0.25,-7.43375967247915e-18,0.0876615126243938,121.496862360082,-8.60570987034309e-17,0.0500000000000002
Hybrid,covar,step,0.741204831775056,E9,0.25,-7.43375967247915e-18,0.0876609328336632,121.49525521187,-8.60576678863784e-17,0.0500000000000002
Hybrid,covar,step,0.772315711215085,E9,0.25,-7.43375967247915e-18,0.087660429029772,121.493858703655,-8.60581624788465e-17,0.0500000000000002
Hybrid,covar,step,0.804732419729668,E9,0.25,-7.43375967247915e-18,0.0876600060373383,121.492686205196,-8.60585777417837e-17,0.0500000000000002
Hybrid,covar,step,0.838509767391766,E9,0.25,-7.43375967247915e-18,0.0876596679764867,121.491749133808,-8.60589096280063e-17,0.0500000000000002
Hybrid,covar,step,0.873704864838903,E9,0.25,-7.43375967247915e-18,0.0876594181480464,121.491056636296,-8.60591548950139e-17,0.0500000000000002
Hybrid,covar,step,0.910377219835665,E9,0.25,-7.43375967247915e-18,0.0876592589296207,121.49061530101,-8.60593112071174e-17,0.0500000000000002
Hybrid,covar,step,0.948588837889245,E9,0.25,-7.43375967247915e-18,0.087659191685657,121.490428908666,-8.60593772238019e-17,0.0500000000000002
Hybrid,covar,step,0.988404327088169,E9,0.25,-7.43375967247915e-18,0.0876592166939576,121.490498228712,-8.60593526719195e-17,0.0500000000000002
Hybrid,covar,step,1.02989100734146,E9,0.25,-7.43375967247915e-18,0.0876593330903546,121.490820865992,-8.60592384000191e-17,0.0500000000000002
Hybrid,covar,step,1.07311902420292,E9,0.25,-7.43375967247915e-18,0.0876595388325767,121.491391160561,-8.60590364137986e-17,0.0500000000000002
Hybrid,covar,step,1.11816146747305,E9,0.25,-7.43375967247915e-18,0.0876598306837556,121.492200141882,-8.60587498922409e-17,0.0500000000000002
Hybrid,covar,step,1.16509449477906,E9,0.25,-7.43375967247915e-18,0.0876602042155759,121.493235537434,-8.6058383184431e-17,0.0500000000000002
Hybrid,covar,step,1.21399746034191,E9,0.25,-7.43375967247915e-18,0.0876606538308034,121.494481834982,-8.6057941787318e-17,0.0500000000000002
Hybrid,covar,step,1.26495304914824,E9,0.25,-7.43375967247915e-18,0.0876611728048112,121.495920397486,-8.60574323048012e-17,0.0500000000000002
Hybrid,covar,step,1.31804741675389,E9,0.25,-7.43375967247915e-18,0.0876617533457356,121.497529629606,-8.60568623885104e-17,0.0500000000000002
Hybrid,covar,step,1.37337033495542,E9,0.25,-7.43375967247915e-18,0.0876623866729811,121.499285195079,-8.60562406605644e-17,0.0500000000000002
Hybrid,covar,step,1.43101534357603,E9,0.25,-7.43375967247915e-18,0.0876630631138914,121.501160284437,-8.60555766184958e-17,0.0500000000000002
Hybrid,covar,step,1.49107990862239,E9,0.25,-7.43375967247915e-18,0.0876637722184589,121.503125932753,-8.60548805224815e-17,0.0500000000000002
Hybrid,covar,step,1.55366558707987,E9,0.25,-7.43375967247915e-18,0.0876645028918896,121.505151386908,-8.60541632650659e-17,0.0500000000000002
Hybrid,covar,step,1.61887819862478,E9,0.25,-7.43375967247915e-18,0.0876652435446521,121.507204521375,-8.60534362237532e-17,0.0500000000000002
Hybrid,covar,step,1.68682800454401,E9,0.25,-7.43375967247915e-18,0.0876659822592845,121.509252300505,-8.6052711097189e-17,0.0500000000000002
Hybrid,covar,step,1.75762989416439,E9,0.25,-7.43375967247915e-18,0.0876667069727284,121.511261283931,-8.60519997261479e-17,0.0500000000000002
Hybrid,covar,step,1.83140357910731,E9,0.25,-7.43375967247915e-18,0.0876674056723201,121.513198169892,-8.60513139011641e-17,0.0500000000000002
Hybrid,covar,step,1.90827379569669,E9,0.25,-7.43375967247915e-18,0.0876680666028443,121.515030369302,-8.60506651593564e-17,0.0500000000000002
Hybrid,covar,step,1.98837051586284,E9,0.25,-7.43375967247915e-18,0.0876686784812958,121.516726601259,-8.6050064573735e-17,0.0500000000000002
Hybrid,covar,step,2.07182916689858,E9,0.25,-7.43375967247915e-18,0.0876692307152699,121.518257498664,-8.60495225389898e-17,0.0500000000000002
Hybrid,covar,step,2.15879086043929,E9,0.25,-7.43375967247915e-18,0.0876697136202634,121.519596210878,-8.60490485583823e-17,0.0500000000000002
Hybrid,covar,step,2.24940263105407,E9,0.25,-7.43375967247915e-18,0.087670118630683,121.520718988957,-8.60486510368343e-17,0.0500000000000002
Hybrid,covar,step,2.3438176848513,E9,0.25,-7.43375967247915e-18,0.0876704384990689,121.521605738234,-8.60483370855916e-17,0.0500000000000002
Hybrid,covar,step,2.4421956585191,E9,0.25,-7.43375967247915e-18,0.0876706674779762,121.522240522805,-8.6048112343899e-17,0.0500000000000002
Hybrid,covar,step,2.54470288923857,E9,0.25,-7.43375967247915e-18,0.087670801479144,121.522612007021,-8.6047980822944e-17,0.0500000000000002
Hybrid,covar,step,2.65151269592615,E9,0.25,-7.43375967247915e-18,0.0876708382050052,121.522713820246,-8.60479447769078e-17,0.0500000000000002
Hybrid,covar,step,2.76280567228076,E9,0.25,-7.43375967247915e-18,0.0876707772482503,121.522544832978,-8.6048004605321e-17,0.0500000000000002
Hybrid,covar,step,2.87876999213107,E9,0.25,-7.43375967247915e-18,0.0876706201560081,121.522109334799,-8.60481587900861e-17,0.0500000000000002
Hybrid,covar,step,2.99960172759923,E9,0.25,-7.43375967247915e-18,0.0876703704562227,121.521417107428,-8.60484038695432e-17,0.0500000000000002
Hybrid,covar,step,3.12550518061903,E9,0.25,-7.43375967247915e-18,0.0876700336449191,121.520483389273,-8.6048734450859e-17,0.0500000000000002
Hybrid,covar,step,3.25669322836902,E9,0.25,-7.43375967247915e-18,0.0876696171342279,121.519328731103,-8.60491432608781e-17,0.0500000000000002
Hybrid,covar,step,3.39338768320454,E9,0.25,-7.43375967247915e-18,0.0876691301622063,121.517978745766,-8.60496212344268e-17,0.0500000000000002
Hybrid,covar,step,3.53581966769745,E9,0.25,-7.43375967247915e-18,0.0876685836666152,121.516463757936,-8.60501576379668e-17,0.0500000000000002
Hybrid,covar,step,3.68423000541744,E9,0.25,-7.43375967247915e-18,0.087667990125831,121.514818362744,-8.60507402254992e-17,0.0500000000000002
Hybrid,covar,step,3.83886962811578,E9,0.25,-7.43375967247915e-18,0.0876673633709531,121.513080904572,-8.60513554227529e-17,0.0500000000000002
Hybrid,covar,step,4,E9,0.25,-7.43375967247915e-18,0.0876667183738796,121.511292889278,-8.60519885349926e-17,0.0500000000000002
Hybrid,covar,step,0,E9b,0.25,-0.130194856131429,0.0777168050618342,95.4942052945256,-1.70006697748699,0.387172274568053
Hybrid,covar,step,0.03,E9b,0.25,-0.0293868389553797,0.0792474127202341,99.2904175393938,-0.376322269747103,0.0659182549031477
Hybrid,covar,step,0.0312592016986259,E9b,0.25,-0.0293868389553797,0.0792474127202159,99.290417539348,-0.37632226974719,0.0659182549031551
Hybrid,covar,step,0.0325712563611792,E9b,0.25,-0.0293868389553797,0.0792474127201724,99.290417539239,-0.376322269747397,0.0659182549031727
Hybrid,covar,step,0.0339383824057251,E9b,0.25,-0.0293868389553797,0.0792474127200724,99.2904175389886,-0.376322269747871,0.0659182549032132
Hybrid,covar,step,0.0353628913648552,E9b,0.25,-0.0293868389553797,0.0792474127198508,99.2904175384332,-0.376322269748924,0.065918254903303
Hybrid,covar,step,0.0368471917940202,E9b,0.25,-0.0293868389553797,0.0792474127193755,99.2904175372422,-0.376322269751181,0.0659182549034956
Hybrid,covar,step,0.0383937933439077,E9b,0.25,-0.0293868389553797,0.0792474127183888,99.2904175347696,-0.376322269755867,0.0659182549038956
Hybrid,covar,step,0.0400053110037523,E9b,0.25,-0.0293868389553797,0.0792474127164028,99.2904175297928,-0.376322269765298,0.0659182549047005
Hybrid,covar,step,0.0416844695227518,E9b,0.25,-0.0293868389553797,0.0792474127125225,99.2904175200692,-0.376322269783725,0.0659182549062732
Hybrid,covar,step,0.0434341080170641,E9b,0.25,-0.0293868389553797,0.0792474127051549,99.2904175016068,-0.376322269818712,0.0659182549092594
Hybrid,covar,step,0.045257184770177,E9b,0.25,-0.0293868389553797,0.0792474126915441,99.2904174674998,-0.376322269883347,0.0659182549147759
Hybrid,covar,step,0.0471567822347647,E9b,0.25,-0.0293868389553797,0.0792474126670534,99.2904174061287,-0.376322269999649,0.0659182549247021
Hybrid,covar,step,0.0491361122444897,E9b,0.25,-0.0293868389553797,0.079247412624085,99.2904172984545,-0.376322270203697,0.0659182549421175
Hybrid,covar,step,0.0511985214445608,E9b,0.25,-0.0293868389553797,0.0792474125505043,99.2904171140694,-0.376322270553118,0.0659182549719402
Hybrid,covar,step,0.0533474969502316,E9b,0.25,-0.0293868389553797,0.079247412427402,99.2904168055883,-0.376322271137708,0.0659182550218343
Hybrid,covar,step,0.055586672242804,E9b,0.25,-0.0293868389553797,0.0792474122259998,99.2904163008963,-0.376322272094128,0.0659182551034639
Hybrid,covar,step,0.0579198333131074,E9b,0.25,-0.0293868389553797,0.0792474119034874,99.2904154927153,-0.376322273625679,0.0659182552341802
Hybrid,covar,step,0.0603509250628405,E9b,0.25,-0.0293868389553797,0.0792474113975616,99.2904142249202,-0.376322276028224,0.0659182554392351
Hybrid,covar,step,0.0628840579745996,E9b,0.25,-0.0293868389553797,0.0792474106194454,99.2904122750457,-0.376322279723351,0.0659182557546105
Hybrid,covar,step,0.0655235150618698,E9b,0.25,-0.0293868389553797,0.0792474094451871,99.2904093324821,-0.376322285299681,0.0659182562305448
Hybrid,covar,step,0.0682737591107313,E9b,0.25,-0.0293868389553797,0.0792474077050838,99.2904049719727,-0.376322293563102,0.0659182569358196
Hybrid,covar,step,0.0711394402255249,E9b,0.25,-0.0293868389553797,0.0792474051711468,99.2903986222024,-0.37632230559629,0.0659182579628404
Hybrid,covar,step,0.0741254036912341,E9b,0.25,-0.0293868389553797,0.0792474015426191,99.2903895295074,-0.376322322827484,0.0659182594335059
Hybrid,covar,step,0.0772366981658785,E9b,0.25,-0.0293868389553797,0.0792473964296764,99.2903767170309,-0.376322347107887,0.0659182615058147
Hybrid,covar,step,0.0804785842167695,E9b,0.25,-0.0293868389553797,0.0792473893355748,99.290358939988,-0.376322380796446,0.0659182643811005
Hybrid,covar,step,0.0838565432150617,E9b,0.25,-0.0293868389553797,0.0792473796376563,99.2903346380668,-0.376322426850054,0.0659182683117318
Hybrid,covar,step,0.0873762866036384,E9b,0.25,-0.0293868389553797,0.0792473665677661,99.2903018863589,-0.376322488916544,0.0659182736090481
Hybrid,covar,step,0.0910437655540025,E9b,0.25,-0.0293868389553797,0.0792473491927751,99.2902583465501,-0.376322571427194,0.0659182806512554
Hybrid,covar,step,0.0948651810284991,E9b,0.25,-0.0293868389553797,0.0792473263960124,99.2902012203946,-0.376322679684899,0.0659182898909524
Hybrid,covar,step,0.0988469942648838,E9b,0.25,-0.0293868389553797,0.0792472968604994,99.2901272077037,-0.376322819943804,0.0659183018619269
Hybrid,covar,step,0.102995937700964,E9b,0.25,-0.0293868389553797,0.0792472590549199,99.2900324711918,-0.376322999475938,0.0659183171848436
Hybrid,covar,step,0.107319026357785,E9b,0.25,-0.0293868389553797,0.0792472112232607,99.2899126105213,-0.376323226620429,0.065918336571446
Hybrid,covar,step,0.111823569700605,E9b,0.25,-0.0293868389553797,0.0792471513790019,99.2897626477511,-0.376323510811119,0.0659183608269133
Hybrid,covar,step,0.116517183997718,E9b,0.25,-0.0293868389553797,0.0792470773046359,99.2895770261402,-0.376323862578876,0.0659183908500599
Hybrid,covar,step,0.12140780519802,E9b,0.25,-0.0293868389553797,0.0792469865571409,99.2893496238738,-0.376324293525652,0.0659184276311233
Hybrid,covar,step,0.126503702349079,E9b,0.25,-0.0293868389553797,0.0792468764798365,99.2890737837883,-0.376324816268232,0.0659184722469649
Hybrid,covar,step,0.131813491578427,E9b,0.25,-0.0293868389553797,0.0792467442208219,99.2887423595923,-0.376325444350745,0.0659185258536067
Hybrid,covar,step,0.137346150661672,E9b,0.25,-0.0293868389553797,0.079246586757936,99.2883477784357,-0.376326192126214,0.0659185896761245
Hybrid,covar,step,0.143111034202102,E9b,0.25,-0.0293868389553797,0.0792464009299079,99.2878821189946,-0.376327074608723,0.0659186649960356
Hybrid,covar,step,0.149117889447416,E9b,0.25,-0.0293868389553797,0.0792461834730946,99.2873372035611,-0.376328107299072,0.0659187531364223
Hybrid,covar,step,0.155376872770339,E9b,0.25,-0.0293868389553797,0.0792459310629399,99.2867047019668,-0.376329305988007,0.0659188554451445
Hybrid,covar,step,0.161898566840992,E9b,0.25,-0.0293868389553797,0.0792456403590556,99.2859762445858,-0.376330686542282,0.0659189732765849
Hybrid,covar,step,0.168693998520034,E9b,0.25,-0.0293868389553797,0.0792453080526277,99.2851435411658,-0.376332264679662,0.0659191079724526
Hybrid,covar,step,0.175774657502848,E9b,0.25,-0.0293868389553797,0.0792449309147064,99.2841985018748,-0.376334055739748,0.065919260842229
Hybrid,covar,step,0.183152515746281,E9b,0.25,-0.0293868389553797,0.0792445058438556,99.2831333567394,-0.376336074457833,0.0659194331438724
Hybrid,covar,step,0.190840047710792,E9b,0.25,-0.0293868389553797,0.0792440299116196,99.2819407696139,-0.376338334749111,0.0659196260654062
Hybrid,covar,step,0.198850251452234,E9b,0.25,-0.0293868389553797,0.0792435004043278,99.2806139429669,-0.376340849510264,0.0659198407079897
Hybrid,covar,step,0.207196670598929,E9b,0.25,-0.0293868389553797,0.0792429148598921,99.2791467101142,-0.376343630444813,0.0659200780710152
Hybrid,covar,step,0.215893417251189,E9b,0.25,-0.0293868389553797,0.0792422710984574,99.277533612043,-0.376346687917618,0.0659203390396929
Hybrid,covar,step,0.224955195842017,E9b,0.25,-0.0293868389553797,0.0792415672460442,99.2757699566658,-0.376350030842645,0.0659206243754709
Hybrid,covar,step,0.234397327999317,E9b,0.25,-0.0293868389553797,0.0792408017506477,99.2738518591639,-0.376353666606513,0.0659209347095199
Hybrid,covar,step,0.244235778451654,E9b,0.25,-0.0293868389553797,0.0792399733906316,99.2717762630134,-0.376357601028601,0.0659212705393126
Hybrid,covar,step,0.254487182021372,E9b,0.25,-0.0293868389553797,0.0792390812756469,99.2695409422712,-0.376361838356628,0.065921632228253
Hybrid,covar,step,0.2651688717507,E9b,0.25,-0.0293868389553797,0.0792381248407067,99.2671444867024,-0.3763663812947,0.0659220200080642
Hybrid,covar,step,0.276298908208406,E9b,0.25,-0.0293868389553797,0.0792371038344267,99.2645862722835,-0.376371231059033,0.065922433983539
Hybrid,covar,step,0.287896110026556,E9b,0.25,-0.0293868389553797,0.0792360183027913,99.2618664204837,-0.376376387454912,0.0659228741391024
Hybrid,covar,step,0.299980085718997,E9b,0.25,-0.0293868389553797,0.0792348685700863,99.2589857504441,-0.376381848967079,0.065923340346519
Hybrid,covar,step,0.312571266835374,E9b,0.25,-0.0293868389553797,0.079233655218856,99.2559457287061,-0.376387612854739,0.0659238323729945
Hybrid,covar,step,0.325690942506732,E9b,0.25,-0.0293868389553797,0.0792323790708571,99.2527484214347,-0.376393675241822,0.0659243498888704
Hybrid,covar,step,0.339361295441117,E9b,0.25,-0.0293868389553797,0.0792310411709961,99.2493964541134,-0.376400031193052,0.0659248924741082
Hybrid,covar,step,0.353605439430029,E9b,0.25,-0.0293868389553797,0.0792296427761307,99.245892983422,-0.376406674766907,0.0659254596227991
Hybrid,covar,step,0.36844745842915,E9b,0.25,-0.0293868389553797,0.0792281853503884,99.2422416854398,-0.376413599037599,0.0659260507450291
Hybrid,covar,step,0.38391244727943,E9b,0.25,-0.0293868389553797,0.0792266705683066,99.2384467634383,-0.376420796079871,0.065926665165569
Hybrid,covar,step,0.400026554137359,E9b,0.25,-0.0293868389553797,0.0792251003266328,99.2345129773642,-0.376428256912633,0.0659273021190487
Hybrid,covar,step,0.4168170246862,E9b,0.25,-0.0293868389553797,0.0792234767650571,99.2304456956905,-0.376435971400116,0.065927960741504
Hybrid,covar,step,0.434312248202902,E9b,0.25,-0.0293868389553797,0.0792218022955075,99.2262509687048,-0.376443928112297,0.0659286400584437
Hybrid,covar,step,0.452541805558606,E9b,0.25,-0.0293868389553797,0.0792200796389457,99.2219356205764,-0.376452114149628,0.0659293389698664
Hybrid,covar,step,0.471536519233894,E9b,0.25,-0.0293868389553797,0.0792183118679127,99.2175073558059,-0.376460514940371,0.0659300562329366
Hybrid,covar,step,0.491328505433342,E9b,0.25,-0.0293868389553797,0.0792165024524163,99.2129748740297,-0.376469114021984,0.0659307904432945
Hybrid,covar,step,0.511951228387509,E9b,0.25,-0.0293868389553797,0.0792146553061973,99.2083479857505,-0.376477892820631,0.065931540016203
Hybrid,covar,step,0.533439556934147,E9b,0.25,-0.0293868389553797,0.0792127748299905,99.2036377205226,-0.376486830444892,0.0659323031689036
Hybrid,covar,step,0.555829823474338,E9b,0.25,-0.0293868389553797,0.0792108659481685,99.1988564185428,-0.376495903510865,0.0659330779056498
Hybrid,covar,step,0.579159885403199,E9b,0.25,-0.0293868389553797,0.0792089341351457,99.1940177965812,-0.376505086015882,0.0659338620068896
Hybrid,covar,step,0.603469189119055,E9b,0.25,-0.0293868389553797,0.0792069854281537,99.1891369797679,-0.376514349276982,0.065934653023976
Hybrid,covar,step,0.628798836719292,E9b,0.25,-0.0293868389553797,0.0792050264234704,99.1842304919397,-0.376523661948042,0.0659354482805949
Hybrid,covar,step,0.655191655495656,E9b,0.25,-0.0293868389553797,0.0792030642538827,99.1793161989954,-0.376532990126163,0.0659362448818166
Hybrid,covar,step,0.682692270346511,E9b,0.25,-0.0293868389553797,0.0792011065460372,99.1744132019036,-0.37654229755375,0.0659370397313233
Hybrid,covar,step,0.711347179228481,E9b,0.25,-0.0293868389553797,0.0791991613573351,99.1695416785123,-0.37655154591798,0.0659378295569589
Hybrid,covar,step,0.741204831775056,E9b,0.25,-0.0293868389553797,0.079197237093077,99.1647226759443,-0.376560695244337,0.0659386109443204
Hybrid,covar,step,0.772315711215085,E9b,0.25,-0.0293868389553797,0.0791953424055956,99.1599778579377,-0.376569704376009,0.0659393803776907
Hybrid,covar,step,0.804732419729668,E9b,0.25,-0.0293868389553797,0.079193486078045,99.1553292138275,-0.376578531526477,0.0659401342872342
Hybrid,covar,step,0.838509767391766,E9b,0.25,-0.0293868389553797,0.0791916768962877,99.1507987377899,-0.376587134888965,0.0659408691010566
Hybrid,covar,step,0.873704864838903,E9b,0.25,-0.0293868389553797,0.0791899235128884,99.1464080883892,-0.376595473283692,0.0659415813005193
Hybrid,covar,step,0.910377219835665,E9b,0.25,-0.0293868389553797,0.0791882343075533,99.1421782392955,-0.37660350682229,0.0659422674770043
Hybrid,covar,step,0.948588837889245,E9b,0.25,-0.0293868389553797,0.0791866172484561,99.1381291322827,-0.376611197568241,0.0659429243883767
Hybrid,covar,step,0.988404327088169,E9b,0.25,-0.0293868389553797,0.0791850797587703,99.1342793433175,-0.376618510172752,0.0659435490133442
Hybrid,covar,step,1.02989100734146,E9b,0.25,-0.0293868389553797,0.0791836285924269,99.1306457717888,-0.376625412466918,0.0659441386020929
Hybrid,covar,step,1.07311902420292,E9b,0.25,-0.0293868389553797,0.0791822697226768,99.1272433618251,-0.376631875993073,0.0659446907217332
Hybrid,covar,step,1.11816146747305,E9b,0.25,-0.0293868389553797,0.079181008246511,99.124084863332,-0.376637876460761,0.0659452032953081
Hybrid,covar,step,1.16509449477906,E9b,0.25,-0.0293868389553797,0.0791798483074247,99.1211806389501,-0.376643394115437,0.0659456746333464
Hybrid,covar,step,1.21399746034191,E9b,0.25,-0.0293868389553797,0.0791787930384359,99.1185385217113,-0.376648414010745,0.065946103457176
Hybrid,covar,step,1.26495304914824,E9b,0.25,-0.0293868389553797,0.0791778445267238,99.1161637267898,-0.37665292617783,0.0659464889134357
Hybrid,covar,step,1.31804741675389,E9b,0.25,-0.0293868389553797,0.0791770038007359,99.1140588194679,-0.376656925687598,0.065946830579435
Hybrid,covar,step,1.37337033495542,E9b,0.25,-0.0293868389553797,0.0791762708401406,99.112223740246,-0.376660412604109,0.0659471284592045
Hybrid,covar,step,1.43101534357603,E9b,0.25,-0.0293868389553797,0.079175644608555,99.1106558869201,-0.376663391829399,0.0659473829702637
Hybrid,covar,step,1.49107990862239,E9b,0.25,-0.0293868389553797,0.0791751231085529,99.1093502523828,-0.376665872842101,0.0659475949213042
Hybrid,covar,step,1.55366558707987,E9b,0.25,-0.0293868389553797,0.0791747034580351,99.1082996158518,-0.376667869334215,0.0659477654811644
Hybrid,covar,step,1.61887819862478,E9b,0.25,-0.0293868389553797,0.079174381986617,99.1074947841634,-0.376669398752461,0.065947896139644
Hybrid,covar,step,1.68682800454401,E9b,0.25,-0.0293868389553797,0.0791741543502484,99.1069248786686,-0.376670481752725,0.0659479886608853
Hybrid,covar,step,1.75762989416439,E9b,0.25,-0.0293868389553797,0.0791740156618346,99.1065776621553,-0.376671141578237,0.0659480450302359
Hybrid,covar,step,1.83140357910731,E9b,0.25,-0.0293868389553797,0.0791739606351829,99.106439899106,-0.376671403374277,0.0659480673956811
Hybrid,covar,step,1.90827379569669,E9b,0.25,-0.0293868389553797,0.0791739837391717,99.106497741537,-0.376671293454174,0.0659480580051168
Hybrid,covar,step,1.98837051586284,E9b,0.25,-0.0293868389553797,0.0791740793586585,99.106737131703,-0.376670838533245,0.0659480191408796
Hybrid,covar,step,2.07182916689858,E9b,0.25,-0.0293868389553797,0.0791742419583242,99.1071442121605,-0.376670064948778,0.065947953053088
Hybrid,covar,step,2.15879086043929,E9b,0.25,-0.0293868389553797,0.0791744662454273,99.1077057331161,-0.376668997885259,0.0659478618934328
Hybrid,covar,step,2.24940263105407,E9b,0.25,-0.0293868389553797,0.0791747473273302,99.1084094467055,-0.376667660624554,0.0659477476511025
Hybrid,covar,step,2.3438176848513,E9b,0.25,-0.0293868389553797,0.0791750808596768,99.1092444778953,-0.376666073840652,0.0659476120925216
Hybrid,covar,step,2.4421956585191,E9b,0.25,-0.0293868389553797,0.0791754631812619,99.1102016620924,-0.376664254957843,0.0659474567065109
Hybrid,covar,step,2.54470288923857,E9b,0.25,-0.0293868389553797,0.0791758914319318,99.1112738403001,-0.37666221758973,0.065947282656359
Hybrid,covar,step,2.65151269592615,E9b,0.25,-0.0293868389553797,0.0791763636502922,99.1124561037502,-0.376659971074416,0.065947090740116
Hybrid,covar,step,2.76280567228076,E9b,0.25,-0.0293868389553797,0.0791768788485598,99.1137459813372,-0.376657520118544,0.0659468813601893
Hybrid,covar,step,2.87876999213107,E9b,0.25,-0.0293868389553797,0.0791774370625491,99.1151435648302,-0.376654864559719,0.0659466545030582
Hybrid,covar,step,2.99960172759923,E9b,0.25,-0.0293868389553797,0.0791780393755238,99.1166515686717,-0.376651999253365,0.0659464097296228
Hybrid,covar,step,3.12550518061903,E9b,0.25,-0.0293868389553797,0.0791786879154127,99.1182753231151,-0.376648914086375,0.0659461461763878
Hybrid,covar,step,3.25669322836902,E9b,0.25,-0.0293868389553797,0.079179385825682,99.1200227014271,-0.376645594116169,0.0659458625673634
Hybrid,covar,step,3.39338768320454,E9b,0.25,-0.0293868389553797,0.0791801372109199,99.1219039837963,-0.376642019830117,0.0659455572362518
Hybrid,covar,step,3.53581966769745,E9b,0.25,-0.0293868389553797,0.0791809470589042,99.1239316623799,-0.376638167516906,0.0659452281581995
Hybrid,covar,step,3.68423000541744,E9b,0.25,-0.0293868389553797,0.079181821141561,99.1261201935169,-0.376634009738386,0.065944872990136
Hybrid,covar,step,3.83886962811578,E9b,0.25,-0.0293868389553797,0.0791827658977579,99.128485704473,-0.376629515887878,0.0659444891185007
Hybrid,covar,step,4,E9b,0.25,-0.0293868389553797,0.0791837883012942,99.1310456631336,-0.376624652818951,0.0659440737129911
Hybrid,covar,graded,0,E9,0.25,-0.130194856131429,0.0862356072888067,117.57646376093,-1.53212551097286,0.32619492236443
Hybrid,covar,graded,0.03,E9,0.25,-0.130194856127906,0.0862356072888765,117.57646376112,-1.53212551093017,0.326194922349413
Hybrid,covar,graded,0.0312592016986259,E9,0.25,-0.130194856122493,0.0862356072889836,117.576463761413,-1.53212551086457,0.326194922326341
Hybrid,covar,graded,0.0325712563611792,E9,0.25,-0.130194856109599,0.0862356072892389,117.576463762109,-1.53212551070829,0.326194922271377
Hybrid,covar,graded,0.0339383824057251,E9,0.25,-0.130194856079983,0.0862356072898252,117.576463763708,-1.53212551034935,0.326194922145132
Hybrid,covar,graded,0.0353628913648552,E9,0.25,-0.130194856014303,0.0862356072911256,117.576463767253,-1.53212550955333,0.326194921865158
Hybrid,covar,graded,0.0368471917940202,E9,0.25,-0.130194855873463,0.0862356072939139,117.576463774857,-1.53212550784639,0.326194921264799
Hybrid,covar,graded,0.0383937933439077,E9,0.25,-0.130194855581053,0.0862356072997031,117.576463790643,-1.53212550430248,0.326194920018347
Hybrid,covar,graded,0.0400053110037523,E9,0.25,-0.130194854992494,0.0862356073113554,117.576463822417,-1.53212549716933,0.326194917509503
Hybrid,covar,graded,0.0416844695227518,E9,0.25,-0.13019485384259,0.0862356073341213,117.576463884497,-1.53212548323284,0.326194912607814
Hybrid,covar,graded,0.0434341080170641,E9,0.25,-0.130194851659226,0.0862356073773476,117.576464002369,-1.53212545677115,0.326194903300808
Hybrid,covar,graded,0.045257184770177,E9,0.25,-0.130194847625744,0.0862356074572027,117.576464220124,-1.53212540788661,0.326194886107322
Hybrid,covar,graded,0.0471567822347647,E9,0.25,-0.130194840368001,0.0862356076008919,117.576464611945,-1.53212531992502,0.326194855169805
Hybrid,covar,graded,0.0491361122444897,E9,0.25,-0.130194827634456,0.0862356078529913,117.576465299386,-1.53212516559842,0.326194800890638
Hybrid,covar,graded,0.0511985214445608,E9,0.25,-0.130194805829073,0.0862356082846956,117.576466476586,-1.53212490132397,0.326194707941042
Hybrid,covar,graded,0.0533474969502316,E9,0.25,-0.130194769348008,0.0862356090069499,117.576468446076,-1.53212445918482,0.326194552433578
Hybrid,covar,graded,0.055586672242804,E9,0.25,-0.130194709662799,0.0862356101886014,117.576471668281,-1.53212373581869,0.326194298014116
Hybrid,covar,graded,0.0579198333131074,E9,0.25,-0.130194614086292,0.0862356120808318,117.57647682814,-1.53212257746125,0.326193890601408
Hybrid,covar,graded,0.0603509250628405,E9,0.25,-0.130194464154012,0.0862356150492031,117.57648492249,-1.53212076032886,0.326193251487502
Hybrid,covar,graded,0.0628840579745996,E9,0.25,-0.130194233554579,0.0862356196146327,117.576497371804,-1.53211796553598,0.326192268516078
Hybrid,covar,graded,0.0655235150618698,E9,0.25,-0.130193885549339,0.086235626504482,117.5765161595,-1.53211374782192,0.326190785083762
Hybrid,covar,graded,0.0682737591107313,E9,0.25,-0.1301933698345,0.0862356367146843,117.576544001353,-1.53210749752119,0.326188586765692
Hybrid,covar,graded,0.0711394402255249,E9,0.25,-0.130192618819328,0.0862356515834381,117.576584546455,-1.53209839545683,0.326185385453196
Hybrid,covar,graded,0.0741254036912341,E9,0.25,-0.130191543321127,0.0862356728764547,117.576642609664,-1.53208536076572,0.326180801007593
Hybrid,covar,graded,0.0772366981658785,E9,0.25,-0.130190027710815,0.0862357028830959,117.57672443377,-1.53206699206606,0.326174340576002
Hybrid,covar,graded,0.0804785842167695,E9,0.25,-0.130187924580312,0.0862357445220018,117.576837977524,-1.53204150283032,0.326165375875264
Hybrid,covar,graded,0.0838565432150617,E9,0.25,-0.130185049042069,0.0862358014540364,117.576993223629,-1.53200665230186,0.326153118918349
Hybrid,covar,graded,0.0873762866036384,E9,0.25,-0.130181172809013,0.0862358781996367,117.577202498749,-1.53195967375314,0.326136596821276
Hybrid,covar,graded,0.0910437655540025,E9,0.25,-0.130176018236659,0.0862359802569948,117.577480795774,-1.53189720228962,0.326114626473653
Hybrid,covar,graded,0.0948651810284991,E9,0.25,-0.130169252534813,0.0862361142170019,117.577846087287,-1.53181520471571,0.326085789968768
Hybrid,covar,graded,0.0988469942648838,E9,0.25,-0.130160482371475,0.0862362878705981,117.578319618303,-1.53170891416312,0.326048411757488
Hybrid,covar,graded,0.102995937700964,E9,0.25,-0.130149249093971,0.0862365103041284,117.578926166336,-1.53157277221266,0.326000538504978
Hybrid,covar,graded,0.107319026357785,E9,0.25,-0.13013502478098,0.0862367919785442,117.579694257418,-1.53140038110344,0.325939922585417
Hybrid,covar,graded,0.111823569700605,E9,0.25,-0.130117209313995,0.0862371447887885,117.580656328101,-1.53118446832022,0.32586401004768
Hybrid,covar,graded,0.116517183997718,E9,0.25,-0.130095128619253,0.0862375821004437,117.581848825489,-1.53091686539554,0.325769933729339
Hybrid,covar,graded,0.12140780519802,E9,0.25,-0.130068034183594,0.0862381187616491,117.583312239854,-1.53058850218863,0.325654511997764
Hybrid,covar,graded,0.126503702349079,E9,0.25,-0.1300351038937,0.0862387710893341,117.585091067263,-1.53018941724875,0.325514253369338
Hybrid,covar,graded,0.131813491578427,E9,0.25,-0.129995444191454,0.0862395568298904,117.587233702535,-1.5297087841847,0.325345367017984
Hybrid,covar,graded,0.137346150661672,E9,0.25,-0.129948093483168,0.0862404950954221,117.589792265664,-1.52913495329691,0.325143778949475
Hybrid,covar,graded,0.143111034202102,E9,0.25,-0.129892026691066,0.0862416062776039,117.592822367235,-1.52845550713063,0.324905153406115
Hybrid,covar,graded,0.149117889447416,E9,0.25,-0.129826160795033,0.0862429119418584,117.596382820243,-1.52765732812067,0.324624918890946
Hybrid,covar,graded,0.155376872770339,E9,0.25,-0.129749361183821,0.0862444347050112,117.600535306929,-1.52672667614931,0.324298298073258
Hybrid,covar,graded,0.161898566840992,E9,0.25,-0.12966044861891,0.0862461980997551,117.605344009743,-1.52564927364565,0.323920340763212
Hybrid,covar,graded,0.168693998520034,E9,0.25,-0.129558206611273,0.0862482264291838,117.610875215313,-1.52441039581903,0.323485959124331
Hybrid,covar,graded,0.175774657502848,E9,0.25,-0.129441389020403,0.0862505446143498,117.617196899521,-1.52299496372936,0.322989964324499
Hybrid,covar,graded,0.183152515746281,E9,0.25,-0.1293087277042,0.0862531780373372,117.624378300475,-1.52138763812887,0.322427103900846
Hybrid,covar,graded,0.190840047710792,E9,0.25,-0.12915894007511,0.086256152381766,117.632489484639,-1.51957291233319,0.321792099220936
Hybrid,covar,graded,0.198850251452234,E9,0.25,-0.128990736449264,0.086259493472044,117.641600909753,-1.51753520275595,0.321079682549016
Hybrid,covar,graded,0.207196670598929,E9,0.25,-0.128802827108273,0.0862632271121264,117.651782986643,-1.51525893613607,0.320284633358958
Hybrid,covar,graded,0.215893417251189,E9,0.25,-0.128593929025095,0.0862673789240824,117.663105640793,-1.51272863286562,0.319401813663308
Hybrid,covar,graded,0.224955195842017,E9,0.25,-0.128362772233627,0.0862719741864565,117.675637873715,-1.50992898616171,0.318426202240143
Hybrid,covar,graded,0.234397327999317,E9,0.25,-0.128108105844903,0.0862770376722713,117.689447323752,-1.50684493709882,0.317352927729963
Hybrid,covar,graded,0.244235778451654,E9,0.25,-0.127828703729995,0.0862825934865478,117.704599826055,-1.50346174571763,0.316177300638675
Hybrid,covar,graded,0.254487182021372,E9,0.25,-0.127523369900688,0.0862886649034081,117.721158971968,-1.49976505854996,0.31489484431968
Hybrid,covar,graded,0.2651688717507,E9,0.25,-0.127190943624091,0.0862952742031386,117.739185668914,-1.49574097295195,0.313501325019013
Hybrid,covar,graded,0.276298908208406,E9,0.25,-0.126830304307376,0.0863024425099875,117.758737702928,-1.49137609862899,0.311992781056412
Hybrid,covar,graded,0.287896110026556,E9,0.25,-0.126440376184724,0.0863101896318999,117.779869307109,-1.48665761667951,0.310365551186322
Hybrid,covar,graded,0.299980085718997,E9,0.25,-0.126020132831651,0.0863185339038024,117.802630740369,-1.48157333639544,0.308616302142169
Hybrid,covar,graded,0.312571266835374,E9,0.25,-0.125568601523117,0.0863274920364011,117.82706788173,-1.47611174994855,0.306742055318922
Hybrid,covar,graded,0.325690942506732,E9,0.25,-0.125084867442367,0.0863370789727053,117.853221846039,-1.47026208497739,0.304740212498811
Hybrid,covar,graded,0.339361295441117,E9,0.25,-0.124568077737956,0.0863473077546069,117.881128627254,-1.46401435497809,0.302608580475907
Hybrid,covar,graded,0.353605439430029,E9,0.25,-0.124017445417668,0.0863581894018253,117.910818775271,-1.45735940730277,0.30034539439065
Hybrid,covar,graded,0.36844745842915,E9,0.25,-0.123432253060307,0.086369732805349,117.942317111761,-1.4502889684853,0.297949339547504
Hybrid,covar,graded,0.38391244727943,E9,0.25,-0.122811856320092,0.0863819446371833,117.975642489511,-1.44279568655067,0.295419571459051
Hybrid,covar,graded,0.400026554137359,E9,0.25,-0.122155687193707,0.0863948292777614,118.010807598501,-1.43487316992201,0.292755733839355
Hybrid,covar,graded,0.4168170246862,E9,0.25,-0.121463257017197,0.0864083887618129,118.0478188204,-1.42651602252037,0.289957974259098
Hybrid,covar,graded,0.434312248202902,E9,0.25,-0.120734159158896,0.0864226227428454,118.086676131423,-1.41771987465669,0.287026957175264
Hybrid,covar,graded,0.452541805558606,E9,0.25,-0.119968071375621,0.0864375284757193,118.127373051688,-1.40848140934371,0.283963874059511
Hybrid,covar,graded,0.471536519233894,E9,0.25,-0.119164757802353,0.0864531008161242,118.169896637496,-1.39879838370683,0.280770450371573
Hybrid,covar,graded,0.491328505433342,E9,0.25,-0.118324070550669,0.0864693322351511,118.214227511349,-1.38866964524535,0.277448949156613
Hybrid,covar,graded,0.511951228387509,E9,0.25,-0.117445950897949,0.0864862128466429,118.260339923318,-1.37809514278685,0.274002171087673
Hybrid,covar,graded,0.533439556934147,E9,0.25,-0.116530430057747,0.0865037304446402,118.308201836531,-1.36707593208265,0.270433450823783
Hybrid,covar,graded,0.555829823474338,E9,0.25,-0.11557762953102,0.0865218705480702,118.357775029289,-1.35561417610626,0.266746649609717
Hybrid,covar,graded,0.579159885403199,E9,0.25,-0.114587761047841,0.086540616449862,118.409015206589,-1.34371314023176,0.262946144100901
Hybrid,covar,graded,0.603469189119055,E9,0.25,-0.113561126118838,0.0865599492679388,118.461872114785,-1.33137718257801,0.259036811454783
Hybrid,covar,graded,0.628798836719292,E9,0.25,-0.112498115224431,0.0865798479960169,118.516289654535,-1.31861173989974,0.25502401078407
Hybrid,covar,graded,0.655191655495656,E9,0.25,-0.111399206677129,0.0866002895528006,118.57220598912,-1.30542330948008,0.25091356111585
Hybrid,covar,graded,0.682692270346511,E9,0.25,-0.110264965197204,0.0866212488289552,118.629553647471,-1.29181942752633,0.246711716041126
Hybrid,covar,graded,0.711347179228481,E9,0.25,-0.109096040244481,0.0866426987320918,118.688259623522,-1.27780864458701,0.242425135270776
Hybrid,covar,graded,0.741204831775056,E9,0.25,-0.107893164148577,0.0866646102308404,118.748245475802,-1.26340049849295,0.238060853336118
Hybrid,covar,graded,0.772315711215085,E9,0.25,-0.106657150076655,0.0866869523998319,118.809427433068,-1.24860548527871,0.233626245685385
Hybrid,covar,graded,0.804732419729668,E9,0.25,-0.105388889871838,0.0867096924679979,118.871716513215,-1.23343502846788,0.229128992433678
Hybrid,covar,graded,0.838509767391766,E9,0.25,-0.104089351787368,0.0867327958729728,118.935018663538,-1.21790144701068,0.224577040024419
Hybrid,covar,graded,0.873704864838903,E9,0.25,-0.102759578131896,0.08675622632452,118.99923493051,-1.20201792205385,0.219978561058537
Hybrid,covar,graded,0.910377219835665,E9,0.25,-0.101400682830806,0.0867799458798048,119.064261666767,-1.18579846260786,0.21534191254509
Hybrid,covar,graded,0.948588837889245,E9,0.25,-0.100013848897902,0.0868039150330258,119.129990781841,-1.16925787006355,0.210675592826831
Hybrid,covar,graded,0.988404327088169,E9,0.25,-0.0986003258019699,0.0868280928214456,119.196310041723,-1.15241170140802,0.205988197437687
Hybrid,covar,graded,1.02989100734146,E9,0.25,-0.0971614267043312,0.0868524369492926,119.263103420548,-1.1352762309039,0.201288374157731
Hybrid,covar,graded,1.07311902420292,E9,0.25,-0.0956985255371606,0.086876903930403,119.330251505972,-1.1178684099332,0.196584777545275
Hybrid,covar,graded,1.11816146747305,E9,0.25,-0.0942130538884242,0.0869014492499012,119.397631958119,-1.10020582467065,0.19188602324483
Hybrid,covar,graded,1.16509449477906,E9,0.25,-0.0927064976580977,0.0869260275447203,119.465120020663,-1.08230665124373,0.187200642392914
Hybrid,covar,graded,1.21399746034191,E9,0.25,-0.0911803934518728,0.0869505928023755,119.53258908156,-1.064189608058,0.182537036468923
Hybrid,covar,graded,1.26495304914824,E9,0.25,-0.0896363246827377,0.0869750985771159,119.599911280287,-1.04587390501542,0.177903432963721
Hybrid,covar,graded,1.31804741675389,E9,0.25,-0.0880759173573505,0.0869994982223889,119.666958158069,-1.02737918942733,0.173307842261315
Hybrid,covar,graded,1.37337033495542,E9,0.25,-0.0865008355325932,0.0870237451384205,119.733601347384,-1.00872548851822,0.168758016146598
Hybrid,covar,graded,1.43101534357603,E9,0.25,-0.0849127764376053,0.0870477930335928,119.799713296919,-0.989933148526387,0.164261408362037
Hybrid,covar,graded,1.49107990862239,E9,0.25,-0.0833134652674002,0.0870715961981587,119.865168027938,-0.971022770527603,0.159825137636506
Hybrid,covar,graded,1.55366558707987,E9,0.25,-0.081704649665296,0.0870951097886247,119.929841917642,-0.952015143230746,0.155455953598169
Hybrid,covar,graded,1.61887819862478,E9,0.25,-0.0800880939223023,0.0871182901208285,119.993614504434,-0.932931173115481,0.151160205960073
Hybrid,covar,graded,1.68682800454401,E9,0.25,-0.0784655729318017,0.0871410949693448,120.056369309008,-0.913791812394382,0.146943817331111
Hybrid,covar,graded,1.75762989416439,E9,0.25,-0.0768388659469249,0.0871634838703566,120.117994663938,-0.894617985381115,0.142812259957257
Hybrid,covar,graded,1.83140357910731,E9,0.25,-0.0752097501956015,0.0871854184245786,120.178384542942,-0.875430513927949,0.138770536639449
Hybrid,covar,graded,1.90827379569669,E9,0.25,-0.0735799944141401,0.0872068625962374,120.237439379399,-0.856250042656767,0.134823166007291
Hybrid,covar,graded,1.98837051586284,E9,0.25,-0.0719513523641978,0.0872277830035584,120.295066862118,-0.837096964746067,0.130974172254019
Hybrid,covar,graded,2.07182916689858,E9,0.25,-0.0703255564000929,0.08724814919573,120.351182694982,-0.817991349051119,0.127227079360933
Hybrid,covar,graded,2.15879086043929,E9,0.25,-0.068704311153627,0.087267933910965,120.405711305997,-0.798952869325975,0.123584909761422
Hybrid,covar,graded,2.24940263105407,E9,0.25,-0.0670892874020167,0.0872871133101017,120.45858649069,-0.780000736285672,0.120050187318645
Hybrid,covar,graded,2.3438176848513,E9,0.25,-0.0654821161813576,0.0873056671802145,120.509751974755,-0.761153633196876,0.116624944419848
Hybrid,covar,graded,2.4421956585191,E9,0.25,-0.063884383203458,0.08732357910296,120.559161881401,-0.742429655618331,0.113310732925976
Hybrid,covar,graded,2.54470288923857,E9,0.25,-0.0622976236281327,0.0873408365828701,120.606781090117,-0.723846255832191,0.110108638660307
Hybrid,covar,graded,2.65151269592615,E9,0.25,-0.0607233172363903,0.087357431131509,120.65258547541,-0.705420192417087,0.107019299074889
Hybrid,covar,graded,2.76280567228076,E9,0.25,-0.059162884042633,0.0873733583043202,120.696562016465,-0.687167485317515,0.104042923700108
Hybrid,covar,graded,2.87876999213107,E9,0.25,-0.0576176803762886,0.0873886176880475,120.738708771597,-0.669103376665173,0.101179316960627
Hybrid,covar,graded,2.99960172759923,E9,0.25,-0.0560889954554207,0.0874032128378007,120.779034714561,-0.651242297509652,0.0984279029300954
Hybrid,covar,graded,3.12550518061903,E9,0.25,-0.0545780484670553,0.0874171511640744,120.817559433207,-0.633597840521228,0.0957877515970184
Hybrid,covar,graded,3.25669322836902,E9,0.25,-0.0530859861613924,0.0874304437712863,120.854312694453,-0.616182738639872,0.0932576062235671
Hybrid,covar,graded,3.39338768320454,E9,0.25,-0.0516138809599063,0.0874431052506092,120.889333882899,-0.599008849563816,0.0908359113971441
Hybrid,covar,graded,3.53581966769745,E9,0.25,-0.0501627295707056,0.0874551534309907,120.922671323548,-0.582087145899645,0.0885208413992502
Hybrid,covar,graded,3.68423000541744,E9,0.25,-0.0487334520985199,0.0874666090932386,120.954381501836,-0.565427710734547,0.0863103285466338
Hybrid,covar,graded,3.83886962811578,E9,0.25,-0.0473268916313725,0.0874774956528617,120.984528196523,-0.549039738340691,0.0842020911938798
Hybrid,covar,graded,4,E9,0.25,-0.0459438142814328,0.0874878388179786,121.013181542701,-0.532931539681508,0.0821936611233521
Hybrid,covar,graded,0,E9b,0.25,-0.130194856131429,0.0777168050618342,95.4942052945256,-1.70006697748699,0.387172274568053
Hybrid,covar,graded,0.03,E9b,0.25,-0.130194856128714,0.07771680506189,95.4942052946627,-1.70006697745031,0.387172274554375
Hybrid,covar,graded,0.0312592016986259,E9b,0.25,-0.130194856124542,0.0777168050619757,95.4942052948732,-1.70006697739397,0.387172274533361
Hybrid,covar,graded,0.0325712563611792,E9b,0.25,-0.130194856114604,0.0777168050621798,95.4942052953749,-1.70006697725973,0.3871722744833
Hybrid,covar,graded,0.0339383824057251,E9b,0.25,-0.130194856091778,0.0777168050626486,95.494205296527,-1.70006697695142,0.387172274368317
Hybrid,covar,graded,0.0353628913648552,E9b,0.25,-0.130194856041156,0.0777168050636884,95.4942052990822,-1.70006697626766,0.387172274113317
Hybrid,covar,graded,0.0368471917940202,E9b,0.25,-0.130194855932606,0.0777168050659179,95.4942053045612,-1.70006697480146,0.387172273566511
Hybrid,covar,graded,0.0383937933439077,E9b,0.25,-0.130194855707237,0.0777168050705468,95.4942053159367,-1.70006697175736,0.387172272431245
Hybrid,covar,graded,0.0400053110037523,E9b,0.25,-0.130194855253616,0.0777168050798638,95.4942053388333,-1.70006696563022,0.387172270146195
Hybrid,covar,graded,0.0416844695227518,E9b,0.25,-0.130194854367348,0.0777168050980671,95.4942053835676,-1.70006695365925,0.387172265681746
Hybrid,covar,graded,0.0434341080170641,E9b,0.25,-0.13019485268456,0.0777168051326303,95.4942054685064,-1.70006693092956,0.387172257204943
Hybrid,covar,graded,0.045257184770177,E9b,0.25,-0.130194849575828,0.0777168051964813,95.4942056254197,-1.70006688893941,0.387172241545148
Hybrid,covar,graded,0.0471567822347647,E9b,0.25,-0.130194843982055,0.0777168053113731,95.4942059077655,-1.7000668133834,0.387172213367316
Hybrid,covar,graded,0.0491361122444897,E9b,0.25,-0.130194834167908,0.0777168055129483,95.4942064031348,-1.70006668082209,0.387172163929951
Hybrid,covar,graded,0.0511985214445608,E9b,0.25,-0.130194817361809,0.0777168058581329,95.4942072514232,-1.70006645381933,0.387172079271627
Hybrid,covar,graded,0.0533474969502316,E9b,0.25,-0.130194789244695,0.0777168064356374,95.4942086706356,-1.70006607403684,0.387171937635701
Hybrid,covar,graded,0.055586672242804,E9b,0.25,-0.130194743243412,0.0777168073804696,95.4942109925531,-1.70006545268993,0.387171705910868
Hybrid,covar,graded,0.0579198333131074,E9b,0.25,-0.130194669579568,0.0777168088934711,95.494214710742,-1.70006445770027,0.387171334839959
Hybrid,covar,graded,0.0603509250628405,E9b,0.25,-0.130194554022005,0.0777168112669411,95.4942205435251,-1.7000628968453,0.387170752735739
Hybrid,covar,graded,0.0628840579745996,E9b,0.25,-0.13019437629171,0.0777168149173996,95.4942295144975,-1.7000604962131,0.387169857446027
Hybrid,covar,graded,0.0655235150618698,E9b,0.25,-0.130194108073038,0.0777168204264387,95.4942430529173,-1.70005687333974,0.387168506335822
Hybrid,covar,graded,0.0682737591107313,E9b,0.25,-0.130193710595259,0.0777168285904019,95.494263115793,-1.70005150454296,0.387166504105328
Hybrid,covar,graded,0.0711394402255249,E9b,0.25,-0.130193131764054,0.0777168404793131,95.4942923327013,-1.70004368617689,0.387163588341464
Hybrid,covar,graded,0.0741254036912341,E9b,0.25,-0.130192302843488,0.0777168575050487,95.494334173321,-1.70003248981546,0.387159412806091
Hybrid,covar,graded,0.0772366981658785,E9b,0.25,-0.130191134714564,0.0777168814982254,95.4943931363853,-1.7000167117165,0.3871535285931
Hybrid,covar,graded,0.0804785842167695,E9b,0.25,-0.1301895137652,0.0777169147926882,95.4944749573136,-1.69999481730833,0.387145363432022
Hybrid,covar,graded,0.0838565432150617,E9b,0.25,-0.130187297496695,0.0777169603158714,95.4945868302777,-1.69996488184747,0.387134199568467
Hybrid,covar,graded,0.0873762866036384,E9b,0.25,-0.13018430996096,0.0777170216827118,95.4947376390023,-1.69992452879172,0.387119150799903
Hybrid,covar,graded,0.0910437655540025,E9b,0.25,-0.130180337168575,0.0777171032902775,95.4949381893261,-1.69987086778122,0.38709913937636
Hybrid,covar,graded,0.0948651810284991,E9b,0.25,-0.130175122627556,0.0777172104098791,95.4952014355871,-1.69980043438788,0.387072873576999
Hybrid,covar,graded,0.0988469942648838,E9b,0.25,-0.130168363184395,0.077717349273209,95.495542692339,-1.69970913395164,0.387038826834099
Hybrid,covar,graded,0.102995937700964,E9b,0.25,-0.130159705340795,0.0777175271490303,95.4959798228597,-1.69959219184795,0.386995219287532
Hybrid,covar,graded,0.107319026357785,E9b,0.25,-0.130148742210767,0.0777177524071325,95.4965333963867,-1.69944411241253,0.38694000261094
Hybrid,covar,graded,0.111823569700605,E9b,0.25,-0.130135011263377,0.0777180345666808,95.4972268070245,-1.69925864848878,0.386870848855569
Hybrid,covar,graded,0.116517183997718,E9b,0.25,-0.130117992967488,0.0777183843266819,95.4980863487366,-1.69902878317269,0.386785143914193
Hybrid,covar,graded,0.12140780519802,E9b,0.25,-0.13009711041819,0.077718813577037,95.499141242669,-1.69874672483588,0.386679986024991
Hybrid,covar,graded,0.126503702349079,E9b,0.25,-0.130071729982887,0.077719335389482,95.5004236150944,-1.69840391594485,0.386552189526768
Hybrid,covar,graded,0.131813491578427,E9b,0.25,-0.130041162961304,0.0777199639885705,95.5019684263692,-1.69799105560533,0.386398293857801
Hybrid,covar,graded,0.137346150661672,E9b,0.25,-0.130004668211198,0.0777207147036605,95.5038133532705,-1.69749813518793,0.386214577577276
Hybrid,covar,graded,0.143111034202102,E9b,0.25,-0.129961455653421,0.0777216039035559,95.5059986287818,-1.69691448587801,0.385997076996058
Hybrid,covar,graded,0.149117889447416,E9b,0.25,-0.129910690538795,0.0777226489159809,95.5085668446883,-1.69622883657269,0.385741608845788
Hybrid,covar,graded,0.155376872770339,E9b,0.25,-0.129851498336912,0.0777238679343905,95.5115627231408,-1.69542938024827,0.385443796301575
Hybrid,covar,graded,0.161898566840992,E9b,0.25,-0.12978297009457,0.0777252799147315,95.5150328636188,-1.69450384675497,0.385099097609456
Hybrid,covar,graded,0.168693998520034,E9b,0.25,-0.129704168109153,0.0777269044646674,95.5190254714842,-1.6934395799656,0.384702836555955
Hybrid,covar,graded,0.175774657502848,E9b,0.25,-0.129614131769244,0.0777287617275111,95.5235900736397,-1.69222361729963,0.384250234050014
Hybrid,covar,graded,0.183152515746281,E9b,0.25,-0.129511883429543,0.0777308722626943,95.5287772258011,-1.69084276984446,0.383736440159897
Hybrid,covar,graded,0.190840047710792,E9b,0.25,-0.129396434207852,0.0777332569241175,95.5346382146972,-1.68928370157453,0.383156566049354
Hybrid,covar,graded,0.198850251452234,E9b,0.25,-0.129266789616157,0.0777359367372226,95.541224757274,-1.68753300649448,0.382505715376985
Hybrid,covar,graded,0.207196670598929,E9b,0.25,-0.129121954963396,0.077738932775164,95.548588697849,-1.68557728287488,0.381779014848246
Hybrid,covar,graded,0.215893417251189,E9b,0.25,-0.128960940492241,0.0777422660340894,95.5567817032533,-1.6834032040777,0.380971643730679
Hybrid,covar,graded,0.224955195842017,E9b,0.25,-0.128782766234397,0.0777459573072959,95.5658549554101,-1.68099758576137,0.380078862250189
Hybrid,covar,graded,0.234397327999317,E9b,0.25,-0.128586466587225,0.0777500270579416,95.5758588405799,-1.67834744949471,0.379096038873446
Hybrid,covar,graded,0.244235778451654,E9b,0.25,-0.128371094628291,0.0777544952900552,95.5868426346571,-1.67544008298504,0.378018676544995
Hybrid,covar,graded,0.254487182021372,E9b,0.25,-0.128135726193432,0.0777593814177943,95.5988541844139,-1.67226309723727,0.376842437986245
Hybrid,covar,graded,0.2651688717507,E9b,0.25,-0.127879463748372,0.0777647041332297,95.6119395853743,-1.66880448100972,0.375563170178439
Hybrid,covar,graded,0.276298908208406,E9b,0.25,-0.127601440084423,0.0777704812733398,95.6261428579957,-1.66505265292871,0.374176928146125
Hybrid,covar,graded,0.287896110026556,E9b,0.25,-0.127300821866033,0.077776729687351,95.6415056249209,-1.66099651157708,0.372679998135465
Hybrid,covar,graded,0.299980085718997,E9b,0.25,-0.126976813052883,0.0777834651060057,95.658066793145,-1.65662548379555,0.371068920247494
Hybrid,covar,graded,0.312571266835374,E9b,0.25,-0.126628658212594,0.0777907020147494,95.6758622459093,-1.65192957134041,0.369340510544903
Hybrid,covar,graded,0.325690942506732,E9b,0.25,-0.126255645732758,0.0777984535331504,95.6949245499088,-1.64689939593924,0.367491882605831
Hybrid,covar,graded,0.339361295441117,E9b,0.25,-0.125857110933443,0.0778067313030853,95.7152826838919,-1.64152624268441,0.365520468453149
Hybrid,covar,graded,0.353605439430029,E9b,0.25,-0.125432439074135,0.0778155453882983,95.7369617948949,-1.63580210161146,0.36342403874528
Hybrid,covar,graded,0.36844745842915,E9b,0.25,-0.124981068242526,0.0778249041878737,95.7599829881463,-1.62971970722834,0.361200722076996
Hybrid,covar,graded,0.38391244727943,E9b,0.25,-0.124502492106963,0.0778348143659226,95.7843631560779,-1.62327257569806,0.358849023207138
Hybrid,covar,graded,0.400026554137359,E9b,0.25,-0.123996262509893,0.0778452807993958,95.8101148508968,-1.61645503933113,0.356367840006106
Hybrid,covar,graded,0.4168170246862,E9b,0.25,-0.123461991876491,0.0778563065453819,95.8372462038329,-1.60926227801983,0.353756478900296
Hybrid,covar,graded,0.434312248202902,E9b,0.25,-0.122899355410908,0.0778678928285773,95.8657608925266,-1.60169034724282,0.35101466858376
Hybrid,covar,graded,0.452541805558606,E9b,0.25,-0.122308093052436,0.077880039048833,95.8956581561435,-1.59373620228736,0.348142571770175
Hybrid,covar,graded,0.471536519233894,E9b,0.25,-0.121688011165349,0.0778927428078409,95.9269328557861,-1.5853977183778,0.345140794770398
Hybrid,covar,graded,0.491328505433342,E9b,0.25,-0.121038983939326,0.0779059999531766,95.9595755757609,-1.57667370646065,0.342010394702572
Hybrid,covar,graded,0.511951228387509,E9b,0.25,-0.120360954482037,0.0779198046371066,95.9935727593608,-1.56756392447664,0.338752884171693
Hybrid,covar,graded,0.533439556934147,E9b,0.25,-0.119653935591542,0.0779341493868757,96.0289068712136,-1.55806908404491,0.335370233292635
Hybrid,covar,graded,0.555829823474338,E9b,0.25,-0.118918010203237,0.0779490251826602,96.0655565770423,-1.54819085258726,0.331864868972469
Hybrid,covar,graded,0.579159885403199,E9b,0.25,-0.118153331513792,0.0779644215390632,96.1034969310209,-1.53793185102589,0.328239671412317
Hybrid,covar,graded,0.603469189119055,E9b,0.25,-0.117360122792267,0.0779803265859732,96.1426995608585,-1.52729564728793,0.32449796783282
Hybrid,covar,graded,0.628798836719292,E9b,0.25,-0.116538676895909,0.0779967271448341,96.1831328413666,-1.5162867459372,0.320643523468124
Hybrid,covar,graded,0.655191655495656,E9b,0.25,-0.115689355514341,0.0780136087968649,96.2247620485192,-1.50491057432148,0.316680529908202
Hybrid,covar,graded,0.682692270346511,E9b,0.25,-0.114812588170518,0.078030955940513,96.2675494878571,-1.49317346566604,0.312613590896913
Hybrid,covar,graded,0.711347179228481,E9b,0.25,-0.113908871009598,0.078048751836359,96.3114545933639,-1.48108263955886,0.308447705711716
Hybrid,covar,graded,0.741204831775056,E9b,0.25,-0.112978765407426,0.0780669786387516,96.3564339955071,-1.4686461802574,0.304188250260621
Hybrid,covar,graded,0.772315711215085,E9b,0.25,-0.112022896428684,0.0780856174145624,96.4024415597786,-1.45587301320353,0.299840956033371
Hybrid,covar,graded,0.804732419729668,E9b,0.25,-0.111041951161055,0.0781046481505211,96.449428399595,-1.44277288006487,0.295411887038335
Hybrid,covar,graded,0.838509767391766,E9b,0.25,-0.110036676946181,0.0781240497515455,96.4973428696453,-1.42935631253363,0.290907414846848
Hybrid,covar,graded,0.873704864838903,E9b,0.25,-0.109007879521417,0.078143800033259,96.5461305475389,-1.4156346050145,0.286334191854826
Hybrid,covar,graded,0.910377219835665,E9b,0.25,-0.107956421078668,0.0781638757124388,96.5957342128281,-1.40161978622914,0.281699122860863
Hybrid,covar,graded,0.948588837889245,E9b,0.25,-0.106883218238848,0.0781842523994374,96.6460938330921,-1.38732458966464,0.277009335052677
Hybrid,covar,graded,0.988404327088169,E9b,0.25,-0.105789239933036,0.0782049045966813,96.6971465667968,-1.37276242270316,0.272272146492477
Hybrid,covar,graded,1.02989100734146,E9b,0.25,-0.104675505175028,0.0782258057071743,96.7488267921438,-1.35794733419747,0.267495033197718
Hybrid,covar,graded,1.07311902420292,E9b,0.25,-0.103543080704969,0.078246928056575,96.8010661701745,-1.3428939802062,0.262685594928024
Hybrid,covar,graded,1.11816146747305,E9b,0.25,-0.10239307848056,0.078268242931909,96.8537937491371,-1.32761758757661,0.257851519811455
Hybrid,covar,graded,1.16509449477906,E9b,0.25,-0.101226652991167,0.0782897206393691,96.9069361156435,-1.3121339150636,0.253000547973171
Hybrid,covar,graded,1.21399746034191,E9b,0.25,-0.10004499837099,0.078311330582993,96.9604175965669,-1.29645921170047,0.248140434365402
Hybrid,covar,graded,1.26495304914824,E9b,0.25,-0.098849345290361,0.0783330413653253,97.0141605140275,-1.28061017218834,0.243278911037216
Hybrid,covar,graded,1.31804741675389,E9b,0.25,-0.0976409576088817,0.0783548209104902,97.068085494242,-1.26460388914405,0.238423649123303
Hybrid,covar,graded,1.37337033495542,E9b,0.25,-0.0964211287802779,0.0783766366094413,97.1221118295111,-1.24845780213574,0.23358222087053
Hybrid,covar,graded,1.43101534357603,E9b,0.25,-0.0951911780061553,0.0783984554865289,97.1761578911821,-1.23218964353777,0.228762062055871
Hybrid,covar,graded,1.49107990862239,E9b,0.25,-0.0939524461438494,0.0784202443859176,97.2301415900654,-1.21581738134499,0.223970435177547
Hybrid,covar,graded,1.55366558707987,E9b,0.25,-0.0927062913818652,0.0784419701758229,97.2839808794742,-1.19935915919694,0.21921439382026
Hybrid,covar,graded,1.61887819862478,E9b,0.25,-0.0914540847045863,0.0784635999679877,97.3375942948116,-1.18283323396862,0.21450074860342
Hybrid,covar,graded,1.68682800454401,E9b,0.25,-0.0901972051756015,0.078485101349315,97.3909015224334,-1.16625791138219,0.209836035117421
Hybrid,covar,graded,1.75762989416439,E9b,0.25,-0.088937035075844,0.0785064426221017,97.4438239893924,-1.14965148017901,0.205226484236603
Hybrid,covar,graded,1.83140357910731,E9b,0.25,-0.0876749549384772,0.078527593048904,97.4962854646551,-1.13303214545971,0.200677995168727
Hybrid,covar,graded,1.90827379569669,E9b,0.25,-0.0864123385269277,0.0785485230977176,97.548212661501,-1.11641796185062,0.196196111560663
Hybrid,covar,graded,1.98837051586284,E9b,0.25,-0.085150547805519,0.078569204682895,97.5995358301354,-1.09982676718479,0.191786000929775
Hybrid,covar,graded,2.07182916689858,E9b,0.25,-0.0838909279537686,0.0785896113970697,97.6501893291036,-1.08327611739584,0.187452437632109
Hybrid,covar,graded,2.15879086043929,E9b,0.25,-0.0826348024755926,0.078609718729326,97.7001121639437,-1.06678322331272,0.183199789514344
Hybrid,covar,graded,2.24940263105407,E9b,0.25,-0.0813834684534814,0.0786295042649591,97.7492484816955,-1.05036489001454,0.179032008328853
Hybrid,covar,graded,2.3438176848513,E9b,0.25,-0.080138191995306,0.0786489478624186,97.7975480104129,-1.03403745935939,0.174952623922598
Hybrid,covar,graded,2.4421956585191,E9b,0.25,-0.0789002039179269,0.0786680318034247,97.8449664337201,-1.01781675624083,0.170964742143787
Hybrid,covar,graded,2.54470288923857,E9b,0.25,-0.0776706957073968,0.0786867409127754,97.8914656916884,-1.00171803905497,0.167071046346632
Hybrid,covar,graded,2.65151269592615,E9b,0.25,-0.076450815790469,0.0787050626450195,97.937014200874,-0.985755954781002,0.163273802317289
Hybrid,covar,graded,2.76280567228076,E9b,0.25,-0.0752416661465342,0.0787229871359299,97.9815869881765,-0.969944498993094,0.159574866393261
Hybrid,covar,graded,2.87876999213107,E9b,0.25,-0.0740442992832126,0.0787405072175431,98.0251657352149,-0.954296981034349,0.155975696506808
Hybrid,covar,graded,2.99960172759923,E9b,0.25,-0.072859715592803,0.0787576183964159,98.0677387320765,-0.938825994496181,0.152477365849567
Hybrid,covar,graded,3.12550518061903,E9b,0.25,-0.0716888611008034,0.078774318795642,98.1093007415092,-0.923543393062449,0.149080578832063
Hybrid,covar,graded,3.25669322836902,E9b,0.25,-0.0705326256119061,0.0787906090620481,98.1498527767991,-0.908460271698297,0.14578568899721
Hybrid,covar,graded,3.39338768320454,E9b,0.25,-0.0693918412533755,0.0788064922408115,98.1894017986417,-0.893586953090929,0.142592718541176
Hybrid,covar,graded,3.53581966769745,E9b,0.25,-0.0682672814106149,0.0788219736204824,98.2279603381797,-0.878932979184721,0.139501379097465
Hybrid,covar,graded,3.68423000541744,E9b,0.25,-0.0671596600451132,0.0788370605520351,98.2655460549995,-0.864507107596852,0.136511093449582
Hybrid,covar,graded,3.83886962811578,E9b,0.25,-0.0660696313808812,0.0788517622460795,98.3021812401862,-0.850317312652633,0.133621017853271
Hybrid,covar,graded,4,E9b,0.25,-0.0649977899419686,0.0788660895527408,98.33789227551,-0.836370790741952,0.130830064670188
Hybrid,covar,mean,0,E9,0.25,-0.130194856131429,0.0876902246277291,121.57646376093,-1.50671040520563,0.317306144115025
Hybrid,covar,mean,0.03,E9,0.25,-0.130194856131429,0.0876902246277196,121.576463760904,-1.50671040520579,0.317306144115081
Hybrid,covar,mean,0.0312592016986259,E9,0.25,-0.130194856131429,0.087690224627705,121.576463760864,-1.50671040520604,0.317306144115168
Hybrid,covar,mean,0.0325712563611792,E9,0.25,-0.130194856131429,0.0876902246276704,121.576463760767,-1.50671040520664,0.317306144115376
Hybrid,covar,mean,0.0339383824057251,E9,0.25,-0.130194856131429,0.0876902246275907,121.576463760546,-1.50671040520801,0.317306144115852
Hybrid,covar,mean,0.0353628913648552,E9,0.25,-0.130194856131429,0.087690224627414,121.576463760057,-1.50671040521104,0.317306144116908
Hybrid,covar,mean,0.0368471917940202,E9,0.25,-0.130194856131429,0.0876902246270351,121.576463759006,-1.50671040521755,0.317306144119171
Hybrid,covar,mean,0.0383937933439077,E9,0.25,-0.130194856131429,0.0876902246262484,121.576463756825,-1.50671040523107,0.317306144123872
Hybrid,covar,mean,0.0400053110037523,E9,0.25,-0.130194856131429,0.087690224624665,121.576463752434,-1.50671040525827,0.317306144133332
Hybrid,covar,mean,0.0416844695227518,E9,0.25,-0.130194856131429,0.0876902246215715,121.576463743856,-1.50671040531143,0.317306144151816
Hybrid,covar,mean,0.0434341080170641,E9,0.25,-0.130194856131429,0.0876902246156977,121.576463727569,-1.50671040541235,0.317306144186912
Hybrid,covar,mean,0.045257184770177,E9,0.25,-0.130194856131429,0.0876902246048466,121.57646369748,-1.5067104055988,0.317306144251746
Hybrid,covar,mean,0.0471567822347647,E9,0.25,-0.130194856131429,0.0876902245853214,121.57646364334,-1.50671040593428,0.317306144368408
Hybrid,covar,mean,0.0491361122444897,E9,0.25,-0.130194856131429,0.0876902245510649,121.576463548351,-1.50671040652289,0.317306144573089
Hybrid,covar,mean,0.0511985214445608,E9,0.25,-0.130194856131429,0.0876902244924029,121.576463385689,-1.50671040753083,0.317306144923591
Hybrid,covar,mean,0.0533474969502316,E9,0.25,-0.130194856131429,0.08769022439426,121.576463113553,-1.50671040921714,0.317306145509989
Hybrid,covar,mean,0.055586672242804,E9,0.25,-0.130194856131429,0.0876902242336929,121.576462668322,-1.50671041197603,0.317306146469368
Hybrid,covar,mean,0.0579198333131074,E9,0.25,-0.130194856131429,0.0876902239765719,121.576461955361,-1.50671041639394,0.317306148005651
Hybrid,covar,mean,0.0603509250628405,E9,0.25,-0.130194856131429,0.0876902235732269,121.576460836941,-1.50671042332429,0.317306150415614
Hybrid,covar,mean,0.0628840579745996,E9,0.25,-0.130194856131429,0.0876902229528837,121.576459116815,-1.50671043398314,0.317306154122129
Hybrid,covar,mean,0.0655235150618698,E9,0.25,-0.130194856131429,0.0876902220167287,121.576456520986,-1.50671045006834,0.317306159715601
Hybrid,covar,mean,0.0682737591107313,E9,0.25,-0.130194856131429,0.0876902206294809,121.576452674339,-1.5067104739043,0.317306168004326
Hybrid,covar,mean,0.0711394402255249,E9,0.25,-0.130194856131429,0.0876902186094067,121.576447072951,-1.50671050861361,0.317306180074154
Hybrid,covar,mean,0.0741254036912341,E9,0.25,-0.130194856131429,0.0876902157167885,121.576439052119,-1.50671055831515,0.317306197357383
Hybrid,covar,mean,0.0772366981658785,E9,0.25,-0.130194856131429,0.0876902116409569,121.5764277504,-1.50671062834689,0.317306221710248
Hybrid,covar,mean,0.0804785842167695,E9,0.25,-0.130194856131429,0.0876902059861047,121.576412070276,-1.50671072550969,0.317306255497677
Hybrid,covar,mean,0.0838565432150617,E9,0.25,-0.130194856131429,0.0876901982562225,121.576390636382,-1.50671085832609,0.317306301683305
Hybrid,covar,mean,0.0873762866036384,E9,0.25,-0.130194856131429,0.0876901878396162,121.576361752576,-1.50671103730636,0.317306363921982
Hybrid,covar,mean,0.0910437655540025,E9,0.25,-0.130194856131429,0.0876901739935833,121.576323359451,-1.50671127521182,0.317306446651333
Hybrid,covar,mean,0.0948651810284991,E9,0.25,-0.130194856131429,0.087690155829927,121.576272994166,-1.5067115873037,0.317306555178322
Hybrid,covar,mean,0.0988469942648838,E9,0.25,-0.130194856131429,0.0876901323020628,121.576207754696,-1.50671199156476,0.317306695756289
Hybrid,covar,mean,0.102995937700964,E9,0.25,-0.130194856131429,0.0876901021945219,121.576124270729,-1.50671250887962,0.317306875647687
Hybrid,covar,mean,0.107319026357785,E9,0.25,-0.130194856131429,0.0876900641156662,121.576018683472,-1.50671316315999,0.317307103167622
Hybrid,covar,mean,0.111823569700605,E9,0.25,-0.130194856131429,0.0876900164943978,121.575886636525,-1.50671398140128,0.317307387703539
Hybrid,covar,mean,0.116517183997718,E9,0.25,-0.130194856131429,0.0876899575815749,121.575723279815,-1.50671499365829,0.317307739706796
Hybrid,covar,mean,0.12140780519802,E9,0.25,-0.130194856131429,0.0876898854567255,121.575523288223,-1.50671623292997,0.317308170652585
Hybrid,covar,mean,0.126503702349079,E9,0.25,-0.130194856131429,0.0876897980404965,121.575280896106,-1.50671773494565,0.317308692965609
Hybrid,covar,mean,0.131813491578427,E9,0.25,-0.130194856131429,0.0876896931130757,121.574989948395,-1.50671953784859,0.317309319910066
Hybrid,covar,mean,0.137346150661672,E9,0.25,-0.130194856131429,0.0876895683386049,121.574643968298,-1.50672168177673,0.317310065443867
Hybrid,covar,mean,0.143111034202102,E9,0.25,-0.130194856131429,0.087689421295353,121.574236240986,-1.50672420834439,0.317310944038435
Hybrid,covar,mean,0.149117889447416,E9,0.25,-0.130194856131429,0.0876892495111647,121.573759911898,-1.50672716003341,0.317311970466998
Hybrid,covar,mean,0.155376872770339,E9,0.25,-0.130194856131429,0.0876890505034466,121.57320809764,-1.50673057950633,0.317313159565782
Hybrid,covar,mean,0.161898566840992,E9,0.25,-0.130194856131429,0.0876888218227158,121.572574006755,-1.50673450885836,0.317314525973918
Hybrid,covar,mean,0.168693998520034,E9,0.25,-0.130194856131429,0.0876885610985313,121.571851067104,-1.5067389888284,0.317316083859113
Hybrid,covar,mean,0.175774657502848,E9,0.25,-0.130194856131429,0.0876882660864642,121.571033056128,-1.50674405799219,0.317317846637107
Hybrid,covar,mean,0.183152515746281,E9,0.25,-0.130194856131429,0.0876879347146621,121.570114229972,-1.50674975196247,0.317319826693537
Hybrid,covar,mean,0.190840047710792,E9,0.25,-0.130194856131429,0.0876875651285273,121.569089447393,-1.50675610262138,0.317322035117056
Hybrid,covar,mean,0.198850251452234,E9,0.25,-0.130194856131429,0.0876871557320695,121.567954284424,-1.50676313741007,0.317324481452291
Hybrid,covar,mean,0.207196670598929,E9,0.25,-0.130194856131429,0.0876867052246151,121.566705136165,-1.50677087869791,0.317327173480505
Hybrid,covar,mean,0.215893417251189,E9,0.25,-0.130194856131429,0.0876862126317557,121.565339302598,-1.5067793432507,0.31733011703465
Hybrid,covar,mean,0.224955195842017,E9,0.25,-0.130194856131429,0.0876856773296852,121.56385505605,-1.50678854181228,0.317333315853868
Hybrid,covar,mean,0.234397327999317,E9,0.25,-0.130194856131429,0.0876850990624035,121.562251688879,-1.50679847880868,0.317336771480577
Hybrid,covar,mean,0.244235778451654,E9,0.25,-0.130194856131429,0.0876844779516304,121.560529540931,-1.50680915217745,0.317340483201065
Hybrid,covar,mean,0.254487182021372,E9,0.25,-0.130194856131429,0.0876838144996557,121.558690007409,-1.50682055331816,0.317344448028245
Hybrid,covar,mean,0.2651688717507,E9,0.25,-0.130194856131429,0.0876831095857302,121.556735528823,-1.50683266715395,0.317348660722968
Hybrid,covar,mean,0.276298908208406,E9,0.25,-0.130194856131429,0.0876823644569453,121.554669565646,-1.50684547228759,0.317353113848237
Hybrid,covar,mean,0.287896110026556,E9,0.25,-0.130194856131429,0.0876815807148368,121.552496561124,-1.50685894123099,0.317357797848932
Hybrid,covar,mean,0.299980085718997,E9,0.25,-0.130194856131429,0.0876807602991587,121.550221896217,-1.50687304068331,0.317362701148438
Hybrid,covar,mean,0.312571266835374,E9,0.25,-0.130194856131429,0.0876799054703843,121.547851841022,-1.50688773183093,0.317367810252851
Hybrid,covar,mean,0.325690942506732,E9,0.25,-0.130194856131429,0.0876790187924955,121.545393506991,-1.50690297064235,0.317373109853462
Hybrid,covar,mean,0.339361295441117,E9,0.25,-0.130194856131429,0.0876781031175084,121.542854803958,-1.50691870813335,0.317378582918852
Hybrid,covar,mean,0.353605439430029,E9,0.25,-0.130194856131429,0.0876771615729546,121.540244405364,-1.50693489058129,0.317384210769333
Hybrid,covar,mean,0.36844745842915,E9,0.25,-0.130194856131429,0.0876761975531991,121.537571724122,-1.50695145967353,0.317389973128451
Hybrid,covar,mean,0.38391244727943,E9,0.25,-0.130194856131429,0.087675214715045,121.534846900362,-1.50696835258216,0.317395848148884
Hybrid,covar,mean,0.400026554137359,E9,0.25,-0.130194856131429,0.0876742169775715,121.532080800923,-1.50698550196596,0.31740181241304
Hybrid,covar,mean,0.4168170246862,E9,0.25,-0.130194856131429,0.0876732085256041,121.529285028908,-1.50700283591005,0.317407840911949
Hybrid,covar,mean,0.434312248202902,E9,0.25,-0.130194856131429,0.0876721938156604,121.526471940111,-1.50702027782288,0.317413907009384
Hybrid,covar,mean,0.452541805558606,E9,0.25,-0.130194856131429,0.0876711775826909,121.523654661648,-1.50703774631976,0.317419982401236
Hybrid,covar,mean,0.471536519233894,E9,0.25,-0.130194856131429,0.0876701648454819,121.520847106887,-1.50705515512929,0.317426037082921
Hybrid,covar,mean,0.491328505433342,E9,0.25,-0.130194856131429,0.0876691609082553,121.518063979836,-1.50707241306534,0.317432039339561
Hybrid,covar,mean,0.511951228387509,E9,0.25,-0.130194856131429,0.0876681713558168,121.515320761659,-1.50708942411004,0.317437955774789
Hybrid,covar,mean,0.533439556934147,E9,0.25,-0.130194856131429,0.0876672020396111,121.512633671996,-1.50710608765317,0.317443751393988
Hybrid,covar,mean,0.555829823474338,E9,0.25,-0.130194856131429,0.0876662590522581,121.510019598367,-1.50712229892984,0.317449389756489
Hybrid,covar,mean,0.579159885403199,E9,0.25,-0.130194856131429,0.0876653486885655,121.507495988098,-1.50713794969085,0.31745483320875
Hybrid,covar,mean,0.603469189119055,E9,0.25,-0.130194856131429,0.0876644773916381,121.50508069897,-1.50715292912955,0.317460043206768
Hybrid,covar,mean,0.628798836719292,E9,0.25,-0.130194856131429,0.0876636516834922,121.502791806926,-1.50716712507538,0.317464980731292
Hybrid,covar,mean,0.655191655495656,E9,0.25,-0.130194856131429,0.087662878080488,121.500647371731,-1.50718042544882,0.317469606793979
Hybrid,covar,mean,0.682692270346511,E9,0.25,-0.130194856131429,0.0876621629948401,121.498665164058,-1.50719271995599,0.317473883026961
Hybrid,covar,mean,0.711347179228481,E9,0.25,-0.130194856131429,0.0876615126243938,121.496862360082,-1.50720390198528,0.317477772342733
Hybrid,covar,mean,0.741204831775056,E9,0.25,-0.130194856131429,0.0876609328336632,121.49525521187,-1.5072138706546,0.317481239646418
Hybrid,covar,mean,0.772315711215085,E9,0.25,-0.130194856131429,0.087660429029772,121.493858703655,-1.50722253294637,0.317484252578624
Hybrid,covar,mean,0.804732419729668,E9,0.25,-0.130194856131429,0.0876600060373383,121.492686205196,-1.50722980586085,0.317486782264665
Hybrid,covar,mean,0.838509767391766,E9,0.25,-0.130194856131429,0.0876596679764867,121.491749133808,-1.50723561851567,0.31748880404507
Hybrid,covar,mean,0.873704864838903,E9,0.25,-0.130194856131429,0.0876594181480464,121.491056636296,-1.50723991412168,0.317490298163082
Hybrid,covar,mean,0.910377219835665,E9,0.25,-0.130194856131429,0.0876592589296207,121.49061530101,-1.50724265177164,0.317491250386984
Hybrid,covar,mean,0.948588837889245,E9,0.25,-0.130194856131429,0.087659191685657,121.490428908666,-1.50724380798775,0.317491652548555
Hybrid,covar,mean,0.988404327088169,E9,0.25,-0.130194856131429,0.0876592166939576,121.490498228712,-1.50724337798612,0.317491502982952
Hybrid,covar,mean,1.02989100734146,E9,0.25,-0.130194856131429,0.0876593330903546,121.490820865992,-1.50724137662822,0.317490806859702
Hybrid,covar,mean,1.07311902420292,E9,0.25,-0.130194856131429,0.0876595388325767,121.491391160561,-1.50723783904185,0.317489576398626
Hybrid,covar,mean,1.11816146747305,E9,0.25,-0.130194856131429,0.0876598306837556,121.492200141882,-1.5072328209037,0.317487830968028
Hybrid,covar,mean,1.16509449477906,E9,0.25,-0.130194856131429,0.0876602042155759,121.493235537434,-1.50722639838365,0.31748559706509
Hybrid,covar,mean,1.21399746034191,E9,0.25,-0.130194856131429,0.0876606538308034,121.494481834982,-1.50721866775526,0.317482908180175
Hybrid,covar,mean,1.26495304914824,E9,0.25,-0.130194856131429,0.0876611728048112,121.495920397486,-1.50720974467919,0.317479804547261
Hybrid,covar,mean,1.31804741675389,E9,0.25,-0.130194856131429,0.0876617533457356,121.497529629606,-1.5071997631661,0.317476332782852
Hybrid,covar,mean,1.37337033495542,E9,0.25,-0.130194856131429,0.0876623866729811,121.499285195079,-1.50718887422376,0.317472545415073
Hybrid,covar,mean,1.43101534357603,E9,0.25,-0.130194856131429,0.0876630631138914,121.501160284437,-1.50717724419193,0.317468500304141
Hybrid,covar,mean,1.49107990862239,E9,0.25,-0.130194856131429,0.0876637722184589,121.503125932753,-1.50716505276735,0.317464259955066
Hybrid,covar,mean,1.55366558707987,E9,0.25,-0.130194856131429,0.0876645028918896,121.505151386908,-1.50715249072201,0.317459890723749
Hybrid,covar,mean,1.61887819862478,E9,0.25,-0.130194856131429,0.0876652435446521,121.507204521375,-1.50713975732151,0.317455461918799
Hybrid,covar,mean,1.68682800454401,E9,0.25,-0.130194856131429,0.0876659822592845,121.509252300505,-1.50712705745592,0.317451044803462
Hybrid,covar,mean,1.75762989416439,E9,0.25,-0.130194856131429,0.0876667069727284,121.511261283931,-1.50711459850453,0.317446711505099
Hybrid,covar,mean,1.83140357910731,E9,0.25,-0.130194856131429,0.0876674056723201,121.513198169892,-1.50710258696676,0.317442533843397
Hybrid,covar,mean,1.90827379569669,E9,0.25,-0.130194856131429,0.0876680666028443,121.515030369302,-1.50709122490368,0.317438582092881
Hybrid,covar,mean,1.98837051586284,E9,0.25,-0.130194856131429,0.0876686784812958,121.516726601259,-1.50708070624798,0.317434923699716
Hybrid,covar,mean,2.07182916689858,E9,0.25,-0.130194856131429,0.0876692307152699,121.518257498664,-1.50707121305224,0.317431621977183
Hybrid,covar,mean,2.15879086043929,E9,0.25,-0.130194856131429,0.0876697136202634,121.519596210878,-1.50706291175656,0.317428734807937
Hybrid,covar,mean,2.24940263105407,E9,0.25,-0.130194856131429,0.087670118630683,121.520718988957,-1.50705594956475,0.317426313384064
Hybrid,covar,mean,2.3438176848513,E9,0.25,-0.130194856131429,0.0876704384990689,121.521605738234,-1.50705045102314,0.317424401017655
Hybrid,covar,mean,2.4421956585191,E9,0.25,-0.130194856131429,0.0876706674779762,121.522240522805,-1.50704651489746,0.317423032054987
Hybrid,covar,mean,2.54470288923857,E9,0.25,-0.130194856131429,0.087670801479144,121.522612007021,-1.50704421143964,0.317422230926291
Hybrid,covar,mean,2.65151269592615,E9,0.25,-0.130194856131429,0.0876708382050052,121.522713820246,-1.50704358012942,0.317422011360562
Hybrid,covar,mean,2.76280567228076,E9,0.25,-0.130194856131429,0.0876707772482503,121.522544832978,-1.50704462796416,0.317422375790935
Hybrid,covar,mean,2.87876999213107,E9,0.25,-0.130194856131429,0.0876706201560081,121.522109334799,-1.50704732835591,0.317423314971119
Hybrid,covar,mean,2.99960172759923,E9,0.25,-0.130194856131429,0.0876703704562227,121.521417107428,-1.50705162067717,0.317424807817313
Hybrid,covar,mean,3.12550518061903,E9,0.25,-0.130194856131429,0.0876700336449191,121.520483389273,-1.50705741047786,0.317426821483451
Hybrid,covar,mean,3.25669322836902,E9,0.25,-0.130194856131429,0.0876696171342279,121.519328731103,-1.50706457037594,0.3174293116706
Hybrid,covar,mean,3.39338768320454,E9,0.25,-0.130194856131429,0.0876691301622063,121.517978745766,-1.50707294160398,0.317432223164411
Hybrid,covar,mean,3.53581966769745,E9,0.25,-0.130194856131429,0.0876685836666152,121.516463757936,-1.5070823361748,0.317435490587835
Hybrid,covar,mean,3.68423000541744,E9,0.25,-0.130194856131429,0.087667990125831,121.514818362744,-1.507092539612,0.317439039350267
Hybrid,covar,mean,3.83886962811578,E9,0.25,-0.130194856131429,0.0876673633709531,121.513080904572,-1.50710331417581,0.317442786769005
Hybrid,covar,mean,4,E9,0.25,-0.130194856131429,0.0876667183738796,121.511292889278,-1.50711440250266,0.317446643334663
Hybrid,covar,mean,0,E9b,0.25,-0.130194856131429,0.0793277840344191,99.4942052945256,-1.66554222445054,0.374357729302301
Hybrid,covar,mean,0.03,E9b,0.25,-0.130194856131429,0.0793277840344072,99.4942052944958,-1.66554222445079,0.374357729302393
Hybrid,covar,mean,0.0312592016986259,E9b,0.25,-0.130194856131429,0.0793277840343889,99.4942052944501,-1.66554222445117,0.374357729302535
Hybrid,covar,mean,0.0325712563611792,E9b,0.25,-0.130194856131429,0.0793277840343455,99.494205294341,-1.66554222445208,0.374357729302872
Hybrid,covar,mean,0.0339383824057251,E9b,0.25,-0.130194856131429,0.0793277840342456,99.4942052940906,-1.66554222445418,0.374357729303646
Hybrid,covar,mean,0.0353628913648552,E9b,0.25,-0.130194856131429,0.0793277840340242,99.4942052935352,-1.66554222445883,0.374357729305363
Hybrid,covar,mean,0.0368471917940202,E9b,0.25,-0.130194856131429,0.0793277840335494,99.4942052923443,-1.6655422244688,0.374357729309044
Hybrid,covar,mean,0.0383937933439077,E9b,0.25,-0.130194856131429,0.0793277840325637,99.4942052898717,-1.66554222448949,0.374357729316688
Hybrid,covar,mean,0.0400053110037523,E9b,0.25,-0.130194856131429,0.0793277840305797,99.4942052848948,-1.66554222453115,0.374357729332073
Hybrid,covar,mean,0.0416844695227518,E9b,0.25,-0.130194856131429,0.0793277840267033,99.4942052751713,-1.66554222461253,0.374357729362132
Hybrid,covar,mean,0.0434341080170641,E9b,0.25,-0.130194856131429,0.0793277840193432,99.4942052567088,-1.66554222476707,0.374357729419205
Hybrid,covar,mean,0.045257184770177,E9b,0.25,-0.130194856131429,0.0793277840057463,99.4942052226019,-1.66554222505254,0.374357729524641
Hybrid,covar,mean,0.0471567822347647,E9b,0.25,-0.130194856131429,0.0793277839812803,99.4942051612307,-1.66554222556622,0.374357729714359
Hybrid,covar,mean,0.0491361122444897,E9b,0.25,-0.130194856131429,0.0793277839383554,99.4942050535565,-1.66554222646746,0.374357730047215
Hybrid,covar,mean,0.0511985214445608,E9b,0.25,-0.130194856131429,0.0793277838648494,99.4942048691715,-1.66554222801077,0.374357730617209
Hybrid,covar,mean,0.0533474969502316,E9b,0.25,-0.130194856131429,0.0793277837418717,99.4942045606903,-1.66554223059277,0.374357731570825
Hybrid,covar,mean,0.055586672242804,E9b,0.25,-0.130194856131429,0.0793277835406736,99.4942040559983,-1.66554223481707,0.374357733130992
Hybrid,covar,mean,0.0579198333131074,E9b,0.25,-0.130194856131429,0.079327783218488,99.4942032478174,-1.66554224158158,0.374357735629342
Hybrid,covar,mean,0.0603509250628405,E9b,0.25,-0.130194856131429,0.0793277827130747,99.4942019800222,-1.66554225219308,0.37435773954851
Hybrid,covar,mean,0.0628840579745996,E9b,0.25,-0.130194856131429,0.0793277819357469,99.4942000301477,-1.66554226851363,0.374357745576207
Hybrid,covar,mean,0.0655235150618698,E9b,0.25,-0.130194856131429,0.0793277807626783,99.4941970875842,-1.66554229314302,0.374357754672629
Hybrid,covar,mean,0.0682737591107313,E9b,0.25,-0.130194856131429,0.079327779024338,99.4941927270748,-1.66554232964069,0.374357768152384
Hybrid,covar,mean,0.0711394402255249,E9b,0.25,-0.130194856131429,0.0793277764929683,99.4941863773044,-1.66554238278858,0.374357787781596
Hybrid,covar,mean,0.0741254036912341,E9b,0.25,-0.130194856131429,0.0793277728681168,99.4941772846094,-1.66554245889488,0.374357815890085
Hybrid,covar,mean,0.0772366981658785,E9b,0.25,-0.130194856131429,0.0793277677603543,99.494164472133,-1.66554256613596,0.374357855497642
Hybrid,covar,mean,0.0804785842167695,E9b,0.25,-0.130194856131429,0.0793277606734402,99.49414669509,-1.66554271493075,0.374357910452313
Hybrid,covar,mean,0.0838565432150617,E9b,0.25,-0.130194856131429,0.0793277509853471,99.4941223931689,-1.66554291833917,0.37435798557755
Hybrid,covar,mean,0.0873762866036384,E9b,0.25,-0.130194856131429,0.0793277379286987,99.4940896414609,-1.6655431924729,0.37435808682391
Hybrid,covar,mean,0.0910437655540025,E9b,0.25,-0.130194856131429,0.0793277205713113,99.4940461016521,-1.66554355690387,0.374358221419948
Hybrid,covar,mean,0.0948651810284991,E9b,0.25,-0.130194856131429,0.0793276977976453,99.4939889754967,-1.66554403505379,0.374358398016061
Hybrid,covar,mean,0.0988469942648838,E9b,0.25,-0.130194856131429,0.0793276682920564,99.4939149628057,-1.66554465454581,0.374358626814385
Hybrid,covar,mean,0.102995937700964,E9b,0.25,-0.130194856131429,0.07932763052478,99.4938202262939,-1.66554544749885,0.3743589196775
Hybrid,covar,mean,0.107319026357785,E9b,0.25,-0.130194856131429,0.0793275827415819,99.4937003656234,-1.66554645074495,0.374359290208722
Hybrid,covar,mean,0.111823569700605,E9b,0.25,-0.130194856131429,0.0793275229579549,99.4935504028531,-1.66554770595127,0.374359753797155
Hybrid,covar,mean,0.116517183997718,E9b,0.25,-0.130194856131429,0.0793274489586383,99.4933647812423,-1.66554925963027,0.37436032762148
Hybrid,covar,mean,0.12140780519802,E9b,0.25,-0.130194856131429,0.0793273583030854,99.4931373789759,-1.66555116302517,0.374361030607652
Hybrid,covar,mean,0.126503702349079,E9b,0.25,-0.130194856131429,0.0793272483373077,99.4928615388903,-1.66555347186145,0.374361883337164
Hybrid,covar,mean,0.131813491578427,E9b,0.25,-0.130194856131429,0.0793271162122939,99.4925301146944,-1.66555624596047,0.374362907904353
Hybrid,covar,mean,0.137346150661672,E9b,0.25,-0.130194856131429,0.0793269589089453,99.4921355335377,-1.66555954871628,0.374364127723217
Hybrid,covar,mean,0.143111034202102,E9b,0.25,-0.130194856131429,0.0793267732691941,99.4916698740967,-1.66556344644271,0.374365567286297
Hybrid,covar,mean,0.149117889447416,E9b,0.25,-0.130194856131429,0.0793265560327044,99.4911249586631,-1.66556800760324,0.374367251880311
Hybrid,covar,mean,0.155376872770339,E9b,0.25,-0.130194856131429,0.079326303878289,99.4904924570688,-1.66557330194202,0.37436920726524
Hybrid,covar,mean,0.161898566840992,E9b,0.25,-0.130194856131429,0.0793260134689448,99.4897639996879,-1.66557939953888,0.374371459325369
Hybrid,covar,mean,0.168693998520034,E9b,0.25,-0.130194856131429,0.0793256814992111,99.4889312962679,-1.66558636981558,0.374374033702337
Hybrid,covar,mean,0.175774657502848,E9b,0.25,-0.130194856131429,0.0793253047434109,99.4879862569768,-1.66559428052362,0.374376955421331
Hybrid,covar,mean,0.183152515746281,E9b,0.25,-0.130194856131429,0.0793248801032519,99.4869211118415,-1.66560319674535,0.374380248522249
Hybrid,covar,mean,0.190840047710792,E9b,0.25,-0.130194856131429,0.079324404653247,99.4857285247159,-1.66561317994096,0.374383935707744
Hybrid,covar,mean,0.198850251452234,E9b,0.25,-0.130194856131429,0.0793238756824774,99.484401698069,-1.66562428707205,0.374388038019598
Hybrid,covar,mean,0.207196670598929,E9b,0.25,-0.130194856131429,0.0793232907313516,99.4829344652162,-1.66563656983027,0.37439257455386
Hybrid,covar,mean,0.215893417251189,E9b,0.25,-0.130194856131429,0.079322647622226,99.481321367145,-1.66565007399472,0.374397562223531
Hybrid,covar,mean,0.224955195842017,E9b,0.25,-0.130194856131429,0.0793219444830229,99.4795577117678,-1.66566483893617,0.374403015575489
Hybrid,covar,mean,0.234397327999317,E9b,0.25,-0.130194856131429,0.0793211797633134,99.477639614266,-1.66568089727942,0.374408946665777
Hybrid,covar,mean,0.244235778451654,E9b,0.25,-0.130194856131429,0.0793203522427026,99.4755640181155,-1.66569827472713,0.374415364994519
Hybrid,covar,mean,0.254487182021372,E9b,0.25,-0.130194856131429,0.0793194610317481,99.4733286973733,-1.66571699004025,0.374422277498681
Hybrid,covar,mean,0.2651688717507,E9b,0.25,-0.130194856131429,0.0793185055660395,99.4709322418044,-1.66573705516191,0.374429688597786
Hybrid,covar,mean,0.276298908208406,E9b,0.25,-0.130194856131429,0.0793174855944523,99.4683740273855,-1.66575847546357,0.374437600284772
Hybrid,covar,mean,0.287896110026556,E9b,0.25,-0.130194856131429,0.0793164011629291,99.4656541755857,-1.66578125008488,0.374446012251471
Hybrid,covar,mean,0.299980085718997,E9b,0.25,-0.130194856131429,0.0793152525954326,99.4627735055462,-1.66580537233297,0.374454922035991
Hybrid,covar,mean,0.312571266835374,E9b,0.25,-0.130194856131429,0.0793140404739222,99.4597334838081,-1.66583083010201,0.374464325177634
Hybrid,covar,mean,0.325690942506732,E9b,0.25,-0.130194856131429,0.0793127656193277,99.4565361765367,-1.66585760627191,0.374474215364052
Hybrid,covar,mean,0.339361295441117,E9b,0.25,-0.130194856131429,0.0793114290755027,99.4531842092154,-1.66588567904431,0.37448458455526
Hybrid,covar,mean,0.353605439430029,E9b,0.25,-0.130194856131429,0.0793100320980373,99.4496807385241,-1.66591502217647,0.374495423069933
Hybrid,covar,mean,0.36844745842915,E9b,0.25,-0.130194856131429,0.0793085761495812,99.4460294405418,-1.66594560507837,0.374506719621159
Hybrid,covar,mean,0.38391244727943,E9b,0.25,-0.130194856131429,0.0793070629029811,99.4422345185403,-1.66597739274558,0.374518461291533
Hybrid,covar,mean,0.400026554137359,E9b,0.25,-0.130194856131429,0.0793054942530683,99.4383007324662,-1.66601034551028,0.374530633441072
Hybrid,covar,mean,0.4168170246862,E9b,0.25,-0.130194856131429,0.0793038723373706,99.4342334507925,-1.66604441860473,0.374543219545822
Hybrid,covar,mean,0.434312248202902,E9b,0.25,-0.130194856131429,0.0793021995653771,99.4300387238068,-1.66607956154475,0.374556200969986
Hybrid,covar,mean,0.452541805558606,E9b,0.25,-0.130194856131429,0.0793004786552977,99.4257233756785,-1.66611571735565,0.374569556679798
Hybrid,covar,mean,0.471536519233894,E9b,0.25,-0.130194856131429,0.0792987126765643,99.421295110908,-1.66615282167709,0.374583262912684
Hybrid,covar,mean,0.491328505433342,E9b,0.25,-0.130194856131429,0.0792969050956726,99.4167626291317,-1.66619080179749,0.374597292820362
Hybrid,covar,mean,0.511951228387509,E9b,0.25,-0.130194856131429,0.0792950598224005,99.4121357408526,-1.66622957568025,0.374611616108844
Hybrid,covar,mean,0.533439556934147,E9b,0.25,-0.130194856131429,0.0792931812530258,99.4074254756247,-1.66626905105256,0.3746261987016
Hybrid,covar,mean,0.555829823474338,E9b,0.25,-0.130194856131429,0.079291274306932,99.4026441736448,-1.66630912463299,0.374641002453889
Hybrid,covar,mean,0.579159885403199,E9b,0.25,-0.130194856131429,0.079289344452986,99.3978055516832,-1.66634968157367,0.374655984946405
Hybrid,covar,mean,0.603469189119055,E9b,0.25,-0.130194856131429,0.0792873977222999,99.3929247348699,-1.66639059518859,0.374671099384568
Hybrid,covar,mean,0.628798836719292,E9b,0.25,-0.130194856131429,0.0792854407044639,99.3880182470417,-1.66643172702929,0.374686294626155
Hybrid,covar,mean,0.655191655495656,E9b,0.25,-0.130194856131429,0.0792834805250317,99.3831039540974,-1.66647292735469,0.37470151535459
Hybrid,covar,mean,0.682692270346511,E9b,0.25,-0.130194856131429,0.0792815248029146,99.3782009570056,-1.6665140360237,0.374716702408409
Hybrid,covar,mean,0.711347179228481,E9b,0.25,-0.130194856131429,0.0792795815873395,99.3733294336144,-1.66655488381787,0.374731793269685
Hybrid,covar,mean,0.741204831775056,E9b,0.25,-0.130194856131429,0.0792776592750787,99.3685104310463,-1.66659529417958,0.374746722706014
Hybrid,covar,mean,0.772315711215085,E9b,0.25,-0.130194856131429,0.0792757665096841,99.3637656130397,-1.66663508532936,0.374761423552693
Hybrid,covar,mean,0.804732419729668,E9b,0.25,-0.130194856131429,0.0792739120653947,99.3591169689295,-1.66667407270662,0.374775827614425
Hybrid,covar,mean,0.838509767391766,E9b,0.25,-0.130194856131429,0.0792721047191536,99.3545864928919,-1.66671207166138,0.374789866659911
Hybrid,covar,mean,0.873704864838903,E9b,0.25,-0.130194856131429,0.0792703531147398,99.3501958434913,-1.66674890031303,0.374803473478252
Hybrid,covar,mean,0.910377219835665,E9b,0.25,-0.130194856131429,0.0792686656233495,99.3459659943976,-1.66678438248492,0.374816582963433
Hybrid,covar,mean,0.948588837889245,E9b,0.25,-0.130194856131429,0.0792670502050625,99.3419168873847,-1.6668183506213,0.374829133192435
Hybrid,covar,mean,0.988404327088169,E9b,0.25,-0.130194856131429,0.079265514275511,99.3380670984196,-1.66685064859584,0.374841066463334
Hybrid,covar,mean,1.02989100734146,E9b,0.25,-0.130194856131429,0.0792640645817626,99.3344335268908,-1.66688113432701,0.374852330262133
Hybrid,covar,mean,1.07311902420292,E9b,0.25,-0.130194856131429,0.0792627070909968,99.3310311169272,-1.66690968212497,0.374862878130392
Hybrid,covar,mean,1.11816146747305,E9b,0.25,-0.130194856131429,0.0792614468950224,99.327872618434,-1.6669361847054,0.374872670409865
Hybrid,covar,mean,1.16509449477906,E9b,0.25,-0.130194856131429,0.07926028813312,99.3249683940522,-1.66696055481797,0.374881674844714
Hybrid,covar,mean,1.21399746034191,E9b,0.25,-0.130194856131429,0.0792592339351188,99.3223262768134,-1.66698272644893,0.374889867026335
Hybrid,covar,mean,1.26495304914824,E9b,0.25,-0.130194856131429,0.0792582863860711,99.3199514818919,-1.66700265556886,0.374897230670105
Hybrid,covar,mean,1.31804741675389,E9b,0.25,-0.130194856131429,0.0792574465133729,99.3178465745699,-1.66702032040769,0.374903757717358
Hybrid,covar,mean,1.37337033495542,E9b,0.25,-0.130194856131429,0.0792567142967063,99.3160114953481,-1.66703572124878,0.374909448259611
Hybrid,covar,mean,1.43101534357603,E9b,0.25,-0.130194856131429,0.0792560887007341,99.3144436420222,-1.6670488797436,0.374914310285543
Hybrid,covar,mean,1.49107990862239,E9b,0.25,-0.130194856131429,0.0792555677300524,99.3131380074848,-1.66705983775723,0.37491835925453
Hybrid,covar,mean,1.55366558707987,E9b,0.25,-0.130194856131429,0.0792551485054833,99.3120873709538,-1.66706865576407,0.374921617503921
Hybrid,covar,mean,1.61887819862478,E9b,0.25,-0.130194856131429,0.0792548273603644,99.3112825392654,-1.66707541082215,0.374924113500489
Hybrid,covar,mean,1.68682800454401,E9b,0.25,-0.130194856131429,0.0792545999550523,99.3107126337706,-1.66708019416349,0.374925880949991
Hybrid,covar,mean,1.75762989416439,E9b,0.25,-0.130194856131429,0.0792544614074114,99.3103654172573,-1.66708310844773,0.374926957782224
Hybrid,covar,mean,1.83140357910731,E9b,0.25,-0.130194856131429,0.0792544064366135,99.3102276542081,-1.66708426473535,0.374927385032424
Hybrid,covar,mean,1.90827379569669,E9b,0.25,-0.130194856131429,0.079254429517151,99.3102854966391,-1.66708377924575,0.374927205643192
Hybrid,covar,mean,1.98837051586284,E9b,0.25,-0.130194856131429,0.079254525039581,99.3105248868051,-1.66708176997381,0.374926463214062
Hybrid,covar,mean,2.07182916689858,E9b,0.25,-0.130194856131429,0.0792546874742036,99.3109319672626,-1.66707835324469,0.374925200728321
Hybrid,covar,mean,2.15879086043929,E9b,0.25,-0.130194856131429,0.0792549115336503,99.3114934882181,-1.66707364029194,0.374923459288408
Hybrid,covar,mean,2.24940263105407,E9b,0.25,-0.130194856131429,0.0792551923302506,99.3121972018076,-1.66706773394566,0.37492127689205
Hybrid,covar,mean,2.3438176848513,E9b,0.25,-0.130194856131429,0.0792555255240591,99.3130322329974,-1.66706072551762,0.374918687281192
Hybrid,covar,mean,2.4421956585191,E9b,0.25,-0.130194856131429,0.0792559074575882,99.3139894171945,-1.66705269196647,0.374915718894468
Hybrid,covar,mean,2.54470288923857,E9b,0.25,-0.130194856131429,0.0792563352735885,99.3150615954021,-1.66704369342002,0.374912393951648
Hybrid,covar,mean,2.65151269592615,E9b,0.25,-0.130194856131429,0.0792568070126582,99.3162438588522,-1.66703377112223,0.374908727695087
Hybrid,covar,mean,2.76280567228076,E9b,0.25,-0.130194856131429,0.0792573216880178,99.3175337364392,-1.66702294586107,0.374904727808859
Hybrid,covar,mean,2.87876999213107,E9b,0.25,-0.130194856131429,0.0792578793354475,99.3189313199323,-1.66701121691918,0.374900394031118
Hybrid,covar,mean,2.99960172759923,E9b,0.25,-0.130194856131429,0.0792584810371132,99.3204393237737,-1.66699856157413,0.374895717969599
Hybrid,covar,mean,3.12550518061903,E9b,0.25,-0.130194856131429,0.079259128918786,99.3220630782171,-1.66698493515871,0.374890683124043
Hybrid,covar,mean,3.25669322836902,E9b,0.25,-0.130194856131429,0.0792598261207444,99.3238104565292,-1.6669702716751,0.374885265113334
Hybrid,covar,mean,3.39338768320454,E9b,0.25,-0.130194856131429,0.0792605767434134,99.3256917388983,-1.66695448494068,0.374879432099089
Hybrid,covar,mean,3.53581966769745,E9b,0.25,-0.130194856131429,0.0792613857695121,99.3277194174819,-1.66693747022828,0.374873145391967
Hybrid,covar,mean,3.68423000541744,E9b,0.25,-0.130194856131429,0.0792622589651126,99.329907948619,-1.66691910635013,0.374866360221972
Hybrid,covar,mean,3.83886962811578,E9b,0.25,-0.130194856131429,0.0792632027625528,99.332273459575,-1.66689925812383,0.374859026649891
Hybrid,covar,mean,4,E9b,0.25,-0.130194856131429,0.07926422412856,99.3348334182357,-1.66687777914945,0.374851090593733
Hybrid,covar,mean_decayed,0,E9,0.25,-0.130194856131429,0.0876902246277291,121.57646376093,-1.50671040520563,0.317306144115025
Hybrid,covar,mean_decayed,0.03,E9,0.25,-0.130194856127906,0.0876902246277196,121.576463760904,-1.50671040516502,0.317306144100904
Hybrid,covar,mean_decayed,0.0312592016986259,E9,0.25,-0.130194856122493,0.087690224627705,121.576463760864,-1.50671040510263,0.317306144079209
Hybrid,covar,mean_decayed,0.0325712563611792,E9,0.25,-0.130194856109599,0.0876902246276704,121.576463760767,-1.50671040495401,0.317306144027526
Hybrid,covar,mean_decayed,0.0339383824057251,E9,0.25,-0.130194856079983,0.0876902246275907,121.576463760546,-1.50671040461263,0.317306143908817
Hybrid,covar,mean_decayed,0.0353628913648552,E9,0.25,-0.130194856014303,0.087690224627414,121.576463760057,-1.50671040385557,0.317306143645556
Hybrid,covar,mean_decayed,0.0368471917940202,E9,0.25,-0.130194855873463,0.0876902246270351,121.576463759006,-1.50671040223217,0.317306143081035
Hybrid,covar,mean_decayed,0.0383937933439077,E9,0.25,-0.130194855581053,0.0876902246262484,121.576463756825,-1.50671039886171,0.31730614190899
Hybrid,covar,mean_decayed,0.0400053110037523,E9,0.25,-0.130194854992494,0.087690224624665,121.576463752434,-1.50671039207768,0.31730613954991
Hybrid,covar,mean_decayed,0.0416844695227518,E9,0.25,-0.13019485384259,0.0876902246215715,121.576463743856,-1.5067103788233,0.317306134940825
Hybrid,covar,mean_decayed,0.0434341080170641,E9,0.25,-0.130194851659226,0.0876902246156977,121.576463727569,-1.50671035365674,0.317306126189396
Hybrid,covar,mean_decayed,0.045257184770177,E9,0.25,-0.130194847625744,0.0876902246048466,121.57646369748,-1.50671030716477,0.317306110022266
Hybrid,covar,mean_decayed,0.0471567822347647,E9,0.25,-0.130194840368001,0.0876902245853214,121.57646364334,-1.50671022350833,0.317306080931548
Hybrid,covar,mean_decayed,0.0491361122444897,E9,0.25,-0.130194827634456,0.0876902245510649,121.576463548351,-1.506710076735,0.317306029892547
Hybrid,covar,mean_decayed,0.0511985214445608,E9,0.25,-0.130194805829073,0.0876902244924029,121.576463385689,-1.50670982539506,0.317305942491527
Hybrid,covar,mean_decayed,0.0533474969502316,E9,0.25,-0.130194769348008,0.08769022439426,121.576463113553,-1.50670940489571,0.317305796266995
Hybrid,covar,mean_decayed,0.055586672242804,E9,0.25,-0.130194709662799,0.087690224233693,121.576462668322,-1.50670871693356,0.317305557034952
Hybrid,covar,mean_decayed,0.0579198333131074,E9,0.25,-0.130194614086292,0.0876902239765721,121.576461955361,-1.50670761526999,0.317305173942482
Hybrid,covar,mean_decayed,0.0603509250628405,E9,0.25,-0.130194464154012,0.0876902235732274,121.576460836941,-1.50670588707394,0.317304572980014
Hybrid,covar,mean_decayed,0.0628840579745996,E9,0.25,-0.130194233554579,0.087690222952885,121.576459116816,-1.50670322906687,0.31730364868622
Hybrid,covar,mean_decayed,0.0655235150618698,E9,0.25,-0.130193885549339,0.0876902220167318,121.57645652099,-1.50669921777988,0.317302253805815
Hybrid,covar,mean_decayed,0.0682737591107313,E9,0.25,-0.1301933698345,0.0876902206294882,121.576452674349,-1.50669327338482,0.317300186713337
Hybrid,covar,mean_decayed,0.0711394402255249,E9,0.25,-0.130192618819328,0.0876902186094232,121.576447072975,-1.50668461679443,0.3172971764974
Hybrid,covar,mean_decayed,0.0741254036912341,E9,0.25,-0.130191543321127,0.0876902157168247,121.576439052172,-1.50667222003934,0.317292865709064
Hybrid,covar,mean_decayed,0.0772366981658785,E9,0.25,-0.130190027710815,0.0876902116410337,121.576427750512,-1.50665475031174,0.317286790911296
Hybrid,covar,mean_decayed,0.0804785842167695,E9,0.25,-0.130187924580312,0.087690205986263,121.576412070506,-1.50663050849569,0.317278361317021
Hybrid,covar,mean_decayed,0.0838565432150617,E9,0.25,-0.130185049042069,0.0876901982565394,121.576390636841,-1.50659736345512,0.31726683596133
Hybrid,covar,mean_decayed,0.0873762866036384,E9,0.25,-0.130181172809013,0.0876901878402332,121.57636175347,-1.5065526837873,0.317251300007028
Hybrid,covar,mean_decayed,0.0910437655540025,E9,0.25,-0.130176018236659,0.0876901739947526,121.576323361145,-1.50649326913492,0.317230640918853
Hybrid,covar,mean_decayed,0.0948651810284991,E9,0.25,-0.130169252534813,0.0876901558320871,121.576272997295,-1.50641528344525,0.317203525347356
Hybrid,covar,mean_decayed,0.0988469942648838,E9,0.25,-0.130160482371475,0.0876901323059561,121.576207760335,-1.50631419273917,0.317168377627252
Hybrid,covar,mean_decayed,0.102995937700964,E9,0.25,-0.130149249093971,0.0876901022013756,121.576124280657,-1.50618470997973,0.317123360808344
Hybrid,covar,mean_decayed,0.107319026357785,E9,0.25,-0.13013502478098,0.0876900641274616,121.576018700558,-1.50602074949829,0.317066361095419
Hybrid,covar,mean_decayed,0.111823569700605,E9,0.25,-0.130117209313995,0.0876900165142632,121.5758866653,-1.50581539314583,0.316994976476746
Hybrid,covar,mean_decayed,0.116517183997718,E9,0.25,-0.130095128619253,0.0876899576143446,121.575723327282,-1.50556086990404,0.316906510174054
Hybrid,covar,mean_decayed,0.12140780519802,E9,0.25,-0.130068034183594,0.0876898855097187,121.575523364984,-1.50524855014248,0.316797969359683
Hybrid,covar,mean_decayed,0.126503702349079,E9,0.25,-0.1300351038937,0.0876897981245792,121.5752810179,-1.50486895508541,0.316666069372204
Hybrid,covar,mean_decayed,0.131813491578427,E9,0.25,-0.129995444191454,0.0876896932440805,121.574990138155,-1.50441178139932,0.316507243436155
Hybrid,covar,mean_decayed,0.137346150661672,E9,0.25,-0.129948093483168,0.0876895685391916,121.574644258848,-1.50386594017987,0.316317657671238
Hybrid,covar,mean_decayed,0.143111034202102,E9,0.25,-0.129892026691066,0.0876894215974034,121.574236678505,-1.50321960904981,0.316093230977187
Hybrid,covar,mean_decayed,0.149117889447416,E9,0.25,-0.129826160795033,0.0876892499588085,121.573760560307,-1.50246029561742,0.315829659216637
Hybrid,covar,mean_decayed,0.155376872770339,E9,0.25,-0.129749361183821,0.087689051156821,121.573209044046,-1.50157491021599,0.315522442999111
Hybrid,covar,mean_decayed,0.161898566840992,E9,0.25,-0.12966044861891,0.0876888227625578,121.572575368104,-1.50054984566462,0.315166918301107
Hybrid,covar,mean_decayed,0.168693998520034,E9,0.25,-0.129558206611273,0.0876885624316951,121.571852998169,-1.49937106176034,0.314758289140448
Hybrid,covar,mean_decayed,0.175774657502848,E9,0.25,-0.129441389020403,0.087688267952443,121.571035758957,-1.49802417232064,0.314291661554451
Hybrid,covar,mean_decayed,0.183152515746281,E9,0.25,-0.1293087277042,0.0876879372931719,121.570117964873,-1.49649453282018,0.313762078203191
Hybrid,covar,mean_decayed,0.190840047710792,E9,0.25,-0.12915894007511,0.0876875686481765,121.569094545487,-1.49476732697676,0.313164553021109
Hybrid,covar,mean_decayed,0.198850251452234,E9,0.25,-0.128990736449264,0.0876871604800995,121.567961161753,-1.49282765100422,0.312494105460512
Hybrid,covar,mean_decayed,0.207196670598929,E9,0.25,-0.128802827108273,0.0876867115576405,121.56671430925,-1.49066059462873,0.311745793996723
Hybrid,covar,mean_decayed,0.215893417251189,E9,0.25,-0.128593929025095,0.0876862209873671,121.565351405234,-1.48825131832922,0.310914748686085
Hybrid,covar,mean_decayed,0.224955195842017,E9,0.25,-0.128362772233627,0.0876856882386996,121.563870857051,-1.48558512658488,0.309996202675014
Hybrid,covar,mean_decayed,0.234397327999317,E9,0.25,-0.128108105844903,0.0876851131614595,121.562272110314,-1.4826475371756,0.308985522644395
Hybrid,covar,mean_decayed,0.244235778451654,E9,0.25,-0.127828703729995,0.0876844959957268,121.560555676279,-1.47942434677361,0.307878238235091
Hybrid,covar,mean_decayed,0.254487182021372,E9,0.25,-0.127523369900688,0.0876838373741358,121.55872313891,-1.47590169318473,0.306670070535958
Hybrid,covar,mean_decayed,0.2651688717507,E9,0.25,-0.127190943624091,0.0876831383171161,121.556777143159,-1.47206611464981,0.305356959727321
Hybrid,covar,mean_decayed,0.276298908208406,E9,0.25,-0.126830304307376,0.0876824002219429,121.554721366978,-1.46790460661006,0.30393509196321
Hybrid,covar,mean_decayed,0.287896110026556,E9,0.25,-0.126440376184724,0.0876816248467703,121.552560480395,-1.46340467628786,0.302400925549535
Hybrid,covar,mean_decayed,0.299980085718997,E9,0.25,-0.126020132831651,0.0876808142910595,121.550300095619,-1.45855439534969,0.300751216437476
Hybrid,covar,mean_decayed,0.312571266835374,E9,0.25,-0.125568601523117,0.0876799709739713,121.547946712507,-1.45334245081471,0.298983043006691
Hybrid,covar,mean_decayed,0.325690942506732,E9,0.25,-0.125084867442367,0.0876790976123445,121.545507663809,-1.44775819426198,0.297093830065519
Hybrid,covar,mean_decayed,0.339361295441117,E9,0.25,-0.124568077737956,0.0876781971998284,121.542991064394,-1.44179168928178,0.29508137194914
Hybrid,covar,mean_decayed,0.353605439430029,E9,0.25,-0.124017445417668,0.0876772729885711,121.540405768084,-1.43543375701811,0.292943854553968
Hybrid,covar,mean_decayed,0.36844745842915,E9,0.25,-0.123432253060307,0.0876763284745896,121.5377613349,-1.42867601956647,0.290679876109939
Hybrid,covar,mean_decayed,0.38391244727943,E9,0.25,-0.122811856320092,0.087675367387571,121.535068010414,-1.42151094092508,0.288288466462728
Hybrid,covar,mean_decayed,0.400026554137359,E9,0.25,-0.122155687193707,0.0876743936853954,121.532336717543,-1.41393186515222,0.285769104616834
Hybrid,covar,mean_decayed,0.4168170246862,E9,0.25,-0.121463257017197,0.0876734115531501,121.529579059655,-1.40593305135799,0.283121734278395
Hybrid,covar,mean_decayed,0.434312248202902,E9,0.25,-0.120734159158896,0.0876724254058513,121.526807332334,-1.39750970515624,0.28034677713399
Hybrid,covar,mean_decayed,0.452541805558606,E9,0.25,-0.119968071375621,0.0876714398935413,121.524034539632,-1.3886580062218,0.277445143609261
Hybrid,covar,mean_decayed,0.471536519233894,E9,0.25,-0.119164757802353,0.0876704599069259,121.521274409351,-1.37937513164012,0.274418240868501
Hybrid,covar,mean_decayed,0.491328505433342,E9,0.25,-0.118324070550669,0.0876694905812971,121.518541400795,-1.36965927479778,0.271267977843201
Hybrid,covar,mean_decayed,0.511951228387509,E9,0.25,-0.117445950897949,0.0876685372961963,121.515850697835,-1.35950965964295,0.267996767113169
Hybrid,covar,mean_decayed,0.533439556934147,E9,0.25,-0.116530430057747,0.0876676056681509,121.513218179905,-1.34892655023816,0.264607523506229
Hybrid,covar,mean_decayed,0.555829823474338,E9,0.25,-0.11557762953102,0.0876667015338802,121.510660363965,-1.33791125563115,0.261103659330366
Hybrid,covar,mean_decayed,0.579159885403199,E9,0.25,-0.114587761047841,0.0876658309216503,121.508194311412,-1.32646613017408,0.257489076202146
Hybrid,covar,mean_decayed,0.603469189119055,E9,0.25,-0.113561126118838,0.0876650000089346,121.505837495446,-1.31459456952133,0.253768153485614
Hybrid,covar,mean_decayed,0.628798836719292,E9,0.25,-0.112498115224431,0.0876642150652105,121.503607626427,-1.30230100262352,0.249945733402812
Hybrid,covar,mean_decayed,0.655191655495656,E9,0.25,-0.111399206677129,0.0876634823795347,121.501522435112,-1.28959088010344,0.246027102919362
Hybrid,covar,mean_decayed,0.682692270346511,E9,0.25,-0.110264965197204,0.0876628081734449,121.499599416231,-1.27647065944216,0.24201797254328
Hybrid,covar,mean_decayed,0.711347179228481,E9,0.25,-0.109096040244481,0.0876621985006579,121.497855537445,-1.26294778741855,0.237924452202092
Hybrid,covar,mean_decayed,0.741204831775056,E9,0.25,-0.107893164148577,0.0876616591358975,121.496306921006,-1.24903068022913,0.233753024381651
Hybrid,covar,mean_decayed,0.772315711215085,E9,0.25,-0.106657150076655,0.0876611954559255,121.494968507399,-1.23472870167039,0.229510514720704
Hybrid,covar,mean_decayed,0.804732419729668,E9,0.25,-0.105388889871838,0.0876608123163958,121.493853711548,-1.22005213969512,0.22520406025975
Hybrid,covar,mean_decayed,0.838509767391766,E9,0.25,-0.104089351787368,0.0876605139284686,121.49297408281,-1.20501218156266,0.220841075542766
Hybrid,covar,mean_decayed,0.873704864838903,E9,0.25,-0.102759578131896,0.087660303739195,121.492338979941,-1.1896208876983,0.216429216768784
Hybrid,covar,mean_decayed,0.910377219835665,E9,0.25,-0.101400682830806,0.0876601843195176,121.491955271457,-1.17389116426622,0.211976344189298
Hybrid,covar,mean_decayed,0.948588837889245,E9,0.25,-0.100013848897902,0.0876601572633711,121.491827070575,-1.15783673435187,0.207490482949296
Hybrid,covar,mean_decayed,0.988404327088169,E9,0.25,-0.0986003258019699,0.0876602231008593,121.491955512268,-1.14147210755101,0.202979782576339
Hybrid,covar,mean_decayed,1.02989100734146,E9,0.25,-0.0971614267043312,0.087660381227904,121.492338578166,-1.12481254768097,0.19845247533459
Hybrid,covar,mean_decayed,1.07311902420292,E9,0.25,-0.0956985255371606,0.0876606298541715,121.492970973296,-1.10787403827019,0.193916833679475
Hybrid,covar,mean_decayed,1.11816146747305,E9,0.25,-0.0942130538884242,0.0876609659705432,121.49384405705,-1.09067324544937,0.189381127073382
Hybrid,covar,mean_decayed,1.16509449477906,E9,0.25,-0.0927064976580977,0.0876613853369565,121.494945829631,-1.07322747786284,0.18485357845232
Hybrid,covar,mean_decayed,1.21399746034191,E9,0.25,-0.0911803934518728,0.0876618824911166,121.496260974306,-1.05555464324393,0.180342320665938
Hybrid,covar,mean_decayed,1.26495304914824,E9,0.25,-0.0896363246827377,0.0876624507783692,121.497770955437,-1.03767320135082,0.175855353246459
Hybrid,covar,mean_decayed,1.31804741675389,E9,0.25,-0.0880759173573505,0.0876630824029059,121.499454172022,-1.01960211303722,0.171400499893164
Hybrid,covar,mean_decayed,1.37337033495542,E9,0.25,-0.0865008355325932,0.0876637685004021,121.501286166562,-1.00136078533165,0.166985367085442
Hybrid,covar,mean_decayed,1.43101534357603,E9,0.25,-0.0849127764376053,0.0876644992321178,121.503239889051,-0.982969012514264,0.162617304256365
Hybrid,covar,mean_decayed,1.49107990862239,E9,0.25,-0.0833134652674002,0.0876652639003715,121.50528601582,-0.964446913305892,0.158303365967739
Hybrid,covar,mean_decayed,1.55366558707987,E9,0.25,-0.081704649665296,0.0876660510850797,121.50739332255,-0.945814864413808,0.154050276525242
Hybrid,covar,mean_decayed,1.61887819862478,E9,0.25,-0.0800880939223023,0.0876668488007199,121.509529110059,-0.92709343080666,0.149864397456807
Hybrid,covar,mean_decayed,1.68682800454401,E9,0.25,-0.0784655729318017,0.0876676446725984,121.511659680286,-0.908303293211054,0.145751698248729
Hybrid,covar,mean_decayed,1.75762989416439,E9,0.25,-0.0768388659469249,0.0876684261307079,121.513750858382,-0.889465173429283,0.141717730692345
Hybrid,covar,mean_decayed,1.83140357910731,E9,0.25,-0.0752097501956015,0.0876691806187592,121.515768554919,-0.870599758167162,0.13776760714046
Hybrid,covar,mean_decayed,1.90827379569669,E9,0.25,-0.0735799944141401,0.0876698958152209,121.517679360225,-0.851727622129473,0.133905982908745
Hybrid,covar,mean_decayed,1.98837051586284,E9,0.25,-0.0719513523641978,0.0876705598624426,121.519451160698,-0.83286915118597,0.130137042985604
Hybrid,covar,mean_decayed,2.07182916689858,E9,0.25,-0.0703255564000929,0.0876711615992387,121.521053765001,-0.814044466432008,0.126464493136866
Hybrid,covar,mean_decayed,2.15879086043929,E9,0.25,-0.068704311153627,0.0876716907917265,121.522459526336,-0.795273349964921,0.122891555412259
Hybrid,covar,mean_decayed,2.24940263105407,E9,0.25,-0.0670892874020167,0.087672138356793,121.523643945756,-0.776575173171289,0.119420967981907
Hybrid,covar,mean_decayed,2.3438176848513,E9,0.25,-0.0654821161813576,0.0876724965723541,121.524586240737,-0.757968828273316,0.116054989155782
Hybrid,covar,mean_decayed,2.4421956585191,E9,0.25,-0.063884383203458,0.0876727592685957,121.525269863259,-0.739472663817503,0.112795405369827
Hybrid,covar,mean_decayed,2.54470288923857,E9,0.25,-0.0622976236281327,0.0876729219946532,121.525682952184,-0.721104424708961,0.109643542861346
Hybrid,covar,mean_decayed,2.65151269592615,E9,0.25,-0.0607233172363903,0.0876729821557002,121.525818706122,-0.702881197303667,0.10660028270501
Hybrid,covar,mean_decayed,2.76280567228076,E9,0.25,-0.059162884042633,0.0876729391161483,121.525675664829,-0.684819359972568,0.103666078840477
Hybrid,covar,mean_decayed,2.87876999213107,E9,0.25,-0.0576176803762886,0.0876727942655842,121.525257889709,-0.666934539449288,0.100840978693647
Hybrid,covar,mean_decayed,2.99960172759923,E9,0.25,-0.0560889954554207,0.0876725510451362,121.524575036866,-0.649241573170729,0.0981246459762398
Hybrid,covar,mean_decayed,3.12550518061903,E9,0.25,-0.0545780484670553,0.0876722149331292,121.523642319309,-0.63175447772023,0.0955163852418899
Hybrid,covar,mean_decayed,3.25669322836902,E9,0.25,-0.0530859861613924,0.0876717933900896,121.522480358256,-0.614486423388679,0.0930151677808313
Hybrid,covar,mean_decayed,3.39338768320454,E9,0.25,-0.0516138809599063,0.0876712957643579,121.521114926735,-0.597449714782251,0.0906196584480995
Hybrid,covar,mean_decayed,3.53581966769745,E9,0.25,-0.0501627295707056,0.0876707331606944,121.519576591832,-0.580655777327786,0.088328243040668
Hybrid,covar,mean_decayed,3.68423000541744,E9,0.25,-0.0487334520985199,0.0876701182752872,121.517900264746,-0.564115149459315,0.0861390558658698
Hybrid,covar,mean_decayed,3.83886962811578,E9,0.25,-0.0473268916313725,0.0876694652014446,121.516124670272,-0.547837480212427,0.0840500071748582
Hybrid,covar,mean_decayed,4,E9,0.25,-0.0459438142814328,0.0876687892109538,121.514291749269,-0.531831531907175,0.0820588101697186
Hybrid,covar,mean_decayed,0,E9b,0.25,-0.130194856131429,0.0793277840344191,99.4942052945256,-1.66554222445054,0.374357729302301
Hybrid,covar,mean_decayed,0.03,E9b,0.25,-0.130194856128714,0.0793277840344072,99.4942052944958,-1.66554222441605,0.374357729289564
Hybrid,covar,mean_decayed,0.0312592016986259,E9b,0.25,-0.130194856124542,0.0793277840343889,99.4942052944501,-1.66554222436307,0.374357729269996
Hybrid,covar,mean_decayed,0.0325712563611792,E9b,0.25,-0.130194856114604,0.0793277840343455,99.494205294341,-1.66554222423685,0.374357729223378
Hybrid,covar,mean_decayed,0.0339383824057251,E9b,0.25,-0.130194856091778,0.0793277840342456,99.4942052940906,-1.66554222394694,0.374357729116305
Hybrid,covar,mean_decayed,0.0353628913648552,E9b,0.25,-0.130194856041156,0.0793277840340242,99.4942052935352,-1.66554222330399,0.374357728878846
Hybrid,covar,mean_decayed,0.0368471917940202,E9b,0.25,-0.130194855932606,0.0793277840335494,99.4942052923443,-1.66554222192531,0.374357728369656
Hybrid,covar,mean_decayed,0.0383937933439077,E9b,0.25,-0.130194855707237,0.0793277840325637,99.4942052898717,-1.66554221906293,0.374357727312486
Hybrid,covar,mean_decayed,0.0400053110037523,E9b,0.25,-0.130194855253616,0.0793277840305797,99.4942052848948,-1.66554221330156,0.374357725184627
Hybrid,covar,mean_decayed,0.0416844695227518,E9b,0.25,-0.130194854367348,0.0793277840267033,99.4942052751713,-1.66554220204519,0.374357721027292
Hybrid,covar,mean_decayed,0.0434341080170641,E9b,0.25,-0.13019485268456,0.0793277840193432,99.4942052567088,-1.66554218067235,0.374357713133618
Hybrid,covar,mean_decayed,0.045257184770177,E9b,0.25,-0.130194849575828,0.0793277840057463,99.4942052226019,-1.66554214118878,0.374357698551078
Hybrid,covar,mean_decayed,0.0471567822347647,E9b,0.25,-0.130194843982055,0.0793277839812803,99.4942051612307,-1.66554207014307,0.37435767231163
Hybrid,covar,mean_decayed,0.0491361122444897,E9b,0.25,-0.130194834167908,0.0793277839383554,99.4942050535565,-1.66554194549498,0.374357626275114
Hybrid,covar,mean_decayed,0.0511985214445608,E9b,0.25,-0.130194817361809,0.0793277838648494,99.4942048691715,-1.6655417320431,0.374357547440528
Hybrid,covar,mean_decayed,0.0533474969502316,E9b,0.25,-0.130194789244695,0.0793277837418717,99.4942045606903,-1.66554137493162,0.374357415547887
Hybrid,covar,mean_decayed,0.055586672242804,E9b,0.25,-0.130194743243412,0.0793277835406736,99.4942040559983,-1.66554079067583,0.374357199763646
Hybrid,covar,mean_decayed,0.0579198333131074,E9b,0.25,-0.130194669579568,0.079327783218488,99.4942032478175,-1.66553985508172,0.374356854219074
Hybrid,covar,mean_decayed,0.0603509250628405,E9b,0.25,-0.130194554022005,0.0793277827130749,99.4942019800225,-1.6655383874013,0.374356312158346
Hybrid,covar,mean_decayed,0.0628840579745996,E9b,0.25,-0.13019437629171,0.0793277819357474,99.4942000301484,-1.66553613007346,0.374355478456356
Hybrid,covar,mean_decayed,0.0655235150618698,E9b,0.25,-0.130194108073038,0.0793277807626795,99.4941970875858,-1.66553272346472,0.374354220289937
Hybrid,covar,mean_decayed,0.0682737591107313,E9b,0.25,-0.130193710595259,0.0793277790243409,99.4941927270786,-1.66552767515248,0.374352355793778
Hybrid,covar,mean_decayed,0.0711394402255249,E9b,0.25,-0.130193131764054,0.0793277764929748,99.4941863773131,-1.6655203234919,0.374349640605645
Hybrid,covar,mean_decayed,0.0741254036912341,E9b,0.25,-0.130192302843488,0.0793277728681312,99.4941772846283,-1.66550979547313,0.374345752303815
Hybrid,covar,mean_decayed,0.0772366981658785,E9b,0.25,-0.130191134714564,0.0793277677603849,99.494164472173,-1.66549495919954,0.374340272859644
Hybrid,covar,mean_decayed,0.0804785842167695,E9b,0.25,-0.1301895137652,0.0793277606735032,99.4941466951726,-1.66547437168349,0.374332669363601
Hybrid,covar,mean_decayed,0.0838565432150617,E9b,0.25,-0.130187297496695,0.0793277509854732,99.4941223933341,-1.66544622303869,0.37432227342512
Hybrid,covar,mean_decayed,0.0873762866036384,E9b,0.25,-0.13018430996096,0.0793277379289443,99.4940896417826,-1.66540827851928,0.374308259784495
Hybrid,covar,mean_decayed,0.0910437655540025,E9b,0.25,-0.130180337168575,0.0793277205717766,99.4940461022619,-1.66535782018264,0.374289624796842
Hybrid,covar,mean_decayed,0.0948651810284991,E9b,0.25,-0.130175122627556,0.0793276977985049,99.4939889766231,-1.66529159020404,0.374265165542305
Hybrid,covar,mean_decayed,0.0988469942648838,E9b,0.25,-0.130168363184395,0.0793276682936058,99.4939149648359,-1.66520573801839,0.374233460372778
Hybrid,covar,mean_decayed,0.102995937700964,E9b,0.25,-0.130159705340795,0.0793276305275074,99.4938202298678,-1.66509577348752,0.374192851715792
Hybrid,covar,mean_decayed,0.107319026357785,E9b,0.25,-0.130148742210767,0.0793275827462759,99.4937003717742,-1.6649565281791,0.374141431916811
Hybrid,covar,mean_decayed,0.111823569700605,E9b,0.25,-0.130135011263377,0.0793275229658603,99.4935504132121,-1.66478212659627,0.374077032812136
Hybrid,covar,mean_decayed,0.116517183997718,E9b,0.25,-0.130117992967488,0.0793274489716789,99.4933647983302,-1.66456596882901,0.373997219590574
Hybrid,covar,mean_decayed,0.12140780519802,E9b,0.25,-0.13009711041819,0.0793273583241736,99.4931374066092,-1.66430072563236,0.373899289331693
Hybrid,covar,mean_decayed,0.126503702349079,E9b,0.25,-0.130071729982887,0.0793272483707672,99.4928615827346,-1.66397834640711,0.373780274414194
Hybrid,covar,mean_decayed,0.131813491578427,E9b,0.25,-0.130041162961304,0.0793271162644246,99.4925301830045,-1.66359008000412,0.373636950783836
Hybrid,covar,mean_decayed,0.137346150661672,E9b,0.25,-0.130004668211198,0.0793269589887624,99.4921356381271,-1.6631265077359,0.373465850871765
Hybrid,covar,mean_decayed,0.143111034202102,E9b,0.25,-0.129961455653421,0.0793267733893806,99.4916700315841,-1.66257758749696,0.373263280775407
Hybrid,covar,mean_decayed,0.149117889447416,E9b,0.25,-0.129910690538795,0.0793265562108126,99.4911251920481,-1.66193270750151,0.373025341167502
Hybrid,covar,mean_decayed,0.155376872770339,E9b,0.25,-0.129851498336912,0.0793263041382321,99.4904927976854,-1.66118074786747,0.372747951293715
Hybrid,covar,mean_decayed,0.161898566840992,E9b,0.25,-0.12978297009457,0.0793260138428161,99.4897644895887,-1.66031014812185,0.372426875360041
Hybrid,covar,mean_decayed,0.168693998520034,E9b,0.25,-0.129704168109153,0.0793256820294655,99.4889319910818,-1.65930897867749,0.37205775059925
Hybrid,covar,mean_decayed,0.175774657502848,E9b,0.25,-0.129614131769244,0.0793253054854358,99.4879872292775,-1.65816501442293,0.371636116337091
Hybrid,covar,mean_decayed,0.183152515746281,E9b,0.25,-0.129511883429543,0.0793248811283432,99.4869224550466,-1.65686580875957,0.371157443447117
Hybrid,covar,mean_decayed,0.190840047710792,E9b,0.25,-0.129396434207852,0.079324406051994,99.4857303575214,-1.65539876668486,0.370617163678628
Hybrid,covar,mean_decayed,0.198850251452234,E9b,0.25,-0.129266789616157,0.0793238775685345,99.4844041693899,-1.65375121583041,0.370010698454309
Hybrid,covar,mean_decayed,0.207196670598929,E9b,0.25,-0.129121954963396,0.0793232932455529,99.482937759577,-1.65191047468798,0.369333486851973
Hybrid,covar,mean_decayed,0.215893417251189,E9b,0.25,-0.128960940492241,0.0793226509369649,99.4813257104159,-1.6498639175684,0.368581012598299
Hybrid,covar,mean_decayed,0.224955195842017,E9b,0.25,-0.128782766234397,0.079321948806781,99.4795633770968,-1.64759903611646,0.36774883000301
Hybrid,covar,mean_decayed,0.234397327999317,E9b,0.25,-0.128586466587225,0.0793211853451809,99.4776469279987,-1.64510349743183,0.366832588844105
Hybrid,covar,mean_decayed,0.244235778451654,E9b,0.25,-0.128371094628291,0.0793203593766862,99.475573365436,-1.64236519901421,0.36582805827442
Hybrid,covar,mean_decayed,0.254487182021372,E9b,0.25,-0.128135726193432,0.0793194700606155,99.4733405273376,-1.63937232085752,0.364731149856645
Hybrid,covar,mean_decayed,0.2651688717507,E9b,0.25,-0.127879463748372,0.0793185168844091,99.4709470713828,-1.63611337506569,0.363537939848446
Hybrid,covar,mean_decayed,0.276298908208406,E9b,0.25,-0.127601440084423,0.0793174996507954,99.468392444081,-1.6325772533607,0.362244690854958
Hybrid,covar,mean_decayed,0.287896110026556,E9b,0.25,-0.127300821866033,0.079316418460135,99.4656768381674,-1.62875327281042,0.360847872945841
Hybrid,covar,mean_decayed,0.299980085718997,E9b,0.25,-0.126976813052883,0.079315273689576,99.4628011424282,-1.62463122003254,0.359344184302997
Hybrid,covar,mean_decayed,0.312571266835374,E9b,0.25,-0.126628658212594,0.0793140659708964,99.4597668886307,-1.62020139404191,0.357730571426793
Hybrid,covar,mean_decayed,0.325690942506732,E9b,0.25,-0.126255645732758,0.0793127961690501,99.4565762005676,-1.61545464781136,0.356004248887156
Hybrid,covar,mean_decayed,0.339361295441117,E9b,0.25,-0.125857110933443,0.0793114653634819,99.4532317502948,-1.61038242852005,0.354162718564276
Hybrid,covar,mean_decayed,0.353605439430029,E9b,0.25,-0.125432439074135,0.0793100748342038,99.4497367264249,-1.60497681637379,0.352203788284299
Hybrid,covar,mean_decayed,0.36844745842915,E9b,0.25,-0.124981068242526,0.0793086260544291,99.4460948188089,-1.59923056180307,0.35012558972019
Hybrid,covar,mean_decayed,0.38391244727943,E9b,0.25,-0.124502492106963,0.0793071206912439,99.4423102231008,-1.59313712078151,0.347926595398435
Hybrid,covar,mean_decayed,0.400026554137359,E9b,0.25,-0.123996262509893,0.0793055606153476,99.4383876675608,-1.58669068796035,0.345605634629237
Hybrid,covar,mean_decayed,0.4168170246862,E9b,0.25,-0.123461991876491,0.0793039479203411,99.4343324630441,-1.57988622728663,0.343161908162352
Hybrid,covar,mean_decayed,0.434312248202902,E9b,0.25,-0.122899355410908,0.0793022849513932,99.4301505755089,-1.57271949976486,0.340595001363429
Hybrid,covar,mean_decayed,0.452541805558606,E9b,0.25,-0.122308093052436,0.0793005743424082,99.4258487186222,-1.565187088034,0.337904895706766
Hybrid,covar,mean_decayed,0.471536519233894,E9b,0.25,-0.121688011165349,0.0792988190600854,99.4214344622541,-1.557286417465,0.335091978390392
Hybrid,covar,mean_decayed,0.491328505433342,E9b,0.25,-0.121038983939326,0.079297022452559,99.4169163509514,-1.5490157735367,0.332157049897568
Hybrid,covar,mean_decayed,0.511951228387509,E9b,0.25,-0.120360954482037,0.0792951882996732,99.4123040249861,-1.54037431531794,0.329101329354833
Hybrid,covar,mean_decayed,0.533439556934147,E9b,0.25,-0.119653935591542,0.0792933208614551,99.4076083354264,-1.53136208496758,0.325926457568916
Hybrid,covar,mean_decayed,0.555829823474338,E9b,0.25,-0.118918010203237,0.0792914249210244,99.4028414439872,-1.52198001325695,0.322634497661555
Hybrid,covar,mean_decayed,0.579159885403199,E9b,0.25,-0.118153331513792,0.0792895058180873,99.3980168982821,-1.51222992121398,0.319227933259984
Hybrid,covar,mean_decayed,0.603469189119055,E9b,0.25,-0.117360122792267,0.0792875694693073,99.3931496735758,-1.50211451807958,0.315709664239304
Hybrid,covar,mean_decayed,0.628798836719292,E9b,0.25,-0.116538676895909,0.0792856223722565,99.3882561732374,-1.49163739584583,0.312083000048091
Hybrid,covar,mean_decayed,0.655191655495656,E9b,0.25,-0.115689355514341,0.0792836715902942,99.3833541817749,-1.48080302070763,0.308351650678616
Hybrid,covar,mean_decayed,0.682692270346511,E9b,0.25,-0.114812588170518,0.0792817247165786,99.3784627665049,-1.46961672179753,0.30451971536581
Hybrid,covar,mean_decayed,0.711347179228481,E9b,0.25,-0.113908871009598,0.0792797898164238,99.373602126425,-1.45808467758619,0.300591669113709
Hybrid,covar,mean_decayed,0.741204831775056,E9b,0.25,-0.112978765407426,0.0792778753483052,99.3687933895478,-1.44621390031492,0.29657234715433
Hybrid,covar,mean_decayed,0.772315711215085,E9b,0.25,-0.112022896428684,0.0792759900649194,99.3640583626234,-1.43401221878473,0.29246692744249
Hybrid,covar,mean_decayed,0.804732419729668,E9b,0.25,-0.111041951161055,0.0792741428967298,99.3594192396392,-1.4214882597606,0.288280911282428
Hybrid,covar,mean_decayed,0.838509767391766,E9b,0.25,-0.110036676946181,0.079272342821321,99.3548982775702,-1.40865142816608,0.284020102170494
Hybrid,covar,mean_decayed,0.873704864838903,E9b,0.25,-0.109007879521417,0.0792705987225788,99.3505174494367,-1.39551188614745,0.279690582925016
Hybrid,covar,mean_decayed,0.910377219835665,E9b,0.25,-0.107956421078668,0.0792689192441804,99.3462980857315,-1.38208053098728,0.275298691162692
Hybrid,covar,mean_decayed,0.948588837889245,E9b,0.25,-0.106883218238848,0.0792673126421023,99.3422605156863,-1.36836897175014,0.270850993172877
Hybrid,covar,mean_decayed,0.988404327088169,E9b,0.25,-0.105789239933036,0.0792657866408485,99.3384237196906,-1.3543895044573,0.266354256239161
Hybrid,covar,mean_decayed,1.02989100734146,E9b,0.25,-0.104675505175028,0.0792643482978859,99.3348050035339,-1.3401550855168,0.261815419463386
Hybrid,covar,mean_decayed,1.07311902420292,E9b,0.25,-0.103543080704969,0.0792630038803965,99.3314197041163,-1.32567930308714,0.257241563161557
Hybrid,covar,mean_decayed,1.11816146747305,E9b,0.25,-0.10239307848056,0.0792617587579533,99.3282809349865,-1.31097634602806,0.252639876923881
Hybrid,covar,mean_decayed,1.16509449477906,E9b,0.25,-0.101226652991167,0.0792606173141555,99.3253993786352,-1.29606097009409,0.248017626462144
Hybrid,covar,mean_decayed,1.21399746034191,E9b,0.25,-0.10004499837099,0.0792595828796441,99.3227831309847,-1.28094846105456,0.243382119404936
Hybrid,covar,mean_decayed,1.26495304914824,E9b,0.25,-0.098849345290361,0.0792586576883038,99.3204376020558,-1.2656545944755,0.238740670243194
Hybrid,covar,mean_decayed,1.31804741675389,E9b,0.25,-0.0976409576088817,0.0792578428578557,99.3183654753918,-1.25019559197354,0.234100564672442
Hybrid,covar,mean_decayed,1.37337033495542,E9b,0.25,-0.0964211287802779,0.0792571383954599,99.3165667274929,-1.23458807384243,0.229469023621522
Hybrid,covar,mean_decayed,1.43101534357603,E9b,0.25,-0.0951911780061553,0.0792565432283937,99.3150387072555,-1.21884900805754,0.224853167297421
Hybrid,covar,mean_decayed,1.49107990862239,E9b,0.25,-0.0939524461438494,0.0792560552593248,99.3137762741942,-1.20299565577519,0.22025997960971
Hybrid,covar,mean_decayed,1.55366558707987,E9b,0.25,-0.0927062913818652,0.0792556714451709,99.31277199303,-1.18704551355749,0.215696273363379
Hybrid,covar,mean_decayed,1.61887819862478,E9b,0.25,-0.0914540847045863,0.0792553878980106,99.31201638103,-1.17101625266426,0.211168656624039
Hybrid,covar,mean_decayed,1.68682800454401,E9b,0.25,-0.0901972051756015,0.0792552000059918,99.3114982032852,-1.15492565585669,0.206683500662632
Hybrid,covar,mean_decayed,1.75762989416439,E9b,0.25,-0.088937035075844,0.0792551025716768,99.3112048099118,-1.13879155224806,0.202246909877939
Hybrid,covar,mean_decayed,1.83140357910731,E9b,0.25,-0.0876749549384772,0.0792550899647783,99.3111225080031,-1.12263175081186,0.197864694073484
Hybrid,covar,mean_decayed,1.90827379569669,E9b,0.25,-0.0864123385269277,0.0792551562857989,99.311236960065,-1.10646397321491,0.193542343432229
Hybrid,covar,mean_decayed,1.98837051586284,E9b,0.25,-0.085150547805519,0.0792552955367026,99.3115335997138,-1.09030578667989,0.189285006488352
Hybrid,covar,mean_decayed,2.07182916689858,E9b,0.25,-0.0838909279537686,0.0792555017944551,99.3119980546457,-1.07417453759818,0.185097471342505
Hybrid,covar,mean_decayed,2.15879086043929,E9b,0.25,-0.0826348024755926,0.0792557693830739,99.3126165663708,-1.05808728661033,0.180984150307001
Hybrid,covar,mean_decayed,2.24940263105407,E9b,0.25,-0.0813834684534814,0.0792560930397683,99.3133763959773,-1.04206074584803,0.176949068103003
Hybrid,covar,mean_decayed,2.3438176848513,E9b,0.25,-0.080138191995306,0.0792564680708189,99.3142662053135,-1.02611121899124,0.172995853665182
Hybrid,covar,mean_decayed,2.4421956585191,E9b,0.25,-0.0789002039179269,0.0792568904930629,99.3152764034414,-1.01025454473801,0.169127735542999
Hybrid,covar,mean_decayed,2.54470288923857,E9b,0.25,-0.0776706957073968,0.0792573571572113,99.3163994490439,-0.9945060442164,0.165347540824087
Hybrid,covar,mean_decayed,2.65151269592615,E9b,0.25,-0.076450815790469,0.0792578658497158,99.3176301006353,-0.978880472790306,0.161657697445806
Hybrid,covar,mean_decayed,2.76280567228076,E9b,0.25,-0.0752416661465342,0.079258415370513,99.318965607887,-0.96339197662635,0.158060239708245
Hybrid,covar,mean_decayed,2.87876999213107,E9b,0.25,-0.0740442992832126,0.0792590055846769,99.3204058390907,-0.948054054301817,0.154556816756248
Hybrid,covar,mean_decayed,2.99960172759923,E9b,0.25,-0.072859715592803,0.0792596374467829,99.3219533416641,-0.932879523644971,0.151148703761112
Hybrid,covar,mean_decayed,3.12550518061903,E9b,0.25,-0.0716888611008034,0.0792603129975904,99.3236133345901,-0.917880493912904,0.147836815504168
Hybrid,covar,mean_decayed,3.25669322836902,E9b,0.25,-0.0705326256119061,0.0792610353334606,99.3253936336789,-0.903068343329751,0.144621722045373
Hybrid,covar,mean_decayed,3.39338768320454,E9b,0.25,-0.0693918412533755,0.0792618085497079,99.3273045124814,-0.888453701931895,0.141503666149278
Hybrid,covar,mean_decayed,3.53581966769745,E9b,0.25,-0.0682672814106149,0.0792626376598028,99.3293585034835,-0.874046439597842,0.138482582138448
Hybrid,covar,mean_decayed,3.68423000541744,E9b,0.25,-0.0671596600451132,0.0792635284929817,99.3315701458017,-0.859855659079912,0.135558115849307
Hybrid,covar,mean_decayed,3.83886962811578,E9b,0.25,-0.0660696313808812,0.0792644875733515,99.3339556869422,-0.84588969380329,0.132729645376763
Hybrid,covar,mean_decayed,4,E9b,0.25,-0.0649977899419686,0.0792655219839842,99.3365327472172,-0.832156110155579,0.129996302310844
Hybrid,sep,step,0,E9,0.25,-0.130194856131429,0.0849077145623932,113.983357249542,-1.55608680038524,0.334665661255649
Hybrid,sep,step,0.03,E9,0.25,-7.43375967247915e-18,0.0863846949580738,117.983357249516,-8.73290743003826e-17,0.0500000000000002
Hybrid,sep,step,0.0312592016986259,E9,0.25,-7.43375967247915e-18,0.0863846949580591,117.983357249476,-8.73290743003975e-17,0.0500000000000002
Hybrid,sep,step,0.0325712563611792,E9,0.25,-7.43375967247915e-18,0.0863846949580239,117.98335724938,-8.73290743004331e-17,0.0500000000000002
Hybrid,sep,step,0.0339383824057251,E9,0.25,-7.43375967247915e-18,0.086384694957943,117.983357249159,-8.73290743005149e-17,0.0500000000000002
Hybrid,sep,step,0.0353628913648552,E9,0.25,-7.43375967247915e-18,0.0863846949577636,117.983357248669,-8.73290743006962e-17,0.0500000000000002
Hybrid,sep,step,0.0368471917940202,E9,0.25,-7.43375967247915e-18,0.086384694957379,117.983357247618,-8.7329074301085e-17,0.0500000000000002
Hybrid,sep,step,0.0383937933439077,E9,0.25,-7.43375967247915e-18,0.0863846949565804,117.983357245437,-8.73290743018923e-17,0.0500000000000002
Hybrid,sep,step,0.0400053110037523,E9,0.25,-7.43375967247915e-18,0.0863846949549731,117.983357241046,-8.73290743035172e-17,0.0500000000000002
Hybrid,sep,step,0.0416844695227518,E9,0.25,-7.43375967247915e-18,0.0863846949518328,117.983357232468,-8.73290743066918e-17,0.0500000000000002
Hybrid,sep,step,0.0434341080170641,E9,0.25,-7.43375967247915e-18,0.0863846949458702,117.983357216181,-8.73290743127196e-17,0.0500000000000002
Hybrid,sep,step,0.045257184770177,E9,0.25,-7.43375967247915e-18,0.0863846949348551,117.983357186092,-8.73290743238551e-17,0.0500000000000002
Hybrid,sep,step,0.0471567822347647,E9,0.25,-7.43375967247915e-18,0.0863846949150348,117.983357131952,-8.73290743438921e-17,0.0500000000000002
Hybrid,sep,step,0.0491361122444897,E9,0.25,-7.43375967247915e-18,0.0863846948802606,117.983357036963,-8.73290743790464e-17,0.0500000000000002
Hybrid,sep,step,0.0511985214445608,E9,0.25,-7.43375967247915e-18,0.0863846948207121,117.983356874302,-8.73290744392459e-17,0.0500000000000002
Hybrid,sep,step,0.0533474969502316,E9,0.25,-7.43375967247915e-18,0.0863846947210859,117.983356602165,-8.73290745399613e-17,0.0500000000000002
Hybrid,sep,step,0.055586672242804,E9,0.25,-7.43375967247915e-18,0.0863846945580922,117.983356156934,-8.73290747047368e-17,0.0500000000000002
Hybrid,sep,step,0.0579198333131074,E9,0.25,-7.43375967247915e-18,0.0863846942970853,117.983355443973,-8.73290749685972e-17,0.0500000000000002
Hybrid,sep,step,0.0603509250628405,E9,0.25,-7.43375967247915e-18,0.0863846938876446,117.983354325553,-8.7329075382514e-17,0.0500000000000002
Hybrid,sep,step,0.0628840579745996,E9,0.25,-7.43375967247915e-18,0.0863846932579262,117.983352605427,-8.73290760191167e-17,0.0500000000000002
Hybrid,sep,step,0.0655235150618698,E9,0.25,-7.43375967247915e-18,0.0863846923076231,117.983350009598,-8.73290769798088e-17,0.0500000000000002
Hybrid,sep,step,0.0682737591107313,E9,0.25,-7.43375967247915e-18,0.0863846908994099,117.983346162951,-8.7329078403417e-17,0.0500000000000002
Hybrid,sep,step,0.0711394402255249,E9,0.25,-7.43375967247915e-18,0.0863846888488063,117.983340561563,-8.73290804764385e-17,0.0500000000000002
Hybrid,sep,step,0.0741254036912341,E9,0.25,-7.43375967247915e-18,0.086384685912472,117.983332540731,-8.73290834448741e-17,0.0500000000000002
Hybrid,sep,step,0.0772366981658785,E9,0.25,-7.43375967247915e-18,0.0863846817750424,117.983321239013,-8.73290876275362e-17,0.0500000000000002
Hybrid,sep,step,0.0804785842167695,E9,0.25,-7.43375967247915e-18,0.0863846760347286,117.983305558888,-8.73290934306068e-17,0.0500000000000002
Hybrid,sep,step,0.0838565432150617,E9,0.25,-7.43375967247915e-18,0.0863846681880249,117.983284124994,-8.73291013630968e-17,0.0500000000000002
Hybrid,sep,step,0.0873762866036384,E9,0.25,-7.43375967247915e-18,0.0863846576139926,117.983255241189,-8.73291120527351e-17,0.0500000000000002
Hybrid,sep,step,0.0910437655540025,E9,0.25,-7.43375967247915e-18,0.0863846435587047,117.983216848064,-8.73291262616935e-17,0.0500000000000002
Hybrid,sep,step,0.0948651810284991,E9,0.25,-7.43375967247915e-18,0.0863846251205412,117.983166482778,-8.73291449014539e-17,0.0500000000000002
Hybrid,sep,step,0.0988469942648838,E9,0.25,-7.43375967247915e-18,0.0863846012371003,117.983101243308,-8.73291690460403e-17,0.0500000000000002
Hybrid,sep,step,0.102995937700964,E9,0.25,-7.43375967247915e-18,0.0863845706745437,117.983017759342,-8.73291999427924e-17,0.0500000000000002
Hybrid,sep,step,0.107319026357785,E9,0.25,-7.43375967247915e-18,0.0863845320202013,117.982912172084,-8.73292390198438e-17,0.0500000000000002
Hybrid,sep,step,0.111823569700605,E9,0.25,-7.43375967247915e-18,0.0863844836792309,117.982780125137,-8.73292878895017e-17,0.0500000000000002
Hybrid,sep,step,0.116517183997718,E9,0.25,-7.43375967247915e-18,0.086384423876055,117.982616768427,-8.73293483467986e-17,0.0500000000000002
Hybrid,sep,step,0.12140780519802,E9,0.25,-7.43375967247915e-18,0.086384350661177,117.982416776835,-8.73294223626074e-17,0.0500000000000002
Hybrid,sep,step,0.126503702349079,E9,0.25,-7.43375967247915e-18,0.0863842619238169,117.982174384718,-8.7329512070874e-17,0.0500000000000002
Hybrid,sep,step,0.131813491578427,E9,0.25,-7.43375967247915e-18,0.086384155410613,117.981883437007,-8.73296197497195e-17,0.0500000000000002
Hybrid,sep,step,0.137346150661672,E9,0.25,-7.43375967247915e-18,0.0863840287504027,117.98153745691,-8.73297477963986e-17,0.0500000000000002
Hybrid,sep,step,0.143111034202102,E9,0.25,-7.43375967247915e-18,0.0863838794848521,117.981129729598,-8.73298986963462e-17,0.0500000000000002
Hybrid,sep,step,0.149117889447416,E9,0.25,-7.43375967247915e-18,0.08638370510444,117.98065340051,-8.73300749868133e-17,0.0500000000000002
Hybrid,sep,step,0.155376872770339,E9,0.25,-7.43375967247915e-18,0.0863835030890479,117.980101586252,-8.73302792158467e-17,0.0500000000000002
Hybrid,sep,step,0.161898566840992,E9,0.25,-7.43375967247915e-18,0.0863832709521673,117.979467495367,-8.7330513897613e-17,0.0500000000000002
Hybrid,sep,step,0.168693998520034,E9,0.25,-7.43375967247915e-18,0.086383006287524,117.978744555716,-8.73307814652782e-17,0.0500000000000002
Hybrid,sep,step,0.175774657502848,E9,0.25,-7.43375967247915e-18,0.0863827068167587,117.97792654474,-8.73310842228199e-17,0.0500000000000002
Hybrid,sep,step,0.183152515746281,E9,0.25,-7.43375967247915e-18,0.0863823704366949,117.977007718584,-8.73314242972533e-17,0.0500000000000002
Hybrid,sep,step,0.190840047710792,E9,0.25,-7.43375967247915e-18,0.086381995264692,117.975982936006,-8.73318035927914e-17,0.0500000000000002
Hybrid,sep,step,0.198850251452234,E9,0.25,-7.43375967247915e-18,0.0863815796806226,117.974847773036,-8.73322237484132e-17,0.0500000000000002
Hybrid,sep,step,0.207196670598929,E9,0.25,-7.43375967247915e-18,0.0863811223641374,117.973598624777,-8.73326861001923e-17,0.0500000000000002
Hybrid,sep,step,0.215893417251189,E9,0.25,-7.43375967247915e-18,0.0863806223260808,117.97223279121,-8.73331916495326e-17,0.0500000000000002
Hybrid,sep,step,0.224955195842017,E9,0.25,-7.43375967247915e-18,0.0863800789331962,117.970748544663,-8.73337410381824e-17,0.0500000000000002
Hybrid,sep,step,0.234397327999317,E9,0.25,-7.43375967247915e-18,0.08637949192559,117.969145177491,-8.73343345305627e-17,0.0500000000000002
Hybrid,sep,step,0.244235778451654,E9,0.25,-7.43375967247915e-18,0.0863788614267953,117.967423029543,-8.73349720035711e-17,0.0500000000000002
Hybrid,sep,step,0.254487182021372,E9,0.25,-7.43375967247915e-18,0.0863781879466661,117.965583496021,-8.73356529436281e-17,0.0500000000000002
Hybrid,sep,step,0.2651688717507,E9,0.25,-7.43375967247915e-18,0.0863774723777138,117.963629017435,-8.73363764503476e-17,0.0500000000000002
Hybrid,sep,step,0.276298908208406,E9,0.25,-7.43375967247915e-18,0.0863767159858496,117.961563054259,-8.73371412458581e-17,0.0500000000000002
Hybrid,sep,step,0.287896110026556,E9,0.25,-7.43375967247915e-18,0.0863759203967864,117.959390049736,-8.7337945688509e-17,0.0500000000000002
Hybrid,sep,step,0.299980085718997,E9,0.25,-7.43375967247915e-18,0.0863750875795682,117.957115384829,-8.73387877894783e-17,0.0500000000000002
Hybrid,sep,step,0.312571266835374,E9,0.25,-7.43375967247915e-18,0.086374219828807,117.954745329634,-8.7339665230684e-17,0.0500000000000002
Hybrid,sep,step,0.325690942506732,E9,0.25,-7.43375967247915e-18,0.0863733197472132,117.952286995603,-8.73405753823989e-17,0.0500000000000002
Hybrid,sep,step,0.339361295441117,E9,0.25,-7.43375967247915e-18,0.0863723902298876,117.94974829257,-8.73415153190827e-17,0.0500000000000002
Hybrid,sep,step,0.353605439430029,E9,0.25,-7.43375967247915e-18,0.0863714344516145,117.947137893976,-8.73424818321806e-17,0.0500000000000002
Hybrid,sep,step,0.36844745842915,E9,0.25,-7.43375967247915e-18,0.0863704558580487,117.944465212734,-8.7343471438984e-17,0.0500000000000002
Hybrid,sep,step,0.38391244727943,E9,0.25,-7.43375967247915e-18,0.086369458161255,117.941740388974,-8.73444803870921e-17,0.0500000000000002
Hybrid,sep,step,0.400026554137359,E9,0.25,-7.43375967247915e-18,0.0863684453395442,117.938974289535,-8.73455046545282e-17,0.0500000000000002
Hybrid,sep,step,0.4168170246862,E9,0.25,-7.43375967247915e-18,0.0863674216409961,117.93617851752,-8.73465399461299e-17,0.0500000000000002
Hybrid,sep,step,0.434312248202902,E9,0.25,-7.43375967247915e-18,0.0863663915894966,117.933365428723,-8.73475816873998e-17,0.0500000000000002
Hybrid,sep,step,0.452541805558606,E9,0.25,-7.43375967247915e-18,0.0863653599915803,117.930548150261,-8.73486250175413e-17,0.0500000000000002
Hybrid,sep,step,0.471536519233894,E9,0.25,-7.43375967247915e-18,0.0863643319419163,117.927740595499,-8.73496647838728e-17,0.0500000000000002
Hybrid,sep,step,0.491328505433342,E9,0.25,-7.43375967247915e-18,0.0863633128249323,117.924957468448,-8.73506955401514e-17,0.0500000000000002
Hybrid,sep,step,0.511951228387509,E9,0.25,-7.43375967247915e-18,0.0863623083098895,117.922214250271,-8.7351711551527e-17,0.0500000000000002
Hybrid,sep,step,0.533439556934147,E9,0.25,-7.43375967247915e-18,0.086361324336728,117.919527160608,-8.7352706808842e-17,0.0500000000000002
Hybrid,sep,step,0.555829823474338,E9,0.25,-7.43375967247915e-18,0.0863603670902177,117.916913086979,-8.73536750547697e-17,0.0500000000000002
Hybrid,sep,step,0.579159885403199,E9,0.25,-7.43375967247915e-18,0.0863594429603811,117.91438947671,-8.73546098238545e-17,0.0500000000000002
Hybrid,sep,step,0.603469189119055,E9,0.25,-7.43375967247915e-18,0.0863585584877872,117.911974187582,-8.73555044978705e-17,0.0500000000000002
Hybrid,sep,step,0.628798836719292,E9,0.25,-7.43375967247915e-18,0.0863577202931168,117.909685295538,-8.73563523771112e-17,0.0500000000000002
Hybrid,sep,step,0.655191655495656,E9,0.25,-7.43375967247915e-18,0.0863569349913141,117.907540860343,-8.73571467672896e-17,0.0500000000000002
Hybrid,sep,step,0.682692270346511,E9,0.25,-7.43375967247915e-18,0.0863562090916077,117.90555865267,-8.73578810807554e-17,0.0500000000000002
Hybrid,sep,step,0.711347179228481,E9,0.25,-7.43375967247915e-18,0.0863555488856177,117.903755848695,-8.73585489497819e-17,0.0500000000000002
Hybrid,sep,step,0.741204831775056,E9,0.25,-7.43375967247915e-18,0.0863549603265936,117.902148700482,-8.73591443488431e-17,0.0500000000000002
Hybrid,sep,step,0.772315711215085,E9,0.25,-7.43375967247915e-18,0.0863544489034772,117.900752192267,-8.73596617221391e-17,0.0500000000000002
Hybrid,sep,step,0.804732419729668,E9,0.25,-7.43375967247915e-18,0.0863540195138926,117.899579693808,-8.73600961122123e-17,0.0500000000000002
Hybrid,sep,step,0.838509767391766,E9,0.25,-7.43375967247915e-18,0.0863536763403125,117.89864262242,-8.7360443285352e-17,0.0500000000000002
Hybrid,sep,step,0.873704864838903,E9,0.25,-7.43375967247915e-18,0.0863534227335175,117.897950124909,-8.73606998496123e-17,0.0500000000000002
Hybrid,sep,step,0.910377219835665,E9,0.25,-7.43375967247915e-18,0.0863532611070933,117.897508789622,-8.73608633616482e-17,0.0500000000000002
Hybrid,sep,step,0.948588837889245,E9,0.25,-7.43375967247915e-18,0.086353192846138,117.897322397278,-8.73609324191525e-17,0.0500000000000002
Hybrid,sep,step,0.988404327088169,E9,0.25,-7.43375967247915e-18,0.0863532182326621,117.897391717324,-8.73609067363759e-17,0.0500000000000002
Hybrid,sep,step,1.02989100734146,E9,0.25,-7.43375967247915e-18,0.0863533363894255,117.897714354604,-8.73607872009599e-17,0.0500000000000002
Hybrid,sep,step,1.07311902420292,E9,0.25,-7.43375967247915e-18,0.0863535452432589,117.898284649173,-8.73605759110211e-17,0.0500000000000002
Hybrid,sep,step,1.11816146747305,E9,0.25,-7.43375967247915e-18,0.0863538415083212,117.899093630494,-8.73602761920276e-17,0.0500000000000002
Hybrid,sep,step,1.16509449477906,E9,0.25,-7.43375967247915e-18,0.0863542206892982,117.900129026046,-8.73598925934655e-17,0.0500000000000002
Hybrid,sep,step,1.21399746034191,E9,0.25,-7.43375967247915e-18,0.0863546771042744,117.901375323595,-8.73594308655704e-17,0.0500000000000002
Hybrid,sep,step,1.26495304914824,E9,0.25,-7.43375967247915e-18,0.0863552039268885,117.902813886098,-8.73588979165222e-17,0.0500000000000002
Hybrid,sep,step,1.31804741675389,E9,0.25,-7.43375967247915e-18,0.0863557932474025,117.904423118218,-8.735830175049e-17,0.0500000000000002
Hybrid,sep,step,1.37337033495542,E9,0.25,-7.43375967247915e-18,0.0863564361523957,117.906178683691,-8.7357651386824e-17,0.0500000000000002
Hybrid,sep,step,1.43101534357603,E9,0.25,-7.43375967247915e-18,0.0863571228229013,117.908053773049,-8.73569567605942e-17,0.0500000000000002
Hybrid,sep,step,1.49107990862239,E9,0.25,-7.43375967247915e-18,0.0863578426508525,117.910019421365,-8.73562286046182e-17,0.0500000000000002
Hybrid,sep,step,1.55366558707987,E9,0.25,-7.43375967247915e-18,0.0863585843736549,117.91204487552,-8.73554783131774e-17,0.0500000000000002
Hybrid,sep,step,1.61887819862478,E9,0.25,-7.43375967247915e-18,0.086359336226506,117.914098009987,-8.73547177878155e-17,0.0500000000000002
Hybrid,sep,step,1.68682800454401,E9,0.25,-7.43375967247915e-18,0.086360086111726,117.916145789117,-8.73539592659716e-17,0.0500000000000002
Hybrid,sep,step,1.75762989416439,E9,0.25,-7.43375967247915e-18,0.0863608217838493,117.918154772543,-8.73532151337209e-17,0.0500000000000002
Hybrid,sep,step,1.83140357910731,E9,0.25,-7.43375967247915e-18,0.0863615310485791,117.920091658504,-8.73524977245483e-17,0.0500000000000002
Hybrid,sep,step,1.90827379569669,E9,0.25,-7.43375967247915e-18,0.0863622019729713,117.921923857914,-8.73518191068185e-17,0.0500000000000002
Hybrid,sep,step,1.98837051586284,E9,0.25,-7.43375967247915e-18,0.0863628231034416,117.923620089871,-8.73511908633853e-17,0.0500000000000002
Hybrid,sep,step,2.07182916689858,E9,0.25,-7.43375967247915e-18,0.0863633836874561,117.925150987276,-8.73506238675225e-17,0.0500000000000002
Hybrid,sep,step,2.15879086043929,E9,0.25,-7.43375967247915e-18,0.0863638738941146,117.92648969949,-8.73501280600105e-17,0.0500000000000002
Hybrid,sep,step,2.24940263105407,E9,0.25,-7.43375967247915e-18,0.0863642850283471,117.927612477569,-8.73497122327059e-17,0.0500000000000002
Hybrid,sep,step,2.3438176848513,E9,0.25,-7.43375967247915e-18,0.0863646097331457,117.928499226846,-8.734938382422e-17,0.0500000000000002
Hybrid,sep,step,2.4421956585191,E9,0.25,-7.43375967247915e-18,0.0863648421741939,117.929134011417,-8.73491487333911e-17,0.0500000000000002
Hybrid,sep,step,2.54470288923857,E9,0.25,-7.43375967247915e-18,0.0863649782014389,117.929505495633,-8.73490111560501e-17,0.0500000000000002
Hybrid,sep,step,2.65151269592615,E9,0.25,-7.43375967247915e-18,0.0863650154825885,117.929607308858,-8.73489734501395e-17,0.0500000000000002
Hybrid,sep,step,2.76280567228076,E9,0.25,-7.43375967247915e-18,0.0863649536041783,117.92943832159,-8.73490360335762e-17,0.0500000000000002
Hybrid,sep,step,2.87876999213107,E9,0.25,-7.43375967247915e-18,0.0863647941367234,117.929002823411,-8.73491973183753e-17,0.0500000000000002
Hybrid,sep,step,2.99960172759923,E9,0.25,-7.43375967247915e-18,0.0863645406614941,117.92831059604,-8.73494536835183e-17,0.0500000000000002
Hybrid,sep,step,3.12550518061903,E9,0.25,-7.43375967247915e-18,0.0863641987575916,117.927376877885,-8.73497994879086e-17,0.0500000000000002
Hybrid,sep,step,3.25669322836902,E9,0.25,-7.43375967247915e-18,0.0863637759491886,117.926222219715,-8.73502271235558e-17,0.0500000000000002
Hybrid,sep,step,3.39338768320454,E9,0.25,-7.43375967247915e-18,0.0863632816139904,117.924872234378,-8.73507271079361e-17,0.0500000000000002
Hybrid,sep,step,3.53581966769745,E9,0.25,-7.43375967247915e-18,0.0863627268551072,117.923357246548,-8.73512882133294e-17,0.0500000000000002
Hybrid,sep,step,3.68423000541744,E9,0.25,-7.43375967247915e-18,0.0863621243395642,117.921711851356,-8.73518976298908e-17,0.0500000000000002
Hybrid,sep,step,3.83886962811578,E9,0.25,-7.43375967247915e-18,0.0863614881075719,117.919974393184,-8.73525411583093e-17,0.0500000000000002
Hybrid,sep,step,4,E9,0.25,-7.43375967247915e-18,0.0863608333574003,117.91818637789,-8.73532034271769e-17,0.0500000000000002
Hybrid,sep,step,0,E9b,0.25,-0.130194856131429,0.0768432588834709,93.3595374960203,-1.71939316214813,0.394397764088132
Hybrid,sep,step,0.03,E9b,0.25,-0.0293868389553797,0.0783909246639183,97.1557497408885,-0.380434009294758,0.0662711693947058
Hybrid,sep,step,0.0312592016986259,E9b,0.25,-0.0293868389553797,0.0783909246638998,97.1557497408427,-0.380434009294847,0.0662711693947136
Hybrid,sep,step,0.0325712563611792,E9b,0.25,-0.0293868389553797,0.0783909246638558,97.1557497407337,-0.380434009295061,0.066271169394732
Hybrid,sep,step,0.0339383824057251,E9b,0.25,-0.0293868389553797,0.0783909246637548,97.1557497404832,-0.380434009295551,0.0662711693947743
Hybrid,sep,step,0.0353628913648552,E9b,0.25,-0.0293868389553797,0.0783909246635307,97.1557497399279,-0.380434009296638,0.0662711693948682
Hybrid,sep,step,0.0368471917940202,E9b,0.25,-0.0293868389553797,0.0783909246630503,97.1557497387369,-0.38043400929897,0.0662711693950694
Hybrid,sep,step,0.0383937933439077,E9b,0.25,-0.0293868389553797,0.0783909246620528,97.1557497362643,-0.380434009303811,0.0662711693954872
Hybrid,sep,step,0.0400053110037523,E9b,0.25,-0.0293868389553797,0.078390924660045,97.1557497312875,-0.380434009313555,0.0662711693963283
Hybrid,sep,step,0.0416844695227518,E9b,0.25,-0.0293868389553797,0.0783909246561224,97.1557497215639,-0.380434009332592,0.0662711693979714
Hybrid,sep,step,0.0434341080170641,E9b,0.25,-0.0293868389553797,0.0783909246486742,97.1557497031015,-0.380434009368739,0.0662711694010914
Hybrid,sep,step,0.045257184770177,E9b,0.25,-0.0293868389553797,0.0783909246349148,97.1557496689945,-0.380434009435516,0.066271169406855
Hybrid,sep,step,0.0471567822347647,E9b,0.25,-0.0293868389553797,0.0783909246101565,97.1557496076234,-0.380434009555672,0.0662711694172261
Hybrid,sep,step,0.0491361122444897,E9b,0.25,-0.0293868389553797,0.0783909245667186,97.1557494999491,-0.380434009766482,0.0662711694354218
Hybrid,sep,step,0.0511985214445608,E9b,0.25,-0.0293868389553797,0.078390924492334,97.1557493155641,-0.380434010127482,0.0662711694665807
Hybrid,sep,step,0.0533474969502316,E9b,0.25,-0.0293868389553797,0.0783909243678867,97.155749007083,-0.380434010731443,0.0662711695187105
Hybrid,sep,step,0.055586672242804,E9b,0.25,-0.0293868389553797,0.078390924164284,97.155748502391,-0.380434011719558,0.0662711696039977
Hybrid,sep,step,0.0579198333131074,E9b,0.25,-0.0293868389553797,0.0783909238382479,97.15574769421,-0.38043401330186,0.066271169740571
Hybrid,sep,step,0.0603509250628405,E9b,0.25,-0.0293868389553797,0.0783909233267944,97.1557464264149,-0.380434015784021,0.0662711699548138
Hybrid,sep,step,0.0628840579745996,E9b,0.25,-0.0293868389553797,0.0783909225401766,97.1557444765403,-0.380434019601595,0.0662711702843203
Hybrid,sep,step,0.0655235150618698,E9b,0.25,-0.0293868389553797,0.0783909213530886,97.1557415339768,-0.380434025362713,0.0662711707815798
Hybrid,sep,step,0.0682737591107313,E9b,0.25,-0.0293868389553797,0.0783909195939732,97.1557371734674,-0.380434033899965,0.066271171518456
Hybrid,sep,step,0.0711394402255249,E9b,0.25,-0.0293868389553797,0.0783909170323507,97.1557308236971,-0.380434046331907,0.0662711725914946
Hybrid,sep,step,0.0741254036912341,E9b,0.25,-0.0293868389553797,0.0783909133641782,97.1557217310021,-0.380434064134104,0.0662711741280564
Hybrid,sep,step,0.0772366981658785,E9b,0.25,-0.0293868389553797,0.0783909081953722,97.1557089185256,-0.380434089219106,0.0662711762932194
Hybrid,sep,step,0.0804785842167695,E9b,0.25,-0.0293868389553797,0.0783909010237615,97.1556911414826,-0.38043412402403,0.0662711792973387
Hybrid,sep,step,0.0838565432150617,E9b,0.25,-0.0293868389553797,0.0783908912198847,97.1556668395615,-0.380434171603753,0.0662711834040903
Hybrid,sep,step,0.0873762866036384,E9b,0.25,-0.0293868389553797,0.0783908780071946,97.1556340878536,-0.380434235726992,0.0662711889387644
Hybrid,sep,step,0.0910437655540025,E9b,0.25,-0.0293868389553797,0.0783908604423667,97.1555905480447,-0.380434320971866,0.0662711962965132
Hybrid,sep,step,0.0948651810284991,E9b,0.25,-0.0293868389553797,0.0783908373965294,97.1555334218893,-0.380434432816998,0.0662712059502153
Hybrid,sep,step,0.0988469942648838,E9b,0.25,-0.0293868389553797,0.0783908075383147,97.1554594091984,-0.380434577723784,0.0662712184575761
Hybrid,sep,step,0.102995937700964,E9b,0.25,-0.0293868389553797,0.0783907693196755,97.1553646726865,-0.380434763205235,0.0662712344670712
Hybrid,sep,step,0.107319026357785,E9b,0.25,-0.0293868389553797,0.078390720965412,97.155244812016,-0.380434997876826,0.0662712547223355
Hybrid,sep,step,0.111823569700605,E9b,0.25,-0.0293868389553797,0.0783906604672994,97.1550948492458,-0.380435291485022,0.0662712800646271
Hybrid,sep,step,0.116517183997718,E9b,0.25,-0.0293868389553797,0.0783905855836013,97.1549092276349,-0.380435654909672,0.0662713114330352
Hybrid,sep,step,0.12140780519802,E9b,0.25,-0.0293868389553797,0.0783904938446024,97.1546818253685,-0.38043610013721,0.0662713498621687
Hybrid,sep,step,0.126503702349079,E9b,0.25,-0.0293868389553797,0.0783903825645942,97.154405985283,-0.380436640202536,0.0662713964771432
Hybrid,sep,step,0.131813491578427,E9b,0.25,-0.0293868389553797,0.0783902488605142,97.154074561087,-0.380437289098636,0.0662714524857824
Hybrid,sep,step,0.137346150661672,E9b,0.25,-0.0293868389553797,0.0783900896771783,97.1536799799304,-0.380438061654205,0.0662715191680599
Hybrid,sep,step,0.143111034202102,E9b,0.25,-0.0293868389553797,0.0783899018187719,97.1532143204893,-0.380438973380925,0.066271597862921
Hybrid,sep,step,0.149117889447416,E9b,0.25,-0.0293868389553797,0.0783896819859881,97.1526694050558,-0.380440040293336,0.0662716899527412
Hybrid,sep,step,0.155376872770339,E9b,0.25,-0.0293868389553797,0.0783894268179402,97.1520369034615,-0.380441278705561,0.0662717968457862
Hybrid,sep,step,0.161898566840992,E9b,0.25,-0.0293868389553797,0.0783891329377342,97.1513084460805,-0.380442705010273,0.0662719199571401
Hybrid,sep,step,0.168693998520034,E9b,0.25,-0.0293868389553797,0.0783887970003931,97.1504757426605,-0.380444335446255,0.0662720606886496
Hybrid,sep,step,0.175774657502848,E9b,0.25,-0.0293868389553797,0.0783884157416743,97.1495307033695,-0.380446185861631,0.0662722204084936
Hybrid,sep,step,0.183152515746281,E9b,0.25,-0.0293868389553797,0.078387986026239,97.1484655582341,-0.380448271480231,0.0662724004310243
Hybrid,sep,step,0.190840047710792,E9b,0.25,-0.0293868389553797,0.0783875048936158,97.1472729711085,-0.380450606678658,0.0662726019975312
Hybrid,sep,step,0.198850251452234,E9b,0.25,-0.0293868389553797,0.0783869696004616,97.1459461444616,-0.380453204781302,0.0662728262585528
Hybrid,sep,step,0.207196670598929,E9b,0.25,-0.0293868389553797,0.0783863776577607,97.1444789116089,-0.380456077879905,0.0662730742583072
Hybrid,sep,step,0.215893417251189,E9b,0.25,-0.0293868389553797,0.0783857268618108,97.1428658135376,-0.380459236683243,0.0662733469217208
Hybrid,sep,step,0.224955195842017,E9b,0.25,-0.0293868389553797,0.0783850153181227,97.1411021581604,-0.380462690401176,0.0662736450444213
Hybrid,sep,step,0.234397327999317,E9b,0.25,-0.0293868389553797,0.0783842414576963,97.1391840606586,-0.380466446665657,0.0662739692859209
Hybrid,sep,step,0.244235778451654,E9b,0.25,-0.0293868389553797,0.0783834040455056,97.1371084645081,-0.380470511489523,0.0662743201660568
Hybrid,sep,step,0.254487182021372,E9b,0.25,-0.0293868389553797,0.078382502181428,97.1348731437659,-0.380474889261923,0.0662746980645943
Hybrid,sep,step,0.2651688717507,E9b,0.25,-0.0293868389553797,0.0783815352942541,97.132476688197,-0.380479582777286,0.0662751032237233
Hybrid,sep,step,0.276298908208406,E9b,0.25,-0.0293868389553797,0.0783805031298008,97.1299184737782,-0.380484593292898,0.0662755357530216
Hybrid,sep,step,0.287896110026556,E9b,0.25,-0.0293868389553797,0.0783794057344993,97.1271986219784,-0.380489920608397,0.0662759956363103
Hybrid,sep,step,0.299980085718997,E9b,0.25,-0.0293868389553797,0.078378243436121,97.1243179519388,-0.380495563159154,0.0662764827397069
Hybrid,sep,step,0.312571266835374,E9b,0.25,-0.0293868389553797,0.0783770168235149,97.1212779302008,-0.380501518114424,0.0662769968200879
Hybrid,sep,step,0.325690942506732,E9b,0.25,-0.0293868389553797,0.0783757267273546,97.1180806229293,-0.380507781470588,0.0662775375331287
Hybrid,sep,step,0.339361295441117,E9b,0.25,-0.0293868389553797,0.0783743742039007,97.1147286556081,-0.38051434812974,0.0662781044400769
Hybrid,sep,step,0.353605439430029,E9b,0.25,-0.0293868389553797,0.0783729605236798,97.1112251849167,-0.380521211954392,0.0662786970124632
Hybrid,sep,step,0.36844745842915,E9b,0.25,-0.0293868389553797,0.0783714871667527,97.1075738869344,-0.380528365790172,0.0662793146340492
Hybrid,sep,step,0.38391244727943,E9b,0.25,-0.0293868389553797,0.0783699558258901,97.1037789649329,-0.380535801450113,0.0662799565994551
Hybrid,sep,step,0.400026554137359,E9b,0.25,-0.0293868389553797,0.0783683684185017,97.0998451788589,-0.380543509656407,0.0662806221091262
Hybrid,sep,step,0.4168170246862,E9b,0.25,-0.0293868389553797,0.0783667271075967,97.0957778971851,-0.380551479938266,0.0662813102604848
Hybrid,sep,step,0.434312248202902,E9b,0.25,-0.0293868389553797,0.0783650343313998,97.0915831701995,-0.380559700487715,0.0662820200354703
Hybrid,sep,step,0.452541805558606,E9b,0.25,-0.0293868389553797,0.0783632928405506,97.0872678220711,-0.380568157978485,0.0662827502848807
Hybrid,sep,step,0.471536519233894,E9b,0.25,-0.0293868389553797,0.0783615057411154,97.0828395573006,-0.380576837356619,0.0662834997102691
Hybrid,sep,step,0.491328505433342,E9b,0.25,-0.0293868389553797,0.0783596765409778,97.0783070755243,-0.380585721614586,0.0662842668444139
Hybrid,sep,step,0.511951228387509,E9b,0.25,-0.0293868389553797,0.0783578091966119,97.0736801872452,-0.380594791563456,0.0662850500316177
Hybrid,sep,step,0.533439556934147,E9b,0.25,-0.0293868389553797,0.0783559081568184,97.0689699220173,-0.380604025619751,0.0662858474092694
Hybrid,sep,step,0.555829823474338,E9b,0.25,-0.0293868389553797,0.0783539783997705,97.0641886200375,-0.380613399624713,0.0662866568922032
Hybrid,sep,step,0.579159885403199,E9b,0.25,-0.0293868389553797,0.0783520254597086,97.0593499980759,-0.380622886713811,0.0662874761613929
Hybrid,sep,step,0.603469189119055,E9b,0.25,-0.0293868389553797,0.0783500554398574,97.0544691812626,-0.380632457253143,0.0662883026584221
Hybrid,sep,step,0.628798836719292,E9b,0.25,-0.0293868389553797,0.0783480750086154,97.0495626934344,-0.380642078857109,0.0662891335869729
Hybrid,sep,step,0.655191655495656,E9b,0.25,-0.0293868389553797,0.0783460913767729,97.0446484004901,-0.3806517164983,0.0662899659222802
Hybrid,sep,step,0.682692270346511,E9b,0.25,-0.0293868389553797,0.078344112254398,97.0397454033982,-0.38066133271626,0.0662907964291296
Hybrid,sep,step,0.711347179228481,E9b,0.25,-0.0293868389553797,0.0783421457870423,97.034873880007,-0.380670887926869,0.066291621688551
Hybrid,sep,step,0.741204831775056,E9b,0.25,-0.0293868389553797,0.0783402004719801,97.0300548774389,-0.380680340828922,0.0662924381329156
Hybrid,sep,step,0.772315711215085,E9b,0.25,-0.0293868389553797,0.0783382850562387,97.0253100594324,-0.380689648899427,0.0662932420887042
Hybrid,sep,step,0.804732419729668,E9b,0.25,-0.0293868389553797,0.0783364084191156,97.0206614153221,-0.380698768964528,0.0662940298258201
Hybrid,sep,step,0.838509767391766,E9b,0.25,-0.0293868389553797,0.0783345794426638,97.0161309392845,-0.380707657829186,0.0662947976119891
Hybrid,sep,step,0.873704864838903,E9b,0.25,-0.0293868389553797,0.0783328068741961,97.0117402898839,-0.380716272945933,0.0662955417705467
Hybrid,sep,step,0.910377219835665,E9b,0.25,-0.0293868389553797,0.0783310991851956,97.0075104407902,-0.380724573101358,0.0662962587397696
Hybrid,sep,step,0.948588837889245,E9b,0.25,-0.0293868389553797,0.0783294644311223,97.0034613337774,-0.380732519098495,0.066296945131864
Hybrid,sep,step,0.988404327088169,E9b,0.25,-0.0293868389553797,0.0783279101164827,96.9996115448122,-0.380740074413843,0.0662975977897734
Hybrid,sep,step,1.02989100734146,E9b,0.25,-0.0293868389553797,0.078326443069224,96.9959779732834,-0.380747205809221,0.0662982138400901
Hybrid,sep,step,1.07311902420292,E9b,0.25,-0.0293868389553797,0.0783250693280747,96.9925755633198,-0.380753883880808,0.0662987907405474
Hybrid,sep,step,1.11816146747305,E9b,0.25,-0.0293868389553797,0.0783237940459157,96.9894170648267,-0.380760083530286,0.066299326320783
Hybrid,sep,step,1.16509449477906,E9b,0.25,-0.0293868389553797,0.0783226214116954,96.9865128404448,-0.380765784345831,0.0662998188153145
Hybrid,sep,step,1.21399746034191,E9b,0.25,-0.0293868389553797,0.0783215545928223,96.983870723206,-0.380770970883467,0.0663002668879035
Hybrid,sep,step,1.26495304914824,E9b,0.25,-0.0293868389553797,0.0783205956994138,96.9814959282845,-0.380775632842038,0.0663006696467235
Hybrid,sep,step,1.31804741675389,E9b,0.25,-0.0293868389553797,0.0783197457712596,96.9793910209626,-0.380779765127568,0.0663010266499637
Hybrid,sep,step,1.37337033495542,E9b,0.25,-0.0293868389553797,0.078319004787882,96.9775559417407,-0.38078336780513,0.0663013379017055
Hybrid,sep,step,1.43101534357603,E9b,0.25,-0.0293868389553797,0.0783183717016205,96.9759880884148,-0.380786445938534,0.0663016038380978
Hybrid,sep,step,1.49107990862239,E9b,0.25,-0.0293868389553797,0.0783178444932411,96.9746824538774,-0.38078900932028,0.0663018253040402
Hybrid,sep,step,1.55366558707987,E9b,0.25,-0.0293868389553797,0.0783174202491424,96.9736318173464,-0.380791072096278,0.066302003520765
Hybrid,sep,step,1.61887819862478,E9b,0.25,-0.0293868389553797,0.0783170952587986,96.972826985658,-0.380792652291963,0.0663021400448921
Hybrid,sep,step,1.68682800454401,E9b,0.25,-0.0293868389553797,0.0783168651306342,96.9722570801633,-0.380793771248624,0.0663022367197171
Hybrid,sep,step,1.75762989416439,E9b,0.25,-0.0293868389553797,0.0783167249240762,96.9719098636499,-0.380794452980929,0.0663022956196832
Hybrid,sep,step,1.83140357910731,E9b,0.25,-0.0293868389553797,0.0783166692950771,96.9717721006007,-0.380794723468851,0.0663023189891945
Hybrid,sep,step,1.90827379569669,E9b,0.25,-0.0293868389553797,0.0783166926519731,96.9718299430317,-0.380794609899293,0.0663023091770535
Hybrid,sep,step,1.98837051586284,E9b,0.25,-0.0293868389553797,0.0783167893181541,96.9720693331977,-0.380794139874564,0.0663022685680617
Hybrid,sep,step,2.07182916689858,E9b,0.25,-0.0293868389553797,0.0783169536977036,96.9724764136552,-0.380793340606457,0.0663021995133654
Hybrid,sep,step,2.15879086043929,E9b,0.25,-0.0293868389553797,0.0783171804399347,96.9730379346108,-0.380792238115731,0.0663021042612619
Hybrid,sep,step,2.24940263105407,E9b,0.25,-0.0293868389553797,0.0783174645986422,96.9737416482002,-0.380790856457386,0.0663019848902625
Hybrid,sep,step,2.3438176848513,E9b,0.25,-0.0293868389553797,0.0783178017819023,96.97457667939,-0.380789216991985,0.0663018432461134
Hybrid,sep,step,2.4421956585191,E9b,0.25,-0.0293868389553797,0.0783181882884196,96.9755338635871,-0.380787337722514,0.0663016808844963
Hybrid,sep,step,2.54470288923857,E9b,0.25,-0.0293868389553797,0.0783186212267174,96.9766060417948,-0.380785232714769,0.0663014990209487
Hybrid,sep,step,2.65151269592615,E9b,0.25,-0.0293868389553797,0.078319098613916,96.9777883052448,-0.380782911617109,0.0663012984893739
Hybrid,sep,step,2.76280567228076,E9b,0.25,-0.0293868389553797,0.0783196194514025,96.9790781828318,-0.380780379292686,0.0663010797102733
Hybrid,sep,step,2.87876999213107,E9b,0.25,-0.0293868389553797,0.0783201837753648,96.9804757663249,-0.380777635573985,0.0663008426695512
Hybrid,sep,step,2.99960172759923,E9b,0.25,-0.0293868389553797,0.078320792680903,96.9819837701664,-0.380774675145939,0.0663005869084313
Hybrid,sep,step,3.12550518061903,E9b,0.25,-0.0293868389553797,0.078321448319214,96.9836075246097,-0.380771487560045,0.0663003115246961
Hybrid,sep,step,3.25669322836902,E9b,0.25,-0.0293868389553797,0.0783221538681438,96.9853549029218,-0.380768057378051,0.0663000151851231
Hybrid,sep,step,3.39338768320454,E9b,0.25,-0.0293868389553797,0.0783229134771753,96.9872361852909,-0.380764364440016,0.06629969614867
Hybrid,sep,step,3.53581966769745,E9b,0.25,-0.0293868389553797,0.0783237321886411,96.9892638638746,-0.380760384248025,0.0662993522996548
Hybrid,sep,step,3.68423000541744,E9b,0.25,-0.0293868389553797,0.0783246158375969,96.9914523950116,-0.380756088453722,0.0662989811899075
Hybrid,sep,step,3.83886962811578,E9b,0.25,-0.0293868389553797,0.0783255709333301,96.9938179059676,-0.380751445435177,0.066298580088643
Hybrid,sep,step,4,E9b,0.25,-0.0293868389553797,0.0783266045259027,96.9963778646283,-0.380746420946567,0.0662981460386253
Hybrid,sep,graded,0,E9,0.25,-0.130194856131429,0.0849077145623932,113.983357249542,-1.55608680038524,0.334665661255649
Hybrid,sep,graded,0.03,E9,0.25,-0.130194856127906,0.084907714562464,113.983357249733,-1.55608680034184,0.334665661240228
Hybrid,sep,graded,0.0312592016986259,E9,0.25,-0.130194856122493,0.0849077145625729,113.983357250025,-1.55608680027515,0.334665661216535
Hybrid,sep,graded,0.0325712563611792,E9,0.25,-0.130194856109599,0.0849077145628321,113.983357250721,-1.55608680011629,0.334665661160092
Hybrid,sep,graded,0.0339383824057251,E9,0.25,-0.130194856079983,0.0849077145634277,113.98335725232,-1.55608679975141,0.334665661030452
Hybrid,sep,graded,0.0353628913648552,E9,0.25,-0.130194856014303,0.0849077145647483,113.983357255866,-1.55608679894219,0.334665660742946
Hybrid,sep,graded,0.0368471917940202,E9,0.25,-0.130194855873463,0.0849077145675803,113.983357263469,-1.55608679720697,0.334665660126438
Hybrid,sep,graded,0.0383937933439077,E9,0.25,-0.130194855581053,0.08490771457346,113.983357279255,-1.55608679360434,0.334665658846458
Hybrid,sep,graded,0.0400053110037523,E9,0.25,-0.130194854992494,0.0849077145852945,113.98335731103,-1.55608678635301,0.334665656270129
Hybrid,sep,graded,0.0416844695227518,E9,0.25,-0.13019485384259,0.0849077146084164,113.983357373109,-1.55608677218561,0.334665651236589
Hybrid,sep,graded,0.0434341080170641,E9,0.25,-0.130194851659226,0.0849077146523188,113.983357490982,-1.5560867452855,0.334665641679235
Hybrid,sep,graded,0.045257184770177,E9,0.25,-0.130194847625744,0.0849077147334228,113.983357708736,-1.55608669559101,0.334665624023261
Hybrid,sep,graded,0.0471567822347647,E9,0.25,-0.130194840368001,0.0849077148793592,113.983358100557,-1.55608660617204,0.334665592253556
Hybrid,sep,graded,0.0491361122444897,E9,0.25,-0.130194827634456,0.0849077151354013,113.983358787998,-1.55608644928848,0.334665536514334
Hybrid,sep,graded,0.0511985214445608,E9,0.25,-0.130194805829073,0.084907715573857,113.983359965198,-1.55608618063542,0.334665441064488
Hybrid,sep,graded,0.0533474969502316,E9,0.25,-0.130194769348008,0.0849077163074068,113.983361934688,-1.55608573117071,0.334665281374028
Hybrid,sep,graded,0.055586672242804,E9,0.25,-0.130194709662799,0.0849077175075385,113.983365156893,-1.55608499581953,0.334665020110934
Hybrid,sep,graded,0.0579198333131074,E9,0.25,-0.130194614086292,0.084907719429362,113.983370316752,-1.55608381826992,0.334664601739221
Hybrid,sep,graded,0.0603509250628405,E9,0.25,-0.130194464154012,0.0849077224441563,113.983378411102,-1.55608197103048,0.334663945433757
Hybrid,sep,graded,0.0628840579745996,E9,0.25,-0.130194233554579,0.0849077270809858,113.983390860416,-1.55607912993225,0.334662936021294
Hybrid,sep,graded,0.0655235150618698,E9,0.25,-0.130193885549339,0.0849077340785872,113.983409648112,-1.55607484233728,0.334661412685905
Hybrid,sep,graded,0.0682737591107313,E9,0.25,-0.1301933698345,0.0849077444484692,113.983437489966,-1.55606848847889,0.334659155234743
Hybrid,sep,graded,0.0711394402255249,E9,0.25,-0.130192618819328,0.0849077595497589,113.983478035067,-1.55605923560769,0.334655867808939
Hybrid,sep,graded,0.0741254036912341,E9,0.25,-0.130191543321127,0.0849077811757818,113.983536098276,-1.55604598495248,0.334651160043732
Hybrid,sep,graded,0.0772366981658785,E9,0.25,-0.130190027710815,0.0849078116517034,113.983617922382,-1.55602731191292,0.334644525827573
Hybrid,sep,graded,0.0804785842167695,E9,0.25,-0.130187924580312,0.0849078539418087,113.983731466136,-1.55600140036196,0.334635319974431
Hybrid,sep,graded,0.0838565432150617,E9,0.25,-0.130185049042069,0.0849079117642139,113.983886712241,-1.55596597241785,0.334622733296311
Hybrid,sep,graded,0.0873762866036384,E9,0.25,-0.130181172809013,0.084907989710051,113.984095987361,-1.55591821551402,0.334605766730925
Hybrid,sep,graded,0.0910437655540025,E9,0.25,-0.130176018236659,0.0849080933634971,113.984374284386,-1.55585470900721,0.334583205328387
Hybrid,sep,graded,0.0948651810284991,E9,0.25,-0.130169252534813,0.084908229418516,113.984739575899,-1.55577135288194,0.334553593016532
Hybrid,sep,graded,0.0988469942648838,E9,0.25,-0.130160482371475,0.0849084057878854,113.985213106915,-1.55566330129672,0.334515209134488
Hybrid,sep,graded,0.102995937700964,E9,0.25,-0.130149249093971,0.0849086317000432,113.985819654948,-1.55552490374819,0.334466047739094
Hybrid,sep,graded,0.107319026357785,E9,0.25,-0.13013502478098,0.0849089177795257,113.98658774603,-1.55534965649041,0.33440380064366
Hybrid,sep,graded,0.111823569700605,E9,0.25,-0.130117209313995,0.0849092761072783,113.987549816713,-1.5551301665381,0.334325845043324
Hybrid,sep,graded,0.116517183997718,E9,0.25,-0.130095128619253,0.0849097202578734,113.988742314101,-1.55485813012118,0.33422923642146
Hybrid,sep,graded,0.12140780519802,E9,0.25,-0.130068034183594,0.084910265311609,113.990205728466,-1.55452432687374,0.334110707227429
Hybrid,sep,graded,0.126503702349079,E9,0.25,-0.1300351038937,0.0849109278405207,113.991984555875,-1.5541186303753,0.333966671582149
Hybrid,sep,graded,0.131813491578427,E9,0.25,-0.129995444191454,0.0849117258684302,113.994127191147,-1.55363003496546,0.333793236021593
Hybrid,sep,graded,0.137346150661672,E9,0.25,-0.129948093483168,0.0849126788061893,113.996685754276,-1.55304669807595,0.333586216047515
Hybrid,sep,graded,0.143111034202102,E9,0.25,-0.129892026691066,0.0849138073641784,113.999715855847,-1.55235599671708,0.333341158037209
Hybrid,sep,graded,0.149117889447416,E9,0.25,-0.129826160795033,0.0849151334448147,114.003276308855,-1.55154459625898,0.333053365884301
Hybrid,sep,graded,0.155376872770339,E9,0.25,-0.129749361183821,0.0849166800182772,114.007428795541,-1.55059852929347,0.332717931612128
Hybrid,sep,graded,0.161898566840992,E9,0.25,-0.12966044861891,0.084918470984832,114.012237498355,-1.54950328216621,0.332329769125747
Hybrid,sep,graded,0.168693998520034,E9,0.25,-0.129558206611273,0.0849205310270685,114.017768703925,-1.54824388673208,0.331883650249544
Hybrid,sep,graded,0.175774657502848,E9,0.25,-0.129441389020403,0.0849228854550497,114.024090388133,-1.54680501499896,0.331374242230626
Hybrid,sep,graded,0.183152515746281,E9,0.25,-0.1293087277042,0.0849255600469031,114.031271789087,-1.54517107456082,0.33079614596563
Hybrid,sep,graded,0.190840047710792,E9,0.25,-0.12915894007511,0.0849285808868015,114.039382973251,-1.54332630304912,0.330143934318774
Hybrid,sep,graded,0.198850251452234,E9,0.25,-0.128990736449264,0.08493197420167,114.048494398365,-1.54125486021452,0.329412190029448
Hybrid,sep,graded,0.207196670598929,E9,0.25,-0.128802827108273,0.0849357661973909,114.058676475255,-1.53894091665197,0.328595542844412
Hybrid,sep,graded,0.215893417251189,E9,0.25,-0.128593929025095,0.0849399828948109,114.069999129405,-1.53636873856711,0.327688705641301
Hybrid,sep,graded,0.224955195842017,E9,0.25,-0.128362772233627,0.0849446499655403,114.082531362327,-1.5335227683228,0.326686509425911
Hybrid,sep,graded,0.234397327999317,E9,0.25,-0.128108105844903,0.0849497925673869,114.096340812364,-1.53038770078194,0.32558393717876
Hybrid,sep,graded,0.244235778451654,E9,0.25,-0.127828703729995,0.084955435179301,114.111493314667,-1.5269485556652,0.324376156592451
Hybrid,sep,graded,0.254487182021372,E9,0.25,-0.127523369900688,0.0849616014358969,114.12805246058,-1.52319074626782,0.323058551779292
Hybrid,sep,graded,0.2651688717507,E9,0.25,-0.127190943624091,0.0849683139619377,114.146079157526,-1.51910014493245,0.321626754039963
Hybrid,sep,graded,0.276298908208406,E9,0.25,-0.126830304307376,0.0849755942075679,114.16563119154,-1.5146631456663,0.320076671772689
Hybrid,sep,graded,0.287896110026556,E9,0.25,-0.126440376184724,0.0849834622855181,114.186762795721,-1.5098667242331,0.318404519572649
Hybrid,sep,graded,0.299980085718997,E9,0.25,-0.126020132831651,0.0849919368119202,114.209524228981,-1.50469849595927,0.316606846529221
Hybrid,sep,graded,0.312571266835374,E9,0.25,-0.125568601523117,0.0850010347527279,114.233961370342,-1.49914677138386,0.314680563679076
Hybrid,sep,graded,0.325690942506732,E9,0.25,-0.125084867442367,0.0850107712779899,114.260115334651,-1.49320060976455,0.312622970520779
Hybrid,sep,graded,0.339361295441117,E9,0.25,-0.124568077737956,0.0850211596263444,114.288022115866,-1.48684987033966,0.310431780445855
Hybrid,sep,graded,0.353605439430029,E9,0.25,-0.124017445417668,0.0850322109820807,114.317712263883,-1.48008526114458,0.308105144894624
Hybrid,sep,graded,0.36844745842915,E9,0.25,-0.123432253060307,0.0850439343669314,114.349210600373,-1.47289838509623,0.305641676005323
Hybrid,sep,graded,0.38391244727943,E9,0.25,-0.122811856320092,0.0850563365484368,114.382535978123,-1.46528178299498,0.303040467493505
Hybrid,sep,graded,0.400026554137359,E9,0.25,-0.122155687193707,0.085069421966257,114.417701087113,-1.45722897305098,0.300301113476492
Hybrid,sep,graded,0.4168170246862,E9,0.25,-0.121463257017197,0.0850831926772388,114.454712309013,-1.44873448652302,0.297423724945969
Hybrid,sep,graded,0.434312248202902,E9,0.25,-0.120734159158896,0.0850976483193967,114.493569620035,-1.4397938990632,0.294408943590739
Hybrid,sep,graded,0.452541805558606,E9,0.25,-0.119968071375621,0.085112786094278,114.5342665403,-1.43040385738974,0.29125795268207
Hybrid,sep,graded,0.471536519233894,E9,0.25,-0.119164757802353,0.0851286007665019,114.576790126108,-1.42056210096288,0.287972484755442
Hybrid,sep,graded,0.491328505433342,E9,0.25,-0.118324070550669,0.0851450846786383,114.621120999961,-1.41026747841306,0.284554825854856
Hybrid,sep,graded,0.511951228387509,E9,0.25,-0.117445950897949,0.0851622277790709,114.66723341193,-1.39951995856322,0.281007816147657
Hybrid,sep,graded,0.533439556934147,E9,0.25,-0.116530430057747,0.0851800176601209,114.715095325144,-1.38832063599467,0.277334846767866
Hybrid,sep,graded,0.555829823474338,E9,0.25,-0.11557762953102,0.0851984396035313,114.764668517901,-1.37667173122142,0.27353985280156
Hybrid,sep,graded,0.579159885403199,E9,0.25,-0.114587761047841,0.0852174766304523,114.815908695201,-1.36457658565475,0.26962730238653
Hybrid,sep,graded,0.603469189119055,E9,0.25,-0.113561126118838,0.0852371095533377,114.868765603398,-1.35203965165071,0.265602181957028
Hybrid,sep,graded,0.628798836719292,E9,0.25,-0.112498115224431,0.0852573170276483,114.923183143147,-1.33906647802877,0.26146997771995
Hybrid,sep,graded,0.655191655495656,E9,0.25,-0.111399206677129,0.0852780756019298,114.979099477732,-1.32566369152511,0.257236653498704
Hybrid,sep,graded,0.682692270346511,E9,0.25,-0.110264965197204,0.0852993597656355,115.036447136083,-1.31183897469089,0.252908625122969
Hybrid,sep,graded,0.711347179228481,E9,0.25,-0.109096040244481,0.0853211419949333,115.095153112134,-1.29760104076222,0.248492731575704
Hybrid,sep,graded,0.741204831775056,E9,0.25,-0.107893164148577,0.0853433927975859,115.155138964414,-1.28295960601281,0.243996203132372
Hybrid,sep,graded,0.772315711215085,E9,0.25,-0.106657150076655,0.0853660807587549,115.21632092168,-1.26792536005263,0.239426626742247
Hybrid,sep,graded,0.804732419729668,E9,0.25,-0.105388889871838,0.0853891725901728,115.278610001828,-1.25250993446199,0.234791908909492
Hybrid,sep,graded,0.838509767391766,E9,0.25,-0.104089351787368,0.085412633185509,115.34191215215,-1.23672587005385,0.230100236333946
Hybrid,sep,graded,0.873704864838903,E9,0.25,-0.102759578131896,0.0854364256848967,115.406128419122,-1.22058658294738,0.225360034571691
Hybrid,sep,graded,0.910377219835665,E9,0.25,-0.101400682830806,0.0854605115514844,115.471155155379,-1.20410632951871,0.220579924974736
Hybrid,sep,graded,0.948588837889245,E9,0.25,-0.100013848897902,0.0854848506625607,115.536884270453,-1.18730017018145,0.215768680171226
Hybrid,sep,graded,0.988404327088169,E9,0.25,-0.0986003258019699,0.0855094014173244,115.603203530335,-1.17018393184507,0.210935178353142
Hybrid,sep,graded,1.02989100734146,E9,0.25,-0.0971614267043312,0.0855341208627901,115.66999690916,-1.15277416881331,0.206088356649431
Hybrid,sep,graded,1.07311902420292,E9,0.25,-0.0956985255371606,0.0855589648387124,115.737144994584,-1.13508812182081,0.201237163878956
Hybrid,sep,graded,1.11816146747305,E9,0.25,-0.0942130538884242,0.0855838881418266,115.804525446731,-1.11714367486983,0.196390512999144
Hybrid,sep,graded,1.16509449477906,E9,0.25,-0.0927064976580977,0.0856088447092064,115.872013509275,-1.09895930952118,0.191557233591777
Hybrid,sep,graded,1.21399746034191,E9,0.25,-0.0911803934518728,0.085633787820136,115.939482570172,-1.08055405631524,0.186746024754801
Hybrid,sep,graded,1.26495304914824,E9,0.25,-0.0896363246827377,0.0856586703156112,116.006804768899,-1.06194744304883,0.181965408796311
Hybrid,sep,graded,1.31804741675389,E9,0.25,-0.0880759173573505,0.0856834448343844,116.073851646681,-1.04315943970878,0.177223686151169
Hybrid,sep,graded,1.37337033495542,E9,0.25,-0.0865008355325932,0.085708064064336,116.140494835996,-1.0242103999586,0.172528891959272
Hybrid,sep,graded,1.43101534357603,E9,0.25,-0.0849127764376053,0.0857324810078348,116.206606785532,-1.00512099918639,0.167888754754948
Hybrid,sep,graded,1.49107990862239,E9,0.25,-0.0833134652674002,0.0857566492596041,116.27206151655,-0.985912169243482,0.163310657717016
Hybrid,sep,graded,1.55366558707987,E9,0.25,-0.081704649665296,0.0857805232953969,116.336735406254,-0.966605030127977,0.158801602916893
Hybrid,sep,graded,1.61887819862478,E9,0.25,-0.0800880939223023,0.0858040587694801,116.400507993046,-0.947220818990193,0.154368178977236
Hybrid,sep,graded,1.68682800454401,E9,0.25,-0.0784655729318017,0.0858272128185223,116.46326279762,-0.927780816950587,0.150016532515307
Hybrid,sep,graded,1.75762989416439,E9,0.25,-0.0768388659469249,0.085849944368983,116.52488815255,-0.90830627432153,0.14575234369452
Hybrid,sep,graded,1.83140357910731,E9,0.25,-0.0752097501956015,0.0858722144445361,116.585278031554,-0.88881833490683,0.141580806145495
Hybrid,sep,graded,1.90827379569669,E9,0.25,-0.0735799944141401,0.0858939864694763,116.644332868011,-0.869337960114609,0.1375066114468
Hybrid,sep,graded,1.98837051586284,E9,0.25,-0.0719513523641978,0.0859152265634877,116.70196035073,-0.849885853657697,0.133533938277513
Hybrid,sep,graded,2.07182916689858,E9,0.25,-0.0703255564000929,0.0859359038226742,116.758076183594,-0.830482387630384,0.129666446272019
Hybrid,sep,graded,2.15879086043929,E9,0.25,-0.068704311153627,0.0859559905813906,116.812604794609,-0.811147530741431,0.125907274524966
Hybrid,sep,graded,2.24940263105407,E9,0.25,-0.0670892874020167,0.0859754626492354,116.865479979303,-0.791900779452018,0.122259044614107
Hybrid,sep,graded,2.3438176848513,E9,0.25,-0.0654821161813576,0.0859942995175955,116.916645463368,-0.772761092716114,0.118723867933435
Hybrid,sep,graded,2.4421956585191,E9,0.25,-0.063884383203458,0.0860124845303893,116.966055370013,-0.753746830952433,0.115303357061774
Hybrid,sep,graded,2.54470288923857,E9,0.25,-0.0622976236281327,0.0860300050141528,117.013674578729,-0.734875699795209,0.111998640833606
Hybrid,sep,graded,2.65151269592615,E9,0.25,-0.0607233172363903,0.0860468523633252,117.059478964022,-0.716164699079104,0.108810382732179
Hybrid,sep,graded,2.76280567228076,E9,0.25,-0.059162884042633,0.086063022077514,117.103455505077,-0.697630077415443,0.105738802189616
Hybrid,sep,graded,2.87876999213107,E9,0.25,-0.0576176803762886,0.0860785137485962,117.145602260209,-0.679287292616297,0.102783698355889
Hybrid,sep,graded,2.99960172759923,E9,0.25,-0.0560889954554207,0.0860933309967121,117.185928203174,-0.661150978122987,0.0999444758873963
Hybrid,sep,graded,3.12550518061903,E9,0.25,-0.0545780484670553,0.0861074813554675,117.224452921819,-0.643234915499412,0.0972201723061466
Hybrid,sep,graded,3.25669322836902,E9,0.25,-0.0530859861613924,0.0861209761079356,117.261206183065,-0.625552012960589,0.0946094864909053
Hybrid,sep,graded,3.39338768320454,E9,0.25,-0.0516138809599063,0.0861338300762753,117.296227371512,-0.608114289824934,0.0921108078808275
Hybrid,sep,graded,3.53581966769745,E9,0.25,-0.0501627295707056,0.0861460613689197,117.32956481216,-0.590932866706463,0.0897222459986775
Hybrid,sep,graded,3.68423000541744,E9,0.25,-0.0487334520985199,0.0861576910902849,117.361274990448,-0.574017961201182,0.0874416599328364
Hybrid,sep,graded,3.83886962811578,E9,0.25,-0.0473268916313725,0.0861687430187768,117.391421685135,-0.557378888770753,0.0852666874536469
Hybrid,sep,graded,4,E9,0.25,-0.0459438142814328,0.0861792432595005,117.420075031313,-0.541024068486191,0.0831947734785004
Hybrid,sep,graded,0,E9b,0.25,-0.130194856131429,0.0768432588834709,93.3595374960203,-1.71939316214813,0.394397764088132
Hybrid,sep,graded,0.03,E9b,0.25,-0.130194856128714,0.0768432588835273,93.3595374961573,-1.71939316211101,0.39439776407422
Hybrid,sep,graded,0.0312592016986259,E9b,0.25,-0.130194856124542,0.0768432588836139,93.3595374963679,-1.71939316205398,0.394397764052846
Hybrid,sep,graded,0.0325712563611792,E9b,0.25,-0.130194856114604,0.0768432588838204,93.3595374968695,-1.71939316191811,0.394397764001927
Hybrid,sep,graded,0.0339383824057251,E9b,0.25,-0.130194856091778,0.0768432588842945,93.3595374980217,-1.71939316160605,0.394397763884974
Hybrid,sep,graded,0.0353628913648552,E9b,0.25,-0.130194856041156,0.0768432588853461,93.3595375005768,-1.719393160914,0.394397763625606
Hybrid,sep,graded,0.0368471917940202,E9b,0.25,-0.130194855932606,0.076843258887601,93.3595375060559,-1.71939315943,0.394397763069433
Hybrid,sep,graded,0.0383937933439077,E9b,0.25,-0.130194855707237,0.0768432588922825,93.3595375174314,-1.71939315634895,0.39439776191472
Hybrid,sep,graded,0.0400053110037523,E9b,0.25,-0.130194855253616,0.0768432589017054,93.3595375403279,-1.71939315014745,0.394397759590525
Hybrid,sep,graded,0.0416844695227518,E9b,0.25,-0.130194854367348,0.0768432589201156,93.3595375850623,-1.71939313803119,0.394397755049598
Hybrid,sep,graded,0.0434341080170641,E9b,0.25,-0.13019485268456,0.0768432589550717,93.359537670001,-1.71939311502563,0.394397746427584
Hybrid,sep,graded,0.045257184770177,E9b,0.25,-0.130194849575828,0.0768432590196486,93.3595378269144,-1.71939307252583,0.394397730499529
Hybrid,sep,graded,0.0471567822347647,E9b,0.25,-0.130194843982055,0.0768432591358465,93.3595381092601,-1.71939299605279,0.394397701838998
Hybrid,sep,graded,0.0491361122444897,E9b,0.25,-0.130194834167908,0.0768432593397132,93.3595386046295,-1.71939286188257,0.394397651554748
Hybrid,sep,graded,0.0511985214445608,E9b,0.25,-0.130194817361809,0.0768432596888218,93.3595394529178,-1.71939263212465,0.394397565446188
Hybrid,sep,graded,0.0533474969502316,E9b,0.25,-0.130194789244695,0.0768432602728913,93.3595408721303,-1.7193922477327,0.394397421383972
Hybrid,sep,graded,0.055586672242804,E9b,0.25,-0.130194743243412,0.0768432612284642,93.3595431940478,-1.71939161884443,0.394397185689583
Hybrid,sep,graded,0.0579198333131074,E9b,0.25,-0.130194669579568,0.0768432627586654,93.3595469122367,-1.71939061177846,0.394396808262047
Hybrid,sep,graded,0.0603509250628405,E9b,0.25,-0.130194554022005,0.0768432651591167,93.3595527450198,-1.71938903197921,0.394396216186086
Hybrid,sep,graded,0.0628840579745996,E9b,0.25,-0.13019437629171,0.0768432688510732,93.3595617159922,-1.71938660221026,0.394395305559575
Hybrid,sep,graded,0.0655235150618698,E9b,0.25,-0.130194108073038,0.0768432744227385,93.359575254412,-1.71938293536567,0.394393931304054
Hybrid,sep,graded,0.0682737591107313,E9b,0.25,-0.130193710595259,0.0768432826795088,93.3595953172877,-1.71937750140719,0.394391894774023
Hybrid,sep,graded,0.0711394402255249,E9b,0.25,-0.130193131764054,0.0768432947035718,93.359624534196,-1.71936958814875,0.394388929060879
Hybrid,sep,graded,0.0741254036912341,E9b,0.25,-0.130192302843488,0.0768433119228539,93.3596663748157,-1.71935825589588,0.394384681994728
Hybrid,sep,graded,0.0772366981658785,E9b,0.25,-0.130191134714564,0.0768433361887821,93.3597253378799,-1.71934228629654,0.39437869697845
Hybrid,sep,graded,0.0804785842167695,E9b,0.25,-0.1301895137652,0.076843369861732,93.3598071588082,-1.71932012615391,0.394370391936354
Hybrid,sep,graded,0.0838565432150617,E9b,0.25,-0.130187297496695,0.0768434159024162,93.3599190317724,-1.71928982736389,0.394359036814995
Hybrid,sep,graded,0.0873762866036384,E9b,0.25,-0.13018430996096,0.0768434779668651,93.3600698404969,-1.71924898454038,0.394343730224411
Hybrid,sep,graded,0.0910437655540025,E9b,0.25,-0.130180337168575,0.0768435605021309,93.3602703908208,-1.71919467224365,0.39432337594129
Hybrid,sep,graded,0.0948651810284991,E9b,0.25,-0.130175122627556,0.0768436688394458,93.3605336370818,-1.7191233839987,0.394296660098593
Hybrid,sep,graded,0.0988469942648838,E9b,0.25,-0.130168363184395,0.0768438092813399,93.3608748938337,-1.71903097545022,0.394262029947669
Hybrid,sep,graded,0.102995937700964,E9b,0.25,-0.130159705340795,0.0768439891792015,93.3613120243544,-1.71891261402688,0.394217675090578
Hybrid,sep,graded,0.107319026357785,E9b,0.25,-0.130148742210767,0.0768442169979585,93.3618655978814,-1.71876273736817,0.394161512037534
Hybrid,sep,graded,0.111823569700605,E9b,0.25,-0.130135011263377,0.0768445023649758,93.3625590085192,-1.71857502250315,0.394091172847475
Hybrid,sep,graded,0.116517183997718,E9b,0.25,-0.130117992967488,0.0768448561008661,93.3634185502313,-1.71834236737505,0.394003998463617
Hybrid,sep,graded,0.12140780519802,E9b,0.25,-0.13009711041819,0.0768452902306655,93.3644734441637,-1.71805688580555,0.393897037170091
Hybrid,sep,graded,0.126503702349079,E9b,0.25,-0.130071729982887,0.0768458179746677,93.365755816589,-1.71770991642348,0.393767048383635
Hybrid,sep,graded,0.131813491578427,E9b,0.25,-0.130041162961304,0.0768464537190733,93.3673006278639,-1.71729204548567,0.393610511771582
Hybrid,sep,graded,0.137346150661672,E9b,0.25,-0.130004668211198,0.076847212967425,93.3691455547651,-1.71679314293899,0.393423641470296
Hybrid,sep,graded,0.143111034202102,E9b,0.25,-0.129961455653421,0.0768481122745004,93.3713308302765,-1.71620241055228,0.393202404982982
Hybrid,sep,graded,0.149117889447416,E9b,0.25,-0.129910690538795,0.0768491691648635,93.373899046183,-1.71550844052255,0.392942546175459
Hybrid,sep,graded,0.155376872770339,E9b,0.25,-0.129851498336912,0.0768504020386072,93.3768949246354,-1.71469928265585,0.392639611673055
Hybrid,sep,graded,0.161898566840992,E9b,0.25,-0.12978297009457,0.0768518300669304,93.3803650651134,-1.71376251805554,0.392288979896971
Hybrid,sep,graded,0.168693998520034,E9b,0.25,-0.129704168109153,0.0768534730800925,93.3843576729788,-1.71268533721963,0.391885891964561
Hybrid,sep,graded,0.175774657502848,E9b,0.25,-0.129614131769244,0.076855351450014,93.3889222751343,-1.71145462054504,0.391425483712022
Hybrid,sep,graded,0.183152515746281,E9b,0.25,-0.129511883429543,0.0768574859693724,93.3941094272958,-1.71005701943939,0.390902818171715
Hybrid,sep,graded,0.190840047710792,E9b,0.25,-0.129396434207852,0.0768598977285544,93.3999704161919,-1.70847903652301,0.390312917940306
Hybrid,sep,graded,0.198850251452234,E9b,0.25,-0.129266789616157,0.0768626079913143,93.4065569587687,-1.70670710373377,0.389650796995709
Hybrid,sep,graded,0.207196670598929,E9b,0.25,-0.129121954963396,0.0768656380695201,93.4139208993437,-1.7047276574929,0.388911491649041
Hybrid,sep,graded,0.215893417251189,E9b,0.25,-0.128960940492241,0.0768690091969977,93.422113904748,-1.70252721042348,0.388090090441008
Hybrid,sep,graded,0.224955195842017,E9b,0.25,-0.128782766234397,0.0768727424022381,93.4311871569048,-1.70009241940855,0.38718176290159
Hybrid,sep,graded,0.234397327999317,E9b,0.25,-0.128586466587225,0.0768768583796427,93.4411910420745,-1.6974101500183,0.386181787180849
Hybrid,sep,graded,0.244235778451654,E9b,0.25,-0.128371094628291,0.0768813773590471,93.4521748361517,-1.69446753751383,0.385085576623311
Hybrid,sep,graded,0.254487182021372,E9b,0.25,-0.128135726193432,0.0768863189734754,93.4641863859086,-1.69125204474727,0.38388870539781
Hybrid,sep,graded,0.2651688717507,E9b,0.25,-0.127879463748372,0.0768917021254032,93.477271786869,-1.68775151732766,0.382586933309992
Hybrid,sep,graded,0.276298908208406,E9b,0.25,-0.127601440084423,0.0768975448522245,93.4914750594903,-1.68395423641772,0.381176229918937
Hybrid,sep,graded,0.287896110026556,E9b,0.25,-0.127300821866033,0.0769038641920694,93.5068378264156,-1.67984896947934,0.379652798056804
Hybrid,sep,graded,0.299980085718997,E9b,0.25,-0.126976813052883,0.0769106760515743,93.5233989946396,-1.6754250192077,0.378013096815646
Hybrid,sep,graded,0.312571266835374,E9b,0.25,-0.126628658212594,0.0769179950776183,93.5411944474039,-1.67067227079806,0.376253864023042
Hybrid,sep,graded,0.325690942506732,E9b,0.25,-0.126255645732758,0.0769258345353675,93.5602567514035,-1.66558123758513,0.37437213818225
Hybrid,sep,graded,0.339361295441117,E9b,0.25,-0.125857110933443,0.0769342061951866,93.5806148853866,-1.66014310499286,0.372365279806542
Hybrid,sep,graded,0.353605439430029,E9b,0.25,-0.125432439074135,0.0769431202310597,93.6022939963896,-1.65434977263786,0.370230992034023
Hybrid,sep,graded,0.36844745842915,E9b,0.25,-0.124981068242526,0.0769525851330851,93.625315189641,-1.64819389434847,0.367967340370394
Hybrid,sep,graded,0.38391244727943,E9b,0.25,-0.124502492106963,0.0769626076363751,93.6496953575726,-1.64166891579696,0.365572771374904
Hybrid,sep,graded,0.400026554137359,E9b,0.25,-0.123996262509893,0.0769731926682905,93.6754470523915,-1.63476910939657,0.363046130079588
Hybrid,sep,graded,0.4168170246862,E9b,0.25,-0.123461991876491,0.0769843433153875,93.7025784053275,-1.62748960609029,0.360386675915249
Hybrid,sep,graded,0.434312248202902,E9b,0.25,-0.122899355410908,0.07699606081077,93.7310930940213,-1.61982642365556,0.357594096910341
Hybrid,sep,graded,0.452541805558606,E9b,0.25,-0.122308093052436,0.077008344541749,93.7609903576381,-1.61177649116838,0.354668521930623
Hybrid,sep,graded,0.471536519233894,E9b,0.25,-0.121688011165349,0.0770211920768656,93.7922650572808,-1.6033376693127,0.3516105307395
Hybrid,sep,graded,0.491328505433342,E9b,0.25,-0.121038983939326,0.0770345992104674,93.8249077772556,-1.59450876628385,0.348421161680121
Hybrid,sep,graded,0.511951228387509,E9b,0.25,-0.120360954482037,0.0770485600222214,93.8589049608555,-1.58528954911618,0.345101916810011
Hybrid,sep,graded,0.533439556934147,E9b,0.25,-0.119653935591542,0.0770630669482395,93.8942390727082,-1.57568075036119,0.341654764356027
Hybrid,sep,graded,0.555829823474338,E9b,0.25,-0.118918010203237,0.077078110859958,93.930888778537,-1.56568407014678,0.338082138399378
Hybrid,sep,graded,0.579159885403199,E9b,0.25,-0.118153331513792,0.0770936811466006,93.9688291325156,-1.55530217375488,0.334386935744777
Hybrid,sep,graded,0.603469189119055,E9b,0.25,-0.117360122792267,0.0771097657969989,94.0080317623532,-1.54453868495574,0.330572509972076
Hybrid,sep,graded,0.628798836719292,E9b,0.25,-0.116538676895909,0.0771263514767728,94.0484650428612,-1.53339817542532,0.326642662709555
Hybrid,sep,graded,0.655191655495656,E9b,0.25,-0.115689355514341,0.07714342359737,94.0900942500139,-1.52188615063996,0.322601632203413
Hybrid,sep,graded,0.682692270346511,E9b,0.25,-0.114812588170518,0.0771609663742184,94.1328816893518,-1.51000903268576,0.318454079285603
Hybrid,sep,graded,0.711347179228481,E9b,0.25,-0.113908871009598,0.0771789628721878,94.1767867948585,-1.4977741404338,0.314205070861023
Hybrid,sep,graded,0.741204831775056,E9b,0.25,-0.112978765407426,0.0771973950376324,94.2217661970018,-1.48518966751641,0.309860061044914
Hybrid,sep,graded,0.772315711215085,E9b,0.25,-0.112022896428684,0.0772162437174096,94.2677737612732,-1.4722646584955,0.305424870082808
Hybrid,sep,graded,0.804732419729668,E9b,0.25,-0.111041951161055,0.0772354886663488,94.3147606010897,-1.45900898354401,0.300905661180203
Hybrid,sep,graded,0.838509767391766,E9b,0.25,-0.110036676946181,0.0772551085456162,94.3626750711399,-1.44543331187349,0.296308915359523
Hybrid,sep,graded,0.873704864838903,E9b,0.25,-0.109007879521417,0.0772750809152016,94.4114627490336,-1.43154908403956,0.291641404450563
Hybrid,sep,graded,0.910377219835665,E9b,0.25,-0.107956421078668,0.0772953822243125,94.4610664143228,-1.41736848315208,0.286910162310371
Hybrid,sep,graded,0.948588837889245,E9b,0.25,-0.106883218238848,0.0773159878037649,94.5114260345867,-1.40290440491507,0.282122454362022
Hybrid,sep,graded,0.988404327088169,E9b,0.25,-0.105789239933036,0.0773368718645189,94.5624787682914,-1.3881704263311,0.277285745541352
Hybrid,sep,graded,1.02989100734146,E9b,0.25,-0.104675505175028,0.077358007506331,94.6141589936384,-1.37318077283118,0.272407666747788
Hybrid,sep,graded,1.07311902420292,E9b,0.25,-0.103543080704969,0.0773793667401317,94.6663983716692,-1.35795028354027,0.267495979911193
Hybrid,sep,graded,1.11816146747305,E9b,0.25,-0.10239307848056,0.0774009205272218,94.7191259506318,-1.34249437436273,0.262558541810544
Hybrid,sep,graded,1.16509449477906,E9b,0.25,-0.101226652991167,0.0774226388377678,94.7722683171381,-1.32682899857314,0.257603266812191
Hybrid,sep,graded,1.21399746034191,E9b,0.25,-0.10004499837099,0.077444490730405,94.8257497980616,-1.3109706046253,0.252638088732942
Hybrid,sep,graded,1.26495304914824,E9b,0.25,-0.098849345290361,0.0774664444540651,94.8794927155222,-1.29493609094481,0.247670922074943
Hybrid,sep,graded,1.31804741675389,E9b,0.25,-0.0976409576088817,0.0774884675724586,94.9334176957367,-1.27874275754422,0.242709622922077
Hybrid,sep,graded,1.37337033495542,E9b,0.25,-0.0964211287802779,0.0775105271109764,94.9874440310057,-1.26240825439077,0.237761949828735
Hybrid,sep,graded,1.43101534357603,E9b,0.25,-0.0951911780061553,0.0775325897251358,95.0414900926768,-1.24595052656011,0.232835525068588
Hybrid,sep,graded,1.49107990862239,E9b,0.25,-0.0939524461438494,0.077554621889092,95.0954737915601,-1.22938775631927,0.227937796640378
Hybrid,sep,graded,1.55366558707987,E9b,0.25,-0.0927062913818652,0.0775765901021544,95.1493130809688,-1.21273830239402,0.223076001447883
Hybrid,sep,graded,1.61887819862478,E9b,0.25,-0.0914540847045863,0.0775984611107037,95.2029264963063,-1.19602063678283,0.2182571300798
Hybrid,sep,graded,1.68682800454401,E9b,0.25,-0.0901972051756015,0.0776202021423884,95.256233723928,-1.17925327957854,0.213487893611566
Hybrid,sep,graded,1.75762989416439,E9b,0.25,-0.088937035075844,0.0776417811490072,95.3091561908871,-1.1624547323447,0.208774692834331
Hybrid,sep,graded,1.83140357910731,E9b,0.25,-0.0876749549384772,0.0776631670540628,95.3616176661498,-1.14564341066242,0.204123590286718
Hybrid,sep,graded,1.90827379569669,E9b,0.25,-0.0864123385269277,0.0776843300006228,95.4135448629956,-1.12883757651472,0.199540285423453
Hybrid,sep,graded,1.98837051586284,E9b,0.25,-0.085150547805519,0.0777052415948605,95.4648680316301,-1.11205527120512,0.195030093203152
Hybrid,sep,graded,2.07182916689858,E9b,0.25,-0.0838909279537686,0.0777258751404924,95.5155215305983,-1.09531424951733,0.19059792631699
Hybrid,sep,graded,2.15879086043929,E9b,0.25,-0.0826348024755926,0.0777462058593005,95.5654443654384,-1.07863191581228,0.18624828121361
Hybrid,sep,graded,2.24940263105407,E9b,0.25,-0.0813834684534814,0.0777662110930332,95.6145806831901,-1.06202526272906,0.181985228005371
Hybrid,sep,graded,2.3438176848513,E9b,0.25,-0.080138191995306,0.077785870482231,95.6628802119076,-1.04551081311046,0.177812404269975
Hybrid,sep,graded,2.4421956585191,E9b,0.25,-0.0789002039179269,0.0778051661179232,95.7102986352147,-1.02910456571242,0.173733012691986
Hybrid,sep,graded,2.54470288923857,E9b,0.25,-0.0776706957073968,0.0778240826626773,95.756797893183,-1.01282194518485,0.169749822422827
Hybrid,sep,graded,2.65151269592615,E9b,0.25,-0.076450815790469,0.0778426074381468,95.8023464023686,-0.996677756730149,0.165865173978105
Hybrid,sep,graded,2.76280567228076,E9b,0.25,-0.0752416661465342,0.0778607304770304,95.8469191896712,-0.980686145759391,0.162080987438545
Hybrid,sep,graded,2.87876999213107,E9b,0.25,-0.0740442992832126,0.0778784445381965,95.8904979367095,-0.964860562777934,0.158398773676951
Hybrid,sep,graded,2.99960172759923,E9b,0.25,-0.072859715592803,0.0778957450846222,95.9330709335712,-0.949213733643509,0.154819648299241
Hybrid,sep,graded,3.12550518061903,E9b,0.25,-0.0716888611008034,0.0779126302246973,95.9746329430039,-0.933757635254896,0.151344347962777
Hybrid,sep,graded,3.25669322836902,E9b,0.25,-0.0705326256119061,0.077929100618328,96.0151849782937,-0.918503476648872,0.147973248719922
Hybrid,sep,graded,3.39338768320454,E9b,0.25,-0.0693918412533755,0.0779451593501101,96.0547340001363,-0.903461685409615,0.144706386028861
Hybrid,sep,graded,3.53581966769745,E9b,0.25,-0.0682672814106149,0.0779608117725887,96.0932925396744,-0.888641899229155,0.141543476075886
Hybrid,sep,graded,3.68423000541744,E9b,0.25,-0.0671596600451132,0.0779760653232659,96.1308782564941,-0.874052962400814,0.13848393806327
Hybrid,sep,graded,3.83886962811578,E9b,0.25,-0.0660696313808812,0.0779909293195384,96.1675134416809,-0.859702926980106,0.135526917132943
Hybrid,sep,graded,4,E9b,0.25,-0.0649977899419686,0.0780054147361189,96.2032244770047,-0.845599058309586,0.13267130761754
Hybrid,sep,mean,0,E9,0.25,-0.130194856131429,0.0863846949580834,117.983357249542,-1.52948128074688,0.32526543850567
Hybrid,sep,mean,0.03,E9,0.25,-0.130194856131429,0.0863846949580738,117.983357249516,-1.52948128074705,0.325265438505729
Hybrid,sep,mean,0.0312592016986259,E9,0.25,-0.130194856131429,0.0863846949580591,117.983357249476,-1.52948128074731,0.325265438505821
Hybrid,sep,mean,0.0325712563611792,E9,0.25,-0.130194856131429,0.0863846949580239,117.98335724938,-1.52948128074794,0.32526543850604
Hybrid,sep,mean,0.0339383824057251,E9,0.25,-0.130194856131429,0.086384694957943,117.983357249159,-1.52948128074937,0.325265438506543
Hybrid,sep,mean,0.0353628913648552,E9,0.25,-0.130194856131429,0.0863846949577636,117.983357248669,-1.52948128075254,0.325265438507659
Hybrid,sep,mean,0.0368471917940202,E9,0.25,-0.130194856131429,0.086384694957379,117.983357247618,-1.52948128075935,0.325265438510052
Hybrid,sep,mean,0.0383937933439077,E9,0.25,-0.130194856131429,0.0863846949565804,117.983357245437,-1.52948128077349,0.325265438515019
Hybrid,sep,mean,0.0400053110037523,E9,0.25,-0.130194856131429,0.0863846949549731,117.983357241046,-1.52948128080195,0.325265438525016
Hybrid,sep,mean,0.0416844695227518,E9,0.25,-0.130194856131429,0.0863846949518328,117.983357232468,-1.52948128085755,0.325265438544549
Hybrid,sep,mean,0.0434341080170641,E9,0.25,-0.130194856131429,0.0863846949458702,117.983357216181,-1.52948128096312,0.325265438581638
Hybrid,sep,mean,0.045257184770177,E9,0.25,-0.130194856131429,0.0863846949348551,117.983357186092,-1.52948128115815,0.325265438650153
Hybrid,sep,mean,0.0471567822347647,E9,0.25,-0.130194856131429,0.0863846949150348,117.983357131952,-1.52948128150908,0.325265438773438
Hybrid,sep,mean,0.0491361122444897,E9,0.25,-0.130194856131429,0.0863846948802606,117.983357036963,-1.52948128212477,0.325265438989738
Hybrid,sep,mean,0.0511985214445608,E9,0.25,-0.130194856131429,0.0863846948207121,117.983356874302,-1.5294812831791,0.325265439360137
Hybrid,sep,mean,0.0533474969502316,E9,0.25,-0.130194856131429,0.086384694721086,117.983356602165,-1.52948128494303,0.325265439979825
Hybrid,sep,mean,0.055586672242804,E9,0.25,-0.130194856131429,0.0863846945580922,117.983356156934,-1.52948128782891,0.325265440993667
Hybrid,sep,mean,0.0579198333131074,E9,0.25,-0.130194856131429,0.0863846942970853,117.983355443973,-1.52948129245016,0.325265442617165
Hybrid,sep,mean,0.0603509250628405,E9,0.25,-0.130194856131429,0.0863846938876446,117.983354325553,-1.5294812996995,0.32526544516394
Hybrid,sep,mean,0.0628840579745996,E9,0.25,-0.130194856131429,0.0863846932579262,117.983352605427,-1.52948131084896,0.325265449080871
Hybrid,sep,mean,0.0655235150618698,E9,0.25,-0.130194856131429,0.0863846923076231,117.983350009598,-1.52948132767452,0.325265454991882
Hybrid,sep,mean,0.0682737591107313,E9,0.25,-0.130194856131429,0.0863846908994099,117.983346162951,-1.52948135260759,0.325265463751153
Hybrid,sep,mean,0.0711394402255249,E9,0.25,-0.130194856131429,0.0863846888488063,117.983340561563,-1.52948138891449,0.325265476506178
Hybrid,sep,mean,0.0741254036912341,E9,0.25,-0.130194856131429,0.086384685912472,117.983332540731,-1.52948144090366,0.325265494770567
Hybrid,sep,mean,0.0772366981658785,E9,0.25,-0.130194856131429,0.0863846817750424,117.983321239013,-1.5294815141588,0.325265520505931
Hybrid,sep,mean,0.0804785842167695,E9,0.25,-0.130194856131429,0.0863846760347286,117.983305558888,-1.52948161579377,0.325265556211454
Hybrid,sep,mean,0.0838565432150617,E9,0.25,-0.130194856131429,0.0863846681880249,117.983284124994,-1.52948175472339,0.325265605019015
Hybrid,sep,mean,0.0873762866036384,E9,0.25,-0.130194856131429,0.0863846576139926,117.983255241189,-1.5294819419417,0.325265670790948
Hybrid,sep,mean,0.0910437655540025,E9,0.25,-0.130194856131429,0.0863846435587047,117.983216848064,-1.52948219079738,0.325265758216802
Hybrid,sep,mean,0.0948651810284991,E9,0.25,-0.130194856131429,0.0863846251205412,117.983166482778,-1.52948251725411,0.325265872904813
Hybrid,sep,mean,0.0988469942648838,E9,0.25,-0.130194856131429,0.0863846012371003,117.983101243308,-1.52948294012236,0.325266021463324
Hybrid,sep,mean,0.102995937700964,E9,0.25,-0.130194856131429,0.0863845706745437,117.983017759342,-1.52948348124804,0.325266211567076
Hybrid,sep,mean,0.107319026357785,E9,0.25,-0.130194856131429,0.0863845320202013,117.982912172084,-1.52948416564346,0.325266452003223
Hybrid,sep,mean,0.111823569700605,E9,0.25,-0.130194856131429,0.0863844836792309,117.982780125137,-1.52948502154657,0.325266752692139
Hybrid,sep,mean,0.116517183997718,E9,0.25,-0.130194856131429,0.086384423876055,117.982616768427,-1.52948608039558,0.32526712467851
Hybrid,sep,mean,0.12140780519802,E9,0.25,-0.130194856131429,0.086384350661177,117.982416776835,-1.52948737670835,0.325267580088985
Hybrid,sep,mean,0.126503702349079,E9,0.25,-0.130194856131429,0.0863842619238169,117.982174384718,-1.5294889478588,0.325268132053633
Hybrid,sep,mean,0.131813491578427,E9,0.25,-0.130194856131429,0.086384155410613,117.981883437007,-1.52949083374595,0.325268794589687
Hybrid,sep,mean,0.137346150661672,E9,0.25,-0.130194856131429,0.0863840287504027,117.98153745691,-1.5294930763553,0.325269582447484
Hybrid,sep,mean,0.143111034202102,E9,0.25,-0.130194856131429,0.0863838794848521,117.981129729598,-1.52949571921676,0.325270510920038
Hybrid,sep,mean,0.149117889447416,E9,0.25,-0.130194856131429,0.08638370510444,117.98065340051,-1.52949880676775,0.325271595619322
Hybrid,sep,mean,0.155376872770339,E9,0.25,-0.130194856131429,0.0863835030890479,117.980101586252,-1.52950238363474,0.325272852223905
Hybrid,sep,mean,0.161898566840992,E9,0.25,-0.130194856131429,0.0863832709521673,117.979467495367,-1.52950649385086,0.325274296204095
Hybrid,sep,mean,0.168693998520034,E9,0.25,-0.130194856131429,0.086383006287524,117.978744555716,-1.52951118003056,0.325275942532041
Hybrid,sep,mean,0.175774657502848,E9,0.25,-0.130194856131429,0.0863827068167587,117.97792654474,-1.52951648252571,0.325277805385272
Hybrid,sep,mean,0.183152515746281,E9,0.25,-0.130194856131429,0.0863823704366949,117.977007718584,-1.52952243858884,0.325279897852768
Hybrid,sep,mean,0.190840047710792,E9,0.25,-0.130194856131429,0.086381995264692,117.975982936006,-1.52952908157034,0.325282231652935
Hybrid,sep,mean,0.198850251452234,E9,0.25,-0.130194856131429,0.0863815796806226,117.974847773036,-1.5295364401753,0.325284816872535
Hybrid,sep,mean,0.207196670598929,E9,0.25,-0.130194856131429,0.0863811223641374,117.973598624777,-1.52954453780369,0.325287661734904
Hybrid,sep,mean,0.215893417251189,E9,0.25,-0.130194856131429,0.0863806223260808,117.97223279121,-1.5295533919941,0.325290772404496
Hybrid,sep,mean,0.224955195842017,E9,0.25,-0.130194856131429,0.0863800789331962,117.970748544663,-1.52956301398612,0.325294152833126
Hybrid,sep,mean,0.234397327999317,E9,0.25,-0.130194856131429,0.08637949192559,117.969145177491,-1.5295734084108,0.325297804651211
Hybrid,sep,mean,0.244235778451654,E9,0.25,-0.130194856131429,0.0863788614267953,117.967423029543,-1.52958457311215,0.325301727104979
Hybrid,sep,mean,0.254487182021372,E9,0.25,-0.130194856131429,0.0863781879466661,117.965583496021,-1.52959649909532,0.325305917038244
Hybrid,sep,mean,0.2651688717507,E9,0.25,-0.130194856131429,0.0863774723777138,117.963629017435,-1.52960917059096,0.325310368914922
Hybrid,sep,mean,0.276298908208406,E9,0.25,-0.130194856131429,0.0863767159858496,117.961563054259,-1.52962256521842,0.325315074876303
Hybrid,sep,mean,0.287896110026556,E9,0.25,-0.130194856131429,0.0863759203967864,117.959390049736,-1.52963665422584,0.325320024825304
Hybrid,sep,mean,0.299980085718997,E9,0.25,-0.130194856131429,0.0863750875795682,117.957115384829,-1.529651402781,0.325325206528562
Hybrid,sep,mean,0.312571266835374,E9,0.25,-0.130194856131429,0.086374219828807,117.954745329634,-1.529666770285,0.325330605726549
Hybrid,sep,mean,0.325690942506732,E9,0.25,-0.130194856131429,0.0863733197472132,117.952286995603,-1.52968271068082,0.325336206241858
Hybrid,sep,mean,0.339361295441117,E9,0.25,-0.130194856131429,0.0863723902298876,117.94974829257,-1.52969917273054,0.32534199007652
Hybrid,sep,mean,0.353605439430029,E9,0.25,-0.130194856131429,0.0863714344516145,117.947137893976,-1.52971610023953,0.325347937490653
Hybrid,sep,mean,0.36844745842915,E9,0.25,-0.130194856131429,0.0863704558580487,117.944465212734,-1.52973343221165,0.32535402705688
Hybrid,sep,mean,0.38391244727943,E9,0.25,-0.130194856131429,0.086369458161255,117.941740388974,-1.52975110292736,0.325360235687683
Hybrid,sep,mean,0.400026554137359,E9,0.25,-0.130194856131429,0.0863684453395442,117.938974289535,-1.52976904194575,0.325366538636019
Hybrid,sep,mean,0.4168170246862,E9,0.25,-0.130194856131429,0.0863674216409961,117.93617851752,-1.52978717404136,0.32537290947301
Hybrid,sep,mean,0.434312248202902,E9,0.25,-0.130194856131429,0.0863663915894966,117.933365428723,-1.52980541909645,0.325379320050005
Hybrid,sep,mean,0.452541805558606,E9,0.25,-0.130194856131429,0.0863653599915803,117.930548150261,-1.52982369197904,0.325385740455646
Hybrid,sep,mean,0.471536519233894,E9,0.25,-0.130194856131429,0.0863643319419163,117.927740595499,-1.52984190244506,0.325392138981411
Hybrid,sep,mean,0.491328505433342,E9,0.25,-0.130194856131429,0.0863633128249323,117.924957468448,-1.52985995510903,0.325398482111223
Hybrid,sep,mean,0.511951228387509,E9,0.25,-0.130194856131429,0.0863623083098895,117.922214250271,-1.52987774953079,0.325404734551892
Hybrid,sep,mean,0.533439556934147,E9,0.25,-0.130194856131429,0.086361324336728,117.919527160608,-1.52989518046596,0.325410859321072
Hybrid,sep,mean,0.555829823474338,E9,0.25,-0.130194856131429,0.0863603670902177,117.916913086979,-1.52991213832374,0.325416817908103
Hybrid,sep,mean,0.579159885403199,E9,0.25,-0.130194856131429,0.0863594429603811,117.91438947671,-1.52992850986814,0.325422570520435
Hybrid,sep,mean,0.603469189119055,E9,0.25,-0.130194856131429,0.0863585584877872,117.911974187582,-1.52994417918756,0.325428076424355
Hybrid,sep,mean,0.628798836719292,E9,0.25,-0.130194856131429,0.0863577202931168,117.909685295538,-1.52995902894335,0.325433294383797
Hybrid,sep,mean,0.655191655495656,E9,0.25,-0.130194856131429,0.0863569349913141,117.907540860343,-1.52997294189178,0.325438183195261
Hybrid,sep,mean,0.682692270346511,E9,0.25,-0.130194856131429,0.0863562090916077,117.90555865267,-1.52998580265676,0.325442702310882
Hybrid,sep,mean,0.711347179228481,E9,0.25,-0.130194856131429,0.0863555488856177,117.903755848695,-1.52999749971392,0.325446812535829
Hybrid,sep,mean,0.741204831775056,E9,0.25,-0.130194856131429,0.0863549603265936,117.902148700482,-1.53000792753221,0.325450476781052
Hybrid,sep,mean,0.772315711215085,E9,0.25,-0.130194856131429,0.0863544489034772,117.900752192267,-1.53001698880737,0.325453660848367
Hybrid,sep,mean,0.804732419729668,E9,0.25,-0.130194856131429,0.0863540195138926,117.899579693808,-1.53002459671448,0.325456334222266
Hybrid,sep,mean,0.838509767391766,E9,0.25,-0.130194856131429,0.0863536763403125,117.89864262242,-1.53003067710435,0.325458470841952
Hybrid,sep,mean,0.873704864838903,E9,0.25,-0.130194856131429,0.0863534227335175,117.897950124909,-1.53003517057043,0.325460049827915
Hybrid,sep,mean,0.910377219835665,E9,0.25,-0.130194856131429,0.0863532611070933,117.897508789622,-1.53003803431999,0.325461056139642
Hybrid,sep,mean,0.948588837889245,E9,0.25,-0.130194856131429,0.086353192846138,117.897322397278,-1.53003924379302,0.325461481144675
Hybrid,sep,mean,0.988404327088169,E9,0.25,-0.130194856131429,0.0863532182326621,117.897391717324,-1.53003879398491,0.325461323083488
Hybrid,sep,mean,1.02989100734146,E9,0.25,-0.130194856131429,0.0863533363894255,117.897714354604,-1.53003670044181,0.325460587419288
Hybrid,sep,mean,1.07311902420292,E9,0.25,-0.130194856131429,0.0863535452432589,117.898284649173,-1.53003299991012,0.325459287066201
Hybrid,sep,mean,1.11816146747305,E9,0.25,-0.130194856131429,0.0863538415083212,117.899093630494,-1.53002775063211,0.325457442493007
Hybrid,sep,mean,1.16509449477906,E9,0.25,-0.130194856131429,0.0863542206892982,117.900129026046,-1.53002103228745,0.325455081702424
Hybrid,sep,mean,1.21399746034191,E9,0.25,-0.130194856131429,0.0863546771042744,117.901375323595,-1.53001294558576,0.32545224008764
Hybrid,sep,mean,1.26495304914824,E9,0.25,-0.130194856131429,0.0863552039268885,117.902813886098,-1.5300036115169,0.325448960168551
Hybrid,sep,mean,1.31804741675389,E9,0.25,-0.130194856131429,0.0863557932474025,117.904423118218,-1.52999317026588,0.325445291210105
Hybrid,sep,mean,1.37337033495542,E9,0.25,-0.130194856131429,0.0863564361523957,117.906178683691,-1.52998177979758,0.325441288724609
Hybrid,sep,mean,1.43101534357603,E9,0.25,-0.130194856131429,0.0863571228229013,117.908053773049,-1.52996961411479,0.325437013859233
Hybrid,sep,mean,1.49107990862239,E9,0.25,-0.130194856131429,0.0863578426508525,117.910019421365,-1.52995686119208,0.325432532669623
Hybrid,sep,mean,1.55366558707987,E9,0.25,-0.130194856131429,0.0863585843736549,117.91204487552,-1.52994372058888,0.325427915280877
Hybrid,sep,mean,1.61887819862478,E9,0.25,-0.130194856131429,0.086359336226506,117.914098009987,-1.52993040074879,0.32542323493831
Hybrid,sep,mean,1.68682800454401,E9,0.25,-0.130194856131429,0.086360086111726,117.916145789117,-1.52991711599832,0.32541856695268
Hybrid,sep,mean,1.75762989416439,E9,0.25,-0.130194856131429,0.0863608217838493,117.918154772543,-1.52990408326716,0.325413987547712
Hybrid,sep,mean,1.83140357910731,E9,0.25,-0.130194856131429,0.0863615310485791,117.920091658504,-1.52989151856395,0.325409572621775
Hybrid,sep,mean,1.90827379569669,E9,0.25,-0.130194856131429,0.0863622019729713,117.921923857914,-1.52987963325401,0.325405396440118
Hybrid,sep,mean,1.98837051586284,E9,0.25,-0.130194856131429,0.0863628231034416,117.923620089871,-1.52986863019943,0.325401530278834
Hybrid,sep,mean,2.07182916689858,E9,0.25,-0.130194856131429,0.0863633836874561,117.925150987276,-1.52985869983471,0.325398041046283
Hybrid,sep,mean,2.15879086043929,E9,0.25,-0.130194856131429,0.0863638738941146,117.92648969949,-1.52985001626267,0.325394989911709
Hybrid,sep,mean,2.24940263105407,E9,0.25,-0.130194856131429,0.0863642850283471,117.927612477569,-1.52984273346386,0.325392430973788
Hybrid,sep,mean,2.3438176848513,E9,0.25,-0.130194856131429,0.0863646097331457,117.928499226846,-1.52983698171811,0.325390410003718
Hybrid,sep,mean,2.4421956585191,E9,0.25,-0.130194856131429,0.0863648421741939,117.929134011417,-1.52983286433767,0.325388963297784
Hybrid,sep,mean,2.54470288923857,E9,0.25,-0.130194856131429,0.0863649782014389,117.929505495633,-1.52983045480832,0.325388116673214
Hybrid,sep,mean,2.65151269592615,E9,0.25,-0.130194856131429,0.0863650154825885,117.929607308858,-1.52982979442706,0.325387884638427
Hybrid,sep,mean,2.76280567228076,E9,0.25,-0.130194856131429,0.0863649536041783,117.92943832159,-1.52983089051328,0.325388269764672
Hybrid,sep,mean,2.87876999213107,E9,0.25,-0.130194856131429,0.0863647941367234,117.929002823411,-1.52983371525502,0.325389262280671
Hybrid,sep,mean,2.99960172759923,E9,0.25,-0.130194856131429,0.0863645406614941,117.92831059604,-1.52983820523376,0.325390839905555
Hybrid,sep,mean,3.12550518061903,E9,0.25,-0.130194856131429,0.0863641987575916,117.927376877885,-1.52984426165135,0.325392967928346
Hybrid,sep,mean,3.25669322836902,E9,0.25,-0.130194856131429,0.0863637759491886,117.926222219715,-1.52985175126145,0.325395599534884
Hybrid,sep,mean,3.39338768320454,E9,0.25,-0.130194856131429,0.0863632816139904,117.924872234378,-1.52986050798717,0.325398676375739
Hybrid,sep,mean,3.53581966769745,E9,0.25,-0.130194856131429,0.0863627268551072,117.923357246548,-1.52987033518621,0.325402129361612
Hybrid,sep,mean,3.68423000541744,E9,0.25,-0.130194856131429,0.0863621243395642,117.921711851356,-1.52988100850699,0.325405879666311
Hybrid,sep,mean,3.83886962811578,E9,0.25,-0.130194856131429,0.0863614881075719,117.919974393184,-1.52989227926277,0.32540983991184
Hybrid,sep,mean,4,E9,0.25,-0.130194856131429,0.0863608333574003,117.91818637789,-1.52990387823876,0.325413915505611
Hybrid,sep,mean,0,E9b,0.25,-0.130194856131429,0.0784721731993221,97.3595374960203,-1.68370224112207,0.381082665681796
Hybrid,sep,mean,0.03,E9b,0.25,-0.130194856131429,0.0784721731993101,97.3595374959905,-1.68370224112233,0.381082665681892
Hybrid,sep,mean,0.0312592016986259,E9b,0.25,-0.130194856131429,0.0784721731992917,97.3595374959447,-1.68370224112273,0.381082665682039
Hybrid,sep,mean,0.0325712563611792,E9b,0.25,-0.130194856131429,0.0784721731992478,97.3595374958357,-1.68370224112367,0.381082665682389
Hybrid,sep,mean,0.0339383824057251,E9b,0.25,-0.130194856131429,0.0784721731991468,97.3595374955853,-1.68370224112583,0.381082665683193
Hybrid,sep,mean,0.0353628913648552,E9b,0.25,-0.130194856131429,0.078472173198923,97.3595374950299,-1.68370224113064,0.381082665684976
Hybrid,sep,mean,0.0368471917940202,E9b,0.25,-0.130194856131429,0.0784721731984431,97.359537493839,-1.68370224114093,0.381082665688799
Hybrid,sep,mean,0.0383937933439077,E9b,0.25,-0.130194856131429,0.0784721731974466,97.3595374913663,-1.68370224116231,0.381082665696737
Hybrid,sep,mean,0.0400053110037523,E9b,0.25,-0.130194856131429,0.0784721731954409,97.3595374863895,-1.68370224120535,0.381082665712715
Hybrid,sep,mean,0.0416844695227518,E9b,0.25,-0.130194856131429,0.0784721731915223,97.359537476666,-1.68370224128943,0.381082665743931
Hybrid,sep,mean,0.0434341080170641,E9b,0.25,-0.130194856131429,0.0784721731840819,97.3595374582035,-1.68370224144907,0.381082665803203
Hybrid,sep,mean,0.045257184770177,E9b,0.25,-0.130194856131429,0.0784721731703367,97.3595374240966,-1.68370224174398,0.3810826659127
Hybrid,sep,mean,0.0471567822347647,E9b,0.25,-0.130194856131429,0.078472173145604,97.3595373627254,-1.68370224227465,0.381082666109726
Hybrid,sep,mean,0.0491361122444897,E9b,0.25,-0.130194856131429,0.0784721731022111,97.3595372550512,-1.68370224320569,0.381082666455403
Hybrid,sep,mean,0.0511985214445608,E9b,0.25,-0.130194856131429,0.0784721730279036,97.3595370706661,-1.68370224480004,0.381082667047352
Hybrid,sep,mean,0.0533474969502316,E9b,0.25,-0.130194856131429,0.0784721729035851,97.359536762185,-1.68370224746742,0.381082668037699
Hybrid,sep,mean,0.055586672242804,E9b,0.25,-0.130194856131429,0.0784721727001932,97.359536257493,-1.6837022518314,0.381082669657962
Hybrid,sep,mean,0.0579198333131074,E9b,0.25,-0.130194856131429,0.0784721723744947,97.359535449312,-1.68370225881961,0.381082672252544
Hybrid,sep,mean,0.0603509250628405,E9b,0.25,-0.130194856131429,0.0784721718635707,97.3595341815169,-1.68370226978201,0.381082676322672
Hybrid,sep,mean,0.0628840579745996,E9b,0.25,-0.130194856131429,0.0784721710777674,97.3595322316424,-1.68370228664224,0.381082682582545
Hybrid,sep,mean,0.0655235150618698,E9b,0.25,-0.130194856131429,0.0784721698919084,97.3595292890788,-1.68370231208608,0.381082692029347
Hybrid,sep,mean,0.0682737591107313,E9b,0.25,-0.130194856131429,0.0784721681346144,97.3595249285694,-1.68370234979066,0.381082706028321
Hybrid,sep,mean,0.0711394402255249,E9b,0.25,-0.130194856131429,0.0784721655756441,97.3595185787991,-1.68370240469604,0.381082726413617
Hybrid,sep,mean,0.0741254036912341,E9b,0.25,-0.130194856131429,0.0784721619112696,97.3595094861041,-1.68370248331904,0.3810827556048
Hybrid,sep,mean,0.0772366981658785,E9b,0.25,-0.130194856131429,0.0784721567478153,97.3594966736276,-1.68370259410637,0.381082796737975
Hybrid,sep,mean,0.0804785842167695,E9b,0.25,-0.130194856131429,0.0784721495836299,97.3594788965847,-1.68370274782151,0.38108285380941
Hybrid,sep,mean,0.0838565432150617,E9b,0.25,-0.130194856131429,0.0784721397899039,97.3594545946635,-1.68370295795626,0.381082931828349
Hybrid,sep,mean,0.0873762866036384,E9b,0.25,-0.130194856131429,0.078472126590894,97.3594218429556,-1.68370324115506,0.381083036974556
Hybrid,sep,mean,0.0910437655540025,E9b,0.25,-0.130194856131429,0.0784721090442523,97.3593783031468,-1.68370361763707,0.381083176755017
Hybrid,sep,mean,0.0948651810284991,E9b,0.25,-0.130194856131429,0.0784720860222763,97.3593211769914,-1.68370411159851,0.381083360153331
Hybrid,sep,mean,0.0988469942648838,E9b,0.25,-0.130194856131429,0.0784720561949763,97.3592471643004,-1.68370475157597,0.381083597764605
Hybrid,sep,mean,0.102995937700964,E9b,0.25,-0.130194856131429,0.078472018015908,97.3591524277885,-1.6837055707505,0.381083901908352
Hybrid,sep,mean,0.107319026357785,E9b,0.25,-0.130194856131429,0.0784719697117098,97.359032567118,-1.68370660717214,0.381084286711872
Hybrid,sep,mean,0.111823569700605,E9b,0.25,-0.130194856131429,0.0784719092762362,97.3588826043478,-1.68370790388593,0.381084768157041
Hybrid,sep,mean,0.116517183997718,E9b,0.25,-0.130194856131429,0.0784718344700718,97.3586969827369,-1.68370950894245,0.38108536408425
Hybrid,sep,mean,0.12140780519802,E9b,0.25,-0.130194856131429,0.0784717428260586,97.3584695804706,-1.68371147527952,0.381086094148473
Hybrid,sep,mean,0.126503702349079,E9b,0.25,-0.130194856131429,0.0784716316612689,97.358193740385,-1.68371386046545,0.381086979723997
Hybrid,sep,mean,0.131813491578427,E9b,0.25,-0.130194856131429,0.0784714980956256,97.3578623161891,-1.68371672629993,0.381088043756242
Hybrid,sep,mean,0.137346150661672,E9b,0.25,-0.130194856131429,0.0784713390771081,97.3574677350324,-1.68372013827354,0.381089310561131
Hybrid,sep,mean,0.143111034202102,E9b,0.25,-0.130194856131429,0.0784711514132112,97.3570020755913,-1.68372416489322,0.381090805574696
Hybrid,sep,mean,0.149117889447416,E9b,0.25,-0.130194856131429,0.0784709318080445,97.3564571601578,-1.68372887688678,0.38109255505776
Hybrid,sep,mean,0.155376872770339,E9b,0.25,-0.130194856131429,0.0784706769042018,97.3558246585635,-1.68373434630514,0.381094585762668
Hybrid,sep,mean,0.161898566840992,E9b,0.25,-0.130194856131429,0.0784703833282863,97.3550962011825,-1.68374064554609,0.381096924570892
Hybrid,sep,mean,0.168693998520034,E9b,0.25,-0.130194856131429,0.0784700477387854,97.3542634977625,-1.68374784632778,0.381099598111953
Hybrid,sep,mean,0.175774657502848,E9b,0.25,-0.130194856131429,0.0784696668748377,97.3533184584715,-1.68375601864299,0.381102632375223
Hybrid,sep,mean,0.183152515746281,E9b,0.25,-0.130194856131429,0.0784692376043521,97.3522533133361,-1.6837652297273,0.381106052326885
Hybrid,sep,mean,0.190840047710792,E9b,0.25,-0.130194856131429,0.0784687569699244,97.3510607262106,-1.68377554307453,0.381109881544426
Hybrid,sep,mean,0.198850251452234,E9b,0.25,-0.130194856131429,0.0784682222310542,97.3497338995637,-1.6837870175314,0.381114141880555
Hybrid,sep,mean,0.207196670598929,E9b,0.25,-0.130194856131429,0.0784676309013055,97.3482666667109,-1.68379970650063,0.381118853167364
Hybrid,sep,mean,0.215893417251189,E9b,0.25,-0.130194856131429,0.0784669807792604,97.3466535686397,-1.6838136572771,0.381124032969881
Hybrid,sep,mean,0.224955195842017,E9b,0.25,-0.130194856131429,0.0784662699723948,97.3448899132624,-1.68382891053571,0.381129696395942
Hybrid,sep,mean,0.234397327999317,E9b,0.25,-0.130194856131429,0.0784654969133367,97.3429718157606,-1.68384549998257,0.381135855966676
Hybrid,sep,mean,0.244235778451654,E9b,0.25,-0.130194856131429,0.0784646603683429,97.3408962196101,-1.68386345217298,0.381142521548917
Hybrid,sep,mean,0.254487182021372,E9b,0.25,-0.130194856131429,0.0784637594382272,97.3386608988679,-1.68388278649121,0.381149700347673
Hybrid,sep,mean,0.2651688717507,E9b,0.25,-0.130194856131429,0.0784627935523763,97.3362644432991,-1.68390351527851,0.38115739695361
Hybrid,sep,mean,0.276298908208406,E9b,0.25,-0.130194856131429,0.0784617624568753,97.3337062288802,-1.6839256440873,0.381165613437394
Hybrid,sep,mean,0.287896110026556,E9b,0.25,-0.130194856131429,0.0784606661981129,97.3309863770804,-1.68394917203234,0.381174349480006
Hybrid,sep,mean,0.299980085718997,E9b,0.25,-0.130194856131429,0.0784595051035263,97.3281057070409,-1.68397409220314,0.381183602525792
Hybrid,sep,mean,0.312571266835374,E9b,0.25,-0.130194856131429,0.0784582797613608,97.3250656853028,-1.68400039209739,0.381193367943337
Hybrid,sep,mean,0.325690942506732,E9b,0.25,-0.130194856131429,0.0784569910014359,97.3218683780314,-1.68402805403281,0.381203639178283
Hybrid,sep,mean,0.339361295441117,E9b,0.25,-0.130194856131429,0.0784556398789245,97.3185164107101,-1.68405705549424,0.381214407882112
Hybrid,sep,mean,0.353605439430029,E9b,0.25,-0.130194856131429,0.0784542276630437,97.3150129400187,-1.6840873693752,0.381225664001755
Hybrid,sep,mean,0.36844745842915,E9b,0.25,-0.130194856131429,0.0784527558323282,97.3113616420365,-1.68411896407817,0.381237395816715
Hybrid,sep,mean,0.38391244727943,E9b,0.25,-0.130194856131429,0.0784512260778019,97.307566720035,-1.68415180344521,0.381249589913181
Hybrid,sep,mean,0.400026554137359,E9b,0.25,-0.130194856131429,0.0784496403148952,97.3036329339609,-1.68418584650071,0.381262231088397
Hybrid,sep,mean,0.4168170246862,E9b,0.25,-0.130194856131429,0.0784480007043835,97.2995656522872,-1.68422104700031,0.381275302183013
Hybrid,sep,mean,0.434312248202902,E9b,0.25,-0.130194856131429,0.0784463096819722,97.2953709253015,-1.68425735279402,0.38128878384444
Hybrid,sep,mean,0.452541805558606,E9b,0.25,-0.130194856131429,0.078444569995458,97.2910555771731,-1.68429470502634,0.381302654229663
Hybrid,sep,mean,0.471536519233894,E9b,0.25,-0.130194856131429,0.0784427847476955,97.2866273124026,-1.68433303721155,0.381316888661642
Hybrid,sep,mean,0.491328505433342,E9b,0.25,-0.130194856131429,0.0784409574429398,97.2820948306264,-1.68437227423606,0.381331459258625
Hybrid,sep,mean,0.511951228387509,E9b,0.25,-0.130194856131429,0.0784390920335713,97.2774679423472,-1.68441233135221,0.38134633456026
Hybrid,sep,mean,0.533439556934147,E9b,0.25,-0.130194856131429,0.0784371929637859,97.2727576771194,-1.68445311323697,0.381361479177739
Hybrid,sep,mean,0.555829823474338,E9b,0.25,-0.130194856131429,0.0784352652066028,97.2679763751395,-1.68449451319374,0.381376853497095
Hybrid,sep,mean,0.579159885403199,E9b,0.25,-0.130194856131429,0.0784333142905312,97.2631377531779,-1.68453641257601,0.381392413464854
Hybrid,sep,mean,0.603469189119055,E9b,0.25,-0.130194856131429,0.0784313463124735,97.2582569363646,-1.68457868050654,0.381408110483415
Hybrid,sep,mean,0.628798836719292,E9b,0.25,-0.130194856131429,0.0784293679339191,97.2533504485364,-1.68462117395539,0.381423891439712
Hybrid,sep,mean,0.655191655495656,E9b,0.25,-0.130194856131429,0.0784273863581853,97.2484361555921,-1.68466373822527,0.381439698885145
Hybrid,sep,mean,0.682692270346511,E9b,0.25,-0.130194856131429,0.0784254092873486,97.2435331585003,-1.68470620787352,0.381455471377722
Hybrid,sep,mean,0.711347179228481,E9b,0.25,-0.130194856131429,0.0784234448585154,97.238661635109,-1.68474840807853,0.381471143989286
Hybrid,sep,mean,0.741204831775056,E9b,0.25,-0.130194856131429,0.078421501560149,97.233842632541,-1.68479015643534,0.381486648972236
Hybrid,sep,mean,0.772315711215085,E9b,0.25,-0.130194856131429,0.0784195881302047,97.2290978145344,-1.68483126514316,0.381501916571842
Hybrid,sep,mean,0.804732419729668,E9b,0.25,-0.130194856131429,0.0784177134387691,97.2244491704242,-1.68487154352676,0.381516875962722
Hybrid,sep,mean,0.838509767391766,E9b,0.25,-0.130194856131429,0.0784158863586801,97.2199186943866,-1.6849108008175,0.381531456281786
Hybrid,sep,mean,0.873704864838903,E9b,0.25,-0.130194856131429,0.0784141156281733,97.2155280449859,-1.6849488491068,0.381545587725386
Hybrid,sep,mean,0.910377219835665,E9b,0.25,-0.130194856131429,0.0784124097099392,97.2112981958922,-1.68498550637796,0.381559202675649
Hybrid,sep,mean,0.948588837889245,E9b,0.25,-0.130194856131429,0.0784107766510757,97.2072490888794,-1.68502059951992,0.381572236820197
Hybrid,sep,mean,0.988404327088169,E9b,0.25,-0.130194856131429,0.0784092239482971,97.2033992999143,-1.68505396722891,0.381584630230322
Hybrid,sep,mean,1.02989100734146,E9b,0.25,-0.130194856131429,0.0784077584224598,97.1997657283855,-1.68508546271068,0.381596328365145
Hybrid,sep,mean,1.07311902420292,E9b,0.25,-0.130194856131429,0.078406386106019,97.1963633184219,-1.68511495610528,0.381607282972767
Hybrid,sep,mean,1.11816146747305,E9b,0.25,-0.130194856131429,0.0784051121465013,97.1932048199287,-1.68514233656783,0.381617452863673
Hybrid,sep,mean,1.16509449477906,E9b,0.25,-0.130194856131429,0.0784039407285003,97.1903005955468,-1.68516751395112,0.381626804536228
Hybrid,sep,mean,1.21399746034191,E9b,0.25,-0.130194856131429,0.0784028750161298,97.187658478308,-1.6851904200482,0.381635312638706
Hybrid,sep,mean,1.26495304914824,E9b,0.25,-0.130194856131429,0.0784019171173094,97.1852836833866,-1.68521100936508,0.381642960256759
Hybrid,sep,mean,1.31804741675389,E9b,0.25,-0.130194856131429,0.0784010680707422,97.1831787760646,-1.685229259405,0.381649739019368
Hybrid,sep,mean,1.37337033495542,E9b,0.25,-0.130194856131429,0.0784003278559644,97.1813436968427,-1.68524517045584,0.381655649020174
Hybrid,sep,mean,1.43101534357603,E9b,0.25,-0.130194856131429,0.0783996954263957,97.1797758435169,-1.68525876488207,0.381660698554718
Hybrid,sep,mean,1.49107990862239,E9b,0.25,-0.130194856131429,0.0783991687648913,97.1784702089795,-1.68527008593216,0.381664903677559
Hybrid,sep,mean,1.55366558707987,E9b,0.25,-0.130194856131429,0.0783987449608679,97.1774195724485,-1.68527919608109,0.381668287586676
Hybrid,sep,mean,1.61887819862478,E9b,0.25,-0.130194856131429,0.0783984203076449,97.1766147407601,-1.68528617493756,0.381670879846057
Hybrid,sep,mean,1.68682800454401,E9b,0.25,-0.130194856131429,0.0783981904182001,97.1760448352653,-1.68529111675447,0.381672715460905
Hybrid,sep,mean,1.75762989416439,E9b,0.25,-0.130194856131429,0.0783980503570838,97.175697618752,-1.68529412759153,0.381673833823531
Hybrid,sep,mean,1.83140357910731,E9b,0.25,-0.130194856131429,0.0783979947857909,97.1755598557028,-1.68529532218807,0.381674277551599
Hybrid,sep,mean,1.90827379569669,E9b,0.25,-0.130194856131429,0.0783980181184578,97.1756176981337,-1.68529482061373,0.381674091243815
Hybrid,sep,mean,1.98837051586284,E9b,0.25,-0.130194856131429,0.0783981146843632,97.1758570882997,-1.68529274477274,0.381673320181252
Hybrid,sep,mean,2.07182916689858,E9b,0.25,-0.130194856131429,0.0783982788933958,97.1762641687572,-1.68528921484459,0.381672009005048
Hybrid,sep,mean,2.15879086043929,E9b,0.25,-0.130194856131429,0.0783985054004202,97.1768256897128,-1.68528434574864,0.381670200403002
Hybrid,sep,mean,2.24940263105407,E9b,0.25,-0.130194856131429,0.0783987892643629,97.1775294033022,-1.68527824372253,0.381667933838507
Hybrid,sep,mean,2.3438176848513,E9b,0.25,-0.130194856131429,0.0783991260978575,97.178364434492,-1.68527100310406,0.381665244355065
Hybrid,sep,mean,2.4421956585191,E9b,0.25,-0.130194856131429,0.0783995122034491,97.1793216186891,-1.68526270340245,0.381662161488353
Hybrid,sep,mean,2.54470288923857,E9b,0.25,-0.130194856131429,0.078399944692662,97.1803937968968,-1.68525340673849,0.381658708315357
Hybrid,sep,mean,2.65151269592615,E9b,0.25,-0.130194856131429,0.0784004215846747,97.1815760603469,-1.6852431557236,0.381654900666572
Hybrid,sep,mean,2.76280567228076,E9b,0.25,-0.130194856131429,0.0784009418819119,97.1828659379339,-1.68523197183554,0.381650746522726
Hybrid,sep,mean,2.87876999213107,E9b,0.25,-0.130194856131429,0.0784015056205258,97.184263521427,-1.68521985433437,0.381646245612226
Hybrid,sep,mean,2.99960172759923,E9b,0.25,-0.130194856131429,0.0784021138944825,97.1857715252684,-1.68520677974623,0.381641389219531
Hybrid,sep,mean,3.12550518061903,E9b,0.25,-0.130194856131429,0.0784027688527499,97.1873952797118,-1.68519270192565,0.381636160208479
Hybrid,sep,mean,3.25669322836902,E9b,0.25,-0.130194856131429,0.0784034736698803,97.1891426580238,-1.68517755269018,0.381630533258191
Hybrid,sep,mean,3.39338768320454,E9b,0.25,-0.130194856131429,0.0784042324910556,97.191023940393,-1.68516124300421,0.381624475303031
Hybrid,sep,mean,3.53581966769745,E9b,0.25,-0.130194856131429,0.0784050503533821,97.1930516189766,-1.68514366467362,0.381617946162319
Hybrid,sep,mean,3.68423000541744,E9b,0.25,-0.130194856131429,0.0784059330858677,97.1952401501136,-1.68512469249898,0.381610899340372
Hybrid,sep,mean,3.83886962811578,E9b,0.25,-0.130194856131429,0.0784068871910532,97.1976056610697,-1.6851041868232,0.381603282973119
Hybrid,sep,mean,4,E9b,0.25,-0.130194856131429,0.0784079197116948,97.2001656197304,-1.68508199640082,0.381595040894165
Hybrid,sep,mean_decayed,0,E9,0.25,-0.130194856131429,0.0863846949580834,117.983357249542,-1.52948128074688,0.32526543850567
Hybrid,sep,mean_decayed,0.03,E9,0.25,-0.130194856127906,0.0863846949580738,117.983357249516,-1.52948128070566,0.32526543849119
Hybrid,sep,mean_decayed,0.0312592016986259,E9,0.25,-0.130194856122493,0.0863846949580591,117.983357249476,-1.52948128064234,0.325265438468944
Hybrid,sep,mean_decayed,0.0325712563611792,E9,0.25,-0.130194856109599,0.0863846949580239,117.98335724938,-1.52948128049149,0.325265438415947
Hybrid,sep,mean_decayed,0.0339383824057251,E9,0.25,-0.130194856079983,0.086384694957943,117.983357249159,-1.529481280145,0.325265438294222
Hybrid,sep,mean_decayed,0.0353628913648552,E9,0.25,-0.130194856014303,0.0863846949577636,117.983357248669,-1.52948127937659,0.325265438024271
Hybrid,sep,mean_decayed,0.0368471917940202,E9,0.25,-0.130194855873463,0.086384694957379,117.983357247618,-1.52948127772886,0.325265437445404
Hybrid,sep,mean_decayed,0.0383937933439077,E9,0.25,-0.130194855581053,0.0863846949565804,117.983357245437,-1.52948127430788,0.325265436243575
Hybrid,sep,mean_decayed,0.0400053110037523,E9,0.25,-0.130194854992494,0.0863846949549731,117.983357241046,-1.52948126742216,0.325265433824545
Hybrid,sep,mean_decayed,0.0416844695227518,E9,0.25,-0.13019485384259,0.0863846949518328,117.983357232468,-1.52948125396911,0.325265429098334
Hybrid,sep,mean_decayed,0.0434341080170641,E9,0.25,-0.130194851659226,0.0863846949458702,117.983357216181,-1.52948122842532,0.325265420124513
Hybrid,sep,mean_decayed,0.045257184770177,E9,0.25,-0.130194847625744,0.0863846949348551,117.983357186092,-1.52948118123649,0.325265403546542
Hybrid,sep,mean_decayed,0.0471567822347647,E9,0.25,-0.130194840368001,0.0863846949150348,117.983357131952,-1.52948109632613,0.325265373716567
Hybrid,sep,mean_decayed,0.0491361122444897,E9,0.25,-0.130194827634456,0.0863846948802607,117.983357036963,-1.52948094735281,0.325265321380557
Hybrid,sep,mean_decayed,0.0511985214445608,E9,0.25,-0.130194805829073,0.0863846948207121,117.983356874302,-1.52948069224553,0.325265231758492
Hybrid,sep,mean_decayed,0.0533474969502316,E9,0.25,-0.130194769348008,0.086384694721086,117.983356602165,-1.52948026544332,0.325265081818082
Hybrid,sep,mean_decayed,0.055586672242804,E9,0.25,-0.130194709662799,0.0863846945580923,117.983356156934,-1.52947956716931,0.325264836506642
Hybrid,sep,mean_decayed,0.0579198333131074,E9,0.25,-0.130194614086292,0.0863846942970855,117.983355443973,-1.5294784489929,0.325264443678967
Hybrid,sep,mean_decayed,0.0603509250628405,E9,0.25,-0.130194464154012,0.0863846938876451,117.983354325554,-1.52947669489292,0.325263827444731
Hybrid,sep,mean_decayed,0.0628840579745996,E9,0.25,-0.130194233554579,0.0863846932579275,117.983352605429,-1.52947399704497,0.325262879662579
Hybrid,sep,mean_decayed,0.0655235150618698,E9,0.25,-0.130193885549339,0.0863846923076262,117.983350009602,-1.52946992563275,0.325261449335077
Hybrid,sep,mean_decayed,0.0682737591107313,E9,0.25,-0.1301933698345,0.0863846908994173,117.983346162961,-1.52946389213708,0.325259329712868
Hybrid,sep,mean_decayed,0.0711394402255249,E9,0.25,-0.130192618819328,0.0863846888488231,117.983340561587,-1.52945510579285,0.325256242999785
Hybrid,sep,mean_decayed,0.0741254036912341,E9,0.25,-0.130191543321127,0.0863846859125088,117.983332540784,-1.52944252322235,0.325251822662651
Hybrid,sep,mean_decayed,0.0772366981658785,E9,0.25,-0.130190027710815,0.0863846817751204,117.983321239124,-1.52942479164007,0.32524559348615
Hybrid,sep,mean_decayed,0.0804785842167695,E9,0.25,-0.130187924580312,0.0863846760348893,117.983305559118,-1.52940018646153,0.325236949667483
Hybrid,sep,mean_decayed,0.0838565432150617,E9,0.25,-0.130185049042069,0.0863846681883466,117.983284125453,-1.52936654460621,0.325225131407545
Hybrid,sep,mean_decayed,0.0873762866036384,E9,0.25,-0.130181172809013,0.0863846576146188,117.983255242082,-1.52932119522776,0.325209200612844
Hybrid,sep,mean_decayed,0.0910437655540025,E9,0.25,-0.130176018236659,0.0863846435598917,117.983216849757,-1.52926088999604,0.325188016461845
Hybrid,sep,mean_decayed,0.0948651810284991,E9,0.25,-0.130169252534813,0.0863846251227339,117.983166485907,-1.5291817353553,0.325160211697725
Hybrid,sep,mean_decayed,0.0988469942648838,E9,0.25,-0.130160482371475,0.0863846012410524,117.983101248947,-1.52907912935934,0.325124170574754
Hybrid,sep,mean_decayed,0.102995937700964,E9,0.25,-0.130149249093971,0.086384570681501,117.983017769269,-1.52894770571229,0.325078009399077
Hybrid,sep,mean_decayed,0.107319026357785,E9,0.25,-0.13013502478098,0.086384532032175,117.98291218917,-1.52878128750946,0.32501956056169
Hybrid,sep,mean_decayed,0.111823569700605,E9,0.25,-0.130117209313995,0.0863844836993965,117.982780153912,-1.52857285287852,0.324946360862042
Hybrid,sep,mean_decayed,0.116517183997718,E9,0.25,-0.130095128619253,0.08638442390932,117.982616815895,-1.52831451428103,0.324855644770106
Hybrid,sep,mean_decayed,0.12140780519802,E9,0.25,-0.130068034183594,0.0863843507149711,117.982416853596,-1.52799751267852,0.324744343082629
Hybrid,sep,mean_decayed,0.126503702349079,E9,0.25,-0.1300351038937,0.0863842620091704,117.982174506512,-1.52761222713482,0.324609087209486
Hybrid,sep,mean_decayed,0.131813491578427,E9,0.25,-0.129995444191454,0.0863841555435977,117.981883626767,-1.52714819976417,0.324446219094612
Hybrid,sep,mean_decayed,0.137346150661672,E9,0.25,-0.129948093483168,0.086384028954021,117.98153774746,-1.52659417529295,0.324251806550209
Hybrid,sep,mean_decayed,0.143111034202102,E9,0.25,-0.129892026691066,0.0863838797914675,117.981130167117,-1.52593815392715,0.324021663578921
Hybrid,sep,mean_decayed,0.149117889447416,E9,0.25,-0.129826160795033,0.0863837055588492,117.980654048919,-1.52516745574904,0.323751375090832
Hybrid,sep,mean_decayed,0.155376872770339,E9,0.25,-0.129749361183821,0.086383503752297,117.980102532659,-1.52426879453241,0.323436325300366
Hybrid,sep,mean_decayed,0.161898566840992,E9,0.25,-0.12966044861891,0.0863832719062136,117.979468856716,-1.52322835868315,0.32307172901854
Hybrid,sep,mean_decayed,0.168693998520034,E9,0.25,-0.129558206611273,0.0863830076408366,117.978746486781,-1.52203189698121,0.322652665039381
Hybrid,sep,mean_decayed,0.175774657502848,E9,0.25,-0.129441389020403,0.0863827087109393,117.977929247569,-1.52066480691077,0.322174110851897
Hybrid,sep,mean_decayed,0.183152515746281,E9,0.25,-0.1293087277042,0.0863823730541757,117.977011453485,-1.51911222359382,0.321630977983073
Hybrid,sep,mean_decayed,0.190840047710792,E9,0.25,-0.12915894007511,0.0863819988375368,117.975988034099,-1.51735910765818,0.321018147382437
Hybrid,sep,mean_decayed,0.198850251452234,E9,0.25,-0.128990736449264,0.0863815845004146,117.974854650365,-1.515390330739,0.320330504382423
Hybrid,sep,mean_decayed,0.207196670598929,E9,0.25,-0.128802827108273,0.0863811287928816,117.973607797862,-1.51319075769762,0.319562972898825
Hybrid,sep,mean_decayed,0.215893417251189,E9,0.25,-0.128593929025095,0.0863806308079822,117.972244893846,-1.51074532501086,0.31871054866029
Hybrid,sep,mean_decayed,0.224955195842017,E9,0.25,-0.128362772233627,0.0863800900070958,117.970764345663,-1.50803911511115,0.317768331366074
Hybrid,sep,mean_decayed,0.234397327999317,E9,0.25,-0.128108105844903,0.0863795062377501,117.969165598926,-1.50505742672418,0.316731555759669
Hybrid,sep,mean_decayed,0.244235778451654,E9,0.25,-0.127828703729995,0.0863788797436282,117.967449164891,-1.5017858414465,0.315595621669265
Hybrid,sep,mean_decayed,0.254487182021372,E9,0.25,-0.127523369900688,0.0863782111668993,117.965616627522,-1.49821028692645,0.314356123102729
Hybrid,sep,mean_decayed,0.2651688717507,E9,0.25,-0.127190943624091,0.0863775015433883,117.963670631771,-1.49431709706531,0.313008876496683
Hybrid,sep,mean_decayed,0.276298908208406,E9,0.25,-0.126830304307376,0.0863767522914616,117.96161485559,-1.4900930696477,0.311549948209405
Hybrid,sep,mean_decayed,0.287896110026556,E9,0.25,-0.126440376184724,0.0863759651958189,117.959453969007,-1.4855255217578,0.309975681320561
Hybrid,sep,mean_decayed,0.299980085718997,E9,0.25,-0.126020132831651,0.0863751423876268,117.957193584232,-1.4806023432511,0.308282721761654
Hybrid,sep,mean_decayed,0.312571266835374,E9,0.25,-0.125568601523117,0.0863742863225856,117.954840201119,-1.47531204844691,0.306468043755162
Hybrid,sep,mean_decayed,0.325690942506732,E9,0.25,-0.125084867442367,0.0863733997585749,117.952401152421,-1.46964382609476,0.304528974491347
Hybrid,sep,mean_decayed,0.339361295441117,E9,0.25,-0.124568077737956,0.0863724857344718,117.949884553007,-1.46358758755815,0.302463217923893
Hybrid,sep,mean_decayed,0.353605439430029,E9,0.25,-0.124017445417668,0.0863715475515633,117.947299256696,-1.45713401306023,0.300268877521261
Hybrid,sep,mean_decayed,0.36844745842915,E9,0.25,-0.123432253060307,0.0863705887586954,117.944654823512,-1.45027459575104,0.297944477772345
Hybrid,sep,mean_decayed,0.38391244727943,E9,0.25,-0.122811856320092,0.086369613141921,117.941961499026,-1.4430016832898,0.295488984213925
Hybrid,sep,mean_decayed,0.400026554137359,E9,0.25,-0.122155687193707,0.0863686247189409,117.939230206155,-1.43530851658971,0.292901821724848
Hybrid,sep,mean_decayed,0.4168170246862,E9,0.25,-0.121463257017197,0.0863676277381033,117.936472548268,-1.42718926534813,0.29018289081833
Hybrid,sep,mean_decayed,0.434312248202902,E9,0.25,-0.120734159158896,0.0863666266811673,117.933700820946,-1.4186390599826,0.287332581660245
Hybrid,sep,mean_decayed,0.452541805558606,E9,0.25,-0.119968071375621,0.0863656262684778,117.930928028245,-1.40965401961355,0.284351785547544
Hybrid,sep,mean_decayed,0.471536519233894,E9,0.25,-0.119164757802353,0.0863646314646885,117.928167897963,-1.4002312757768,0.281241903597684
Hybrid,sep,mean_decayed,0.491328505433342,E9,0.25,-0.118324070550669,0.086363647482744,117.925434889407,-1.39036899161171,0.278004852426152
Hybrid,sep,mean_decayed,0.511951228387509,E9,0.25,-0.117445950897949,0.0863626797835391,117.922744186447,-1.38006637635251,0.274643066624431
Hybrid,sep,mean_decayed,0.533439556934147,E9,0.25,-0.116530430057747,0.0863617340685442,117.920111668517,-1.36932369504521,0.271159497893241
Hybrid,sep,mean_decayed,0.555829823474338,E9,0.25,-0.11557762953102,0.0863608162627588,117.917553852577,-1.35814227351702,0.267557610733728
Hybrid,sep,mean_decayed,0.579159885403199,E9,0.25,-0.114587761047841,0.086359932485632,117.915087800024,-1.34652449873112,0.26384137464985
Hybrid,sep,mean_decayed,0.603469189119055,E9,0.25,-0.113561126118838,0.0863590890080833,117.912730984058,-1.33447381476081,0.260015252865977
Hybrid,sep,mean_decayed,0.628798836719292,E9,0.25,-0.112498115224431,0.0863582921944328,117.91050111504,-1.32199471470523,0.256084187611581
Hybrid,sep,mean_decayed,0.655191655495656,E9,0.25,-0.111399206677129,0.086357548428881,117.908415923724,-1.30909272893731,0.252053582067895
Hybrid,sep,mean_decayed,0.682692270346511,E9,0.25,-0.110264965197204,0.0863568640270925,117.906492904843,-1.29577441011779,0.247929279107212
Hybrid,sep,mean_decayed,0.711347179228481,E9,0.25,-0.109096040244481,0.0863562451343752,117.904749026057,-1.2820473154234,0.243717536983312
Hybrid,sep,mean_decayed,0.741204831775056,E9,0.25,-0.107893164148577,0.0863556976128259,117.903200409618,-1.26791998642076,0.239425002150905
Hybrid,sep,mean_decayed,0.772315711215085,E9,0.25,-0.106657150076655,0.0863552269205606,117.901861996012,-1.25340192697171,0.235058679403906
Hybrid,sep,mean_decayed,0.804732419729668,E9,0.25,-0.105388889871838,0.0863548379867041,117.90074720016,-1.23850357948405,0.230625899527769
Hybrid,sep,mean_decayed,0.838509767391766,E9,0.25,-0.104089351787368,0.0863545350861365,117.899867571422,-1.22323629972874,0.226134284662889
Hybrid,sep,mean_decayed,0.873704864838903,E9,0.25,-0.102759578131896,0.0863543217180673,117.899232468553,-1.20761233033872,0.221591711575627
Hybrid,sep,mean_decayed,0.910377219835665,E9,0.25,-0.101400682830806,0.0863542004923405,117.898848760069,-1.19164477299198,0.217006273034427
Hybrid,sep,mean_decayed,0.948588837889245,E9,0.25,-0.100013848897902,0.0863541730270084,117.898720559187,-1.17534755917209,0.212386237492141
Hybrid,sep,mean_decayed,0.988404327088169,E9,0.25,-0.0986003258019699,0.0863542398601943,117.89884900088,-1.1587354192997,0.207740007284388
Hybrid,sep,mean_decayed,1.02989100734146,E9,0.25,-0.0971614267043312,0.0863544003786779,117.899232066779,-1.14182384994588,0.203076075568661
Hybrid,sep,mean_decayed,1.07311902420292,E9,0.25,-0.0956985255371606,0.0863546527650341,117.899864461908,-1.12462907877851,0.198402982250053
Hybrid,sep,mean_decayed,1.11816146747305,E9,0.25,-0.0942130538884242,0.0863549939646126,117.900737545662,-1.10716802685968,0.193729269166959
Hybrid,sep,mean_decayed,1.16509449477906,E9,0.25,-0.0927064976580977,0.0863554196731967,117.901839318243,-1.08945826790812,0.189063434842163
Hybrid,sep,mean_decayed,1.21399746034191,E9,0.25,-0.0911803934518728,0.0863559243458484,117.903154462918,-1.07151798416585,0.184413889139857
Hybrid,sep,mean_decayed,1.26495304914824,E9,0.25,-0.0896363246827377,0.0863565012272356,117.904664444049,-1.05336591856236,0.17978890820471
Hybrid,sep,mean_decayed,1.31804741675389,E9,0.25,-0.0880759173573505,0.0863571424036149,117.906347660634,-1.03502132294846,0.175196590092386
Hybrid,sep,mean_decayed,1.37337033495542,E9,0.25,-0.0865008355325932,0.08635783887657,117.908179655174,-1.01650390227299,0.170644811528984
Hybrid,sep,mean_decayed,1.43101534357603,E9,0.25,-0.0849127764376053,0.0863585806585398,117.910133377663,-0.997833754692589,0.166141186257035
Hybrid,sep,mean_decayed,1.49107990862239,E9,0.25,-0.0833134652674002,0.0863593568900402,117.912179504432,-0.979031307732181,0.161693025435445
Hybrid,sep,mean_decayed,1.55366558707987,E9,0.25,-0.081704649665296,0.0863601559782713,117.914286811162,-0.960117250745921,0.157307300558104
Hybrid,sep,mean_decayed,1.61887819862478,E9,0.25,-0.0800880939223023,0.0863609657564563,117.916422598671,-0.941112464057993,0.152990609339796
Hybrid,sep,mean_decayed,1.68682800454401,E9,0.25,-0.0784655729318017,0.0863617736627758,117.918553168898,-0.922037945284787,0.148749144987722
Hybrid,sep,mean_decayed,1.75762989416439,E9,0.25,-0.0768388659469249,0.0863625669371571,117.920644346994,-0.902914733448542,0.144588669232939
Hybrid,sep,mean_decayed,1.83140357910731,E9,0.25,-0.0752097501956015,0.0863633328334668,117.922662043531,-0.883763831583473,0.140514489439421
Hybrid,sep,mean_decayed,1.90827379569669,E9,0.25,-0.0735799944141401,0.0863640588438919,117.924572848837,-0.864606128604994,0.136531440040949
Hybrid,sep,mean_decayed,1.98837051586284,E9,0.25,-0.0719513523641978,0.0863647329315252,117.92634464931,-0.845462321258682,0.132643868480238
Hybrid,sep,mean_decayed,2.07182916689858,E9,0.25,-0.0703255564000929,0.0863653437664632,117.927947253613,-0.826352836987089,0.128855625743398
Hybrid,sep,mean_decayed,2.15879086043929,E9,0.25,-0.068704311153627,0.0863658809601318,117.929353014949,-0.807297758549223,0.125170061498903
Hybrid,sep,mean_decayed,2.24940263105407,E9,0.25,-0.0670892874020167,0.0863663352921276,117.930537434368,-0.788316751200996,0.121590023767283
Hybrid,sep,mean_decayed,2.3438176848513,E9,0.25,-0.0654821161813576,0.0863666989236534,117.931479729349,-0.769428993196937,0.118117862968253
Hybrid,sep,mean_decayed,2.4421956585191,E9,0.25,-0.063884383203458,0.0863669655916467,117.932163351871,-0.750653110307128,0.114755440118977
Hybrid,sep,mean_decayed,2.54470288923857,E9,0.25,-0.0622976236281327,0.0863671307779765,117.932576440796,-0.732007114961799,0.111504138892785
Hybrid,sep,mean_decayed,2.65151269592615,E9,0.25,-0.0607233172363903,0.0863671918486023,117.932712194734,-0.713508350543239,0.108364881193639
Hybrid,sep,mean_decayed,2.76280567228076,E9,0.25,-0.059162884042633,0.0863671481583327,117.932569153441,-0.695173441244322,0.105338145859204
Hybrid,sep,mean_decayed,2.87876999213107,E9,0.25,-0.0576176803762886,0.0863670011177591,117.932151378321,-0.677018247808874,0.102423990074925
Hybrid,sep,mean_decayed,2.99960172759923,E9,0.25,-0.0560889954554207,0.0863667542200212,117.931468525478,-0.659057829364742,0.099622073063437
Hybrid,sep,mean_decayed,3.12550518061903,E9,0.25,-0.0545780484670553,0.0863664130262473,117.930535807921,-0.641306411459004,0.0969316816068627
Hybrid,sep,mean_decayed,3.25669322836902,E9,0.25,-0.0530859861613924,0.08636598510973,117.929373846868,-0.623777360308871,0.0943517569639435
Hybrid,sep,mean_decayed,3.39338768320454,E9,0.25,-0.0516138809599063,0.0863654799601152,117.928008415347,-0.606483163193666,0.0918809227574894
Hybrid,sep,mean_decayed,3.53581966769745,E9,0.25,-0.0501627295707056,0.0863649088500255,117.926470080444,-0.589435414834425,0.0895175134296232
Hybrid,sep,mean_decayed,3.68423000541744,E9,0.25,-0.0487334520985199,0.0863642846675777,117.924793753358,-0.572644809539187,0.0872596028905857
Hybrid,sep,mean_decayed,3.83886962811578,E9,0.25,-0.0473268916313725,0.0863636217191408,117.923018158884,-0.5561211388345,0.0851050330202277
Hybrid,sep,mean_decayed,4,E9,0.25,-0.0459438142814328,0.0863629355073934,117.921185237881,-0.53987329425721,0.08305144171803
Hybrid,sep,mean_decayed,0,E9b,0.25,-0.130194856131429,0.0784721731993221,97.3595374960203,-1.68370224112207,0.381082665681796
Hybrid,sep,mean_decayed,0.03,E9b,0.25,-0.130194856128714,0.0784721731993101,97.3595374959905,-1.68370224108722,0.381082665668854
Hybrid,sep,mean_decayed,0.0312592016986259,E9b,0.25,-0.130194856124542,0.0784721731992917,97.3595374959447,-1.68370224103366,0.381082665648971
Hybrid,sep,mean_decayed,0.0325712563611792,E9b,0.25,-0.130194856114604,0.0784721731992478,97.3595374958357,-1.68370224090609,0.381082665601604
Hybrid,sep,mean_decayed,0.0339383824057251,E9b,0.25,-0.130194856091778,0.0784721731991468,97.3595374955853,-1.68370224061306,0.38108266549281
Hybrid,sep,mean_decayed,0.0353628913648552,E9b,0.25,-0.130194856041156,0.078472173198923,97.3595374950299,-1.68370223996321,0.381082665251534
Hybrid,sep,mean_decayed,0.0368471917940202,E9b,0.25,-0.130194855932606,0.0784721731984431,97.359537493839,-1.68370223856972,0.381082664734158
Hybrid,sep,mean_decayed,0.0383937933439077,E9b,0.25,-0.130194855707237,0.0784721731974466,97.3595374913663,-1.68370223567659,0.381082663659994
Hybrid,sep,mean_decayed,0.0400053110037523,E9b,0.25,-0.130194855253616,0.0784721731954409,97.3595374863895,-1.68370222985332,0.381082661497928
Hybrid,sep,mean_decayed,0.0416844695227518,E9b,0.25,-0.130194854367348,0.0784721731915223,97.359537476666,-1.68370221847602,0.381082657273761
Hybrid,sep,mean_decayed,0.0434341080170641,E9b,0.25,-0.13019485268456,0.0784721731840819,97.3595374582035,-1.68370219687357,0.381082649253191
Hybrid,sep,mean_decayed,0.045257184770177,E9b,0.25,-0.130194849575828,0.0784721731703367,97.3595374240966,-1.68370215696583,0.381082634436227
Hybrid,sep,mean_decayed,0.0471567822347647,E9b,0.25,-0.130194843982055,0.078472173145604,97.3595373627254,-1.68370208515686,0.381082607774963
Hybrid,sep,mean_decayed,0.0491361122444897,E9b,0.25,-0.130194834167908,0.0784721731022111,97.3595372550512,-1.68370195916967,0.381082560998381
Hybrid,sep,mean_decayed,0.0511985214445608,E9b,0.25,-0.130194817361809,0.0784721730279036,97.3595370706661,-1.68370174342464,0.381082480896478
Hybrid,sep,mean_decayed,0.0533474969502316,E9b,0.25,-0.130194789244695,0.0784721729035851,97.359536762185,-1.68370138247668,0.381082346883577
Hybrid,sep,mean_decayed,0.055586672242804,E9b,0.25,-0.130194743243412,0.0784721727001932,97.359536257493,-1.68370079194416,0.381082127630463
Hybrid,sep,mean_decayed,0.0579198333131074,E9b,0.25,-0.130194669579568,0.0784721723744947,97.3595354493121,-1.68369984629887,0.38108177653103
Hybrid,sep,mean_decayed,0.0603509250628405,E9b,0.25,-0.130194554022005,0.0784721718635709,97.3595341815172,-1.68369836285098,0.381081225756302
Hybrid,sep,mean_decayed,0.0628840579745996,E9b,0.25,-0.13019437629171,0.0784721710777679,97.3595322316431,-1.68369608127241,0.381080378651951
Hybrid,sep,mean_decayed,0.0655235150618698,E9b,0.25,-0.130194108073038,0.0784721698919097,97.3595292890804,-1.68369263806606,0.381079100259539
Hybrid,sep,mean_decayed,0.0682737591107313,E9b,0.25,-0.130193710595259,0.0784721681346173,97.3595249285732,-1.68368753551917,0.381077205790039
Hybrid,sep,mean_decayed,0.0711394402255249,E9b,0.25,-0.130193131764054,0.0784721655756508,97.3595185788077,-1.68368010487873,0.381074446952695
Hybrid,sep,mean_decayed,0.0741254036912341,E9b,0.25,-0.130192302843488,0.0784721619112841,97.359509486123,-1.68366946375593,0.381070496142163
Hybrid,sep,mean_decayed,0.0772366981658785,E9b,0.25,-0.130191134714564,0.0784721567478462,97.3594966736677,-1.68365446809387,0.381064928608774
Hybrid,sep,mean_decayed,0.0804785842167695,E9b,0.25,-0.1301895137652,0.0784721495836936,97.3594788966673,-1.68363365940235,0.381057202874353
Hybrid,sep,mean_decayed,0.0838565432150617,E9b,0.25,-0.130187297496695,0.0784721397900314,97.3594545948288,-1.68360520835059,0.38104663980027
Hybrid,sep,mean_decayed,0.0873762866036384,E9b,0.25,-0.13018430996096,0.0784721265911422,97.3594218432773,-1.68356685618341,0.381032400854462
Hybrid,sep,mean_decayed,0.0910437655540025,E9b,0.25,-0.130180337168575,0.0784721090447227,97.3593783037565,-1.68351585575696,0.381013466247848
Hybrid,sep,mean_decayed,0.0948651810284991,E9b,0.25,-0.130175122627556,0.0784720860231452,97.3593211781177,-1.68344891424384,0.380988613706156
Hybrid,sep,mean_decayed,0.0988469942648838,E9b,0.25,-0.130168363184395,0.0784720561965425,97.3592471663306,-1.68336213970622,0.380956398700066
Hybrid,sep,mean_decayed,0.102995937700964,E9b,0.25,-0.130159705340795,0.0784720180186652,97.3591524313625,-1.68325099375884,0.380915136967054
Hybrid,sep,mean_decayed,0.107319026357785,E9b,0.25,-0.130148742210767,0.078471969716455,97.3590325732689,-1.68311025243025,0.380862890118125
Hybrid,sep,mean_decayed,0.111823569700605,E9b,0.25,-0.130135011263377,0.0784719092842278,97.3588826147068,-1.68293397708115,0.380797455032066
Hybrid,sep,mean_decayed,0.116517183997718,E9b,0.25,-0.130117992967488,0.0784718344832545,97.3586969998249,-1.68271549686635,0.38071635760355
Hybrid,sep,mean_decayed,0.12140780519802,E9b,0.25,-0.13009711041819,0.0784717428473767,97.3584696081038,-1.68244740375614,0.380616851238286
Hybrid,sep,mean_decayed,0.126503702349079,E9b,0.25,-0.130071729982887,0.0784716316950933,97.3581937842293,-1.6821215605977,0.38049592029091
Hybrid,sep,mean_decayed,0.131813491578427,E9b,0.25,-0.130041162961304,0.0784714981483246,97.3578623844992,-1.68172912213676,0.380350288434011
Hybrid,sep,mean_decayed,0.137346150661672,E9b,0.25,-0.130004668211198,0.0784713391577956,97.3574678396217,-1.68126056837624,0.380176431744896
Hybrid,sep,mean_decayed,0.143111034202102,E9b,0.25,-0.129961455653421,0.0784711515347082,97.3570022330788,-1.68070574916175,0.379970596115303
Hybrid,sep,mean_decayed,0.149117889447416,E9b,0.25,-0.129910690538795,0.0784709319880948,97.3564573935428,-1.68005393848652,0.379728818440475
Hybrid,sep,mean_decayed,0.155376872770339,E9b,0.25,-0.129851498336912,0.0784706771669792,97.3558249991801,-1.67929389672559,0.379446950937363
Hybrid,sep,mean_decayed,0.161898566840992,E9b,0.25,-0.12978297009457,0.0784703837062342,97.3550966910833,-1.67841393885422,0.379120687881909
Hybrid,sep,mean_decayed,0.168693998520034,E9b,0.25,-0.129704168109153,0.0784700482748218,97.3542641925765,-1.67740200667948,0.378745594043396
Hybrid,sep,mean_decayed,0.175774657502848,E9b,0.25,-0.129614131769244,0.0784696676249536,97.3533194307721,-1.67624574320764,0.378317134126173
Hybrid,sep,mean_decayed,0.183152515746281,E9b,0.25,-0.129511883429543,0.0784692386406212,97.3522546565413,-1.67493256746368,0.377830702598619
Hybrid,sep,mean_decayed,0.190840047710792,E9b,0.25,-0.129396434207852,0.0784687583839238,97.3510625590161,-1.67344974834764,0.377281653386693
Hybrid,sep,mean_decayed,0.198850251452234,E9b,0.25,-0.129266789616157,0.0784682241376777,97.3497363708846,-1.67178447642507,0.37666532902351
Hybrid,sep,mean_decayed,0.207196670598929,E9b,0.25,-0.129121954963396,0.0784676334429232,97.3482699610717,-1.6699239328772,0.375977088966512
Hybrid,sep,mean_decayed,0.215893417251189,E9b,0.25,-0.128960940492241,0.0784669841301459,97.3466579119106,-1.66785535515146,0.375212336909126
Hybrid,sep,mean_decayed,0.224955195842017,E9b,0.25,-0.128782766234397,0.0784662743433035,97.3448955785914,-1.66556609913385,0.374366547016416
Hybrid,sep,mean_decayed,0.234397327999317,E9b,0.25,-0.128586466587225,0.0784655025560757,97.3429791294934,-1.66304369789407,0.37343528909762
Hybrid,sep,mean_decayed,0.244235778451654,E9b,0.25,-0.128371094628291,0.0784646675801257,97.3409055669306,-1.66027591722425,0.372414252789522
Hybrid,sep,mean_decayed,0.254487182021372,E9b,0.25,-0.128135726193432,0.0784637685655607,97.3386727288323,-1.65725080829944,0.371299270861821
Hybrid,sep,mean_decayed,0.2651688717507,E9b,0.25,-0.127879463748372,0.0784628049941835,97.3362792728774,-1.65395675783631,0.370086341770839
Hybrid,sep,mean_decayed,0.276298908208406,E9b,0.25,-0.127601440084423,0.0784617766665203,97.3337246455757,-1.65038253612428,0.368771651583212
Hybrid,sep,mean_decayed,0.287896110026556,E9b,0.25,-0.127300821866033,0.0784606836839715,97.3310090396621,-1.6465173432595,0.367351595371045
Hybrid,sep,mean_decayed,0.299980085718997,E9b,0.25,-0.126976813052883,0.0784595264277407,97.3281333439228,-1.64235085384025,0.365822798148234
Hybrid,sep,mean_decayed,0.312571266835374,E9b,0.25,-0.126628658212594,0.0784583055364357,97.3250990901253,-1.63787326029177,0.364182135378831
Hybrid,sep,mean_decayed,0.325690942506732,E9b,0.25,-0.126255645732758,0.0784570218843812,97.3219084020622,-1.63307531489059,0.36242675304609
Hybrid,sep,mean_decayed,0.339361295441117,E9b,0.25,-0.125857110933443,0.0784556765627305,97.3185639517895,-1.62794837046135,0.360554087228248
Hybrid,sep,mean_decayed,0.353605439430029,E9b,0.25,-0.125432439074135,0.0784542708653901,97.3150689279196,-1.62248441962802,0.358561883087056
Hybrid,sep,mean_decayed,0.36844745842915,E9b,0.25,-0.124981068242526,0.0784528062815745,97.3114270203035,-1.61667613242299,0.356448213138922
Hybrid,sep,mean_decayed,0.38391244727943,E9b,0.25,-0.124502492106963,0.0784512844964855,97.3076424245955,-1.61051689199288,0.354211494648267
Hybrid,sep,mean_decayed,0.400026554137359,E9b,0.25,-0.123996262509893,0.0784497074011596,97.3037198690555,-1.60400082809329,0.351850505958902
Hybrid,sep,mean_decayed,0.4168170246862,E9b,0.25,-0.123461991876491,0.0784480771119672,97.2996646645387,-1.5971228480365,0.34936440156303
Hybrid,sep,mean_decayed,0.434312248202902,E9b,0.25,-0.122899355410908,0.0784463959995929,97.2954827770036,-1.58987866474829,0.346752725699526
Hybrid,sep,mean_decayed,0.452541805558606,E9b,0.25,-0.122308093052436,0.0784446667266092,97.2911809201169,-1.58226482160296,0.344015424273766
Hybrid,sep,mean_decayed,0.471536519233894,E9b,0.25,-0.121688011165349,0.0784428922920181,97.2867666637488,-1.57427871373924,0.341152854900654
Hybrid,sep,mean_decayed,0.491328505433342,E9b,0.25,-0.121038983939326,0.0784410760804225,97.2822485524461,-1.56591860561363,0.338165794890527
Hybrid,sep,mean_decayed,0.511951228387509,E9b,0.25,-0.120360954482037,0.0784392219128518,97.2776362264808,-1.55718364461842,0.335055447023309
Hybrid,sep,mean_decayed,0.533439556934147,E9b,0.25,-0.119653935591542,0.0784373340957649,97.2729405369211,-1.54807387067678,0.331823442988322
Hybrid,sep,mean_decayed,0.555829823474338,E9b,0.25,-0.118918010203237,0.0784354174644301,97.2681736454819,-1.53859022182093,0.328471844403966
Hybrid,sep,mean_decayed,0.579159885403199,E9b,0.25,-0.118153331513792,0.078433477416786,97.2633490997768,-1.52873453585546,0.325003141370075
Hybrid,sep,mean_decayed,0.603469189119055,E9b,0.25,-0.117360122792267,0.0784315199340369,97.2584818750705,-1.51850954829956,0.321420248544328
Hybrid,sep,mean_decayed,0.628798836719292,E9b,0.25,-0.116538676895909,0.0784295515846485,97.2535883747321,-1.50791888688188,0.317726498769289
Hybrid,sep,mean_decayed,0.655191655495656,E9b,0.25,-0.115689355514341,0.0784275795090643,97.2486863832696,-1.49696706292369,0.313925634306685
Hybrid,sep,mean_decayed,0.682692270346511,E9b,0.25,-0.114812588170518,0.0784256113833251,97.2437949679996,-1.48565945998454,0.310021795758381
Hybrid,sep,mean_decayed,0.711347179228481,E9b,0.25,-0.113908871009598,0.0784236553607986,97.2389343279197,-1.47400232015641,0.306019508767953
Hybrid,sep,mean_decayed,0.741204831775056,E9b,0.25,-0.112978765407426,0.0784217199923235,97.2341255910425,-1.46200272837611,0.30192366860309
Hybrid,sep,mean_decayed,0.772315711215085,E9b,0.25,-0.112022896428684,0.0784198141261899,97.2293905641181,-1.44966859508248,0.297739522717428
Hybrid,sep,mean_decayed,0.804732419729668,E9b,0.25,-0.111041951161055,0.0784179467904134,97.2247514411339,-1.4370086374783,0.293472651382738
Hybrid,sep,mean_decayed,0.838509767391766,E9b,0.25,-0.110036676946181,0.0784161270606628,97.2202304790648,-1.42403235957171,0.2891289464709
Hybrid,sep,mean_decayed,0.873704864838903,E9b,0.25,-0.109007879521417,0.0784143639179015,97.2158496509314,-1.41075003107525,0.28471458845194
Hybrid,sep,mean_decayed,0.910377219835665,E9b,0.25,-0.107956421078668,0.0784126661002761,97.2116302872262,-1.39717266513971,0.280236021663023
Hybrid,sep,mean_decayed,0.948588837889245,E9b,0.25,-0.106883218238848,0.0784110419540116,97.2075927171809,-1.38331199480225,0.275699927895714
Hybrid,sep,mean_decayed,0.988404327088169,E9b,0.25,-0.105789239933036,0.0784094992880677,97.2037559211852,-1.36918044794118,0.271113198347603
Hybrid,sep,mean_decayed,1.02989100734146,E9b,0.25,-0.104675505175028,0.07840804523709,97.2001372050286,-1.35479112045937,0.26648290399107
Hybrid,sep,mean_decayed,1.07311902420292,E9b,0.25,-0.103543080704969,0.0784066861368132,97.1967519056109,-1.34015774736936,0.261816264427465
Hybrid,sep,mean_decayed,1.11816146747305,E9b,0.25,-0.10239307848056,0.0784054274155621,97.1936131364811,-1.32529467142899,0.257120615319254
Hybrid,sep,mean_decayed,1.16509449477906,E9b,0.25,-0.101226652991167,0.0784042735049181,97.1907315801299,-1.31021680897892,0.252403374525307
Hybrid,sep,mean_decayed,1.21399746034191,E9b,0.25,-0.10004499837099,0.0784032277720002,97.1881153324793,-1.29493961266165,0.247672007103596
Hybrid,sep,mean_decayed,1.26495304914824,E9b,0.25,-0.098849345290361,0.0784022924751866,97.1857698035504,-1.27947903075518,0.242933989389647
Hybrid,sep,mean_decayed,1.31804741675389,E9b,0.25,-0.0976409576088817,0.0784014687444919,97.1836976768865,-1.26385146292925,0.23819677240473
Hybrid,sep,mean_decayed,1.37337033495542,E9b,0.25,-0.0964211287802779,0.0784007565872299,97.1818989289876,-1.24807371232475,0.233467744893449
Hybrid,sep,mean_decayed,1.43101534357603,E9b,0.25,-0.0951911780061553,0.0784001549190256,97.1803709087502,-1.23216293396241,0.228754196331747
Hybrid,sep,mean_decayed,1.49107990862239,E9b,0.25,-0.0939524461438494,0.0783996616196915,97.1791084756889,-1.21613657960007,0.224063280282058
Hybrid,sep,mean_decayed,1.55366558707987,E9b,0.25,-0.0927062913818652,0.0783992736129478,97.1781041945246,-1.20001233927303,0.219401978498847
Hybrid,sep,mean_decayed,1.61887819862478,E9b,0.25,-0.0914540847045863,0.0783989869684367,97.1773485825247,-1.18380807986426,0.214777066203871
Hybrid,sep,mean_decayed,1.68682800454401,E9b,0.25,-0.0901972051756015,0.0783987970239515,97.1768304047799,-1.16754178115548,0.21019507895441
Hybrid,sep,mean_decayed,1.75762989416439,E9b,0.25,-0.088937035075844,0.0783986985252943,97.1765370114064,-1.15123146990172,0.205662281518634
Hybrid,sep,mean_decayed,1.83140357910731,E9b,0.25,-0.0876749549384772,0.0783986857806819,97.1764547094978,-1.13489515254838,0.201184639150528
Hybrid,sep,mean_decayed,1.90827379569669,E9b,0.25,-0.0864123385269277,0.0783987528261732,97.1765691615597,-1.11855074726688,0.196767791622518
Hybrid,sep,mean_decayed,1.98837051586284,E9b,0.25,-0.085150547805519,0.0783988935982075,97.1768658012084,-1.10221601602294,0.192417030328744
Hybrid,sep,mean_decayed,2.07182916689858,E9b,0.25,-0.0838909279537686,0.0783991021090411,97.1773302561404,-1.08590849740757,0.188137278717188
Hybrid,sep,mean_decayed,2.15879086043929,E9b,0.25,-0.0826348024755926,0.0783993726206783,97.1779487678655,-1.06964544095731,0.183933076247151
Hybrid,sep,mean_decayed,2.24940263105407,E9b,0.25,-0.0813834684534814,0.078399699812827,97.1787085974719,-1.05344374366646,0.179808566001804
Hybrid,sep,mean_decayed,2.3438176848513,E9b,0.25,-0.080138191995306,0.0784000789404814,97.1795984068082,-1.03731988935285,0.175767486016719
Hybrid,sep,mean_decayed,2.4421956585191,E9b,0.25,-0.0789002039179269,0.0784005059769536,97.1806086049361,-1.02128989148216,0.171813164316455
Hybrid,sep,mean_decayed,2.54470288923857,E9b,0.25,-0.0776706957073968,0.078400977738538,97.1817316505386,-1.00536923998628,0.167948517585178
Hybrid,sep,mean_decayed,2.65151269592615,E9b,0.25,-0.076450815790469,0.0784014919874904,97.1829623021299,-0.989572852532524,0.1641760533358
Hybrid,sep,mean_decayed,2.76280567228076,E9b,0.25,-0.0752416661465342,0.0784020475106215,97.1842978093817,-0.973915030615076,0.160497875386878
Hybrid,sep,mean_decayed,2.87876999213107,E9b,0.25,-0.0740442992832126,0.0784026441715126,97.1857380405853,-0.958409420750887,0.156915692409342
Hybrid,sep,mean_decayed,2.99960172759923,E9b,0.25,-0.072859715592803,0.0784032829351454,97.1872855431588,-0.943068980973138,0.153430829266244
Hybrid,sep,mean_decayed,3.12550518061903,E9b,0.25,-0.0716888611008034,0.0784039658645466,97.1889455360848,-0.927905952727536,0.150044240839308
Hybrid,sep,mean_decayed,3.25669322836902,E9b,0.25,-0.0705326256119061,0.0784046960898712,97.1907258351735,-0.912931838193578,0.146756528015852
Hybrid,sep,mean_decayed,3.39338768320454,E9b,0.25,-0.0693918412533755,0.0784054777511338,97.1926367139761,-0.898157382975622,0.143567955498321
Hybrid,sep,mean_decayed,3.53581966769745,E9b,0.25,-0.0682672814106149,0.0784063159165266,97.1946907049781,-0.883592564038885,0.140478471096101
Hybrid,sep,mean_decayed,3.68423000541744,E9b,0.25,-0.0671596600451132,0.0784072164789103,97.1969023472963,-0.869246582704241,0.137487726164082
Hybrid,sep,mean_decayed,3.83886962811578,E9b,0.25,-0.0660696313808812,0.0784081860335958,97.1992878884369,-0.855127862463547,0.134595096864149
Hybrid,sep,mean_decayed,4,E9b,0.25,-0.0649977899419686,0.078409231740953,97.2018649487119,-0.841244051334419,0.131799705942932
