analysis,config,design,c.bm,t_half,censor,power,n,mean_beta
published,B,OL,0,0,none,0.09,100,-0.000220379869170527
published,B,OL,0,0,balanced,0.07,100,0.0010452432141985
published,B,OL,0,0,more of flat,0.09,100,0.000672560882253451
published,B,OL,0,0,more of biased,0.11,100,-0.000114994500904971
published,B,OL,0,0,high dropout,0.14,100,0.000433130839725974
published,B,OL,0.25,0,none,0.12,100,-0.00178478359979491
published,B,OL,0.25,0,balanced,0.09,100,-0.00212894392762872
published,B,OL,0.25,0,more of flat,0.11,100,-0.00276864442981843
published,B,OL,0.25,0,more of biased,0.12,100,-0.00259355092894679
published,B,OL,0.25,0,high dropout,0.13,100,-0.00565267207225372
published,B,OL,0.3,0,none,0.22,100,-0.0044248171931215
published,B,OL,0.3,0,balanced,0.17,100,-0.00483997557014253
published,B,OL,0.3,0,more of flat,0.17,100,-0.00460750195222862
published,B,OL,0.3,0,more of biased,0.22,100,-0.00422795502070559
published,B,OL,0.3,0,high dropout,0.18,100,-0.00592170099706132
published,B,OL,0,0.1,none,0.12,100,0.000696570890684533
published,B,OL,0,0.1,balanced,0.17,100,0.00130824855999557
published,B,OL,0,0.1,more of flat,0.09,100,0.00119092771008521
published,B,OL,0,0.1,more of biased,0.09,100,0.000877012392882177
published,B,OL,0,0.1,high dropout,0.15,100,-0.00065573028727194
published,B,OL,0.25,0.1,none,0.15,100,-0.00224080608968817
published,B,OL,0.25,0.1,balanced,0.16,100,-0.00220931006737747
published,B,OL,0.25,0.1,more of flat,0.21,100,-0.00263184860720785
published,B,OL,0.25,0.1,more of biased,0.18,100,-0.00305421483662401
published,B,OL,0.25,0.1,high dropout,0.18,100,-0.00128149941086978
published,B,OL,0.3,0.1,none,0.13,100,-0.00401552799014934
published,B,OL,0.3,0.1,balanced,0.16,100,-0.0049094297265704
published,B,OL,0.3,0.1,more of flat,0.13,100,-0.00408606482379357
published,B,OL,0.3,0.1,more of biased,0.15,100,-0.00496811471225401
published,B,OL,0.3,0.1,high dropout,0.16,100,-0.00591450665892306
published,B,OL,0,0.2,none,0.11,100,0.000378715165667139
published,B,OL,0,0.2,balanced,0.1,100,-0.000208686979312827
published,B,OL,0,0.2,more of flat,0.13,100,1.26890379353051e-05
published,B,OL,0,0.2,more of biased,0.11,100,0.000777060410252792
published,B,OL,0,0.2,high dropout,0.09,100,-0.000757550597765357
published,B,OL,0.25,0.2,none,0.16,100,-0.00366136938316206
published,B,OL,0.25,0.2,balanced,0.14,100,-0.00353331563898414
published,B,OL,0.25,0.2,more of flat,0.12,100,-0.00320967609685266
published,B,OL,0.25,0.2,more of biased,0.16,100,-0.00453349167820997
published,B,OL,0.25,0.2,high dropout,0.17,100,-0.00699462387027006
published,B,OL,0.3,0.2,none,0.18,100,-0.00442091311679956
published,B,OL,0.3,0.2,balanced,0.19,100,-0.00587624393385968
published,B,OL,0.3,0.2,more of flat,0.15,100,-0.00462310209899318
published,B,OL,0.3,0.2,more of biased,0.16,100,-0.00460223611099838
published,B,OL,0.3,0.2,high dropout,0.21,100,-0.00531003070012815
published,B,OL,0,0.5,none,0.12,100,-0.000661787038325838
published,B,OL,0,0.5,balanced,0.11,100,-0.000167579829843495
published,B,OL,0,0.5,more of flat,0.17,100,-0.000375617067765797
published,B,OL,0,0.5,more of biased,0.17,100,6.19832023548596e-05
published,B,OL,0,0.5,high dropout,0.15,100,0.000314740897648351
published,B,OL,0.25,0.5,none,0.13,100,-0.002950521116056
published,B,OL,0.25,0.5,balanced,0.09,100,-0.00327317279621294
published,B,OL,0.25,0.5,more of flat,0.15,100,-0.00410315830657083
published,B,OL,0.25,0.5,more of biased,0.11,100,-0.00355335305483173
published,B,OL,0.25,0.5,high dropout,0.17,100,-0.00452284667665382
published,B,OL,0.3,0.5,none,0.14,100,-0.00445876442105175
published,B,OL,0.3,0.5,balanced,0.14,100,-0.00489028041192785
published,B,OL,0.3,0.5,more of flat,0.23,100,-0.00605561357764218
published,B,OL,0.3,0.5,more of biased,0.17,100,-0.00478861539204999
published,B,OL,0.3,0.5,high dropout,0.15,100,-0.00684809142830963
published,B,OL,0,1,none,0.17,100,-0.000105452640237696
published,B,OL,0,1,balanced,0.15,100,-0.000292792223163516
published,B,OL,0,1,more of flat,0.2,100,-0.00104583840971416
published,B,OL,0,1,more of biased,0.14,100,9.61660026121681e-05
published,B,OL,0,1,high dropout,0.14,100,0.000752516185372543
published,B,OL,0.25,1,none,0.16,100,-0.0032810980658119
published,B,OL,0.25,1,balanced,0.16,100,-0.00345572549904203
published,B,OL,0.25,1,more of flat,0.22,100,-0.00394627591840587
published,B,OL,0.25,1,more of biased,0.13,100,-0.00376252927020646
published,B,OL,0.25,1,high dropout,0.13,100,-0.00485029736771253
published,B,OL,0.3,1,none,0.19,100,-0.00186557859958215
published,B,OL,0.3,1,balanced,0.17,100,-0.00282052051481253
published,B,OL,0.3,1,more of flat,0.15,100,-0.00248326948667191
published,B,OL,0.3,1,more of biased,0.15,100,-0.00246724045658453
published,B,OL,0.3,1,high dropout,0.12,100,-0.00478652253622959
published,B,OL+BDC,0,0,none,0.09,100,-0.0140963314786146
published,B,OL+BDC,0,0,balanced,0.1,100,-0.0164012385340601
published,B,OL+BDC,0,0,more of flat,0.09,100,-0.00819388947396086
published,B,OL+BDC,0,0,more of biased,0.11,100,-0.0128294886472987
published,B,OL+BDC,0,0,high dropout,0.06,100,-0.0164356082233613
published,B,OL+BDC,0.25,0,none,0.4,100,-0.130927450388256
published,B,OL+BDC,0.25,0,balanced,0.27,100,-0.130604787766298
published,B,OL+BDC,0.25,0,more of flat,0.35,100,-0.126900953276797
published,B,OL+BDC,0.25,0,more of biased,0.39,100,-0.135957860387987
published,B,OL+BDC,0.25,0,high dropout,0.24,100,-0.134749131654176
published,B,OL+BDC,0.3,0,none,0.44,100,-0.141164285998736
published,B,OL+BDC,0.3,0,balanced,0.4,100,-0.139880753851673
published,B,OL+BDC,0.3,0,more of flat,0.35,100,-0.14074007703154
published,B,OL+BDC,0.3,0,more of biased,0.4,100,-0.140617702397448
published,B,OL+BDC,0.3,0,high dropout,0.27,100,-0.128550555575719
published,B,OL+BDC,0,0.1,none,0.07,100,0.0225153771889918
published,B,OL+BDC,0,0.1,balanced,0.09,100,0.0316201457026212
published,B,OL+BDC,0,0.1,more of flat,0.06,100,0.0190476163477254
published,B,OL+BDC,0,0.1,more of biased,0.1,100,0.0297130117832075
published,B,OL+BDC,0,0.1,high dropout,0.08,100,0.0208805253536187
published,B,OL+BDC,0.25,0.1,none,0.18,100,-0.048814223394215
published,B,OL+BDC,0.25,0.1,balanced,0.16,100,-0.064237879920216
published,B,OL+BDC,0.25,0.1,more of flat,0.16,100,-0.064249101462772
published,B,OL+BDC,0.25,0.1,more of biased,0.13,100,-0.0586414492717388
published,B,OL+BDC,0.25,0.1,high dropout,0.17,100,-0.0903223448603807
published,B,OL+BDC,0.3,0.1,none,0.15,100,-0.0576729394520135
published,B,OL+BDC,0.3,0.1,balanced,0.15,100,-0.0659008107654445
published,B,OL+BDC,0.3,0.1,more of flat,0.11,100,-0.0708271205397449
published,B,OL+BDC,0.3,0.1,more of biased,0.18,100,-0.0745713591692134
published,B,OL+BDC,0.3,0.1,high dropout,0.14,100,-0.0956543032948737
published,B,OL+BDC,0,0.2,none,0.03,100,-0.00931927196038393
published,B,OL+BDC,0,0.2,balanced,0.05,100,-0.00731610779531015
published,B,OL+BDC,0,0.2,more of flat,0.03,100,-0.00511719905892602
published,B,OL+BDC,0,0.2,more of biased,0.01,100,-0.00245403496572435
published,B,OL+BDC,0,0.2,high dropout,0.04,100,-0.00451640427101661
published,B,OL+BDC,0.25,0.2,none,0.12,100,-0.0376964788259059
published,B,OL+BDC,0.25,0.2,balanced,0.09,100,-0.0489204367467335
published,B,OL+BDC,0.25,0.2,more of flat,0.1,100,-0.0498767712308164
published,B,OL+BDC,0.25,0.2,more of biased,0.1,100,-0.050475191997137
published,B,OL+BDC,0.25,0.2,high dropout,0.08,100,-0.0689242739541919
published,B,OL+BDC,0.3,0.2,none,0.16,100,-0.0457513514370231
published,B,OL+BDC,0.3,0.2,balanced,0.21,100,-0.0635592469839569
published,B,OL+BDC,0.3,0.2,more of flat,0.15,100,-0.0693742082808554
published,B,OL+BDC,0.3,0.2,more of biased,0.16,100,-0.0656611740571067
published,B,OL+BDC,0.3,0.2,high dropout,0.17,100,-0.0798456592111052
published,B,OL+BDC,0,0.5,none,0.09,100,0.0118962847984627
published,B,OL+BDC,0,0.5,balanced,0.08,100,0.00546525946334269
published,B,OL+BDC,0,0.5,more of flat,0.09,100,0.00649304307736236
published,B,OL+BDC,0,0.5,more of biased,0.05,100,0.0120311051586798
published,B,OL+BDC,0,0.5,high dropout,0.06,100,0.0121336072415064
published,B,OL+BDC,0.25,0.5,none,0.12,100,-0.0412336407354164
published,B,OL+BDC,0.25,0.5,balanced,0.16,100,-0.0565231208549045
published,B,OL+BDC,0.25,0.5,more of flat,0.15,100,-0.0513851220815336
published,B,OL+BDC,0.25,0.5,more of biased,0.16,100,-0.0511516773843384
published,B,OL+BDC,0.25,0.5,high dropout,0.12,100,-0.0818065726233952
published,B,OL+BDC,0.3,0.5,none,0.1,100,-0.0576809425843113
published,B,OL+BDC,0.3,0.5,balanced,0.13,100,-0.0776488066224964
published,B,OL+BDC,0.3,0.5,more of flat,0.13,100,-0.0697263474702928
published,B,OL+BDC,0.3,0.5,more of biased,0.09,100,-0.0750738076956052
published,B,OL+BDC,0.3,0.5,high dropout,0.09,100,-0.10276205247373
published,B,OL+BDC,0,1,none,0.07,100,-0.0135569239197823
published,B,OL+BDC,0,1,balanced,0.08,100,-0.0214740317369421
published,B,OL+BDC,0,1,more of flat,0.06,100,-0.017974259380784
published,B,OL+BDC,0,1,more of biased,0.08,100,-0.0134851825620773
published,B,OL+BDC,0,1,high dropout,0.04,100,-0.0196699384155211
published,B,OL+BDC,0.25,1,none,0.08,100,-0.0250125828482043
published,B,OL+BDC,0.25,1,balanced,0.1,100,-0.0459930000856365
published,B,OL+BDC,0.25,1,more of flat,0.09,100,-0.0286298887307863
published,B,OL+BDC,0.25,1,more of biased,0.12,100,-0.0368273530105457
published,B,OL+BDC,0.25,1,high dropout,0.08,100,-0.0653802364178213
published,B,OL+BDC,0.3,1,none,0.07,100,-0.0320921118533767
published,B,OL+BDC,0.3,1,balanced,0.1,100,-0.0482746130921787
published,B,OL+BDC,0.3,1,more of flat,0.06,100,-0.0439760854134684
published,B,OL+BDC,0.3,1,more of biased,0.09,100,-0.056194130931929
published,B,OL+BDC,0.3,1,high dropout,0.09,100,-0.0779292757395823
published,B,CO,0,0,none,0.14,100,0.00157571685326569
published,B,CO,0,0,balanced,0.15,100,-0.00283844866263961
published,B,CO,0,0,more of flat,0.16,100,-0.00438735239433072
published,B,CO,0,0,more of biased,0.14,100,-0.00175625331072125
published,B,CO,0,0,high dropout,0.15,100,0.022872988424855
published,B,CO,0.25,0,none,0.53,100,-0.145276902261726
published,B,CO,0.25,0,balanced,0.42,100,-0.142230744237495
published,B,CO,0.25,0,more of flat,0.47,100,-0.142140533647414
published,B,CO,0.25,0,more of biased,0.47,100,-0.142185206228239
published,B,CO,0.25,0,high dropout,0.34,100,-0.136791033852005
published,B,CO,0.3,0,none,0.62,100,-0.169779098018011
published,B,CO,0.3,0,balanced,0.55,100,-0.175061859006291
published,B,CO,0.3,0,more of flat,0.5,100,-0.161845088902924
published,B,CO,0.3,0,more of biased,0.47,100,-0.156061835143291
published,B,CO,0.3,0,high dropout,0.47,100,-0.185661579623755
published,B,CO,0,0.1,none,0.12,100,-0.0161657927219208
published,B,CO,0,0.1,balanced,0.17,100,-0.0201659020455107
published,B,CO,0,0.1,more of flat,0.15,100,-0.0253207864866732
published,B,CO,0,0.1,more of biased,0.12,100,-0.0139566274084264
published,B,CO,0,0.1,high dropout,0.16,100,-0.0178001619932593
published,B,CO,0.25,0.1,none,0.31,100,-0.0888258408680656
published,B,CO,0.25,0.1,balanced,0.3,100,-0.0914663843617727
published,B,CO,0.25,0.1,more of flat,0.29,100,-0.0936724416226078
published,B,CO,0.25,0.1,more of biased,0.28,100,-0.0938132339051154
published,B,CO,0.25,0.1,high dropout,0.21,100,-0.082945580104302
published,B,CO,0.3,0.1,none,0.36,100,-0.0949358678814919
published,B,CO,0.3,0.1,balanced,0.28,100,-0.0872352745199222
published,B,CO,0.3,0.1,more of flat,0.24,100,-0.0882487658252089
published,B,CO,0.3,0.1,more of biased,0.31,100,-0.101985486382234
published,B,CO,0.3,0.1,high dropout,0.22,100,-0.0926609517969996
published,B,CO,0,0.2,none,0.24,100,0.0110440697068786
published,B,CO,0,0.2,balanced,0.24,100,0.0219514336853886
published,B,CO,0,0.2,more of flat,0.2,100,-0.000429487336271933
published,B,CO,0,0.2,more of biased,0.24,100,0.0134979468177764
published,B,CO,0,0.2,high dropout,0.21,100,0.00697979449641058
published,B,CO,0.25,0.2,none,0.26,100,-0.0871762347051172
published,B,CO,0.25,0.2,balanced,0.24,100,-0.0782713670367084
published,B,CO,0.25,0.2,more of flat,0.25,100,-0.0867052252631464
published,B,CO,0.25,0.2,more of biased,0.24,100,-0.0920193289138936
published,B,CO,0.25,0.2,high dropout,0.23,100,-0.105631549198616
published,B,CO,0.3,0.2,none,0.27,100,-0.0932104863282527
published,B,CO,0.3,0.2,balanced,0.29,100,-0.0953779445582893
published,B,CO,0.3,0.2,more of flat,0.29,100,-0.0946729900679473
published,B,CO,0.3,0.2,more of biased,0.25,100,-0.097586825226787
published,B,CO,0.3,0.2,high dropout,0.28,100,-0.118633944125651
published,B,CO,0,0.5,none,0.11,100,0.00343878402650301
published,B,CO,0,0.5,balanced,0.13,100,-0.00128684614490283
published,B,CO,0,0.5,more of flat,0.16,100,0.0013488215550975
published,B,CO,0,0.5,more of biased,0.14,100,0.00465349917848644
published,B,CO,0,0.5,high dropout,0.18,100,-0.0129727683142563
published,B,CO,0.25,0.5,none,0.27,100,-0.0730314432609021
published,B,CO,0.25,0.5,balanced,0.27,100,-0.07303087928114
published,B,CO,0.25,0.5,more of flat,0.22,100,-0.0798896212844012
published,B,CO,0.25,0.5,more of biased,0.28,100,-0.0888409852889462
published,B,CO,0.25,0.5,high dropout,0.21,100,-0.0849969831497502
published,B,CO,0.3,0.5,none,0.38,100,-0.11770193242681
published,B,CO,0.3,0.5,balanced,0.38,100,-0.124943826860421
published,B,CO,0.3,0.5,more of flat,0.34,100,-0.119513318151329
published,B,CO,0.3,0.5,more of biased,0.37,100,-0.116144854095858
published,B,CO,0.3,0.5,high dropout,0.3,100,-0.114634095701408
published,B,CO,0,1,none,0.13,100,0.00419556519315921
published,B,CO,0,1,balanced,0.15,100,0.00046344603446686
published,B,CO,0,1,more of flat,0.11,100,0.0110413471802116
published,B,CO,0,1,more of biased,0.11,100,0.00957956666182584
published,B,CO,0,1,high dropout,0.08,100,0.00233575296782431
published,B,CO,0.25,1,none,0.27,100,-0.0637891511218351
published,B,CO,0.25,1,balanced,0.19,100,-0.068766864410571
published,B,CO,0.25,1,more of flat,0.3,100,-0.0726552388480407
published,B,CO,0.25,1,more of biased,0.24,100,-0.0659823516058568
published,B,CO,0.25,1,high dropout,0.17,100,-0.0727780659707967
published,B,CO,0.3,1,none,0.41,100,-0.115041555636649
published,B,CO,0.3,1,balanced,0.38,100,-0.124389587959006
published,B,CO,0.3,1,more of flat,0.34,100,-0.127106177988133
published,B,CO,0.3,1,more of biased,0.35,100,-0.115881806345673
published,B,CO,0.3,1,high dropout,0.28,100,-0.128773392383101
published,B,N-of-1,0,0,none,0.08,100,-0.00129178308243852
published,B,N-of-1,0,0,balanced,0.1,100,-0.00169850384011175
published,B,N-of-1,0,0,more of flat,0.08,100,-0.000528787425183302
published,B,N-of-1,0,0,more of biased,0.09,100,0.00731336744027673
published,B,N-of-1,0,0,high dropout,0.07,100,-0.00375548801900829
published,B,N-of-1,0.25,0,none,0.5,100,-0.135513227484421
published,B,N-of-1,0.25,0,balanced,0.38,100,-0.135077088561712
published,B,N-of-1,0.25,0,more of flat,0.4,100,-0.129007996449714
published,B,N-of-1,0.25,0,more of biased,0.44,100,-0.136962711801263
published,B,N-of-1,0.25,0,high dropout,0.35,100,-0.141338979144773
published,B,N-of-1,0,0.1,none,0.06,100,0.00339861690473868
published,B,N-of-1,0,0.1,balanced,0.08,100,0.00669323640866383
published,B,N-of-1,0,0.1,more of flat,0.06,100,9.87311733067393e-05
published,B,N-of-1,0,0.1,more of biased,0.07,100,0.000970562318077422
published,B,N-of-1,0,0.1,high dropout,0.08,100,0.0208514498745674
published,B,N-of-1,0.25,0.1,none,0.13,100,-0.034793713600266
published,B,N-of-1,0.25,0.1,balanced,0.12,100,-0.0439208162515055
published,B,N-of-1,0.25,0.1,more of flat,0.13,100,-0.0368216002991058
published,B,N-of-1,0.25,0.1,more of biased,0.11,100,-0.0406693110888113
published,B,N-of-1,0.25,0.1,high dropout,0.09,100,-0.0441500743093866
published,B,N-of-1,0.3,0.1,none,0.04,100,-0.0346403236683347
published,B,N-of-1,0.3,0.1,balanced,0.07,100,-0.0509145341124773
published,B,N-of-1,0.3,0.1,more of flat,0.09,100,-0.0481295107162885
published,B,N-of-1,0.3,0.1,more of biased,0.02,100,-0.042685204634674
published,B,N-of-1,0.3,0.1,high dropout,0.08,100,-0.0518055875063871
published,B,N-of-1,0,0.2,none,0.04,100,-0.0117111039581784
published,B,N-of-1,0,0.2,balanced,0.04,100,-0.0190359587333503
published,B,N-of-1,0,0.2,more of flat,0.04,100,-0.0154938721614848
published,B,N-of-1,0,0.2,more of biased,0.06,100,-0.0158721083652032
published,B,N-of-1,0,0.2,high dropout,0.06,100,0.000850136084714037
published,B,N-of-1,0.25,0.2,none,0.08,100,-0.0180419391025036
published,B,N-of-1,0.25,0.2,balanced,0.07,100,-0.0239105947540575
published,B,N-of-1,0.25,0.2,more of flat,0.12,100,-0.0243965606555755
published,B,N-of-1,0.25,0.2,more of biased,0.1,100,-0.0302863456049906
published,B,N-of-1,0.25,0.2,high dropout,0.08,100,-0.0414518405060692
published,B,N-of-1,0.3,0.2,none,0.05,100,-0.0291331443859019
published,B,N-of-1,0.3,0.2,balanced,0.06,100,-0.0388463804275235
published,B,N-of-1,0.3,0.2,more of flat,0.09,100,-0.0437011656515354
published,B,N-of-1,0.3,0.2,more of biased,0.1,100,-0.0400374000687923
published,B,N-of-1,0.3,0.2,high dropout,0.07,100,-0.0441757278243247
published,B,N-of-1,0,0.5,none,0.08,100,-0.00522080902204102
published,B,N-of-1,0,0.5,balanced,0.07,100,-0.00167981608639534
published,B,N-of-1,0,0.5,more of flat,0.03,100,0.000783432371162963
published,B,N-of-1,0,0.5,more of biased,0.07,100,-0.00320230311717518
published,B,N-of-1,0,0.5,high dropout,0.09,100,-0.0100477784143891
published,B,N-of-1,0.25,0.5,none,0.13,100,-0.0521176821940596
published,B,N-of-1,0.25,0.5,balanced,0.12,100,-0.0571432728539334
published,B,N-of-1,0.25,0.5,more of flat,0.17,100,-0.059634564803883
published,B,N-of-1,0.25,0.5,more of biased,0.09,100,-0.0458681140555197
published,B,N-of-1,0.25,0.5,high dropout,0.13,100,-0.0542902068856058
published,B,N-of-1,0.3,0.5,none,0.08,100,-0.031378992046689
published,B,N-of-1,0.3,0.5,balanced,0.09,100,-0.040058183507273
published,B,N-of-1,0.3,0.5,more of flat,0.04,100,-0.0386580857922323
published,B,N-of-1,0.3,0.5,more of biased,0.08,100,-0.0318158296281287
published,B,N-of-1,0.3,0.5,high dropout,0.15,100,-0.0643919513185857
published,B,N-of-1,0,1,none,0.04,100,-0.0102761816597815
published,B,N-of-1,0,1,balanced,0.06,100,-0.00970519452581297
published,B,N-of-1,0,1,more of flat,0.08,100,-0.0101546880401361
published,B,N-of-1,0,1,more of biased,0.07,100,-0.00946038305341242
published,B,N-of-1,0,1,high dropout,0.12,100,-0.0212727491140882
published,B,N-of-1,0.25,1,none,0.08,100,-0.0301049538894677
published,B,N-of-1,0.25,1,balanced,0.08,100,-0.0277594035112619
published,B,N-of-1,0.25,1,more of flat,0.1,100,-0.0295972845251652
published,B,N-of-1,0.25,1,more of biased,0.06,100,-0.0334362874485537
published,B,N-of-1,0.25,1,high dropout,0.08,100,-0.0305724866379332
published,B,N-of-1,0.3,1,none,0.06,100,-0.0433771730722167
published,B,N-of-1,0.3,1,balanced,0.12,100,-0.0480935440133109
published,B,N-of-1,0.3,1,more of flat,0.1,100,-0.0525743477852858
published,B,N-of-1,0.3,1,more of biased,0.13,100,-0.0578864287410454
published,B,N-of-1,0.3,1,high dropout,0.19,100,-0.0784374710863598
published,C,OL,0,0,none,0.1,100,-0.000256349667850154
published,C,OL,0,0,balanced,0.11,100,0.000679773487270603
published,C,OL,0,0,more of flat,0.08,100,0.000618900555389654
published,C,OL,0,0,more of biased,0.16,100,-0.000757863262011262
published,C,OL,0,0,high dropout,0.15,100,0.000640380803013392
published,C,OL,0.25,0,none,0.14,100,-0.00186689057131111
published,C,OL,0.25,0,balanced,0.15,100,-0.00241160616341789
published,C,OL,0.25,0,more of flat,0.15,100,-0.00263815979864117
published,C,OL,0.25,0,more of biased,0.15,100,-0.00233693640686484
published,C,OL,0.25,0,high dropout,0.19,100,-0.0056692726827496
published,C,OL,0.3,0,none,0.24,100,-0.00460631357704976
published,C,OL,0.3,0,balanced,0.17,100,-0.0049390420047301
published,C,OL,0.3,0,more of flat,0.2,100,-0.00432289292851748
published,C,OL,0.3,0,more of biased,0.21,100,-0.00463001322766552
published,C,OL,0.3,0,high dropout,0.2,100,-0.00647885178918992
published,C,OL,0,0.1,none,0.15,100,0.000813853008206894
published,C,OL,0,0.1,balanced,0.15,100,0.00137807215926128
published,C,OL,0,0.1,more of flat,0.17,100,0.00149370217469208
published,C,OL,0,0.1,more of biased,0.14,100,0.00159140788165524
published,C,OL,0,0.1,high dropout,0.18,100,-0.000211586743220193
published,C,OL,0.25,0.1,none,0.13,100,-0.00220368380823125
published,C,OL,0.25,0.1,balanced,0.17,100,-0.00220565309853169
published,C,OL,0.25,0.1,more of flat,0.2,100,-0.00251232738926481
published,C,OL,0.25,0.1,more of biased,0.16,100,-0.00325242238996517
published,C,OL,0.25,0.1,high dropout,0.17,100,-0.00132525298274823
published,C,OL,0.3,0.1,none,0.18,100,-0.00409422809209236
published,C,OL,0.3,0.1,balanced,0.18,100,-0.00477446114552822
published,C,OL,0.3,0.1,more of flat,0.17,100,-0.00412715398238663
published,C,OL,0.3,0.1,more of biased,0.13,100,-0.00484109094346858
published,C,OL,0.3,0.1,high dropout,0.18,100,-0.00622432068352077
published,C,OL,0,0.2,none,0.12,100,0.000400570662731389
published,C,OL,0,0.2,balanced,0.13,100,-0.00021892254651037
published,C,OL,0,0.2,more of flat,0.13,100,0.000234329231617735
published,C,OL,0,0.2,more of biased,0.12,100,0.000255011762099352
published,C,OL,0,0.2,high dropout,0.1,100,-0.00116241691920671
published,C,OL,0.25,0.2,none,0.22,100,-0.00452659975845372
published,C,OL,0.25,0.2,balanced,0.11,100,-0.00478943042165235
published,C,OL,0.25,0.2,more of flat,0.18,100,-0.00403967332313777
published,C,OL,0.25,0.2,more of biased,0.25,100,-0.00511791746229416
published,C,OL,0.25,0.2,high dropout,0.15,100,-0.0073611906033303
published,C,OL,0.3,0.2,none,0.2,100,-0.00453176412652258
published,C,OL,0.3,0.2,balanced,0.23,100,-0.00616762779733421
published,C,OL,0.3,0.2,more of flat,0.16,100,-0.00493706569706057
published,C,OL,0.3,0.2,more of biased,0.22,100,-0.00435688444799223
published,C,OL,0.3,0.2,high dropout,0.24,100,-0.00600537793108111
published,C,OL,0,0.5,none,0.13,100,-0.00067272566919446
published,C,OL,0,0.5,balanced,0.17,100,-2.45048530245283e-05
published,C,OL,0,0.5,more of flat,0.16,100,-0.000226250273723487
published,C,OL,0,0.5,more of biased,0.17,100,-6.95520872497431e-05
published,C,OL,0,0.5,high dropout,0.14,100,0.00100906840815072
published,C,OL,0.25,0.5,none,0.14,100,-0.00300483811499621
published,C,OL,0.25,0.5,balanced,0.12,100,-0.00293617813151873
published,C,OL,0.25,0.5,more of flat,0.16,100,-0.00397205931407398
published,C,OL,0.25,0.5,more of biased,0.17,100,-0.00397439962676188
published,C,OL,0.25,0.5,high dropout,0.21,100,-0.00384482440099243
published,C,OL,0.3,0.5,none,0.15,100,-0.0043759396831058
published,C,OL,0.3,0.5,balanced,0.19,100,-0.00491311760959799
published,C,OL,0.3,0.5,more of flat,0.25,100,-0.00591716913707697
published,C,OL,0.3,0.5,more of biased,0.18,100,-0.00469685708037179
published,C,OL,0.3,0.5,high dropout,0.16,100,-0.00692980013564591
published,C,OL,0,1,none,0.21,100,-0.000159169232376382
published,C,OL,0,1,balanced,0.17,100,-0.000445553533924112
published,C,OL,0,1,more of flat,0.22,100,-0.000592969308328214
published,C,OL,0,1,more of biased,0.14,100,0.000576063693168275
published,C,OL,0,1,high dropout,0.16,100,0.00122662592180576
published,C,OL,0.25,1,none,0.2,100,-0.00383415010039576
published,C,OL,0.25,1,balanced,0.22,100,-0.00416653656965923
published,C,OL,0.25,1,more of flat,0.21,100,-0.00446967173287036
published,C,OL,0.25,1,more of biased,0.22,100,-0.00459977497924575
published,C,OL,0.25,1,high dropout,0.19,100,-0.00527816809342423
published,C,OL,0.3,1,none,0.21,100,-0.00184257549350241
published,C,OL,0.3,1,balanced,0.18,100,-0.00267123069469618
published,C,OL,0.3,1,more of flat,0.19,100,-0.00252719847759583
published,C,OL,0.3,1,more of biased,0.17,100,-0.00261130814357733
published,C,OL,0.3,1,high dropout,0.14,100,-0.00463034088869859
published,C,OL+BDC,0,0,none,0.09,100,0.00471176809859642
published,C,OL+BDC,0,0,balanced,0.05,100,-0.00220683739510746
published,C,OL+BDC,0,0,more of flat,0.07,100,0.00324209098969831
published,C,OL+BDC,0,0,more of biased,0.11,100,0.00965112453820906
published,C,OL+BDC,0,0,high dropout,0.09,100,-0.00712626102676552
published,C,OL+BDC,0.25,0,none,0.35,100,-0.125442633155211
published,C,OL+BDC,0.25,0,balanced,0.35,100,-0.126504051142655
published,C,OL+BDC,0.25,0,more of flat,0.25,100,-0.121354339290098
published,C,OL+BDC,0.25,0,more of biased,0.33,100,-0.129299750549878
published,C,OL+BDC,0.25,0,high dropout,0.18,100,-0.128677931197123
published,C,OL+BDC,0.3,0,none,0.4,100,-0.145514398396367
published,C,OL+BDC,0.3,0,balanced,0.35,100,-0.143715234470239
published,C,OL+BDC,0.3,0,more of flat,0.28,100,-0.142935572540865
published,C,OL+BDC,0.3,0,more of biased,0.32,100,-0.142059010576398
published,C,OL+BDC,0.3,0,high dropout,0.24,100,-0.140115190958478
published,C,OL+BDC,0,0.1,none,0.13,100,-0.0159462047711758
published,C,OL+BDC,0,0.1,balanced,0.1,100,-0.0109657270429144
published,C,OL+BDC,0,0.1,more of flat,0.07,100,-0.0073034612358631
published,C,OL+BDC,0,0.1,more of biased,0.1,100,-0.020811010321641
published,C,OL+BDC,0,0.1,high dropout,0.11,100,-0.0125488612912066
published,C,OL+BDC,0.25,0.1,none,0.36,100,-0.130108039476381
published,C,OL+BDC,0.25,0.1,balanced,0.34,100,-0.132705470441535
published,C,OL+BDC,0.25,0.1,more of flat,0.37,100,-0.139615136190613
published,C,OL+BDC,0.25,0.1,more of biased,0.31,100,-0.132117216076221
published,C,OL+BDC,0.25,0.1,high dropout,0.24,100,-0.129236052246832
published,C,OL+BDC,0.3,0.1,none,0.61,100,-0.169090402068761
published,C,OL+BDC,0.3,0.1,balanced,0.48,100,-0.167565658460807
published,C,OL+BDC,0.3,0.1,more of flat,0.46,100,-0.17071797043612
published,C,OL+BDC,0.3,0.1,more of biased,0.47,100,-0.163465658342939
published,C,OL+BDC,0.3,0.1,high dropout,0.33,100,-0.1570692508184
published,C,OL+BDC,0,0.2,none,0.12,100,-0.00295974708675192
published,C,OL+BDC,0,0.2,balanced,0.07,100,0.00619977752339093
published,C,OL+BDC,0,0.2,more of flat,0.08,100,0.00285400327333428
published,C,OL+BDC,0,0.2,more of biased,0.09,100,-0.0117154884206846
published,C,OL+BDC,0,0.2,high dropout,0.08,100,-0.00999543480763504
published,C,OL+BDC,0.25,0.2,none,0.35,100,-0.11622751184476
published,C,OL+BDC,0.25,0.2,balanced,0.29,100,-0.120276733077072
published,C,OL+BDC,0.25,0.2,more of flat,0.31,100,-0.114950602957873
published,C,OL+BDC,0.25,0.2,more of biased,0.28,100,-0.113645364967293
published,C,OL+BDC,0.25,0.2,high dropout,0.22,100,-0.117194519714355
published,C,OL+BDC,0.3,0.2,none,0.45,100,-0.145721072830307
published,C,OL+BDC,0.3,0.2,balanced,0.35,100,-0.149068103501041
published,C,OL+BDC,0.3,0.2,more of flat,0.38,100,-0.164005133352239
published,C,OL+BDC,0.3,0.2,more of biased,0.43,100,-0.157611650867015
published,C,OL+BDC,0.3,0.2,high dropout,0.23,100,-0.132400769823613
published,C,OL+BDC,0,0.5,none,0.12,100,0.00292973375858568
published,C,OL+BDC,0,0.5,balanced,0.13,100,-0.00197756430609095
published,C,OL+BDC,0,0.5,more of flat,0.14,100,-0.00178923845483893
published,C,OL+BDC,0,0.5,more of biased,0.09,100,-0.000598511668690233
published,C,OL+BDC,0,0.5,high dropout,0.09,100,0.00133796373830517
published,C,OL+BDC,0.25,0.5,none,0.38,100,-0.124603398388472
published,C,OL+BDC,0.25,0.5,balanced,0.31,100,-0.124814615608837
published,C,OL+BDC,0.25,0.5,more of flat,0.32,100,-0.125840251894065
published,C,OL+BDC,0.25,0.5,more of biased,0.32,100,-0.130306639146792
published,C,OL+BDC,0.25,0.5,high dropout,0.23,100,-0.1344802872266
published,C,OL+BDC,0.3,0.5,none,0.48,100,-0.155860729818202
published,C,OL+BDC,0.3,0.5,balanced,0.38,100,-0.153685038703794
published,C,OL+BDC,0.3,0.5,more of flat,0.41,100,-0.15724058665257
published,C,OL+BDC,0.3,0.5,more of biased,0.43,100,-0.163968676665068
published,C,OL+BDC,0.3,0.5,high dropout,0.31,100,-0.166248994659774
published,C,OL+BDC,0,1,none,0.11,100,0.00751658958867944
published,C,OL+BDC,0,1,balanced,0.11,100,0.00210661989940811
published,C,OL+BDC,0,1,more of flat,0.06,100,0.00369283341613606
published,C,OL+BDC,0,1,more of biased,0.08,100,0.00473886079606958
published,C,OL+BDC,0,1,high dropout,0.06,100,0.0104713012636713
published,C,OL+BDC,0.25,1,none,0.32,100,-0.0979594427072703
published,C,OL+BDC,0.25,1,balanced,0.26,100,-0.110436080379534
published,C,OL+BDC,0.25,1,more of flat,0.27,100,-0.0956232346082053
published,C,OL+BDC,0.25,1,more of biased,0.29,100,-0.105090653966115
published,C,OL+BDC,0.25,1,high dropout,0.13,100,-0.096735877810494
published,C,OL+BDC,0.3,1,none,0.34,100,-0.119838325322524
published,C,OL+BDC,0.3,1,balanced,0.27,100,-0.120392909256446
published,C,OL+BDC,0.3,1,more of flat,0.33,100,-0.129487313717836
published,C,OL+BDC,0.3,1,more of biased,0.3,100,-0.134661881238521
published,C,OL+BDC,0.3,1,high dropout,0.21,100,-0.141795102774285
published,C,CO,0,0,none,0.21,100,0.00120947235267665
published,C,CO,0,0,balanced,0.17,100,0.0112046305071271
published,C,CO,0,0,more of flat,0.17,100,0.00888218031038647
published,C,CO,0,0,more of biased,0.21,100,0.000488174191855983
published,C,CO,0,0,high dropout,0.2,100,-0.00133805369410754
published,C,CO,0.25,0,none,0.49,100,-0.129452994358443
published,C,CO,0.25,0,balanced,0.36,100,-0.12890860433716
published,C,CO,0.25,0,more of flat,0.39,100,-0.128235438121092
published,C,CO,0.25,0,more of biased,0.39,100,-0.132316017914912
published,C,CO,0.25,0,high dropout,0.28,100,-0.123170740783665
published,C,CO,0.3,0,none,0.58,100,-0.151626509610125
published,C,CO,0.3,0,balanced,0.55,100,-0.160034681640019
published,C,CO,0.3,0,more of flat,0.48,100,-0.152335959264728
published,C,CO,0.3,0,more of biased,0.5,100,-0.15969375782565
published,C,CO,0.3,0,high dropout,0.31,100,-0.138272799849429
published,C,CO,0,0.1,none,0.1,100,0.0245054885769162
published,C,CO,0,0.1,balanced,0.12,100,0.0248418693659394
published,C,CO,0,0.1,more of flat,0.13,100,0.0363371221657566
published,C,CO,0,0.1,more of biased,0.15,100,0.0190951350803961
published,C,CO,0,0.1,high dropout,0.14,100,0.0348583309160586
published,C,CO,0.25,0.1,none,0.46,100,-0.134340819323198
published,C,CO,0.25,0.1,balanced,0.43,100,-0.133156474846642
published,C,CO,0.25,0.1,more of flat,0.38,100,-0.130776093538399
published,C,CO,0.25,0.1,more of biased,0.42,100,-0.13343421385219
published,C,CO,0.25,0.1,high dropout,0.35,100,-0.135020327452522
published,C,CO,0.3,0.1,none,0.58,100,-0.141668015912214
published,C,CO,0.3,0.1,balanced,0.47,100,-0.13772543723143
published,C,CO,0.3,0.1,more of flat,0.54,100,-0.141646280528199
published,C,CO,0.3,0.1,more of biased,0.44,100,-0.136447219207596
published,C,CO,0.3,0.1,high dropout,0.42,100,-0.14200987161788
published,C,CO,0,0.2,none,0.23,100,-0.0128937335471061
published,C,CO,0,0.2,balanced,0.18,100,-0.0208825298629624
published,C,CO,0,0.2,more of flat,0.18,100,-0.00442753512472813
published,C,CO,0,0.2,more of biased,0.19,100,-0.015034744716724
published,C,CO,0,0.2,high dropout,0.22,100,-0.0260013565875972
published,C,CO,0.25,0.2,none,0.52,100,-0.129877918075581
published,C,CO,0.25,0.2,balanced,0.38,100,-0.124939777477318
published,C,CO,0.25,0.2,more of flat,0.48,100,-0.129352238896411
published,C,CO,0.25,0.2,more of biased,0.42,100,-0.129212853209466
published,C,CO,0.25,0.2,high dropout,0.38,100,-0.132094729518842
published,C,CO,0.3,0.2,none,0.61,100,-0.161994283308067
published,C,CO,0.3,0.2,balanced,0.54,100,-0.158068311126972
published,C,CO,0.3,0.2,more of flat,0.6,100,-0.167583038348145
published,C,CO,0.3,0.2,more of biased,0.54,100,-0.151354907678203
published,C,CO,0.3,0.2,high dropout,0.43,100,-0.177538150946004
published,C,CO,0,0.5,none,0.21,100,-0.0165492199418798
published,C,CO,0,0.5,balanced,0.19,100,-0.00500970467560954
published,C,CO,0,0.5,more of flat,0.24,100,-0.0172131206420935
published,C,CO,0,0.5,more of biased,0.18,100,-0.0092451685531575
published,C,CO,0,0.5,high dropout,0.16,100,-0.00900841770407108
published,C,CO,0.25,0.5,none,0.44,100,-0.1232743288698
published,C,CO,0.25,0.5,balanced,0.41,100,-0.129802479842014
published,C,CO,0.25,0.5,more of flat,0.43,100,-0.120678889399366
published,C,CO,0.25,0.5,more of biased,0.44,100,-0.124470615856252
published,C,CO,0.25,0.5,high dropout,0.36,100,-0.110046991792549
published,C,CO,0.3,0.5,none,0.61,100,-0.170367498209591
published,C,CO,0.3,0.5,balanced,0.57,100,-0.173328032268734
published,C,CO,0.3,0.5,more of flat,0.52,100,-0.167626200529249
published,C,CO,0.3,0.5,more of biased,0.52,100,-0.175297791665889
published,C,CO,0.3,0.5,high dropout,0.46,100,-0.167868499002953
published,C,CO,0,1,none,0.17,100,0.0028698002971678
published,C,CO,0,1,balanced,0.15,100,0.00695778179714873
published,C,CO,0,1,more of flat,0.14,100,-0.00614005700206331
published,C,CO,0,1,more of biased,0.13,100,-0.0083109970853843
published,C,CO,0,1,high dropout,0.16,100,-0.00940120418035033
published,C,CO,0.25,1,none,0.5,100,-0.133823282725334
published,C,CO,0.25,1,balanced,0.35,100,-0.126276869024409
published,C,CO,0.25,1,more of flat,0.39,100,-0.123457426308591
published,C,CO,0.25,1,more of biased,0.44,100,-0.13675573825479
published,C,CO,0.25,1,high dropout,0.32,100,-0.132495109761138
published,C,CO,0.3,1,none,0.42,100,-0.130001494311214
published,C,CO,0.3,1,balanced,0.41,100,-0.128397298540886
published,C,CO,0.3,1,more of flat,0.4,100,-0.13307088968099
published,C,CO,0.3,1,more of biased,0.4,100,-0.133983788447905
published,C,CO,0.3,1,high dropout,0.34,100,-0.137675083349305
published,C,N-of-1,0,0,none,0.05,100,-0.00219693218635047
published,C,N-of-1,0,0,balanced,0.05,100,-0.00281470418835333
published,C,N-of-1,0,0,more of flat,0.07,100,-0.00215805512386385
published,C,N-of-1,0,0,more of biased,0.05,100,-0.00341319972441714
published,C,N-of-1,0,0,high dropout,0.03,100,-0.0133996903530276
published,C,N-of-1,0.25,0,none,0.47,100,-0.137663725352704
published,C,N-of-1,0.25,0,balanced,0.47,100,-0.140304822554414
published,C,N-of-1,0.25,0,more of flat,0.41,100,-0.138033586783936
published,C,N-of-1,0.25,0,more of biased,0.47,100,-0.141242961559383
published,C,N-of-1,0.25,0,high dropout,0.3,100,-0.141855624923682
published,C,N-of-1,0.3,0,none,0.67,100,-0.165711246105463
published,C,N-of-1,0.3,0,balanced,0.57,100,-0.165861216792789
published,C,N-of-1,0.3,0,more of flat,0.56,100,-0.164122887766542
published,C,N-of-1,0.3,0,more of biased,0.49,100,-0.155111435715541
published,C,N-of-1,0.3,0,high dropout,0.36,100,-0.168753374474207
published,C,N-of-1,0,0.1,none,0.08,100,0.0122084401711716
published,C,N-of-1,0,0.1,balanced,0.07,100,0.0196506365337005
published,C,N-of-1,0,0.1,more of flat,0.1,100,0.00489859341150695
published,C,N-of-1,0,0.1,more of biased,0.11,100,0.0162155406166583
published,C,N-of-1,0,0.1,high dropout,0.09,100,0.0130950600376653
published,C,N-of-1,0.25,0.1,none,0.42,100,-0.122337484863266
published,C,N-of-1,0.25,0.1,balanced,0.36,100,-0.123746487088826
published,C,N-of-1,0.25,0.1,more of flat,0.33,100,-0.113362586425443
published,C,N-of-1,0.25,0.1,more of biased,0.33,100,-0.119819498752639
published,C,N-of-1,0.25,0.1,high dropout,0.25,100,-0.110802601507084
published,C,N-of-1,0.3,0.1,none,0.59,100,-0.155531692967194
published,C,N-of-1,0.3,0.1,balanced,0.51,100,-0.156164636184165
published,C,N-of-1,0.3,0.1,more of flat,0.54,100,-0.150434592283628
published,C,N-of-1,0.3,0.1,more of biased,0.53,100,-0.154317421938335
published,C,N-of-1,0.3,0.1,high dropout,0.39,100,-0.155113322529181
published,C,N-of-1,0,0.2,none,0.07,100,0.0120275674006888
published,C,N-of-1,0,0.2,balanced,0.06,100,0.0113105133297558
published,C,N-of-1,0,0.2,more of flat,0.07,100,0.00587032934957791
published,C,N-of-1,0,0.2,more of biased,0.05,100,0.0102266919509464
published,C,N-of-1,0,0.2,high dropout,0.09,100,0.0162758387484003
published,C,N-of-1,0.25,0.2,none,0.37,100,-0.127391415552548
published,C,N-of-1,0.25,0.2,balanced,0.31,100,-0.127898068146061
published,C,N-of-1,0.25,0.2,more of flat,0.35,100,-0.125662530726852
published,C,N-of-1,0.25,0.2,more of biased,0.37,100,-0.131222208976083
published,C,N-of-1,0.25,0.2,high dropout,0.24,100,-0.126379895791088
published,C,N-of-1,0.3,0.2,none,0.63,100,-0.167656191233515
published,C,N-of-1,0.3,0.2,balanced,0.5,100,-0.162335339355485
published,C,N-of-1,0.3,0.2,more of flat,0.53,100,-0.159347763740212
published,C,N-of-1,0.3,0.2,more of biased,0.45,100,-0.161915699922456
published,C,N-of-1,0.3,0.2,high dropout,0.48,100,-0.169714222931218
published,C,N-of-1,0,0.5,none,0.05,100,0.0100065022343848
published,C,N-of-1,0,0.5,balanced,0.11,100,0.0093891501471742
published,C,N-of-1,0,0.5,more of flat,0.05,100,0.011791849056757
published,C,N-of-1,0,0.5,more of biased,0.07,100,0.00820832415973935
published,C,N-of-1,0,0.5,high dropout,0.08,100,0.00636640951229996
published,C,N-of-1,0.25,0.5,none,0.36,100,-0.121680152061286
published,C,N-of-1,0.25,0.5,balanced,0.28,100,-0.119020518731551
published,C,N-of-1,0.25,0.5,more of flat,0.37,100,-0.128328687978362
published,C,N-of-1,0.25,0.5,more of biased,0.35,100,-0.12210133540252
published,C,N-of-1,0.25,0.5,high dropout,0.31,100,-0.124518839623335
published,C,N-of-1,0.3,0.5,none,0.51,100,-0.144935511242198
published,C,N-of-1,0.3,0.5,balanced,0.49,100,-0.145419395648103
published,C,N-of-1,0.3,0.5,more of flat,0.4,100,-0.144035818821656
published,C,N-of-1,0.3,0.5,more of biased,0.47,100,-0.142432312749363
published,C,N-of-1,0.3,0.5,high dropout,0.38,100,-0.148825674239804
published,C,N-of-1,0,1,none,0.06,100,-0.00870845714237466
published,C,N-of-1,0,1,balanced,0.06,100,-0.00210995393279358
published,C,N-of-1,0,1,more of flat,0.09,100,-0.00346518697651609
published,C,N-of-1,0,1,more of biased,0.06,100,-0.00912061045519775
published,C,N-of-1,0,1,high dropout,0.08,100,-0.0057564123902041
published,C,N-of-1,0.25,1,none,0.27,100,-0.101016736113687
published,C,N-of-1,0.25,1,balanced,0.25,100,-0.10653225369233
published,C,N-of-1,0.25,1,more of flat,0.21,100,-0.0949608022305905
published,C,N-of-1,0.25,1,more of biased,0.18,100,-0.101898244852408
published,C,N-of-1,0.25,1,high dropout,0.2,100,-0.112870302972628
published,C,N-of-1,0.3,1,none,0.37,100,-0.121533978635852
published,C,N-of-1,0.3,1,balanced,0.3,100,-0.120172602090337
published,C,N-of-1,0.3,1,more of flat,0.34,100,-0.122718819566177
published,C,N-of-1,0.3,1,more of biased,0.32,100,-0.125489463865304
published,C,N-of-1,0.3,1,high dropout,0.24,100,-0.122955911735706
published,D,OL,0,0,none,0.04,100,-0.000495050926167919
published,D,OL,0,0,balanced,0.12,100,-0.000876302686852382
published,D,OL,0,0,more of flat,0.07,100,-0.000337363462582325
published,D,OL,0,0,more of biased,0.11,100,2.1603430835636e-05
published,D,OL,0,0,high dropout,0.06,100,-0.00172930791265299
published,D,OL,0.25,0,none,0.15,100,-0.00340614551794241
published,D,OL,0.25,0,balanced,0.17,100,-0.00431746302116669
published,D,OL,0.25,0,more of flat,0.18,100,-0.00393915124997363
published,D,OL,0.25,0,more of biased,0.15,100,-0.00356968669614489
published,D,OL,0.25,0,high dropout,0.17,100,-0.00464635554295933
published,D,OL,0.3,0,none,0.17,100,-0.00386397029693154
published,D,OL,0.3,0,balanced,0.1,100,-0.00449566153571985
published,D,OL,0.3,0,more of flat,0.15,100,-0.00466809512680408
published,D,OL,0.3,0,more of biased,0.11,100,-0.00439090006836756
published,D,OL,0.3,0,high dropout,0.09,100,-0.00554528605720919
published,D,OL,0,0.1,none,0.06,100,0.000267560370436054
published,D,OL,0,0.1,balanced,0.05,100,0.000409788700341632
published,D,OL,0,0.1,more of flat,0.05,100,0.000158525503102779
published,D,OL,0,0.1,more of biased,0.11,100,-0.000192333155154218
published,D,OL,0,0.1,high dropout,0.05,100,0.000401010180519973
published,D,OL,0.25,0.1,none,0.15,100,-0.00378470618011934
published,D,OL,0.25,0.1,balanced,0.19,100,-0.00459545522110226
published,D,OL,0.25,0.1,more of flat,0.14,100,-0.00385481938251089
published,D,OL,0.25,0.1,more of biased,0.11,100,-0.00381153449220921
published,D,OL,0.25,0.1,high dropout,0.11,100,-0.00498056091993363
published,D,OL,0.3,0.1,none,0.17,100,-0.00388398788079317
published,D,OL,0.3,0.1,balanced,0.17,100,-0.00429495149188539
published,D,OL,0.3,0.1,more of flat,0.13,100,-0.00483099340369074
published,D,OL,0.3,0.1,more of biased,0.16,100,-0.00471634369151848
published,D,OL,0.3,0.1,high dropout,0.14,100,-0.00628054633803186
published,D,OL,0,0.2,none,0.06,100,-0.000390682062957282
published,D,OL,0,0.2,balanced,0.09,100,-0.000344774430867213
published,D,OL,0,0.2,more of flat,0.05,100,-0.000525099483033685
published,D,OL,0,0.2,more of biased,0.07,100,-0.000891444576361397
published,D,OL,0,0.2,high dropout,0.1,100,-0.00117960850075527
published,D,OL,0.25,0.2,none,0.1,100,-0.00247974656485219
published,D,OL,0.25,0.2,balanced,0.1,100,-0.00252132758953451
published,D,OL,0.25,0.2,more of flat,0.07,100,-0.0029739171142807
published,D,OL,0.25,0.2,more of biased,0.1,100,-0.00250654132334826
published,D,OL,0.25,0.2,high dropout,0.1,100,-0.00420133031699089
published,D,OL,0.3,0.2,none,0.15,100,-0.00420259035511368
published,D,OL,0.3,0.2,balanced,0.16,100,-0.00520364044542135
published,D,OL,0.3,0.2,more of flat,0.11,100,-0.00475906309295001
published,D,OL,0.3,0.2,more of biased,0.12,100,-0.00450143377896082
published,D,OL,0.3,0.2,high dropout,0.2,100,-0.00618486876782647
published,D,OL,0,0.5,none,0.06,100,0.000439351803619718
published,D,OL,0,0.5,balanced,0.05,100,-2.71490823396964e-05
published,D,OL,0,0.5,more of flat,0.08,100,0.000464291172296679
published,D,OL,0,0.5,more of biased,0.04,100,0.000690504372347859
published,D,OL,0,0.5,high dropout,0.08,100,0.000920637983634547
published,D,OL,0.25,0.5,none,0.09,100,-0.00409382035874518
published,D,OL,0.25,0.5,balanced,0.12,100,-0.00408908939161277
published,D,OL,0.25,0.5,more of flat,0.12,100,-0.00372902032524921
published,D,OL,0.25,0.5,more of biased,0.09,100,-0.0041061845420949
published,D,OL,0.25,0.5,high dropout,0.14,100,-0.00708509391150373
published,D,OL,0.3,0.5,none,0.1,100,-0.00314261181211544
published,D,OL,0.3,0.5,balanced,0.15,100,-0.00364181481517961
published,D,OL,0.3,0.5,more of flat,0.07,100,-0.00355529190703416
published,D,OL,0.3,0.5,more of biased,0.13,100,-0.00346236287999055
published,D,OL,0.3,0.5,high dropout,0.14,100,-0.00578208043537482
published,D,OL,0,1,none,0.04,100,-0.000366507206277044
published,D,OL,0,1,balanced,0.08,100,-5.30488151714279e-05
published,D,OL,0,1,more of flat,0.03,100,-0.000190925451719431
published,D,OL,0,1,more of biased,0.05,100,-0.000281998654893392
published,D,OL,0,1,high dropout,0.06,100,0.000796634328189164
published,D,OL,0.25,1,none,0.1,100,-0.00397127324531296
published,D,OL,0.25,1,balanced,0.1,100,-0.00438317664830737
published,D,OL,0.25,1,more of flat,0.1,100,-0.00413547870659376
published,D,OL,0.25,1,more of biased,0.14,100,-0.00457399174458479
published,D,OL,0.25,1,high dropout,0.14,100,-0.00538371757227409
published,D,OL,0.3,1,none,0.18,100,-0.00418496114484277
published,D,OL,0.3,1,balanced,0.11,100,-0.0042498144870598
published,D,OL,0.3,1,more of flat,0.16,100,-0.0042537593522668
published,D,OL,0.3,1,more of biased,0.14,100,-0.00521025177804097
published,D,OL,0.3,1,high dropout,0.14,100,-0.00570076857504203
published,D,OL+BDC,0,0,none,0.09,100,-0.0135678436195596
published,D,OL+BDC,0,0,balanced,0.09,100,-0.0167628015437704
published,D,OL+BDC,0,0,more of flat,0.1,100,-0.010597399676352
published,D,OL+BDC,0,0,more of biased,0.07,100,-0.0114725003114792
published,D,OL+BDC,0,0,high dropout,0.05,100,-0.00460744771964999
published,D,OL+BDC,0.25,0,none,0.57,100,-0.121258291225607
published,D,OL+BDC,0.25,0,balanced,0.42,100,-0.117533662567564
published,D,OL+BDC,0.25,0,more of flat,0.46,100,-0.115802514489809
published,D,OL+BDC,0.25,0,more of biased,0.39,100,-0.110506917192967
published,D,OL+BDC,0.25,0,high dropout,0.27,100,-0.106274401065824
published,D,OL+BDC,0.3,0,none,0.81,100,-0.166599739378483
published,D,OL+BDC,0.3,0,balanced,0.65,100,-0.168652151821505
published,D,OL+BDC,0.3,0,more of flat,0.73,100,-0.166170093781904
published,D,OL+BDC,0.3,0,more of biased,0.63,100,-0.161535744420433
published,D,OL+BDC,0.3,0,high dropout,0.44,100,-0.155798566712445
published,D,OL+BDC,0,0.1,none,0.08,100,-0.00485002465526043
published,D,OL+BDC,0,0.1,balanced,0.07,100,-0.00649465316749442
published,D,OL+BDC,0,0.1,more of flat,0.19,100,-0.00874321200709561
published,D,OL+BDC,0,0.1,more of biased,0.09,100,-0.00560714095879794
published,D,OL+BDC,0,0.1,high dropout,0.07,100,-0.00991253730238066
published,D,OL+BDC,0.25,0.1,none,0.55,100,-0.124656461757584
published,D,OL+BDC,0.25,0.1,balanced,0.45,100,-0.122092957793198
published,D,OL+BDC,0.25,0.1,more of flat,0.42,100,-0.126875774126976
published,D,OL+BDC,0.25,0.1,more of biased,0.52,100,-0.12865488021303
published,D,OL+BDC,0.25,0.1,high dropout,0.29,100,-0.128156473650739
published,D,OL+BDC,0.3,0.1,none,0.71,100,-0.155159868269279
published,D,OL+BDC,0.3,0.1,balanced,0.58,100,-0.156782994825176
published,D,OL+BDC,0.3,0.1,more of flat,0.56,100,-0.150502847033217
published,D,OL+BDC,0.3,0.1,more of biased,0.58,100,-0.155165636216247
published,D,OL+BDC,0.3,0.1,high dropout,0.36,100,-0.153460056069363
published,D,OL+BDC,0,0.2,none,0.12,100,0.00820190350750677
published,D,OL+BDC,0,0.2,balanced,0.11,100,0.00738668943559685
published,D,OL+BDC,0,0.2,more of flat,0.07,100,0.0059720186816246
published,D,OL+BDC,0,0.2,more of biased,0.1,100,0.00958895336481571
published,D,OL+BDC,0,0.2,high dropout,0.1,100,0.00844430383232001
published,D,OL+BDC,0.25,0.2,none,0.55,100,-0.121684655327704
published,D,OL+BDC,0.25,0.2,balanced,0.44,100,-0.121909787254439
published,D,OL+BDC,0.25,0.2,more of flat,0.34,100,-0.11913572452167
published,D,OL+BDC,0.25,0.2,more of biased,0.45,100,-0.117654728481256
published,D,OL+BDC,0.25,0.2,high dropout,0.28,100,-0.114366200125321
published,D,OL+BDC,0.3,0.2,none,0.66,100,-0.149441793195219
published,D,OL+BDC,0.3,0.2,balanced,0.57,100,-0.148286572819141
published,D,OL+BDC,0.3,0.2,more of flat,0.54,100,-0.145132610801779
published,D,OL+BDC,0.3,0.2,more of biased,0.58,100,-0.14925972609988
published,D,OL+BDC,0.3,0.2,high dropout,0.44,100,-0.144008678083221
published,D,OL+BDC,0,0.5,none,0.11,100,-0.00158254071389056
published,D,OL+BDC,0,0.5,balanced,0.06,100,-0.000104227124879527
published,D,OL+BDC,0,0.5,more of flat,0.11,100,0.00663464034598493
published,D,OL+BDC,0,0.5,more of biased,0.09,100,-0.00205859835778563
published,D,OL+BDC,0,0.5,high dropout,0.11,100,0.00650724411234889
published,D,OL+BDC,0.25,0.5,none,0.63,100,-0.133251214426468
published,D,OL+BDC,0.25,0.5,balanced,0.47,100,-0.126261736719691
published,D,OL+BDC,0.25,0.5,more of flat,0.49,100,-0.132365817791361
published,D,OL+BDC,0.25,0.5,more of biased,0.53,100,-0.135308894783621
published,D,OL+BDC,0.25,0.5,high dropout,0.37,100,-0.136770492984485
published,D,OL+BDC,0.3,0.5,none,0.73,100,-0.156735156888025
published,D,OL+BDC,0.3,0.5,balanced,0.58,100,-0.153167080235439
published,D,OL+BDC,0.3,0.5,more of flat,0.6,100,-0.158220163285365
published,D,OL+BDC,0.3,0.5,more of biased,0.62,100,-0.158764299702837
published,D,OL+BDC,0.3,0.5,high dropout,0.36,100,-0.14651237648872
published,D,OL+BDC,0,1,none,0.08,100,0.00855427149299398
published,D,OL+BDC,0,1,balanced,0.09,100,0.00536290984502878
published,D,OL+BDC,0,1,more of flat,0.11,100,0.00506686654801247
published,D,OL+BDC,0,1,more of biased,0.08,100,0.011393317685033
published,D,OL+BDC,0,1,high dropout,0.11,100,0.0169345494937634
published,D,OL+BDC,0.25,1,none,0.57,100,-0.134339840568461
published,D,OL+BDC,0.25,1,balanced,0.42,100,-0.128243034089344
published,D,OL+BDC,0.25,1,more of flat,0.45,100,-0.1303684890562
published,D,OL+BDC,0.25,1,more of biased,0.45,100,-0.134666591977979
published,D,OL+BDC,0.25,1,high dropout,0.3,100,-0.135739376148468
published,D,OL+BDC,0.3,1,none,0.72,100,-0.154524153027861
published,D,OL+BDC,0.3,1,balanced,0.57,100,-0.149006026190237
published,D,OL+BDC,0.3,1,more of flat,0.55,100,-0.150657394276241
published,D,OL+BDC,0.3,1,more of biased,0.61,100,-0.155521335059928
published,D,OL+BDC,0.3,1,high dropout,0.36,100,-0.144260763748552
published,D,CO,0,0,none,0.03,100,0.000394713907593351
published,D,CO,0,0,balanced,0.04,100,-0.00401011124631494
published,D,CO,0,0,more of flat,0.02,100,0.000487491316051706
published,D,CO,0,0,more of biased,0.06,100,-0.00053260108342982
published,D,CO,0,0,high dropout,0.02,100,-0.000230672609457096
published,D,CO,0.25,0,none,0.72,100,-0.129194809101083
published,D,CO,0.25,0,balanced,0.66,100,-0.131403394684676
published,D,CO,0.25,0,more of flat,0.58,100,-0.123103281841128
published,D,CO,0.25,0,more of biased,0.57,100,-0.127216111501138
published,D,CO,0.25,0,high dropout,0.25,100,-0.111792798627029
published,D,CO,0.3,0,none,0.81,100,-0.150163728615145
published,D,CO,0.3,0,balanced,0.72,100,-0.149518734208013
published,D,CO,0.3,0,more of flat,0.64,100,-0.150900024674821
published,D,CO,0.3,0,more of biased,0.72,100,-0.149803823571123
published,D,CO,0.3,0,high dropout,0.48,100,-0.137142037288747
published,D,CO,0,0.1,none,0.07,100,0.00213594247416382
published,D,CO,0,0.1,balanced,0.06,100,8.73766596534525e-05
published,D,CO,0,0.1,more of flat,0.06,100,0.0056187035832972
published,D,CO,0,0.1,more of biased,0.06,100,0.00367334738292052
published,D,CO,0,0.1,high dropout,0.09,100,0.00547958765321549
published,D,CO,0.25,0.1,none,0.8,100,-0.1318993658596
published,D,CO,0.25,0.1,balanced,0.65,100,-0.128878215013514
published,D,CO,0.25,0.1,more of flat,0.73,100,-0.133822101376614
published,D,CO,0.25,0.1,more of biased,0.63,100,-0.13183078062019
published,D,CO,0.25,0.1,high dropout,0.43,100,-0.128989075256168
published,D,CO,0.3,0.1,none,0.87,100,-0.159897597353959
published,D,CO,0.3,0.1,balanced,0.76,100,-0.155734044524821
published,D,CO,0.3,0.1,more of flat,0.8,100,-0.16242172587296
published,D,CO,0.3,0.1,more of biased,0.74,100,-0.158300057187915
published,D,CO,0.3,0.1,high dropout,0.52,100,-0.157620909256545
published,D,CO,0,0.2,none,0.05,100,-0.00699108097315295
published,D,CO,0,0.2,balanced,0.02,100,-0.00660289813376714
published,D,CO,0,0.2,more of flat,0.05,100,-0.00316915276448756
published,D,CO,0,0.2,more of biased,0.05,100,-0.00139813917878403
published,D,CO,0,0.2,high dropout,0.09,100,-0.00128081451444321
published,D,CO,0.25,0.2,none,0.65,100,-0.129730750222242
published,D,CO,0.25,0.2,balanced,0.59,100,-0.133651487216063
published,D,CO,0.25,0.2,more of flat,0.59,100,-0.133611543376782
published,D,CO,0.25,0.2,more of biased,0.57,100,-0.12994139490646
published,D,CO,0.25,0.2,high dropout,0.42,100,-0.125693625327993
published,D,CO,0.3,0.2,none,0.83,100,-0.148634150627769
published,D,CO,0.3,0.2,balanced,0.77,100,-0.149876261092401
published,D,CO,0.3,0.2,more of flat,0.68,100,-0.142370670029926
published,D,CO,0.3,0.2,more of biased,0.74,100,-0.14728330113369
published,D,CO,0.3,0.2,high dropout,0.43,100,-0.142115577032445
published,D,CO,0,0.5,none,0.06,100,0.00342042073103081
published,D,CO,0,0.5,balanced,0.06,100,0.00257996234864267
published,D,CO,0,0.5,more of flat,0.06,100,0.00647447157765134
published,D,CO,0,0.5,more of biased,0.06,100,0.000840359420480837
published,D,CO,0,0.5,high dropout,0.07,100,0.0104273383022267
published,D,CO,0.25,0.5,none,0.71,100,-0.128329131741075
published,D,CO,0.25,0.5,balanced,0.58,100,-0.127986520559331
published,D,CO,0.25,0.5,more of flat,0.62,100,-0.127972737284131
published,D,CO,0.25,0.5,more of biased,0.56,100,-0.124963157968012
published,D,CO,0.25,0.5,high dropout,0.42,100,-0.134080540151486
published,D,CO,0.3,0.5,none,0.87,100,-0.16027705940292
published,D,CO,0.3,0.5,balanced,0.8,100,-0.161350298158105
published,D,CO,0.3,0.5,more of flat,0.76,100,-0.159664631407132
published,D,CO,0.3,0.5,more of biased,0.76,100,-0.160558465289229
published,D,CO,0.3,0.5,high dropout,0.57,100,-0.159293076239372
published,D,CO,0,1,none,0.03,100,0.00435732549093639
published,D,CO,0,1,balanced,0.03,100,0.00517638314816627
published,D,CO,0,1,more of flat,0.01,100,0.00379969460570734
published,D,CO,0,1,more of biased,0.01,100,0.000723438543842468
published,D,CO,0,1,high dropout,0.03,100,0.0115537127234191
published,D,CO,0.25,1,none,0.77,100,-0.13179450566617
published,D,CO,0.25,1,balanced,0.61,100,-0.132968654293475
published,D,CO,0.25,1,more of flat,0.61,100,-0.137563916347103
published,D,CO,0.25,1,more of biased,0.6,100,-0.129493480041043
published,D,CO,0.25,1,high dropout,0.44,100,-0.13462326265557
published,D,CO,0.3,1,none,0.92,100,-0.161382204061005
published,D,CO,0.3,1,balanced,0.75,100,-0.16131143312605
published,D,CO,0.3,1,more of flat,0.79,100,-0.161681779091421
published,D,CO,0.3,1,more of biased,0.75,100,-0.155922254092095
published,D,CO,0.3,1,high dropout,0.54,100,-0.165265421544809
published,D,N-of-1,0,0,none,0.1,100,-0.000830197285592857
published,D,N-of-1,0,0,balanced,0.12,100,0.00229265287792861
published,D,N-of-1,0,0,more of flat,0.09,100,-0.00145420767160861
published,D,N-of-1,0,0,more of biased,0.11,100,-0.00507695533517485
published,D,N-of-1,0,0,high dropout,0.1,100,0.00400377554677311
published,D,N-of-1,0.25,0,none,0.68,100,-0.131916105335474
published,D,N-of-1,0.25,0,balanced,0.55,100,-0.129367526667728
published,D,N-of-1,0.25,0,more of flat,0.57,100,-0.12984280755806
published,D,N-of-1,0.25,0,more of biased,0.57,100,-0.128987101662563
published,D,N-of-1,0.25,0,high dropout,0.37,100,-0.132908133254152
published,D,N-of-1,0.3,0,none,0.82,100,-0.165134554433715
published,D,N-of-1,0.3,0,balanced,0.73,100,-0.160941927635603
published,D,N-of-1,0.3,0,more of flat,0.73,100,-0.166042688137413
published,D,N-of-1,0.3,0,more of biased,0.71,100,-0.16534914871258
published,D,N-of-1,0.3,0,high dropout,0.49,100,-0.169217340815079
published,D,N-of-1,0,0.1,none,0.05,100,0.00208548406554693
published,D,N-of-1,0,0.1,balanced,0.06,100,-0.00209316801986467
published,D,N-of-1,0,0.1,more of flat,0.06,100,0.00488540573138931
published,D,N-of-1,0,0.1,more of biased,0.03,100,0.00348327321731465
published,D,N-of-1,0,0.1,high dropout,0.04,100,-0.00521023045849271
published,D,N-of-1,0.25,0.1,none,0.63,100,-0.12236088197713
published,D,N-of-1,0.25,0.1,balanced,0.55,100,-0.12357955842615
published,D,N-of-1,0.25,0.1,more of flat,0.51,100,-0.118310604197493
published,D,N-of-1,0.25,0.1,more of biased,0.53,100,-0.121218247763178
published,D,N-of-1,0.25,0.1,high dropout,0.27,100,-0.115746551900804
published,D,N-of-1,0.3,0.1,none,0.83,100,-0.156095737821861
published,D,N-of-1,0.3,0.1,balanced,0.74,100,-0.155939669515316
published,D,N-of-1,0.3,0.1,more of flat,0.69,100,-0.158499800478185
published,D,N-of-1,0.3,0.1,more of biased,0.72,100,-0.157774643744261
published,D,N-of-1,0.3,0.1,high dropout,0.53,100,-0.163053362591499
published,D,N-of-1,0,0.2,none,0.09,100,0.000206503898070248
published,D,N-of-1,0,0.2,balanced,0.06,100,-0.00257263101519376
published,D,N-of-1,0,0.2,more of flat,0.08,100,0.00443283350358584
published,D,N-of-1,0,0.2,more of biased,0.08,100,-0.0015520523462105
published,D,N-of-1,0,0.2,high dropout,0.05,100,-0.00573366312132119
published,D,N-of-1,0.25,0.2,none,0.64,100,-0.124878247750781
published,D,N-of-1,0.25,0.2,balanced,0.57,100,-0.128196999696574
published,D,N-of-1,0.25,0.2,more of flat,0.57,100,-0.124780618665344
published,D,N-of-1,0.25,0.2,more of biased,0.52,100,-0.125286303559003
published,D,N-of-1,0.25,0.2,high dropout,0.37,100,-0.122854978451064
published,D,N-of-1,0.3,0.2,none,0.71,100,-0.141634546049654
published,D,N-of-1,0.3,0.2,balanced,0.58,100,-0.143988945623123
published,D,N-of-1,0.3,0.2,more of flat,0.59,100,-0.140388758941863
published,D,N-of-1,0.3,0.2,more of biased,0.63,100,-0.141617038033537
published,D,N-of-1,0.3,0.2,high dropout,0.4,100,-0.132659804049788
published,D,N-of-1,0,0.5,none,0.06,100,-0.00748221503696505
published,D,N-of-1,0,0.5,balanced,0.06,100,-0.00474773694366255
published,D,N-of-1,0,0.5,more of flat,0.07,100,-0.00917145975395998
published,D,N-of-1,0,0.5,more of biased,0.07,100,-0.00842968475941865
published,D,N-of-1,0,0.5,high dropout,0.1,100,-0.010992683008763
published,D,N-of-1,0.25,0.5,none,0.68,100,-0.132817699519679
published,D,N-of-1,0.25,0.5,balanced,0.57,100,-0.131978750578408
published,D,N-of-1,0.25,0.5,more of flat,0.62,100,-0.137403601125188
published,D,N-of-1,0.25,0.5,more of biased,0.56,100,-0.131445038246219
published,D,N-of-1,0.25,0.5,high dropout,0.4,100,-0.128500080256686
published,D,N-of-1,0.3,0.5,none,0.82,100,-0.155206626332183
published,D,N-of-1,0.3,0.5,balanced,0.7,100,-0.156712298881544
published,D,N-of-1,0.3,0.5,more of flat,0.71,100,-0.153586022766712
published,D,N-of-1,0.3,0.5,more of biased,0.69,100,-0.1543957940253
published,D,N-of-1,0.3,0.5,high dropout,0.51,100,-0.151647889305893
published,D,N-of-1,0,1,none,0.07,100,0.00375931049035503
published,D,N-of-1,0,1,balanced,0.08,100,0.00700585741139177
published,D,N-of-1,0,1,more of flat,0.09,100,0.00271562139085386
published,D,N-of-1,0,1,more of biased,0.06,100,0.00118317166162688
published,D,N-of-1,0,1,high dropout,0.05,100,0.0053044487670606
published,D,N-of-1,0.25,1,none,0.68,100,-0.136584950806868
published,D,N-of-1,0.25,1,balanced,0.57,100,-0.14087518985345
published,D,N-of-1,0.25,1,more of flat,0.59,100,-0.134253761106245
published,D,N-of-1,0.25,1,more of biased,0.58,100,-0.134604581406203
published,D,N-of-1,0.25,1,high dropout,0.42,100,-0.140511088963794
published,D,N-of-1,0.3,1,none,0.75,100,-0.154308010986498
published,D,N-of-1,0.3,1,balanced,0.66,100,-0.155533744889334
published,D,N-of-1,0.3,1,more of flat,0.67,100,-0.155704614710566
published,D,N-of-1,0.3,1,more of biased,0.62,100,-0.152335183174139
published,D,N-of-1,0.3,1,high dropout,0.51,100,-0.156745687530245
published,E,OL,0,0,none,0.1,100,-0.000256349667850154
published,E,OL,0,0,balanced,0.11,100,0.000679773487270603
published,E,OL,0,0,more of flat,0.08,100,0.000618900555389654
published,E,OL,0,0,more of biased,0.16,100,-0.000757863262011262
published,E,OL,0,0,high dropout,0.15,100,0.000640380803013392
published,E,OL,0.25,0,none,0.17,100,-0.00199322266551257
published,E,OL,0.25,0,balanced,0.19,100,-0.00261258305935165
published,E,OL,0.25,0,more of flat,0.21,100,-0.00222271490409762
published,E,OL,0.25,0,more of biased,0.18,100,-0.00260913293084982
published,E,OL,0.25,0,high dropout,0.14,100,-0.00429770198871378
published,E,OL,0.3,0,none,0.2,100,-0.00342892117948976
published,E,OL,0.3,0,balanced,0.2,100,-0.00405746960729163
published,E,OL,0.3,0,more of flat,0.2,100,-0.00414640735472584
published,E,OL,0.3,0,more of biased,0.19,100,-0.00376401077236793
published,E,OL,0.3,0,high dropout,0.23,100,-0.00580376833836744
published,E,OL,0,0.1,none,0.15,100,0.000813853008206894
published,E,OL,0,0.1,balanced,0.15,100,0.00137807215926128
published,E,OL,0,0.1,more of flat,0.17,100,0.00149370217469208
published,E,OL,0,0.1,more of biased,0.14,100,0.00159140788165524
published,E,OL,0,0.1,high dropout,0.18,100,-0.000211586743220193
published,E,OL,0.25,0.1,none,0.24,100,-0.00480654177340455
published,E,OL,0.25,0.1,balanced,0.26,100,-0.00514840008095372
published,E,OL,0.25,0.1,more of flat,0.25,100,-0.00458820552050365
published,E,OL,0.25,0.1,more of biased,0.2,100,-0.00605732553591188
published,E,OL,0.25,0.1,high dropout,0.25,100,-0.00767135462318536
published,E,OL,0.3,0.1,none,0.14,100,-0.00377400543264747
published,E,OL,0.3,0.1,balanced,0.18,100,-0.00371337487921012
published,E,OL,0.3,0.1,more of flat,0.18,100,-0.00436502149724751
published,E,OL,0.3,0.1,more of biased,0.2,100,-0.00466660266603972
published,E,OL,0.3,0.1,high dropout,0.2,100,-0.00503881302141822
published,E,OL,0,0.2,none,0.12,100,0.000400570662731389
published,E,OL,0,0.2,balanced,0.13,100,-0.00021892254651037
published,E,OL,0,0.2,more of flat,0.13,100,0.000234329231617735
published,E,OL,0,0.2,more of biased,0.12,100,0.000255011762099352
published,E,OL,0,0.2,high dropout,0.1,100,-0.00116241691920671
published,E,OL,0.25,0.2,none,0.14,100,-0.00158102011203558
published,E,OL,0.25,0.2,balanced,0.16,100,-0.00283293873139419
published,E,OL,0.25,0.2,more of flat,0.17,100,-0.00253399786196584
published,E,OL,0.25,0.2,more of biased,0.16,100,-0.00176008539053977
published,E,OL,0.25,0.2,high dropout,0.18,100,-0.00474409168823873
published,E,OL,0.3,0.2,none,0.17,100,-0.00244601682968533
published,E,OL,0.3,0.2,balanced,0.13,100,-0.0031743663404571
published,E,OL,0.3,0.2,more of flat,0.14,100,-0.00229872566675741
published,E,OL,0.3,0.2,more of biased,0.15,100,-0.00367082062079517
published,E,OL,0.3,0.2,high dropout,0.19,100,-0.00520319953951645
published,E,OL,0,0.5,none,0.13,100,-0.00067272566919446
published,E,OL,0,0.5,balanced,0.17,100,-2.45048530245283e-05
published,E,OL,0,0.5,more of flat,0.16,100,-0.000226250273723487
published,E,OL,0,0.5,more of biased,0.17,100,-6.95520872497431e-05
published,E,OL,0,0.5,high dropout,0.14,100,0.00100906840815072
published,E,OL,0.25,0.5,none,0.21,100,-0.00406500820047242
published,E,OL,0.25,0.5,balanced,0.16,100,-0.00436514467173462
published,E,OL,0.25,0.5,more of flat,0.19,100,-0.00508856521675358
published,E,OL,0.25,0.5,more of biased,0.18,100,-0.00464558364741601
published,E,OL,0.25,0.5,high dropout,0.2,100,-0.00294876245966511
published,E,OL,0.3,0.5,none,0.17,100,-0.00373158539194097
published,E,OL,0.3,0.5,balanced,0.13,100,-0.00467459035182519
published,E,OL,0.3,0.5,more of flat,0.16,100,-0.00355323386696769
published,E,OL,0.3,0.5,more of biased,0.2,100,-0.0045826082117921
published,E,OL,0.3,0.5,high dropout,0.2,100,-0.00674433804757971
published,E,OL,0,1,none,0.21,100,-0.000159169232376382
published,E,OL,0,1,balanced,0.17,100,-0.000445553533924112
published,E,OL,0,1,more of flat,0.22,100,-0.000592969308328214
published,E,OL,0,1,more of biased,0.14,100,0.000576063693168275
published,E,OL,0,1,high dropout,0.16,100,0.00122662592180576
published,E,OL,0.25,1,none,0.16,100,-0.00245954903697535
published,E,OL,0.25,1,balanced,0.15,100,-0.00238876879372573
published,E,OL,0.25,1,more of flat,0.21,100,-0.00296954576506824
published,E,OL,0.25,1,more of biased,0.18,100,-0.00287880577777988
published,E,OL,0.25,1,high dropout,0.17,100,-0.00387068955598
published,E,OL,0.3,1,none,0.22,100,-0.00285157648988204
published,E,OL,0.3,1,balanced,0.2,100,-0.0041688331642597
published,E,OL,0.3,1,more of flat,0.22,100,-0.00320034856957389
published,E,OL,0.3,1,more of biased,0.17,100,-0.00323113687077701
published,E,OL,0.3,1,high dropout,0.17,100,-0.0054301882344946
published,E,OL+BDC,0,0,none,0.09,100,0.00471176809859642
published,E,OL+BDC,0,0,balanced,0.05,100,-0.00220683739510746
published,E,OL+BDC,0,0,more of flat,0.07,100,0.00324209098969831
published,E,OL+BDC,0,0,more of biased,0.11,100,0.00965112453820906
published,E,OL+BDC,0,0,high dropout,0.09,100,-0.00712626102676552
published,E,OL+BDC,0.25,0,none,0.4,100,-0.130635976214575
published,E,OL+BDC,0.25,0,balanced,0.28,100,-0.125528394065989
published,E,OL+BDC,0.25,0,more of flat,0.35,100,-0.129526792559321
published,E,OL+BDC,0.25,0,more of biased,0.31,100,-0.124708231037242
published,E,OL+BDC,0.25,0,high dropout,0.18,100,-0.113912857333519
published,E,OL+BDC,0.3,0,none,0.45,100,-0.149212330926073
published,E,OL+BDC,0.3,0,balanced,0.35,100,-0.140268750581506
published,E,OL+BDC,0.3,0,more of flat,0.38,100,-0.150379018757957
published,E,OL+BDC,0.3,0,more of biased,0.39,100,-0.144845012504289
published,E,OL+BDC,0.3,0,high dropout,0.26,100,-0.140354695007855
published,E,OL+BDC,0,0.1,none,0.13,100,-0.0159462047711758
published,E,OL+BDC,0,0.1,balanced,0.1,100,-0.0109657270429144
published,E,OL+BDC,0,0.1,more of flat,0.07,100,-0.0073034612358631
published,E,OL+BDC,0,0.1,more of biased,0.1,100,-0.020811010321641
published,E,OL+BDC,0,0.1,high dropout,0.11,100,-0.0125488612912066
published,E,OL+BDC,0.25,0.1,none,0.43,100,-0.131431794975781
published,E,OL+BDC,0.25,0.1,balanced,0.34,100,-0.134545408375023
published,E,OL+BDC,0.25,0.1,more of flat,0.34,100,-0.129128803464765
published,E,OL+BDC,0.25,0.1,more of biased,0.32,100,-0.124277893304526
published,E,OL+BDC,0.25,0.1,high dropout,0.23,100,-0.129584714370996
published,E,OL+BDC,0.3,0.1,none,0.53,100,-0.152520948534483
published,E,OL+BDC,0.3,0.1,balanced,0.35,100,-0.143605629033611
published,E,OL+BDC,0.3,0.1,more of flat,0.37,100,-0.141136240134777
published,E,OL+BDC,0.3,0.1,more of biased,0.39,100,-0.146691743013615
published,E,OL+BDC,0.3,0.1,high dropout,0.21,100,-0.130415071214935
published,E,OL+BDC,0,0.2,none,0.12,100,-0.00295974708675192
published,E,OL+BDC,0,0.2,balanced,0.07,100,0.00619977752339093
published,E,OL+BDC,0,0.2,more of flat,0.08,100,0.00285400327333428
published,E,OL+BDC,0,0.2,more of biased,0.09,100,-0.0117154884206846
published,E,OL+BDC,0,0.2,high dropout,0.08,100,-0.00999543480763504
published,E,OL+BDC,0.25,0.2,none,0.51,100,-0.155197193651351
published,E,OL+BDC,0.25,0.2,balanced,0.49,100,-0.15188911107829
published,E,OL+BDC,0.25,0.2,more of flat,0.41,100,-0.159515878963365
published,E,OL+BDC,0.25,0.2,more of biased,0.39,100,-0.147554338602995
published,E,OL+BDC,0.25,0.2,high dropout,0.22,100,-0.145007535884615
published,E,OL+BDC,0.3,0.2,none,0.47,100,-0.144370990621715
published,E,OL+BDC,0.3,0.2,balanced,0.39,100,-0.151834211990358
published,E,OL+BDC,0.3,0.2,more of flat,0.34,100,-0.137579589044266
published,E,OL+BDC,0.3,0.2,more of biased,0.29,100,-0.13455474227424
published,E,OL+BDC,0.3,0.2,high dropout,0.23,100,-0.134110207978253
published,E,OL+BDC,0,0.5,none,0.12,100,0.00292973375858568
published,E,OL+BDC,0,0.5,balanced,0.13,100,-0.00197756430609095
published,E,OL+BDC,0,0.5,more of flat,0.14,100,-0.00178923845483893
published,E,OL+BDC,0,0.5,more of biased,0.09,100,-0.000598511668690233
published,E,OL+BDC,0,0.5,high dropout,0.09,100,0.00133796373830517
published,E,OL+BDC,0.25,0.5,none,0.44,100,-0.138794562745112
published,E,OL+BDC,0.25,0.5,balanced,0.27,100,-0.127486391576509
published,E,OL+BDC,0.25,0.5,more of flat,0.38,100,-0.141360041367991
published,E,OL+BDC,0.25,0.5,more of biased,0.3,100,-0.131795996928377
published,E,OL+BDC,0.25,0.5,high dropout,0.16,100,-0.134205436339466
published,E,OL+BDC,0.3,0.5,none,0.57,100,-0.164882498156695
published,E,OL+BDC,0.3,0.5,balanced,0.41,100,-0.161619603095703
published,E,OL+BDC,0.3,0.5,more of flat,0.38,100,-0.162373721931899
published,E,OL+BDC,0.3,0.5,more of biased,0.48,100,-0.163840941457043
published,E,OL+BDC,0.3,0.5,high dropout,0.28,100,-0.15231034078987
published,E,OL+BDC,0,1,none,0.11,100,0.00751658958867944
published,E,OL+BDC,0,1,balanced,0.11,100,0.00210661989940811
published,E,OL+BDC,0,1,more of flat,0.06,100,0.00369283341613606
published,E,OL+BDC,0,1,more of biased,0.08,100,0.00473886079606958
published,E,OL+BDC,0,1,high dropout,0.06,100,0.0104713012636713
published,E,OL+BDC,0.25,1,none,0.42,100,-0.138917244970275
published,E,OL+BDC,0.25,1,balanced,0.3,100,-0.129100337938397
published,E,OL+BDC,0.25,1,more of flat,0.37,100,-0.135403423380178
published,E,OL+BDC,0.25,1,more of biased,0.35,100,-0.140461003989148
published,E,OL+BDC,0.25,1,high dropout,0.21,100,-0.139816905349345
published,E,OL+BDC,0.3,1,none,0.46,100,-0.143505968353787
published,E,OL+BDC,0.3,1,balanced,0.35,100,-0.137713866342845
published,E,OL+BDC,0.3,1,more of flat,0.36,100,-0.139395408907484
published,E,OL+BDC,0.3,1,more of biased,0.36,100,-0.141214420157697
published,E,OL+BDC,0.3,1,high dropout,0.25,100,-0.145300201104548
published,E,CO,0,0,none,0.21,100,0.00120947235267665
published,E,CO,0,0,balanced,0.17,100,0.0112046305071271
published,E,CO,0,0,more of flat,0.17,100,0.00888218031038647
published,E,CO,0,0,more of biased,0.21,100,0.000488174191855983
published,E,CO,0,0,high dropout,0.2,100,-0.00133805369410754
published,E,CO,0.25,0,none,0.34,100,-0.105311365099711
published,E,CO,0.25,0,balanced,0.27,100,-0.103533563285091
published,E,CO,0.25,0,more of flat,0.34,100,-0.102386472390684
published,E,CO,0.25,0,more of biased,0.28,100,-0.102567823673395
published,E,CO,0.25,0,high dropout,0.26,100,-0.111753329710915
published,E,CO,0.3,0,none,0.59,100,-0.163151556868341
published,E,CO,0.3,0,balanced,0.58,100,-0.164417498812553
published,E,CO,0.3,0,more of flat,0.54,100,-0.176577709453055
published,E,CO,0.3,0,more of biased,0.53,100,-0.170549753499211
published,E,CO,0.3,0,high dropout,0.43,100,-0.163575812048507
published,E,CO,0,0.1,none,0.1,100,0.0245054885769162
published,E,CO,0,0.1,balanced,0.12,100,0.0248418693659394
published,E,CO,0,0.1,more of flat,0.13,100,0.0363371221657566
published,E,CO,0,0.1,more of biased,0.15,100,0.0190951350803961
published,E,CO,0,0.1,high dropout,0.14,100,0.0348583309160586
published,E,CO,0.25,0.1,none,0.49,100,-0.128216030113706
published,E,CO,0.25,0.1,balanced,0.44,100,-0.120592656560036
published,E,CO,0.25,0.1,more of flat,0.43,100,-0.126315170173823
published,E,CO,0.25,0.1,more of biased,0.44,100,-0.125186658238739
published,E,CO,0.25,0.1,high dropout,0.36,100,-0.136272956676685
published,E,CO,0.3,0.1,none,0.53,100,-0.148874742057158
published,E,CO,0.3,0.1,balanced,0.44,100,-0.148091100009681
published,E,CO,0.3,0.1,more of flat,0.51,100,-0.160948414959692
published,E,CO,0.3,0.1,more of biased,0.45,100,-0.149851729906069
published,E,CO,0.3,0.1,high dropout,0.41,100,-0.146385163168878
published,E,CO,0,0.2,none,0.23,100,-0.0128937335471061
published,E,CO,0,0.2,balanced,0.18,100,-0.0208825298629624
published,E,CO,0,0.2,more of flat,0.18,100,-0.00442753512472813
published,E,CO,0,0.2,more of biased,0.19,100,-0.015034744716724
published,E,CO,0,0.2,high dropout,0.22,100,-0.0260013565875972
published,E,CO,0.25,0.2,none,0.47,100,-0.124759947579688
published,E,CO,0.25,0.2,balanced,0.45,100,-0.127046638133594
published,E,CO,0.25,0.2,more of flat,0.46,100,-0.127321435128157
published,E,CO,0.25,0.2,more of biased,0.38,100,-0.128578561597339
published,E,CO,0.25,0.2,high dropout,0.37,100,-0.111173416767912
published,E,CO,0.3,0.2,none,0.61,100,-0.165940398227317
published,E,CO,0.3,0.2,balanced,0.55,100,-0.160849213978345
published,E,CO,0.3,0.2,more of flat,0.54,100,-0.166145483267476
published,E,CO,0.3,0.2,more of biased,0.43,100,-0.145796896589375
published,E,CO,0.3,0.2,high dropout,0.45,100,-0.147927856974855
published,E,CO,0,0.5,none,0.21,100,-0.0165492199418798
published,E,CO,0,0.5,balanced,0.19,100,-0.00500970467560954
published,E,CO,0,0.5,more of flat,0.24,100,-0.0172131206420935
published,E,CO,0,0.5,more of biased,0.18,100,-0.0092451685531575
published,E,CO,0,0.5,high dropout,0.16,100,-0.00900841770407108
published,E,CO,0.25,0.5,none,0.42,100,-0.12331085357396
published,E,CO,0.25,0.5,balanced,0.41,100,-0.128646388796484
published,E,CO,0.25,0.5,more of flat,0.41,100,-0.121835623232591
published,E,CO,0.25,0.5,more of biased,0.37,100,-0.115064991481745
published,E,CO,0.25,0.5,high dropout,0.32,100,-0.113365992686156
published,E,CO,0.3,0.5,none,0.55,100,-0.147250124820664
published,E,CO,0.3,0.5,balanced,0.49,100,-0.147413064147341
published,E,CO,0.3,0.5,more of flat,0.52,100,-0.151839270137636
published,E,CO,0.3,0.5,more of biased,0.48,100,-0.146354103845768
published,E,CO,0.3,0.5,high dropout,0.35,100,-0.137848743184331
published,E,CO,0,1,none,0.17,100,0.0028698002971678
published,E,CO,0,1,balanced,0.15,100,0.00695778179714873
published,E,CO,0,1,more of flat,0.14,100,-0.00614005700206331
published,E,CO,0,1,more of biased,0.13,100,-0.0083109970853843
published,E,CO,0,1,high dropout,0.16,100,-0.00940120418035033
published,E,CO,0.25,1,none,0.56,100,-0.140612578362513
published,E,CO,0.25,1,balanced,0.48,100,-0.142496139683794
published,E,CO,0.25,1,more of flat,0.42,100,-0.126030769930515
published,E,CO,0.25,1,more of biased,0.47,100,-0.137885020377003
published,E,CO,0.25,1,high dropout,0.37,100,-0.12762422972765
published,E,CO,0.3,1,none,0.48,100,-0.127457364622878
published,E,CO,0.3,1,balanced,0.46,100,-0.121885903233167
published,E,CO,0.3,1,more of flat,0.38,100,-0.123363836588046
published,E,CO,0.3,1,more of biased,0.44,100,-0.12804040893922
published,E,CO,0.3,1,high dropout,0.29,100,-0.116256071625706
published,E,N-of-1,0,0,none,0.05,100,-0.00219693218635047
published,E,N-of-1,0,0,balanced,0.05,100,-0.00281470418835333
published,E,N-of-1,0,0,more of flat,0.07,100,-0.00215805512386385
published,E,N-of-1,0,0,more of biased,0.05,100,-0.00341319972441714
published,E,N-of-1,0,0,high dropout,0.03,100,-0.0133996903530276
published,E,N-of-1,0.25,0,none,0.48,100,-0.129400894868886
published,E,N-of-1,0.25,0,balanced,0.41,100,-0.134305024086965
published,E,N-of-1,0.25,0,more of flat,0.45,100,-0.142123382935172
published,E,N-of-1,0.25,0,more of biased,0.37,100,-0.131734127861964
published,E,N-of-1,0.25,0,high dropout,0.32,100,-0.135007856555763
published,E,N-of-1,0.3,0,none,0.63,100,-0.162161811559873
published,E,N-of-1,0.3,0,balanced,0.59,100,-0.164854017201013
published,E,N-of-1,0.3,0,more of flat,0.48,100,-0.16169475358885
published,E,N-of-1,0.3,0,more of biased,0.54,100,-0.158590819910351
published,E,N-of-1,0.3,0,high dropout,0.33,100,-0.149473618960782
published,E,N-of-1,0,0.1,none,0.08,100,0.0122084401711716
published,E,N-of-1,0,0.1,balanced,0.07,100,0.0196506365337005
published,E,N-of-1,0,0.1,more of flat,0.1,100,0.00489859341150695
published,E,N-of-1,0,0.1,more of biased,0.11,100,0.0162155406166583
published,E,N-of-1,0,0.1,high dropout,0.09,100,0.0130950600376653
published,E,N-of-1,0.25,0.1,none,0.52,100,-0.139506248120674
published,E,N-of-1,0.25,0.1,balanced,0.44,100,-0.136780031592519
published,E,N-of-1,0.25,0.1,more of flat,0.48,100,-0.140206671456901
published,E,N-of-1,0.25,0.1,more of biased,0.42,100,-0.138126920878337
published,E,N-of-1,0.25,0.1,high dropout,0.26,100,-0.132616701997139
published,E,N-of-1,0.3,0.1,none,0.55,100,-0.156849472937225
published,E,N-of-1,0.3,0.1,balanced,0.44,100,-0.155268554732316
published,E,N-of-1,0.3,0.1,more of flat,0.51,100,-0.164240954802306
published,E,N-of-1,0.3,0.1,more of biased,0.42,100,-0.151136756876313
published,E,N-of-1,0.3,0.1,high dropout,0.34,100,-0.152819344232981
published,E,N-of-1,0,0.2,none,0.07,100,0.0120275674006888
published,E,N-of-1,0,0.2,balanced,0.06,100,0.0113105133297558
published,E,N-of-1,0,0.2,more of flat,0.07,100,0.00587032934957791
published,E,N-of-1,0,0.2,more of biased,0.05,100,0.0102266919509464
published,E,N-of-1,0,0.2,high dropout,0.09,100,0.0162758387484003
published,E,N-of-1,0.25,0.2,none,0.38,100,-0.11897534367132
published,E,N-of-1,0.25,0.2,balanced,0.37,100,-0.119933975143552
published,E,N-of-1,0.25,0.2,more of flat,0.35,100,-0.118882162177678
published,E,N-of-1,0.25,0.2,more of biased,0.37,100,-0.126955852065467
published,E,N-of-1,0.25,0.2,high dropout,0.22,100,-0.118860289172547
published,E,N-of-1,0.3,0.2,none,0.57,100,-0.161657215199073
published,E,N-of-1,0.3,0.2,balanced,0.49,100,-0.159264049455497
published,E,N-of-1,0.3,0.2,more of flat,0.49,100,-0.164575101460208
published,E,N-of-1,0.3,0.2,more of biased,0.5,100,-0.158718012925476
published,E,N-of-1,0.3,0.2,high dropout,0.36,100,-0.146616232294593
published,E,N-of-1,0,0.5,none,0.05,100,0.0100065022343848
published,E,N-of-1,0,0.5,balanced,0.11,100,0.0093891501471742
published,E,N-of-1,0,0.5,more of flat,0.05,100,0.011791849056757
published,E,N-of-1,0,0.5,more of biased,0.07,100,0.00820832415973935
published,E,N-of-1,0,0.5,high dropout,0.08,100,0.00636640951229996
published,E,N-of-1,0.25,0.5,none,0.45,100,-0.134067981304433
published,E,N-of-1,0.25,0.5,balanced,0.43,100,-0.140410921711846
published,E,N-of-1,0.25,0.5,more of flat,0.43,100,-0.135820171084432
published,E,N-of-1,0.25,0.5,more of biased,0.43,100,-0.13811759448229
published,E,N-of-1,0.25,0.5,high dropout,0.31,100,-0.130123629725417
published,E,N-of-1,0.3,0.5,none,0.6,100,-0.163816937287396
published,E,N-of-1,0.3,0.5,balanced,0.55,100,-0.163193428879155
published,E,N-of-1,0.3,0.5,more of flat,0.58,100,-0.1615157502561
published,E,N-of-1,0.3,0.5,more of biased,0.57,100,-0.164220694016355
published,E,N-of-1,0.3,0.5,high dropout,0.5,100,-0.17534842057002
published,E,N-of-1,0,1,none,0.06,100,-0.00870845714237466
published,E,N-of-1,0,1,balanced,0.06,100,-0.00210995393279358
published,E,N-of-1,0,1,more of flat,0.09,100,-0.00346518697651609
published,E,N-of-1,0,1,more of biased,0.06,100,-0.00912061045519775
published,E,N-of-1,0,1,high dropout,0.08,100,-0.0057564123902041
published,E,N-of-1,0.25,1,none,0.34,100,-0.117680316226546
published,E,N-of-1,0.25,1,balanced,0.3,100,-0.118749044926473
published,E,N-of-1,0.25,1,more of flat,0.32,100,-0.11453036933101
published,E,N-of-1,0.25,1,more of biased,0.35,100,-0.117454067900121
published,E,N-of-1,0.25,1,high dropout,0.27,100,-0.121208641710661
published,E,N-of-1,0.3,1,none,0.63,100,-0.162143030947338
published,E,N-of-1,0.3,1,balanced,0.54,100,-0.159722892120434
published,E,N-of-1,0.3,1,more of flat,0.56,100,-0.158440280164229
published,E,N-of-1,0.3,1,more of biased,0.54,100,-0.163490231707589
published,E,N-of-1,0.3,1,high dropout,0.39,100,-0.165468608725756
published,F,OL,0,0,none,0.09,100,-0.000220379869170527
published,F,OL,0,0,balanced,0.07,100,0.0010452432141985
published,F,OL,0,0,more of flat,0.09,100,0.000672560882253451
published,F,OL,0,0,more of biased,0.11,100,-0.000114994500904971
published,F,OL,0,0,high dropout,0.14,100,0.000433130839725974
published,F,OL,0.25,0,none,0.12,100,-0.00178478359979491
published,F,OL,0.25,0,balanced,0.09,100,-0.00212894392762872
published,F,OL,0.25,0,more of flat,0.11,100,-0.00276864442981843
published,F,OL,0.25,0,more of biased,0.12,100,-0.00259355092894679
published,F,OL,0.25,0,high dropout,0.13,100,-0.00565267207225372
published,F,OL,0.3,0,none,0.22,100,-0.0044248171931215
published,F,OL,0.3,0,balanced,0.17,100,-0.00483997557014253
published,F,OL,0.3,0,more of flat,0.17,100,-0.00460750195222862
published,F,OL,0.3,0,more of biased,0.22,100,-0.00422795502070559
published,F,OL,0.3,0,high dropout,0.18,100,-0.00592170099706132
published,F,OL,0,0.1,none,0.12,100,0.000696570890684533
published,F,OL,0,0.1,balanced,0.17,100,0.00130824855999557
published,F,OL,0,0.1,more of flat,0.09,100,0.00119092771008521
published,F,OL,0,0.1,more of biased,0.09,100,0.000877012392882177
published,F,OL,0,0.1,high dropout,0.15,100,-0.00065573028727194
published,F,OL,0.25,0.1,none,0.15,100,-0.00224080608968817
published,F,OL,0.25,0.1,balanced,0.16,100,-0.00220931006737747
published,F,OL,0.25,0.1,more of flat,0.21,100,-0.00263184860720785
published,F,OL,0.25,0.1,more of biased,0.18,100,-0.00305421483662401
published,F,OL,0.25,0.1,high dropout,0.18,100,-0.00128149941086978
published,F,OL,0.3,0.1,none,0.13,100,-0.00401552799014934
published,F,OL,0.3,0.1,balanced,0.16,100,-0.0049094297265704
published,F,OL,0.3,0.1,more of flat,0.13,100,-0.00408606482379357
published,F,OL,0.3,0.1,more of biased,0.15,100,-0.00496811471225401
published,F,OL,0.3,0.1,high dropout,0.16,100,-0.00591450665892306
published,F,OL,0,0.2,none,0.11,100,0.000378715165667139
published,F,OL,0,0.2,balanced,0.1,100,-0.000208686979312827
published,F,OL,0,0.2,more of flat,0.13,100,1.26890379353051e-05
published,F,OL,0,0.2,more of biased,0.11,100,0.000777060410252792
published,F,OL,0,0.2,high dropout,0.09,100,-0.000757550597765357
published,F,OL,0.25,0.2,none,0.16,100,-0.00366136938316206
published,F,OL,0.25,0.2,balanced,0.14,100,-0.00353331563898414
published,F,OL,0.25,0.2,more of flat,0.12,100,-0.00320967609685266
published,F,OL,0.25,0.2,more of biased,0.16,100,-0.00453349167820997
published,F,OL,0.25,0.2,high dropout,0.17,100,-0.00699462387027006
published,F,OL,0.3,0.2,none,0.18,100,-0.00442091311679956
published,F,OL,0.3,0.2,balanced,0.19,100,-0.00587624393385968
published,F,OL,0.3,0.2,more of flat,0.15,100,-0.00462310209899318
published,F,OL,0.3,0.2,more of biased,0.16,100,-0.00460223611099838
published,F,OL,0.3,0.2,high dropout,0.21,100,-0.00531003070012815
published,F,OL,0,0.5,none,0.12,100,-0.000661787038325838
published,F,OL,0,0.5,balanced,0.11,100,-0.000167579829843495
published,F,OL,0,0.5,more of flat,0.17,100,-0.000375617067765797
published,F,OL,0,0.5,more of biased,0.17,100,6.19832023548596e-05
published,F,OL,0,0.5,high dropout,0.15,100,0.000314740897648351
published,F,OL,0.25,0.5,none,0.13,100,-0.002950521116056
published,F,OL,0.25,0.5,balanced,0.09,100,-0.00327317279621294
published,F,OL,0.25,0.5,more of flat,0.15,100,-0.00410315830657083
published,F,OL,0.25,0.5,more of biased,0.11,100,-0.00355335305483173
published,F,OL,0.25,0.5,high dropout,0.17,100,-0.00452284667665382
published,F,OL,0.3,0.5,none,0.14,100,-0.00445876442105175
published,F,OL,0.3,0.5,balanced,0.14,100,-0.00489028041192785
published,F,OL,0.3,0.5,more of flat,0.23,100,-0.00605561357764218
published,F,OL,0.3,0.5,more of biased,0.17,100,-0.00478861539204999
published,F,OL,0.3,0.5,high dropout,0.15,100,-0.00684809142830963
published,F,OL,0,1,none,0.17,100,-0.000105452640237696
published,F,OL,0,1,balanced,0.15,100,-0.000292792223163516
published,F,OL,0,1,more of flat,0.2,100,-0.00104583840971416
published,F,OL,0,1,more of biased,0.14,100,9.61660026121681e-05
published,F,OL,0,1,high dropout,0.14,100,0.000752516185372543
published,F,OL,0.25,1,none,0.16,100,-0.0032810980658119
published,F,OL,0.25,1,balanced,0.16,100,-0.00345572549904203
published,F,OL,0.25,1,more of flat,0.22,100,-0.00394627591840587
published,F,OL,0.25,1,more of biased,0.13,100,-0.00376252927020646
published,F,OL,0.25,1,high dropout,0.13,100,-0.00485029736771253
published,F,OL,0.3,1,none,0.19,100,-0.00186557859958215
published,F,OL,0.3,1,balanced,0.17,100,-0.00282052051481253
published,F,OL,0.3,1,more of flat,0.15,100,-0.00248326948667191
published,F,OL,0.3,1,more of biased,0.15,100,-0.00246724045658453
published,F,OL,0.3,1,high dropout,0.12,100,-0.00478652253622959
published,F,OL+BDC,0,0,none,0.09,100,-0.0140963314786146
published,F,OL+BDC,0,0,balanced,0.1,100,-0.0164012385340601
published,F,OL+BDC,0,0,more of flat,0.09,100,-0.00819388947396086
published,F,OL+BDC,0,0,more of biased,0.11,100,-0.0128294886472987
published,F,OL+BDC,0,0,high dropout,0.06,100,-0.0164356082233613
published,F,OL+BDC,0.25,0,none,0.4,100,-0.130927450388256
published,F,OL+BDC,0.25,0,balanced,0.27,100,-0.130604787766298
published,F,OL+BDC,0.25,0,more of flat,0.35,100,-0.126900953276797
published,F,OL+BDC,0.25,0,more of biased,0.39,100,-0.135957860387987
published,F,OL+BDC,0.25,0,high dropout,0.24,100,-0.134749131654176
published,F,OL+BDC,0.3,0,none,0.44,100,-0.141164285998736
published,F,OL+BDC,0.3,0,balanced,0.4,100,-0.139880753851673
published,F,OL+BDC,0.3,0,more of flat,0.35,100,-0.14074007703154
published,F,OL+BDC,0.3,0,more of biased,0.4,100,-0.140617702397448
published,F,OL+BDC,0.3,0,high dropout,0.27,100,-0.128550555575719
published,F,OL+BDC,0,0.1,none,0.07,100,0.0225153771889918
published,F,OL+BDC,0,0.1,balanced,0.09,100,0.0316201457026212
published,F,OL+BDC,0,0.1,more of flat,0.06,100,0.0190476163477254
published,F,OL+BDC,0,0.1,more of biased,0.1,100,0.0297130117832075
published,F,OL+BDC,0,0.1,high dropout,0.08,100,0.0208805253536187
published,F,OL+BDC,0.25,0.1,none,0.45,100,-0.130939517503464
published,F,OL+BDC,0.25,0.1,balanced,0.38,100,-0.140792823630037
published,F,OL+BDC,0.25,0.1,more of flat,0.32,100,-0.135388288887788
published,F,OL+BDC,0.25,0.1,more of biased,0.32,100,-0.13644211554069
published,F,OL+BDC,0.25,0.1,high dropout,0.17,100,-0.121723027454771
published,F,OL+BDC,0.3,0.1,none,0.52,100,-0.171733620805416
published,F,OL+BDC,0.3,0.1,balanced,0.5,100,-0.170894236530031
published,F,OL+BDC,0.3,0.1,more of flat,0.47,100,-0.179456059028921
published,F,OL+BDC,0.3,0.1,more of biased,0.49,100,-0.170182310208548
published,F,OL+BDC,0.3,0.1,high dropout,0.29,100,-0.163048635458195
published,F,OL+BDC,0,0.2,none,0.03,100,-0.00931927196038393
published,F,OL+BDC,0,0.2,balanced,0.05,100,-0.00731610779531015
published,F,OL+BDC,0,0.2,more of flat,0.03,100,-0.00511719905892602
published,F,OL+BDC,0,0.2,more of biased,0.01,100,-0.00245403496572435
published,F,OL+BDC,0,0.2,high dropout,0.04,100,-0.00451640427101661
published,F,OL+BDC,0.25,0.2,none,0.35,100,-0.121784488468538
published,F,OL+BDC,0.25,0.2,balanced,0.25,100,-0.112866245247936
published,F,OL+BDC,0.25,0.2,more of flat,0.36,100,-0.120362817497033
published,F,OL+BDC,0.25,0.2,more of biased,0.29,100,-0.11481853988071
published,F,OL+BDC,0.25,0.2,high dropout,0.21,100,-0.120800148300113
published,F,OL+BDC,0.3,0.2,none,0.57,100,-0.159796286515284
published,F,OL+BDC,0.3,0.2,balanced,0.47,100,-0.1588047945322
published,F,OL+BDC,0.3,0.2,more of flat,0.48,100,-0.156464036831198
published,F,OL+BDC,0.3,0.2,more of biased,0.5,100,-0.169323201273116
published,F,OL+BDC,0.3,0.2,high dropout,0.3,100,-0.164827052831546
published,F,OL+BDC,0,0.5,none,0.09,100,0.0118962847984627
published,F,OL+BDC,0,0.5,balanced,0.08,100,0.00546525946334269
published,F,OL+BDC,0,0.5,more of flat,0.09,100,0.00649304307736236
published,F,OL+BDC,0,0.5,more of biased,0.05,100,0.0120311051586798
published,F,OL+BDC,0,0.5,high dropout,0.06,100,0.0121336072415064
published,F,OL+BDC,0.25,0.5,none,0.27,100,-0.107196788556544
published,F,OL+BDC,0.25,0.5,balanced,0.2,100,-0.109102164770356
published,F,OL+BDC,0.25,0.5,more of flat,0.21,100,-0.105852256340231
published,F,OL+BDC,0.25,0.5,more of biased,0.24,100,-0.111056342834449
published,F,OL+BDC,0.25,0.5,high dropout,0.13,100,-0.113967798645913
published,F,OL+BDC,0.3,0.5,none,0.47,100,-0.153357244738388
published,F,OL+BDC,0.3,0.5,balanced,0.36,100,-0.147011406659384
published,F,OL+BDC,0.3,0.5,more of flat,0.47,100,-0.154711499638608
published,F,OL+BDC,0.3,0.5,more of biased,0.43,100,-0.16142570277351
published,F,OL+BDC,0.3,0.5,high dropout,0.19,100,-0.144261349040232
published,F,OL+BDC,0,1,none,0.07,100,-0.0135569239197823
published,F,OL+BDC,0,1,balanced,0.08,100,-0.0214740317369421
published,F,OL+BDC,0,1,more of flat,0.06,100,-0.017974259380784
published,F,OL+BDC,0,1,more of biased,0.08,100,-0.0134851825620773
published,F,OL+BDC,0,1,high dropout,0.04,100,-0.0196699384155211
published,F,OL+BDC,0.25,1,none,0.27,100,-0.0945102556372095
published,F,OL+BDC,0.25,1,balanced,0.2,100,-0.104489992876963
published,F,OL+BDC,0.25,1,more of flat,0.2,100,-0.0902209307956366
published,F,OL+BDC,0.25,1,more of biased,0.26,100,-0.10159515007423
published,F,OL+BDC,0.25,1,high dropout,0.13,100,-0.0999013939285047
published,F,OL+BDC,0.3,1,none,0.33,100,-0.128309854239751
published,F,OL+BDC,0.3,1,balanced,0.32,100,-0.139531019501997
published,F,OL+BDC,0.3,1,more of flat,0.32,100,-0.138798888702362
published,F,OL+BDC,0.3,1,more of biased,0.32,100,-0.140742926178238
published,F,OL+BDC,0.3,1,high dropout,0.19,100,-0.145170306543601
published,F,CO,0,0,none,0.14,100,0.00157571685326569
published,F,CO,0,0,balanced,0.15,100,-0.00283844866263961
published,F,CO,0,0,more of flat,0.16,100,-0.00438735239433072
published,F,CO,0,0,more of biased,0.14,100,-0.00175625331072125
published,F,CO,0,0,high dropout,0.15,100,0.022872988424855
published,F,CO,0.25,0,none,0.53,100,-0.145276902261726
published,F,CO,0.25,0,balanced,0.42,100,-0.142230744237495
published,F,CO,0.25,0,more of flat,0.47,100,-0.142140533647414
published,F,CO,0.25,0,more of biased,0.47,100,-0.142185206228239
published,F,CO,0.25,0,high dropout,0.34,100,-0.136791033852005
published,F,CO,0.3,0,none,0.62,100,-0.169779098018011
published,F,CO,0.3,0,balanced,0.55,100,-0.175061859006291
published,F,CO,0.3,0,more of flat,0.5,100,-0.161845088902924
published,F,CO,0.3,0,more of biased,0.47,100,-0.156061835143291
published,F,CO,0.3,0,high dropout,0.47,100,-0.185661579623755
published,F,CO,0,0.1,none,0.12,100,-0.0161657927219208
published,F,CO,0,0.1,balanced,0.17,100,-0.0201659020455107
published,F,CO,0,0.1,more of flat,0.15,100,-0.0253207864866732
published,F,CO,0,0.1,more of biased,0.12,100,-0.0139566274084264
published,F,CO,0,0.1,high dropout,0.16,100,-0.0178001619932593
published,F,CO,0.25,0.1,none,0.49,100,-0.139730361942376
published,F,CO,0.25,0.1,balanced,0.41,100,-0.141871471525952
published,F,CO,0.25,0.1,more of flat,0.38,100,-0.13338010064731
published,F,CO,0.25,0.1,more of biased,0.4,100,-0.140947835777445
published,F,CO,0.25,0.1,high dropout,0.32,100,-0.133591632362727
published,F,CO,0.3,0.1,none,0.5,100,-0.160067641727147
published,F,CO,0.3,0.1,balanced,0.44,100,-0.150877571889662
published,F,CO,0.3,0.1,more of flat,0.42,100,-0.154454254498553
published,F,CO,0.3,0.1,more of biased,0.49,100,-0.160174968325164
published,F,CO,0.3,0.1,high dropout,0.33,100,-0.144936431927288
published,F,CO,0,0.2,none,0.24,100,0.0110440697068786
published,F,CO,0,0.2,balanced,0.24,100,0.0219514336853886
published,F,CO,0,0.2,more of flat,0.2,100,-0.000429487336271933
published,F,CO,0,0.2,more of biased,0.24,100,0.0134979468177764
published,F,CO,0,0.2,high dropout,0.21,100,0.00697979449641058
published,F,CO,0.25,0.2,none,0.5,100,-0.13999922029223
published,F,CO,0.25,0.2,balanced,0.37,100,-0.128997018267025
published,F,CO,0.25,0.2,more of flat,0.39,100,-0.136276724516162
published,F,CO,0.25,0.2,more of biased,0.44,100,-0.142113359758297
published,F,CO,0.25,0.2,high dropout,0.37,100,-0.149683064430473
published,F,CO,0.3,0.2,none,0.6,100,-0.169120203470658
published,F,CO,0.3,0.2,balanced,0.56,100,-0.175065684791284
published,F,CO,0.3,0.2,more of flat,0.5,100,-0.165442678181791
published,F,CO,0.3,0.2,more of biased,0.54,100,-0.170610562591402
published,F,CO,0.3,0.2,high dropout,0.44,100,-0.186875037414218
published,F,CO,0,0.5,none,0.11,100,0.00343878402650301
published,F,CO,0,0.5,balanced,0.13,100,-0.00128684614490283
published,F,CO,0,0.5,more of flat,0.16,100,0.0013488215550975
published,F,CO,0,0.5,more of biased,0.14,100,0.00465349917848644
published,F,CO,0,0.5,high dropout,0.18,100,-0.0129727683142563
published,F,CO,0.25,0.5,none,0.4,100,-0.127735000700848
published,F,CO,0.25,0.5,balanced,0.41,100,-0.126544123173722
published,F,CO,0.25,0.5,more of flat,0.39,100,-0.132995074706272
published,F,CO,0.25,0.5,more of biased,0.4,100,-0.135584335120914
published,F,CO,0.25,0.5,high dropout,0.24,100,-0.129066890240687
published,F,CO,0.3,0.5,none,0.6,100,-0.169305865895384
published,F,CO,0.3,0.5,balanced,0.51,100,-0.168737207436166
published,F,CO,0.3,0.5,more of flat,0.5,100,-0.167828226209106
published,F,CO,0.3,0.5,more of biased,0.54,100,-0.169503817230924
published,F,CO,0.3,0.5,high dropout,0.4,100,-0.157186734696596
published,F,CO,0,1,none,0.13,100,0.00419556519315921
published,F,CO,0,1,balanced,0.15,100,0.00046344603446686
published,F,CO,0,1,more of flat,0.11,100,0.0110413471802116
published,F,CO,0,1,more of biased,0.11,100,0.00957956666182584
published,F,CO,0,1,high dropout,0.08,100,0.00233575296782431
published,F,CO,0.25,1,none,0.35,100,-0.12082250931946
published,F,CO,0.25,1,balanced,0.36,100,-0.126577373613317
published,F,CO,0.25,1,more of flat,0.39,100,-0.125583216597596
published,F,CO,0.25,1,more of biased,0.35,100,-0.116252844298837
published,F,CO,0.25,1,high dropout,0.28,100,-0.115245698651607
published,F,CO,0.3,1,none,0.62,100,-0.16569638239516
published,F,CO,0.3,1,balanced,0.49,100,-0.167418964124383
published,F,CO,0.3,1,more of flat,0.52,100,-0.17652378014867
published,F,CO,0.3,1,more of biased,0.46,100,-0.159015396418096
published,F,CO,0.3,1,high dropout,0.34,100,-0.158125841069753
published,F,N-of-1,0,0,none,0.08,100,-0.00129178308243852
published,F,N-of-1,0,0,balanced,0.1,100,-0.00169850384011175
published,F,N-of-1,0,0,more of flat,0.08,100,-0.000528787425183302
published,F,N-of-1,0,0,more of biased,0.09,100,0.00731336744027673
published,F,N-of-1,0,0,high dropout,0.07,100,-0.00375548801900829
published,F,N-of-1,0.25,0,none,0.5,100,-0.135513227484421
published,F,N-of-1,0.25,0,balanced,0.38,100,-0.135077088561712
published,F,N-of-1,0.25,0,more of flat,0.4,100,-0.129007996449714
published,F,N-of-1,0.25,0,more of biased,0.44,100,-0.136962711801263
published,F,N-of-1,0.25,0,high dropout,0.35,100,-0.141338979144773
published,F,N-of-1,0,0.1,none,0.06,100,0.00339861690473868
published,F,N-of-1,0,0.1,balanced,0.08,100,0.00669323640866383
published,F,N-of-1,0,0.1,more of flat,0.06,100,9.87311733067393e-05
published,F,N-of-1,0,0.1,more of biased,0.07,100,0.000970562318077422
published,F,N-of-1,0,0.1,high dropout,0.08,100,0.0208514498745674
published,F,N-of-1,0.25,0.1,none,0.41,100,-0.12659301285789
published,F,N-of-1,0.25,0.1,balanced,0.38,100,-0.12524960388513
published,F,N-of-1,0.25,0.1,more of flat,0.31,100,-0.122170318879562
published,F,N-of-1,0.25,0.1,more of biased,0.34,100,-0.123521504277601
published,F,N-of-1,0.25,0.1,high dropout,0.25,100,-0.122683084373031
published,F,N-of-1,0,0.2,none,0.04,100,-0.0117111039581784
published,F,N-of-1,0,0.2,balanced,0.04,100,-0.0190359587333503
published,F,N-of-1,0,0.2,more of flat,0.04,100,-0.0154938721614848
published,F,N-of-1,0,0.2,more of biased,0.06,100,-0.0158721083652032
published,F,N-of-1,0,0.2,high dropout,0.06,100,0.000850136084714037
published,F,N-of-1,0.25,0.2,none,0.44,100,-0.134868132952445
published,F,N-of-1,0.25,0.2,balanced,0.44,100,-0.140352172234828
published,F,N-of-1,0.25,0.2,more of flat,0.46,100,-0.14101691079472
published,F,N-of-1,0.25,0.2,more of biased,0.37,100,-0.136914646637991
published,F,N-of-1,0.25,0.2,high dropout,0.28,100,-0.13006137789603
published,F,N-of-1,0.3,0.2,none,0.53,100,-0.155277901948349
published,F,N-of-1,0.3,0.2,balanced,0.52,100,-0.16346685548507
published,F,N-of-1,0.3,0.2,more of flat,0.49,100,-0.150333320720166
published,F,N-of-1,0.3,0.2,more of biased,0.47,100,-0.151456148910132
published,F,N-of-1,0.3,0.2,high dropout,0.37,100,-0.158309786457663
published,F,N-of-1,0,0.5,none,0.08,100,-0.00522080902204102
published,F,N-of-1,0,0.5,balanced,0.07,100,-0.00167981608639534
published,F,N-of-1,0,0.5,more of flat,0.03,100,0.000783432371162963
published,F,N-of-1,0,0.5,more of biased,0.07,100,-0.00320230311717518
published,F,N-of-1,0,0.5,high dropout,0.09,100,-0.0100477784143891
published,F,N-of-1,0.25,0.5,none,0.44,100,-0.12958814902437
published,F,N-of-1,0.25,0.5,balanced,0.37,100,-0.131332159164226
published,F,N-of-1,0.25,0.5,more of flat,0.38,100,-0.136032347151172
published,F,N-of-1,0.25,0.5,more of biased,0.35,100,-0.127718001927807
published,F,N-of-1,0.25,0.5,high dropout,0.24,100,-0.123651011055525
published,F,N-of-1,0.3,0.5,none,0.52,100,-0.148947857495077
published,F,N-of-1,0.3,0.5,balanced,0.45,100,-0.146720030442747
published,F,N-of-1,0.3,0.5,more of flat,0.4,100,-0.148552173758479
published,F,N-of-1,0.3,0.5,more of biased,0.48,100,-0.152912415609571
published,F,N-of-1,0.3,0.5,high dropout,0.32,100,-0.143525983999084
published,F,N-of-1,0,1,none,0.04,100,-0.0102761816597815
published,F,N-of-1,0,1,balanced,0.06,100,-0.00970519452581297
published,F,N-of-1,0,1,more of flat,0.08,100,-0.0101546880401361
published,F,N-of-1,0,1,more of biased,0.07,100,-0.00946038305341242
published,F,N-of-1,0,1,high dropout,0.12,100,-0.0212727491140882
published,F,N-of-1,0.25,1,none,0.24,100,-0.0987886242239748
published,F,N-of-1,0.25,1,balanced,0.21,100,-0.100485414044177
published,F,N-of-1,0.25,1,more of flat,0.27,100,-0.104128880762431
published,F,N-of-1,0.25,1,more of biased,0.23,100,-0.0956756561044342
published,F,N-of-1,0.25,1,high dropout,0.21,100,-0.110562788925008
published,F,N-of-1,0.3,1,none,0.35,100,-0.124814264307218
published,F,N-of-1,0.3,1,balanced,0.36,100,-0.130502255355877
published,F,N-of-1,0.3,1,more of flat,0.34,100,-0.125130707681178
published,F,N-of-1,0.3,1,more of biased,0.34,100,-0.129596276285974
published,F,N-of-1,0.3,1,high dropout,0.17,100,-0.123319826102068
published,S,OL,0,0,none,0.04,100,-0.000495050926167919
published,S,OL,0,0,balanced,0.12,100,-0.000876302686852382
published,S,OL,0,0,more of flat,0.07,100,-0.000337363462582325
published,S,OL,0,0,more of biased,0.11,100,2.1603430835636e-05
published,S,OL,0,0,high dropout,0.06,100,-0.00172930791265299
published,S,OL,0.25,0,none,0.1,100,-0.00322775223968649
published,S,OL,0.25,0,balanced,0.1,100,-0.00365962825920039
published,S,OL,0.25,0,more of flat,0.11,100,-0.00384325928257994
published,S,OL,0.25,0,more of biased,0.1,100,-0.00370903528154181
published,S,OL,0.25,0,high dropout,0.13,100,-0.00530899581117806
published,S,OL,0.3,0,none,0.09,100,-0.0035134428075092
published,S,OL,0.3,0,balanced,0.08,100,-0.00373750034423506
published,S,OL,0.3,0,more of flat,0.09,100,-0.00375967100689689
published,S,OL,0.3,0,more of biased,0.13,100,-0.0039611384702715
published,S,OL,0.3,0,high dropout,0.12,100,-0.00555266716445974
published,S,OL,0,0.1,none,0.06,100,0.000267560370436054
published,S,OL,0,0.1,balanced,0.05,100,0.000409788700341632
published,S,OL,0,0.1,more of flat,0.05,100,0.000158525503102779
published,S,OL,0,0.1,more of biased,0.11,100,-0.000192333155154218
published,S,OL,0,0.1,high dropout,0.05,100,0.000401010180519973
published,S,OL,0.25,0.1,none,0.13,100,-0.00377466655272211
published,S,OL,0.25,0.1,balanced,0.13,100,-0.00391615763139111
published,S,OL,0.25,0.1,more of flat,0.1,100,-0.00391986675629813
published,S,OL,0.25,0.1,more of biased,0.15,100,-0.00448470917761234
published,S,OL,0.25,0.1,high dropout,0.1,100,-0.0051532661752765
published,S,OL,0.3,0.1,none,0.21,100,-0.00478442245232845
published,S,OL,0.3,0.1,balanced,0.17,100,-0.00525527717403843
published,S,OL,0.3,0.1,more of flat,0.21,100,-0.00528177920443287
published,S,OL,0.3,0.1,more of biased,0.17,100,-0.0056122035784664
published,S,OL,0.3,0.1,high dropout,0.19,100,-0.0069030702164562
published,S,OL,0,0.2,none,0.06,100,-0.000390682062957282
published,S,OL,0,0.2,balanced,0.09,100,-0.000344774430867213
published,S,OL,0,0.2,more of flat,0.05,100,-0.000525099483033685
published,S,OL,0,0.2,more of biased,0.07,100,-0.000891444576361397
published,S,OL,0,0.2,high dropout,0.1,100,-0.00117960850075527
published,S,OL,0.25,0.2,none,0.11,100,-0.00321733900808167
published,S,OL,0.25,0.2,balanced,0.1,100,-0.00391391840213889
published,S,OL,0.25,0.2,more of flat,0.15,100,-0.00385160201858548
published,S,OL,0.25,0.2,more of biased,0.14,100,-0.00360947874640438
published,S,OL,0.25,0.2,high dropout,0.17,100,-0.00526149640230168
published,S,OL,0.3,0.2,none,0.22,100,-0.0037379024496742
published,S,OL,0.3,0.2,balanced,0.24,100,-0.00403699645683761
published,S,OL,0.3,0.2,more of flat,0.18,100,-0.00426734326790972
published,S,OL,0.3,0.2,more of biased,0.17,100,-0.00431223407599336
published,S,OL,0.3,0.2,high dropout,0.14,100,-0.00433135956475905
published,S,OL,0,0.5,none,0.06,100,0.000439351803619718
published,S,OL,0,0.5,balanced,0.05,100,-2.71490823396964e-05
published,S,OL,0,0.5,more of flat,0.08,100,0.000464291172296679
published,S,OL,0,0.5,more of biased,0.04,100,0.000690504372347859
published,S,OL,0,0.5,high dropout,0.08,100,0.000920637983634547
published,S,OL,0.25,0.5,none,0.16,100,-0.00349283460325586
published,S,OL,0.25,0.5,balanced,0.15,100,-0.00392366189723062
published,S,OL,0.25,0.5,more of flat,0.14,100,-0.00430756716115604
published,S,OL,0.25,0.5,more of biased,0.12,100,-0.00370953646691205
published,S,OL,0.25,0.5,high dropout,0.12,100,-0.00479422921735742
published,S,OL,0.3,0.5,none,0.19,100,-0.00543582771106053
published,S,OL,0.3,0.5,balanced,0.17,100,-0.00580483039832238
published,S,OL,0.3,0.5,more of flat,0.19,100,-0.00612816348592816
published,S,OL,0.3,0.5,more of biased,0.18,100,-0.00577453574829155
published,S,OL,0.3,0.5,high dropout,0.19,100,-0.00768852654789488
published,S,OL,0,1,none,0.04,100,-0.000366507206277044
published,S,OL,0,1,balanced,0.08,100,-5.30488151714279e-05
published,S,OL,0,1,more of flat,0.03,100,-0.000190925451719431
published,S,OL,0,1,more of biased,0.05,100,-0.000281998654893392
published,S,OL,0,1,high dropout,0.06,100,0.000796634328189164
published,S,OL,0.25,1,none,0.09,100,-0.0021266463436736
published,S,OL,0.25,1,balanced,0.12,100,-0.00287464322945867
published,S,OL,0.25,1,more of flat,0.1,100,-0.00278688084568128
published,S,OL,0.25,1,more of biased,0.07,100,-0.00234237148445804
published,S,OL,0.25,1,high dropout,0.14,100,-0.00387657156685722
published,S,OL,0.3,1,none,0.1,100,-0.0035698715216228
published,S,OL,0.3,1,balanced,0.15,100,-0.00450165435844955
published,S,OL,0.3,1,more of flat,0.12,100,-0.00385500757408829
published,S,OL,0.3,1,more of biased,0.11,100,-0.00369912832627209
published,S,OL,0.3,1,high dropout,0.09,100,-0.00451289989651891
published,S,OL+BDC,0,0,none,0.09,100,-0.0135678436195596
published,S,OL+BDC,0,0,balanced,0.09,100,-0.0167628015437704
published,S,OL+BDC,0,0,more of flat,0.1,100,-0.010597399676352
published,S,OL+BDC,0,0,more of biased,0.07,100,-0.0114725003114792
published,S,OL+BDC,0,0,high dropout,0.05,100,-0.00460744771964999
published,S,OL+BDC,0.25,0,none,0.65,100,-0.134827978963461
published,S,OL+BDC,0.25,0,balanced,0.51,100,-0.138570922312571
published,S,OL+BDC,0.25,0,more of flat,0.48,100,-0.132634274319942
published,S,OL+BDC,0.25,0,more of biased,0.53,100,-0.135616555387258
published,S,OL+BDC,0.25,0,high dropout,0.36,100,-0.150485126885068
published,S,OL+BDC,0.3,0,none,0.73,100,-0.156753004010756
published,S,OL+BDC,0.3,0,balanced,0.6,100,-0.157766364428037
published,S,OL+BDC,0.3,0,more of flat,0.59,100,-0.155061614154012
published,S,OL+BDC,0.3,0,more of biased,0.61,100,-0.160308292639694
published,S,OL+BDC,0.3,0,high dropout,0.38,100,-0.146391416909549
published,S,OL+BDC,0,0.1,none,0.08,100,-0.00485002465526043
published,S,OL+BDC,0,0.1,balanced,0.07,100,-0.00649465316749442
published,S,OL+BDC,0,0.1,more of flat,0.19,100,-0.00874321200709561
published,S,OL+BDC,0,0.1,more of biased,0.09,100,-0.00560714095879794
published,S,OL+BDC,0,0.1,high dropout,0.07,100,-0.00991253730238066
published,S,OL+BDC,0.25,0.1,none,0.11,100,-0.044796952034266
published,S,OL+BDC,0.25,0.1,balanced,0.1,100,-0.0536123041524635
published,S,OL+BDC,0.25,0.1,more of flat,0.17,100,-0.0582903735157288
published,S,OL+BDC,0.25,0.1,more of biased,0.12,100,-0.0516969704931905
published,S,OL+BDC,0.25,0.1,high dropout,0.1,100,-0.079321482075752
published,S,OL+BDC,0.3,0.1,none,0.14,100,-0.0463384512179379
published,S,OL+BDC,0.3,0.1,balanced,0.18,100,-0.0592106581957635
published,S,OL+BDC,0.3,0.1,more of flat,0.17,100,-0.0591569621564265
published,S,OL+BDC,0.3,0.1,more of biased,0.18,100,-0.0553903278005124
published,S,OL+BDC,0.3,0.1,high dropout,0.25,100,-0.0913720474309923
published,S,OL+BDC,0,0.2,none,0.12,100,0.00820190350750677
published,S,OL+BDC,0,0.2,balanced,0.11,100,0.00738668943559685
published,S,OL+BDC,0,0.2,more of flat,0.07,100,0.0059720186816246
published,S,OL+BDC,0,0.2,more of biased,0.1,100,0.00958895336481571
published,S,OL+BDC,0,0.2,high dropout,0.1,100,0.00844430383232001
published,S,OL+BDC,0.25,0.2,none,0.16,100,-0.0456179766392386
published,S,OL+BDC,0.25,0.2,balanced,0.17,100,-0.0578293650651852
published,S,OL+BDC,0.25,0.2,more of flat,0.12,100,-0.0566409495049469
published,S,OL+BDC,0.25,0.2,more of biased,0.13,100,-0.0595847252834864
published,S,OL+BDC,0.25,0.2,high dropout,0.19,100,-0.0914099702113703
published,S,OL+BDC,0.3,0.2,none,0.26,100,-0.0594095591353869
published,S,OL+BDC,0.3,0.2,balanced,0.26,100,-0.0756185995630363
published,S,OL+BDC,0.3,0.2,more of flat,0.31,100,-0.0794554997929603
published,S,OL+BDC,0.3,0.2,more of biased,0.29,100,-0.0800501991506002
published,S,OL+BDC,0.3,0.2,high dropout,0.28,100,-0.113991513252231
published,S,OL+BDC,0,0.5,none,0.11,100,-0.00158254071389056
published,S,OL+BDC,0,0.5,balanced,0.06,100,-0.000104227124879527
published,S,OL+BDC,0,0.5,more of flat,0.11,100,0.00663464034598493
published,S,OL+BDC,0,0.5,more of biased,0.09,100,-0.00205859835778563
published,S,OL+BDC,0,0.5,high dropout,0.11,100,0.00650724411234889
published,S,OL+BDC,0.25,0.5,none,0.14,100,-0.040742705981284
published,S,OL+BDC,0.25,0.5,balanced,0.14,100,-0.0565376266647291
published,S,OL+BDC,0.25,0.5,more of flat,0.14,100,-0.0513402782444326
published,S,OL+BDC,0.25,0.5,more of biased,0.13,100,-0.0489420240938024
published,S,OL+BDC,0.25,0.5,high dropout,0.15,100,-0.0759064908187298
published,S,OL+BDC,0.3,0.5,none,0.14,100,-0.0460098416949846
published,S,OL+BDC,0.3,0.5,balanced,0.15,100,-0.0602421007566828
published,S,OL+BDC,0.3,0.5,more of flat,0.17,100,-0.0625172549519551
published,S,OL+BDC,0.3,0.5,more of biased,0.16,100,-0.0611170247371031
published,S,OL+BDC,0.3,0.5,high dropout,0.14,100,-0.0926686707242933
published,S,OL+BDC,0,1,none,0.08,100,0.00855427149299398
published,S,OL+BDC,0,1,balanced,0.09,100,0.00536290984502878
published,S,OL+BDC,0,1,more of flat,0.11,100,0.00506686654801247
published,S,OL+BDC,0,1,more of biased,0.08,100,0.011393317685033
published,S,OL+BDC,0,1,high dropout,0.11,100,0.0169345494937634
published,S,OL+BDC,0.25,1,none,0.09,100,-0.0347885642229654
published,S,OL+BDC,0.25,1,balanced,0.16,100,-0.0480722850210481
published,S,OL+BDC,0.25,1,more of flat,0.19,100,-0.049262948509813
published,S,OL+BDC,0.25,1,more of biased,0.14,100,-0.0453477727426559
published,S,OL+BDC,0.25,1,high dropout,0.1,100,-0.0556653627892319
published,S,OL+BDC,0.3,1,none,0.13,100,-0.0506415570266739
published,S,OL+BDC,0.3,1,balanced,0.14,100,-0.0634432776486695
published,S,OL+BDC,0.3,1,more of flat,0.17,100,-0.0631297445536159
published,S,OL+BDC,0.3,1,more of biased,0.1,100,-0.0594501538601989
published,S,OL+BDC,0.3,1,high dropout,0.22,100,-0.0860858420169519
published,S,CO,0,0,none,0.03,100,0.000394713907593351
published,S,CO,0,0,balanced,0.04,100,-0.00401011124631494
published,S,CO,0,0,more of flat,0.02,100,0.000487491316051706
published,S,CO,0,0,more of biased,0.06,100,-0.00053260108342982
published,S,CO,0,0,high dropout,0.02,100,-0.000230672609457096
published,S,CO,0.25,0,none,0.69,100,-0.121106563753125
published,S,CO,0.25,0,balanced,0.57,100,-0.120046918208889
published,S,CO,0.25,0,more of flat,0.55,100,-0.117843975440438
published,S,CO,0.25,0,more of biased,0.45,100,-0.115634469147449
published,S,CO,0.25,0,high dropout,0.3,100,-0.115236152319192
published,S,CO,0.3,0,none,0.89,100,-0.153591005235781
published,S,CO,0.3,0,balanced,0.77,100,-0.153623797594224
published,S,CO,0.3,0,more of flat,0.84,100,-0.157959147816137
published,S,CO,0.3,0,more of biased,0.8,100,-0.154800065204385
published,S,CO,0.3,0,high dropout,0.54,100,-0.152208183572535
published,S,CO,0,0.1,none,0.07,100,0.00213594247416382
published,S,CO,0,0.1,balanced,0.06,100,8.73766596534525e-05
published,S,CO,0,0.1,more of flat,0.06,100,0.0056187035832972
published,S,CO,0,0.1,more of biased,0.06,100,0.00367334738292052
published,S,CO,0,0.1,high dropout,0.09,100,0.00547958765321549
published,S,CO,0.25,0.1,none,0.29,100,-0.0723104450114019
published,S,CO,0.25,0.1,balanced,0.27,100,-0.0745316029302648
published,S,CO,0.25,0.1,more of flat,0.25,100,-0.0712739074207491
published,S,CO,0.25,0.1,more of biased,0.29,100,-0.0760777840873029
published,S,CO,0.25,0.1,high dropout,0.26,100,-0.0905629925925974
published,S,CO,0.3,0.1,none,0.44,100,-0.0876552402926061
published,S,CO,0.3,0.1,balanced,0.36,100,-0.0890970808910446
published,S,CO,0.3,0.1,more of flat,0.36,100,-0.0887443391708108
published,S,CO,0.3,0.1,more of biased,0.36,100,-0.0871937792744902
published,S,CO,0.3,0.1,high dropout,0.25,100,-0.0994514479532954
published,S,CO,0,0.2,none,0.05,100,-0.00699108097315295
published,S,CO,0,0.2,balanced,0.02,100,-0.00660289813376714
published,S,CO,0,0.2,more of flat,0.05,100,-0.00316915276448756
published,S,CO,0,0.2,more of biased,0.05,100,-0.00139813917878403
published,S,CO,0,0.2,high dropout,0.09,100,-0.00128081451444321
published,S,CO,0.25,0.2,none,0.28,100,-0.0757291528573537
published,S,CO,0.25,0.2,balanced,0.26,100,-0.0779817910897818
published,S,CO,0.25,0.2,more of flat,0.27,100,-0.08278301298979
published,S,CO,0.25,0.2,more of biased,0.25,100,-0.0752987075623461
published,S,CO,0.25,0.2,high dropout,0.19,100,-0.0856143111592079
published,S,CO,0.3,0.2,none,0.48,100,-0.0986583574139548
published,S,CO,0.3,0.2,balanced,0.41,100,-0.0989847077937193
published,S,CO,0.3,0.2,more of flat,0.37,100,-0.0963878519208479
published,S,CO,0.3,0.2,more of biased,0.41,100,-0.101437222399179
published,S,CO,0.3,0.2,high dropout,0.34,100,-0.116805108146943
published,S,CO,0,0.5,none,0.06,100,0.00342042073103081
published,S,CO,0,0.5,balanced,0.06,100,0.00257996234864267
published,S,CO,0,0.5,more of flat,0.06,100,0.00647447157765134
published,S,CO,0,0.5,more of biased,0.06,100,0.000840359420480837
published,S,CO,0,0.5,high dropout,0.07,100,0.0104273383022267
published,S,CO,0.25,0.5,none,0.34,100,-0.0804198089638492
published,S,CO,0.25,0.5,balanced,0.29,100,-0.0808410253290444
published,S,CO,0.25,0.5,more of flat,0.27,100,-0.0789256018300419
published,S,CO,0.25,0.5,more of biased,0.23,100,-0.0766622488618672
published,S,CO,0.25,0.5,high dropout,0.22,100,-0.0961346623068582
published,S,CO,0.3,0.5,none,0.42,100,-0.093124350643921
published,S,CO,0.3,0.5,balanced,0.36,100,-0.0956545829589584
published,S,CO,0.3,0.5,more of flat,0.36,100,-0.0964451799276181
published,S,CO,0.3,0.5,more of biased,0.33,100,-0.0921005654967451
published,S,CO,0.3,0.5,high dropout,0.27,100,-0.103377837287475
published,S,CO,0,1,none,0.03,100,0.00435732549093639
published,S,CO,0,1,balanced,0.03,100,0.00517638314816627
published,S,CO,0,1,more of flat,0.01,100,0.00379969460570734
published,S,CO,0,1,more of biased,0.01,100,0.000723438543842468
published,S,CO,0,1,high dropout,0.03,100,0.0115537127234191
published,S,CO,0.25,1,none,0.28,100,-0.075520360484786
published,S,CO,0.25,1,balanced,0.26,100,-0.0753011967270526
published,S,CO,0.25,1,more of flat,0.22,100,-0.0736925098734512
published,S,CO,0.25,1,more of biased,0.29,100,-0.0783634358106773
published,S,CO,0.25,1,high dropout,0.11,100,-0.0826325191556564
published,S,CO,0.3,1,none,0.42,100,-0.0941590574718033
published,S,CO,0.3,1,balanced,0.38,100,-0.0964674185281137
published,S,CO,0.3,1,more of flat,0.32,100,-0.095706205781612
published,S,CO,0.3,1,more of biased,0.39,100,-0.094982612271974
published,S,CO,0.3,1,high dropout,0.28,100,-0.109826688297661
published,S,N-of-1,0,0,none,0.1,100,-0.000830197285592857
published,S,N-of-1,0,0,balanced,0.12,100,0.00229265287792861
published,S,N-of-1,0,0,more of flat,0.09,100,-0.00145420767160861
published,S,N-of-1,0,0,more of biased,0.11,100,-0.00507695533517485
published,S,N-of-1,0,0,high dropout,0.1,100,0.00400377554677311
published,S,N-of-1,0.25,0,none,0.68,100,-0.134790580548211
published,S,N-of-1,0.25,0,balanced,0.56,100,-0.132824546820992
published,S,N-of-1,0.25,0,more of flat,0.57,100,-0.134372599933977
published,S,N-of-1,0.25,0,more of biased,0.59,100,-0.136194695740284
published,S,N-of-1,0.25,0,high dropout,0.35,100,-0.12839077143926
published,S,N-of-1,0.3,0,none,0.83,100,-0.154259055147055
published,S,N-of-1,0.3,0,balanced,0.74,100,-0.156050519404945
published,S,N-of-1,0.3,0,more of flat,0.71,100,-0.16048888449092
published,S,N-of-1,0.3,0,more of biased,0.66,100,-0.159433540494655
published,S,N-of-1,0.3,0,high dropout,0.5,100,-0.162461195607949
published,S,N-of-1,0,0.1,none,0.05,100,0.00208548406554693
published,S,N-of-1,0,0.1,balanced,0.06,100,-0.00209316801986467
published,S,N-of-1,0,0.1,more of flat,0.06,100,0.00488540573138931
published,S,N-of-1,0,0.1,more of biased,0.03,100,0.00348327321731465
published,S,N-of-1,0,0.1,high dropout,0.04,100,-0.00521023045849271
published,S,N-of-1,0.25,0.1,none,0.1,100,-0.0262996438663564
published,S,N-of-1,0.25,0.1,balanced,0.1,100,-0.0329894948620526
published,S,N-of-1,0.25,0.1,more of flat,0.11,100,-0.0266444158809468
published,S,N-of-1,0.25,0.1,more of biased,0.12,100,-0.0326650226846376
published,S,N-of-1,0.25,0.1,high dropout,0.09,100,-0.0361527713197125
published,S,N-of-1,0.3,0.1,none,0.17,100,-0.0415561376174118
published,S,N-of-1,0.3,0.1,balanced,0.15,100,-0.0476194684545775
published,S,N-of-1,0.3,0.1,more of flat,0.2,100,-0.0511302614950803
published,S,N-of-1,0.3,0.1,more of biased,0.14,100,-0.0467865114997438
published,S,N-of-1,0.3,0.1,high dropout,0.17,100,-0.0695086074465272
published,S,N-of-1,0,0.2,none,0.09,100,0.000206503898070248
published,S,N-of-1,0,0.2,balanced,0.06,100,-0.00257263101519376
published,S,N-of-1,0,0.2,more of flat,0.08,100,0.00443283350358584
published,S,N-of-1,0,0.2,more of biased,0.08,100,-0.0015520523462105
published,S,N-of-1,0,0.2,high dropout,0.05,100,-0.00573366312132119
published,S,N-of-1,0.25,0.2,none,0.12,100,-0.0274495100769485
published,S,N-of-1,0.25,0.2,balanced,0.11,100,-0.0318386924810608
published,S,N-of-1,0.25,0.2,more of flat,0.13,100,-0.030629098605625
published,S,N-of-1,0.25,0.2,more of biased,0.12,100,-0.0330181156260173
published,S,N-of-1,0.25,0.2,high dropout,0.09,100,-0.0408978996425786
published,S,N-of-1,0.3,0.2,none,0.08,100,-0.0222734635403481
published,S,N-of-1,0.3,0.2,balanced,0.09,100,-0.0331858788281168
published,S,N-of-1,0.3,0.2,more of flat,0.09,100,-0.0291099103155122
published,S,N-of-1,0.3,0.2,more of biased,0.12,100,-0.0278836157140582
published,S,N-of-1,0.3,0.2,high dropout,0.1,100,-0.0373589442295281
published,S,N-of-1,0,0.5,none,0.06,100,-0.00748221503696505
published,S,N-of-1,0,0.5,balanced,0.06,100,-0.00474773694366255
published,S,N-of-1,0,0.5,more of flat,0.07,100,-0.00917145975395998
published,S,N-of-1,0,0.5,more of biased,0.07,100,-0.00842968475941865
published,S,N-of-1,0,0.5,high dropout,0.1,100,-0.010992683008763
published,S,N-of-1,0.25,0.5,none,0.07,100,-0.0367668288027517
published,S,N-of-1,0.25,0.5,balanced,0.09,100,-0.0411445329175813
published,S,N-of-1,0.25,0.5,more of flat,0.1,100,-0.0450323313765616
published,S,N-of-1,0.25,0.5,more of biased,0.05,100,-0.0398176218422889
published,S,N-of-1,0.25,0.5,high dropout,0.09,100,-0.0447978560145405
published,S,N-of-1,0.3,0.5,none,0.14,100,-0.0403612845666646
published,S,N-of-1,0.3,0.5,balanced,0.17,100,-0.0531186220975697
published,S,N-of-1,0.3,0.5,more of flat,0.15,100,-0.0397059474262233
published,S,N-of-1,0.3,0.5,more of biased,0.14,100,-0.0506849815924824
published,S,N-of-1,0.3,0.5,high dropout,0.18,100,-0.0648703583068996
published,S,N-of-1,0,1,none,0.07,100,0.00375931049035503
published,S,N-of-1,0,1,balanced,0.08,100,0.00700585741139177
published,S,N-of-1,0,1,more of flat,0.09,100,0.00271562139085386
published,S,N-of-1,0,1,more of biased,0.06,100,0.00118317166162688
published,S,N-of-1,0,1,high dropout,0.05,100,0.0053044487670606
published,S,N-of-1,0.25,1,none,0.12,100,-0.0358337036775235
published,S,N-of-1,0.25,1,balanced,0.16,100,-0.0448562472291197
published,S,N-of-1,0.25,1,more of flat,0.13,100,-0.0446487300660246
published,S,N-of-1,0.25,1,more of biased,0.09,100,-0.0428310551201253
published,S,N-of-1,0.25,1,high dropout,0.12,100,-0.0480018039830303
published,S,N-of-1,0.3,1,none,0.13,100,-0.0386746288295394
published,S,N-of-1,0.3,1,balanced,0.1,100,-0.0433744656926095
published,S,N-of-1,0.3,1,more of flat,0.07,100,-0.0439416386641013
published,S,N-of-1,0.3,1,more of biased,0.1,100,-0.050057011889915
published,S,N-of-1,0.3,1,high dropout,0.14,100,-0.0611161137226416
car1,B,OL,0,0,none,0.02,100,-0.000313874468396327
car1,B,OL,0,0,balanced,0.01,100,0.000869866711469946
car1,B,OL,0,0,more of flat,0,100,0.000491528731107393
car1,B,OL,0,0,more of biased,0.01,100,-2.76931838524887e-05
car1,B,OL,0,0,high dropout,0.02,100,0.000347036507802791
car1,B,OL,0.25,0,none,0.04,100,-0.00315022773407881
car1,B,OL,0.25,0,balanced,0.02,100,-0.00370595504840031
car1,B,OL,0.25,0,more of flat,0.06,100,-0.00436615206055216
car1,B,OL,0.25,0,more of biased,0.03,100,-0.00404164032002613
car1,B,OL,0.25,0,high dropout,0.05,100,-0.0071926237499734
car1,B,OL,0.3,0,none,0.05,100,-0.00539424313628807
car1,B,OL,0.3,0,balanced,0.08,100,-0.00601585638035827
car1,B,OL,0.3,0,more of flat,0.07,100,-0.00619465598937078
car1,B,OL,0.3,0,more of biased,0.04,100,-0.0054967532447408
car1,B,OL,0.3,0,high dropout,0.09,100,-0.00725204577146543
car1,B,OL,0,0.1,none,0.01,100,0.000898049137222268
car1,B,OL,0,0.1,balanced,0.05,100,0.00145448490852676
car1,B,OL,0,0.1,more of flat,0.01,100,0.00129688559603315
car1,B,OL,0,0.1,more of biased,0.01,100,0.000652782571241982
car1,B,OL,0,0.1,high dropout,0.02,100,-0.000514510458451463
car1,B,OL,0.25,0.1,none,0.03,100,-0.00328811254854109
car1,B,OL,0.25,0.1,balanced,0.02,100,-0.0035257076168748
car1,B,OL,0.25,0.1,more of flat,0.03,100,-0.00372894100437986
car1,B,OL,0.25,0.1,more of biased,0.07,100,-0.0043097902754223
car1,B,OL,0.25,0.1,high dropout,0.06,100,-0.00281118912845711
car1,B,OL,0.3,0.1,none,0.05,100,-0.00538819941544788
car1,B,OL,0.3,0.1,balanced,0.07,100,-0.00630796016434113
car1,B,OL,0.3,0.1,more of flat,0.04,100,-0.00551179814419143
car1,B,OL,0.3,0.1,more of biased,0.07,100,-0.00685138304246327
car1,B,OL,0.3,0.1,high dropout,0.06,100,-0.00791640374802559
car1,B,OL,0,0.2,none,0.03,100,0.000412175155866762
car1,B,OL,0,0.2,balanced,0.03,100,-0.000116767760310623
car1,B,OL,0,0.2,more of flat,0.01,100,1.99896957769489e-05
car1,B,OL,0,0.2,more of biased,0.01,100,0.000964170924289466
car1,B,OL,0,0.2,high dropout,0.01,100,-0.000529331178621111
car1,B,OL,0.25,0.2,none,0.06,100,-0.00414176867831253
car1,B,OL,0.25,0.2,balanced,0.01,100,-0.00413051672601805
car1,B,OL,0.25,0.2,more of flat,0.05,100,-0.00391571853600357
car1,B,OL,0.25,0.2,more of biased,0.08,100,-0.00554586451917408
car1,B,OL,0.25,0.2,high dropout,0.09,100,-0.00768653149460544
car1,B,OL,0.3,0.2,none,0.04,100,-0.00548628029484584
car1,B,OL,0.3,0.2,balanced,0.05,100,-0.0071338365191448
car1,B,OL,0.3,0.2,more of flat,0.03,100,-0.00601928662978572
car1,B,OL,0.3,0.2,more of biased,0.07,100,-0.00601920574845255
car1,B,OL,0.3,0.2,high dropout,0.1,100,-0.00699168633462662
car1,B,OL,0,0.5,none,0.04,100,-0.000798472112267845
car1,B,OL,0,0.5,balanced,0.02,100,-0.000293463037125219
car1,B,OL,0,0.5,more of flat,0.04,100,-0.000725901972258414
car1,B,OL,0,0.5,more of biased,0.03,100,-0.000264370035209777
car1,B,OL,0,0.5,high dropout,0.05,100,-0.000531976333477834
car1,B,OL,0.25,0.5,none,0.04,100,-0.00437792561852658
car1,B,OL,0.25,0.5,balanced,0.05,100,-0.00504461440648688
car1,B,OL,0.25,0.5,more of flat,0.04,100,-0.00589914365838586
car1,B,OL,0.25,0.5,more of biased,0.04,100,-0.00516374154551236
car1,B,OL,0.25,0.5,high dropout,0.06,100,-0.00596670816073827
car1,B,OL,0.3,0.5,none,0.04,100,-0.00583129690202707
car1,B,OL,0.3,0.5,balanced,0.05,100,-0.0063022103006543
car1,B,OL,0.3,0.5,more of flat,0.06,100,-0.00741524476693712
car1,B,OL,0.3,0.5,more of biased,0.06,100,-0.00665434185858303
car1,B,OL,0.3,0.5,high dropout,0.07,100,-0.00870667808649346
car1,B,OL,0,1,none,0.04,100,0.000202658002320526
car1,B,OL,0,1,balanced,0.01,100,0.000260237092281259
car1,B,OL,0,1,more of flat,0.01,100,-0.000867251045144614
car1,B,OL,0,1,more of biased,0.03,100,-3.67846825355389e-05
car1,B,OL,0,1,high dropout,0.03,100,0.000592755056341392
car1,B,OL,0.25,1,none,0.02,100,-0.00427225242827323
car1,B,OL,0.25,1,balanced,0.04,100,-0.00441547273368325
car1,B,OL,0.25,1,more of flat,0.05,100,-0.00496181518927915
car1,B,OL,0.25,1,more of biased,0.06,100,-0.00498996408554693
car1,B,OL,0.25,1,high dropout,0.07,100,-0.00676166522585506
car1,B,OL,0.3,1,none,0.08,100,-0.00378949252105116
car1,B,OL,0.3,1,balanced,0.08,100,-0.00498326998751195
car1,B,OL,0.3,1,more of flat,0.08,100,-0.00464523142463646
car1,B,OL,0.3,1,more of biased,0.05,100,-0.00459207980163103
car1,B,OL,0.3,1,high dropout,0.06,100,-0.00765460150509669
car1,B,OL+BDC,0,0,none,0.06,100,-0.0127087051569621
car1,B,OL+BDC,0,0,balanced,0.1,100,-0.0137655075409577
car1,B,OL+BDC,0,0,more of flat,0.05,100,-0.00750668644666575
car1,B,OL+BDC,0,0,more of biased,0.03,100,-0.0101866564745776
car1,B,OL+BDC,0,0,high dropout,0.05,100,-0.0158427479343178
car1,B,OL+BDC,0.25,0,none,0.36,100,-0.132932174085129
car1,B,OL+BDC,0.25,0,balanced,0.27,100,-0.131094984614974
car1,B,OL+BDC,0.25,0,more of flat,0.32,100,-0.12932452829943
car1,B,OL+BDC,0.25,0,more of biased,0.29,100,-0.135248061921228
car1,B,OL+BDC,0.25,0,high dropout,0.19,100,-0.137538188297798
car1,B,OL+BDC,0.3,0,none,0.45,100,-0.151784687217793
car1,B,OL+BDC,0.3,0,balanced,0.36,100,-0.148936149470933
car1,B,OL+BDC,0.3,0,more of flat,0.38,100,-0.152169525744081
car1,B,OL+BDC,0.3,0,more of biased,0.44,100,-0.149477807243325
car1,B,OL+BDC,0.3,0,high dropout,0.19,100,-0.137317314927946
car1,B,OL+BDC,0,0.1,none,0.05,100,0.0162709866857604
car1,B,OL+BDC,0,0.1,balanced,0.04,100,0.0236581074525131
car1,B,OL+BDC,0,0.1,more of flat,0.05,100,0.0169060892025659
car1,B,OL+BDC,0,0.1,more of biased,0.08,100,0.024633997454282
car1,B,OL+BDC,0,0.1,high dropout,0.05,100,0.0152417558158393
car1,B,OL+BDC,0.25,0.1,none,0.09,100,-0.0464215292173516
car1,B,OL+BDC,0.25,0.1,balanced,0.07,100,-0.0594053139813558
car1,B,OL+BDC,0.25,0.1,more of flat,0.1,100,-0.0590767044637584
car1,B,OL+BDC,0.25,0.1,more of biased,0.06,100,-0.0597069169596014
car1,B,OL+BDC,0.25,0.1,high dropout,0.13,100,-0.0886310328570015
car1,B,OL+BDC,0.3,0.1,none,0.05,100,-0.0536367444985954
car1,B,OL+BDC,0.3,0.1,balanced,0.08,100,-0.0631246354437157
car1,B,OL+BDC,0.3,0.1,more of flat,0.07,100,-0.0631232734064997
car1,B,OL+BDC,0.3,0.1,more of biased,0.09,100,-0.0679441217819606
car1,B,OL+BDC,0.3,0.1,high dropout,0.09,100,-0.0881120065193418
car1,B,OL+BDC,0,0.2,none,0.01,100,-0.011293386024516
car1,B,OL+BDC,0,0.2,balanced,0.01,100,-0.00858794871127237
car1,B,OL+BDC,0,0.2,more of flat,0.02,100,-0.00780937919120448
car1,B,OL+BDC,0,0.2,more of biased,0,100,-0.0111821015616753
car1,B,OL+BDC,0,0.2,high dropout,0.02,100,-0.0035833726540096
car1,B,OL+BDC,0.25,0.2,none,0.04,100,-0.039751250345919
car1,B,OL+BDC,0.25,0.2,balanced,0.04,100,-0.0482224078220792
car1,B,OL+BDC,0.25,0.2,more of flat,0.04,100,-0.0516725287674277
car1,B,OL+BDC,0.25,0.2,more of biased,0.05,100,-0.0510003223237552
car1,B,OL+BDC,0.25,0.2,high dropout,0.04,100,-0.0630043364420988
car1,B,OL+BDC,0.3,0.2,none,0.09,100,-0.0478730907211964
car1,B,OL+BDC,0.3,0.2,balanced,0.12,100,-0.0655132169861051
car1,B,OL+BDC,0.3,0.2,more of flat,0.11,100,-0.0666608372754813
car1,B,OL+BDC,0.3,0.2,more of biased,0.09,100,-0.0654171384693694
car1,B,OL+BDC,0.3,0.2,high dropout,0.1,100,-0.0840401220459074
car1,B,OL+BDC,0,0.5,none,0.01,100,0.00443545822159568
car1,B,OL+BDC,0,0.5,balanced,0.03,100,0.0018361665264945
car1,B,OL+BDC,0,0.5,more of flat,0.04,100,0.00281393249613067
car1,B,OL+BDC,0,0.5,more of biased,0.03,100,0.00641726187142158
car1,B,OL+BDC,0,0.5,high dropout,0.03,100,0.0185220878446899
car1,B,OL+BDC,0.25,0.5,none,0.06,100,-0.0399151908955404
car1,B,OL+BDC,0.25,0.5,balanced,0.1,100,-0.052295225896347
car1,B,OL+BDC,0.25,0.5,more of flat,0.04,100,-0.0438556217087636
car1,B,OL+BDC,0.25,0.5,more of biased,0.05,100,-0.045618465906418
car1,B,OL+BDC,0.25,0.5,high dropout,0.06,100,-0.0796075331281398
car1,B,OL+BDC,0.3,0.5,none,0.05,100,-0.0556541090942799
car1,B,OL+BDC,0.3,0.5,balanced,0.07,100,-0.0759584270357883
car1,B,OL+BDC,0.3,0.5,more of flat,0.07,100,-0.0656279493513546
car1,B,OL+BDC,0.3,0.5,more of biased,0.06,100,-0.067444885466149
car1,B,OL+BDC,0.3,0.5,high dropout,0.06,100,-0.101390671900117
car1,B,OL+BDC,0,1,none,0.02,100,-0.00845989991662592
car1,B,OL+BDC,0,1,balanced,0.04,100,-0.0145319582650729
car1,B,OL+BDC,0,1,more of flat,0.02,100,-0.0119726327868829
car1,B,OL+BDC,0,1,more of biased,0.04,100,-0.0122965932195128
car1,B,OL+BDC,0,1,high dropout,0.02,100,-0.0210576175589693
car1,B,OL+BDC,0.25,1,none,0.03,100,-0.0259749268629277
car1,B,OL+BDC,0.25,1,balanced,0.09,100,-0.0495567995867892
car1,B,OL+BDC,0.25,1,more of flat,0.06,100,-0.0314121930787486
car1,B,OL+BDC,0.25,1,more of biased,0.06,100,-0.037643132799536
car1,B,OL+BDC,0.25,1,high dropout,0.05,100,-0.0610734424947098
car1,B,OL+BDC,0.3,1,none,0.04,100,-0.0345245273060152
car1,B,OL+BDC,0.3,1,balanced,0.09,100,-0.0510366067374828
car1,B,OL+BDC,0.3,1,more of flat,0.04,100,-0.0470587133155967
car1,B,OL+BDC,0.3,1,more of biased,0.05,100,-0.0537309630573418
car1,B,OL+BDC,0.3,1,high dropout,0.05,100,-0.0796557177674077
car1,B,CO,0,0,none,0.04,100,0.0014836421122672
car1,B,CO,0,0,balanced,0.08,100,-0.00438260084720873
car1,B,CO,0,0,more of flat,0.06,100,-0.00243952535850426
car1,B,CO,0,0,more of biased,0.07,100,0.00230147239007552
car1,B,CO,0,0,high dropout,0.05,100,0.0239236093376731
car1,B,CO,0.25,0,none,0.4,100,-0.135287071365577
car1,B,CO,0.25,0,balanced,0.33,100,-0.131510983367927
car1,B,CO,0.25,0,more of flat,0.34,100,-0.135236784287286
car1,B,CO,0.25,0,more of biased,0.31,100,-0.131736809995029
car1,B,CO,0.25,0,high dropout,0.23,100,-0.129425634168469
car1,B,CO,0.3,0,none,0.46,100,-0.165142174446558
car1,B,CO,0.3,0,balanced,0.41,100,-0.169112052188456
car1,B,CO,0.3,0,more of flat,0.4,100,-0.158700477583616
car1,B,CO,0.3,0,more of biased,0.4,100,-0.154766131430647
car1,B,CO,0.3,0,high dropout,0.37,100,-0.175656925674173
car1,B,CO,0,0.1,none,0.07,100,-0.0114992315420898
car1,B,CO,0,0.1,balanced,0.08,100,-0.0142745793676125
car1,B,CO,0,0.1,more of flat,0.05,100,-0.0199678807502801
car1,B,CO,0,0.1,more of biased,0.07,100,-0.00677229516590343
car1,B,CO,0,0.1,high dropout,0.09,100,-0.0113214173324188
car1,B,CO,0.25,0.1,none,0.2,100,-0.0914796211171105
car1,B,CO,0.25,0.1,balanced,0.16,100,-0.0941697445951921
car1,B,CO,0.25,0.1,more of flat,0.17,100,-0.0956067677485365
car1,B,CO,0.25,0.1,more of biased,0.18,100,-0.0966815191960112
car1,B,CO,0.25,0.1,high dropout,0.17,100,-0.0911519703325154
car1,B,CO,0.3,0.1,none,0.21,100,-0.102651004398468
car1,B,CO,0.3,0.1,balanced,0.16,100,-0.0971862615639128
car1,B,CO,0.3,0.1,more of flat,0.18,100,-0.101364969969
car1,B,CO,0.3,0.1,more of biased,0.27,100,-0.113170470704047
car1,B,CO,0.3,0.1,high dropout,0.14,100,-0.108344350976957
car1,B,CO,0,0.2,none,0.14,100,0.0100867890085241
car1,B,CO,0,0.2,balanced,0.09,100,0.015258838869602
car1,B,CO,0,0.2,more of flat,0.11,100,-0.000434908990485261
car1,B,CO,0,0.2,more of biased,0.12,100,0.0133890888109835
car1,B,CO,0,0.2,high dropout,0.12,100,0.00516849591824863
car1,B,CO,0.25,0.2,none,0.16,100,-0.0851063915410088
car1,B,CO,0.25,0.2,balanced,0.14,100,-0.077627562931787
car1,B,CO,0.25,0.2,more of flat,0.2,100,-0.0881027693439481
car1,B,CO,0.25,0.2,more of biased,0.17,100,-0.0905334790153887
car1,B,CO,0.25,0.2,high dropout,0.18,100,-0.0954355351748239
car1,B,CO,0.3,0.2,none,0.2,100,-0.0969632154796895
car1,B,CO,0.3,0.2,balanced,0.22,100,-0.0961619829210498
car1,B,CO,0.3,0.2,more of flat,0.2,100,-0.0969566404824312
car1,B,CO,0.3,0.2,more of biased,0.17,100,-0.100133467851455
car1,B,CO,0.3,0.2,high dropout,0.23,100,-0.123092415337531
car1,B,CO,0,0.5,none,0.08,100,0.00183324043032168
car1,B,CO,0,0.5,balanced,0.07,100,0.00180559108177632
car1,B,CO,0,0.5,more of flat,0.08,100,-0.00209640366533917
car1,B,CO,0,0.5,more of biased,0.05,100,0.00294951025767278
car1,B,CO,0,0.5,high dropout,0.04,100,-0.011808015199531
car1,B,CO,0.25,0.5,none,0.17,100,-0.0747256732006629
car1,B,CO,0.25,0.5,balanced,0.16,100,-0.0764528493266849
car1,B,CO,0.25,0.5,more of flat,0.17,100,-0.0827958732844967
car1,B,CO,0.25,0.5,more of biased,0.17,100,-0.0893464224848489
car1,B,CO,0.25,0.5,high dropout,0.13,100,-0.089489520231316
car1,B,CO,0.3,0.5,none,0.28,100,-0.122871939063605
car1,B,CO,0.3,0.5,balanced,0.3,100,-0.132975173331945
car1,B,CO,0.3,0.5,more of flat,0.23,100,-0.124903509157853
car1,B,CO,0.3,0.5,more of biased,0.24,100,-0.123572754345489
car1,B,CO,0.3,0.5,high dropout,0.19,100,-0.12324129730962
car1,B,CO,0,1,none,0.07,100,0.00328793581808537
car1,B,CO,0,1,balanced,0.08,100,0.000925883137450876
car1,B,CO,0,1,more of flat,0.07,100,0.00558692483112741
car1,B,CO,0,1,more of biased,0.07,100,0.00673910941975936
car1,B,CO,0,1,high dropout,0.05,100,-0.000281242694682764
car1,B,CO,0.25,1,none,0.17,100,-0.0750805032822457
car1,B,CO,0.25,1,balanced,0.16,100,-0.0811447513095452
car1,B,CO,0.25,1,more of flat,0.19,100,-0.082904389430613
car1,B,CO,0.25,1,more of biased,0.17,100,-0.0749199215372628
car1,B,CO,0.25,1,high dropout,0.1,100,-0.083980819405529
car1,B,CO,0.3,1,none,0.2,100,-0.1163504682838
car1,B,CO,0.3,1,balanced,0.23,100,-0.123182002811368
car1,B,CO,0.3,1,more of flat,0.21,100,-0.12523859482158
car1,B,CO,0.3,1,more of biased,0.23,100,-0.120808245808272
car1,B,CO,0.3,1,high dropout,0.21,100,-0.135861063186278
car1,B,N-of-1,0,0,none,0.05,100,-0.00505477909708826
car1,B,N-of-1,0,0,balanced,0.06,100,-0.00839820571671688
car1,B,N-of-1,0,0,more of flat,0.04,100,-0.00671877971067779
car1,B,N-of-1,0,0,more of biased,0.04,100,0.00200034266059096
car1,B,N-of-1,0,0,high dropout,0.06,100,-0.00578688255320381
car1,B,N-of-1,0.25,0,none,0.46,100,-0.13679654109507
car1,B,N-of-1,0.25,0,balanced,0.39,100,-0.139203014837874
car1,B,N-of-1,0.25,0,more of flat,0.41,100,-0.131368054538681
car1,B,N-of-1,0.25,0,more of biased,0.43,100,-0.13761255215555
car1,B,N-of-1,0.25,0,high dropout,0.29,100,-0.14733928717448
car1,B,N-of-1,0,0.1,none,0.03,100,-0.00128581955275218
car1,B,N-of-1,0,0.1,balanced,0.06,100,0.00305108476085442
car1,B,N-of-1,0,0.1,more of flat,0.02,100,-0.00240495332218492
car1,B,N-of-1,0,0.1,more of biased,0.04,100,-0.00340488325069953
car1,B,N-of-1,0,0.1,high dropout,0.08,100,0.0163232937206756
car1,B,N-of-1,0.25,0.1,none,0.08,100,-0.0349556854794161
car1,B,N-of-1,0.25,0.1,balanced,0.07,100,-0.0422367196376718
car1,B,N-of-1,0.25,0.1,more of flat,0.09,100,-0.0380170700309377
car1,B,N-of-1,0.25,0.1,more of biased,0.08,100,-0.0430898285368493
car1,B,N-of-1,0.25,0.1,high dropout,0.05,100,-0.0473301921859353
car1,B,N-of-1,0.3,0.1,none,0.04,100,-0.0319273656518329
car1,B,N-of-1,0.3,0.1,balanced,0.04,100,-0.0453305764486498
car1,B,N-of-1,0.3,0.1,more of flat,0.03,100,-0.0446162585431277
car1,B,N-of-1,0.3,0.1,more of biased,0.03,100,-0.0383531099182353
car1,B,N-of-1,0.3,0.1,high dropout,0.05,100,-0.0476239128474965
car1,B,N-of-1,0,0.2,none,0.02,100,-0.0100652959952673
car1,B,N-of-1,0,0.2,balanced,0.03,100,-0.0178358597425245
car1,B,N-of-1,0,0.2,more of flat,0.03,100,-0.0136358162677077
car1,B,N-of-1,0,0.2,more of biased,0.01,100,-0.0155865530647445
car1,B,N-of-1,0,0.2,high dropout,0.03,100,-0.00236654799179784
car1,B,N-of-1,0.25,0.2,none,0.05,100,-0.0236014621516173
car1,B,N-of-1,0.25,0.2,balanced,0.05,100,-0.0305089190210376
car1,B,N-of-1,0.25,0.2,more of flat,0.08,100,-0.0288177828396525
car1,B,N-of-1,0.25,0.2,more of biased,0.07,100,-0.0320270800559021
car1,B,N-of-1,0.25,0.2,high dropout,0.09,100,-0.0475805971698958
car1,B,N-of-1,0.3,0.2,none,0.05,100,-0.0297806259481796
car1,B,N-of-1,0.3,0.2,balanced,0.05,100,-0.0377162770309886
car1,B,N-of-1,0.3,0.2,more of flat,0.08,100,-0.0412594575664799
car1,B,N-of-1,0.3,0.2,more of biased,0.07,100,-0.0394047715898285
car1,B,N-of-1,0.3,0.2,high dropout,0.05,100,-0.0436403142108712
car1,B,N-of-1,0,0.5,none,0.04,100,-0.00350396555551653
car1,B,N-of-1,0,0.5,balanced,0.03,100,-0.000196460287664569
car1,B,N-of-1,0,0.5,more of flat,0.03,100,0.00199601799436385
car1,B,N-of-1,0,0.5,more of biased,0.05,100,-0.00180313727170369
car1,B,N-of-1,0,0.5,high dropout,0.05,100,-0.00886214255822258
car1,B,N-of-1,0.25,0.5,none,0.11,100,-0.047015673465667
car1,B,N-of-1,0.25,0.5,balanced,0.1,100,-0.0509001184357314
car1,B,N-of-1,0.25,0.5,more of flat,0.1,100,-0.0568189286678786
car1,B,N-of-1,0.25,0.5,more of biased,0.07,100,-0.0426935959924212
car1,B,N-of-1,0.25,0.5,high dropout,0.08,100,-0.0520750509043563
car1,B,N-of-1,0.3,0.5,none,0.04,100,-0.0307599866592853
car1,B,N-of-1,0.3,0.5,balanced,0.06,100,-0.0389365731542599
car1,B,N-of-1,0.3,0.5,more of flat,0.02,100,-0.0365209973993117
car1,B,N-of-1,0.3,0.5,more of biased,0.05,100,-0.0298074769538832
car1,B,N-of-1,0.3,0.5,high dropout,0.09,100,-0.0658832756711805
car1,B,N-of-1,0,1,none,0.03,100,-0.00135800017357134
car1,B,N-of-1,0,1,balanced,0.03,100,-0.00318588285206535
car1,B,N-of-1,0,1,more of flat,0.05,100,-0.00278143217010543
car1,B,N-of-1,0,1,more of biased,0.03,100,2.77446446223673e-05
car1,B,N-of-1,0,1,high dropout,0.07,100,-0.0146698069208345
car1,B,N-of-1,0.25,1,none,0.04,100,-0.0291523854419857
car1,B,N-of-1,0.25,1,balanced,0.06,100,-0.0263253572622274
car1,B,N-of-1,0.25,1,more of flat,0.03,100,-0.0296810911848299
car1,B,N-of-1,0.25,1,more of biased,0.03,100,-0.0302681160123975
car1,B,N-of-1,0.25,1,high dropout,0.06,100,-0.0331663349599001
car1,B,N-of-1,0.3,1,none,0.06,100,-0.0436368577694581
car1,B,N-of-1,0.3,1,balanced,0.07,100,-0.0483878465383905
car1,B,N-of-1,0.3,1,more of flat,0.07,100,-0.0520480187759278
car1,B,N-of-1,0.3,1,more of biased,0.06,100,-0.0538647538566994
car1,B,N-of-1,0.3,1,high dropout,0.12,100,-0.0733083479891068
car1,F,OL,0,0,none,0.02,100,-0.000313874468396327
car1,F,OL,0,0,balanced,0.01,100,0.000869866711469946
car1,F,OL,0,0,more of flat,0,100,0.000491528731107393
car1,F,OL,0,0,more of biased,0.01,100,-2.76931838524887e-05
car1,F,OL,0,0,high dropout,0.02,100,0.000347036507802791
car1,F,OL,0.25,0,none,0.04,100,-0.00315022773407881
car1,F,OL,0.25,0,balanced,0.02,100,-0.00370595504840031
car1,F,OL,0.25,0,more of flat,0.06,100,-0.00436615206055216
car1,F,OL,0.25,0,more of biased,0.03,100,-0.00404164032002613
car1,F,OL,0.25,0,high dropout,0.05,100,-0.0071926237499734
car1,F,OL,0.3,0,none,0.05,100,-0.00539424313628807
car1,F,OL,0.3,0,balanced,0.08,100,-0.00601585638035827
car1,F,OL,0.3,0,more of flat,0.07,100,-0.00619465598937078
car1,F,OL,0.3,0,more of biased,0.04,100,-0.0054967532447408
car1,F,OL,0.3,0,high dropout,0.09,100,-0.00725204577146543
car1,F,OL,0,0.1,none,0.01,100,0.000898049137222268
car1,F,OL,0,0.1,balanced,0.05,100,0.00145448490852676
car1,F,OL,0,0.1,more of flat,0.01,100,0.00129688559603315
car1,F,OL,0,0.1,more of biased,0.01,100,0.000652782571241982
car1,F,OL,0,0.1,high dropout,0.02,100,-0.000514510458451463
car1,F,OL,0.25,0.1,none,0.03,100,-0.00328811254854109
car1,F,OL,0.25,0.1,balanced,0.02,100,-0.0035257076168748
car1,F,OL,0.25,0.1,more of flat,0.03,100,-0.00372894100437986
car1,F,OL,0.25,0.1,more of biased,0.07,100,-0.0043097902754223
car1,F,OL,0.25,0.1,high dropout,0.06,100,-0.00281118912845711
car1,F,OL,0.3,0.1,none,0.05,100,-0.00538819941544788
car1,F,OL,0.3,0.1,balanced,0.07,100,-0.00630796016434113
car1,F,OL,0.3,0.1,more of flat,0.04,100,-0.00551179814419143
car1,F,OL,0.3,0.1,more of biased,0.07,100,-0.00685138304246327
car1,F,OL,0.3,0.1,high dropout,0.06,100,-0.00791640374802559
car1,F,OL,0,0.2,none,0.03,100,0.000412175155866762
car1,F,OL,0,0.2,balanced,0.03,100,-0.000116767760310623
car1,F,OL,0,0.2,more of flat,0.01,100,1.99896957769489e-05
car1,F,OL,0,0.2,more of biased,0.01,100,0.000964170924289466
car1,F,OL,0,0.2,high dropout,0.01,100,-0.000529331178621111
car1,F,OL,0.25,0.2,none,0.06,100,-0.00414176867831253
car1,F,OL,0.25,0.2,balanced,0.01,100,-0.00413051672601805
car1,F,OL,0.25,0.2,more of flat,0.05,100,-0.00391571853600357
car1,F,OL,0.25,0.2,more of biased,0.08,100,-0.00554586451917408
car1,F,OL,0.25,0.2,high dropout,0.09,100,-0.00768653149460544
car1,F,OL,0.3,0.2,none,0.04,100,-0.00548628029484584
car1,F,OL,0.3,0.2,balanced,0.05,100,-0.0071338365191448
car1,F,OL,0.3,0.2,more of flat,0.03,100,-0.00601928662978572
car1,F,OL,0.3,0.2,more of biased,0.07,100,-0.00601920574845255
car1,F,OL,0.3,0.2,high dropout,0.1,100,-0.00699168633462662
car1,F,OL,0,0.5,none,0.04,100,-0.000798472112267845
car1,F,OL,0,0.5,balanced,0.02,100,-0.000293463037125219
car1,F,OL,0,0.5,more of flat,0.04,100,-0.000725901972258414
car1,F,OL,0,0.5,more of biased,0.03,100,-0.000264370035209777
car1,F,OL,0,0.5,high dropout,0.05,100,-0.000531976333477834
car1,F,OL,0.25,0.5,none,0.04,100,-0.00437792561852658
car1,F,OL,0.25,0.5,balanced,0.05,100,-0.00504461440648688
car1,F,OL,0.25,0.5,more of flat,0.04,100,-0.00589914365838586
car1,F,OL,0.25,0.5,more of biased,0.04,100,-0.00516374154551236
car1,F,OL,0.25,0.5,high dropout,0.06,100,-0.00596670816073827
car1,F,OL,0.3,0.5,none,0.04,100,-0.00583129690202707
car1,F,OL,0.3,0.5,balanced,0.05,100,-0.0063022103006543
car1,F,OL,0.3,0.5,more of flat,0.06,100,-0.00741524476693712
car1,F,OL,0.3,0.5,more of biased,0.06,100,-0.00665434185858303
car1,F,OL,0.3,0.5,high dropout,0.07,100,-0.00870667808649346
car1,F,OL,0,1,none,0.04,100,0.000202658002320526
car1,F,OL,0,1,balanced,0.01,100,0.000260237092281259
car1,F,OL,0,1,more of flat,0.01,100,-0.000867251045144614
car1,F,OL,0,1,more of biased,0.03,100,-3.67846825355389e-05
car1,F,OL,0,1,high dropout,0.03,100,0.000592755056341392
car1,F,OL,0.25,1,none,0.02,100,-0.00427225242827323
car1,F,OL,0.25,1,balanced,0.04,100,-0.00441547273368325
car1,F,OL,0.25,1,more of flat,0.05,100,-0.00496181518927915
car1,F,OL,0.25,1,more of biased,0.06,100,-0.00498996408554693
car1,F,OL,0.25,1,high dropout,0.07,100,-0.00676166522585506
car1,F,OL,0.3,1,none,0.08,100,-0.00378949252105116
car1,F,OL,0.3,1,balanced,0.08,100,-0.00498326998751195
car1,F,OL,0.3,1,more of flat,0.08,100,-0.00464523142463646
car1,F,OL,0.3,1,more of biased,0.05,100,-0.00459207980163103
car1,F,OL,0.3,1,high dropout,0.06,100,-0.00765460150509669
car1,F,OL+BDC,0,0,none,0.06,100,-0.0127087051569621
car1,F,OL+BDC,0,0,balanced,0.1,100,-0.0137655075409577
car1,F,OL+BDC,0,0,more of flat,0.05,100,-0.00750668644666575
car1,F,OL+BDC,0,0,more of biased,0.03,100,-0.0101866564745776
car1,F,OL+BDC,0,0,high dropout,0.05,100,-0.0158427479343178
car1,S,OL,0,0,none,0.03,100,-0.000539377440345147
car1,S,OL,0,0,balanced,0.05,100,-0.000940696733359787
car1,S,OL,0,0,more of flat,0.05,100,-0.000364850887266346
car1,S,OL,0,0,more of biased,0.08,100,-1.66089373391073e-05
car1,S,OL,0,0,high dropout,0.03,100,-0.00178818300744004
car1,S,OL,0.25,0,none,0.07,100,-0.00361991228333338
car1,S,OL,0.25,0,balanced,0.09,100,-0.00412040841891112
car1,S,OL,0.25,0,more of flat,0.1,100,-0.0042570441310938
car1,S,OL,0.25,0,more of biased,0.09,100,-0.00413439089533214
car1,S,OL,0.25,0,high dropout,0.12,100,-0.00591035538001098
car1,S,OL,0.3,0,none,0.07,100,-0.00383312770641333
car1,S,OL,0.3,0,balanced,0.07,100,-0.00410665987600867
car1,S,OL,0.3,0,more of flat,0.09,100,-0.0041520249095259
car1,S,OL,0.3,0,more of biased,0.11,100,-0.00434660789294601
car1,S,OL,0.3,0,high dropout,0.11,100,-0.00617870982865765
car1,S,OL,0,0.1,none,0.02,100,0.000306025004614816
car1,S,OL,0,0.1,balanced,0.04,100,0.000477540750805393
car1,S,OL,0,0.1,more of flat,0.03,100,0.000196476340017809
car1,S,OL,0,0.1,more of biased,0.04,100,-0.000149577397575514
car1,S,OL,0,0.1,high dropout,0.04,100,0.000520499701193546
car1,S,OL,0.25,0.1,none,0.09,100,-0.00416467231879575
car1,S,OL,0.25,0.1,balanced,0.09,100,-0.00436602822000441
car1,S,OL,0.25,0.1,more of flat,0.09,100,-0.00440405383852948
car1,S,OL,0.25,0.1,more of biased,0.11,100,-0.00494879519006203
car1,S,OL,0.25,0.1,high dropout,0.06,100,-0.00583239858786001
car1,S,OL,0.3,0.1,none,0.18,100,-0.00514190064579941
car1,S,OL,0.3,0.1,balanced,0.13,100,-0.00568515888965152
car1,S,OL,0.3,0.1,more of flat,0.2,100,-0.00574667365446376
car1,S,OL,0.3,0.1,more of biased,0.14,100,-0.00605611397908023
car1,S,OL,0.3,0.1,high dropout,0.16,100,-0.0074868812293042
car1,S,OL,0,0.2,none,0.05,100,-0.00041378679923035
car1,S,OL,0,0.2,balanced,0.07,100,-0.000357412444733901
car1,S,OL,0,0.2,more of flat,0.05,100,-0.000538009948052305
car1,S,OL,0,0.2,more of biased,0.06,100,-0.00104316034824999
car1,S,OL,0,0.2,high dropout,0.09,100,-0.00120380254432779
car1,S,OL,0.25,0.2,none,0.09,100,-0.00365147647735257
car1,S,OL,0.25,0.2,balanced,0.09,100,-0.00447631701741128
car1,S,OL,0.25,0.2,more of flat,0.14,100,-0.00436539223260345
car1,S,OL,0.25,0.2,more of biased,0.12,100,-0.00408322775971749
car1,S,OL,0.25,0.2,high dropout,0.15,100,-0.0058741014858638
car1,S,OL,0.3,0.2,none,0.21,100,-0.00412892792646295
car1,S,OL,0.3,0.2,balanced,0.23,100,-0.00450748787482503
car1,S,OL,0.3,0.2,more of flat,0.15,100,-0.00475899047972385
car1,S,OL,0.3,0.2,more of biased,0.18,100,-0.00480945171576981
car1,S,OL,0.3,0.2,high dropout,0.12,100,-0.00477717169771813
car1,S,OL,0,0.5,none,0.05,100,0.000434396398864514
car1,S,OL,0,0.5,balanced,0.05,100,-1.3094835089952e-05
car1,S,OL,0,0.5,more of flat,0.07,100,0.000466399904613151
car1,S,OL,0,0.5,more of biased,0.04,100,0.000659142943253057
car1,S,OL,0,0.5,high dropout,0.07,100,0.000819969222389303
car1,S,OL,0.25,0.5,none,0.11,100,-0.00389216802234011
car1,S,OL,0.25,0.5,balanced,0.14,100,-0.00440220812738859
car1,S,OL,0.25,0.5,more of flat,0.09,100,-0.00480898504194965
car1,S,OL,0.25,0.5,more of biased,0.12,100,-0.00408482292658296
car1,S,OL,0.25,0.5,high dropout,0.1,100,-0.00530501866222927
car1,S,OL,0.3,0.5,none,0.19,100,-0.00588300378116595
car1,S,OL,0.3,0.5,balanced,0.15,100,-0.00626934802415493
car1,S,OL,0.3,0.5,more of flat,0.18,100,-0.00673773438769832
car1,S,OL,0.3,0.5,more of biased,0.16,100,-0.00626417540863925
car1,S,OL,0.3,0.5,high dropout,0.16,100,-0.00838284197676146
car1,S,OL,0,1,none,0.02,100,-0.000387243366863508
car1,S,OL,0,1,balanced,0.08,100,-5.72556350319292e-05
car1,S,OL,0,1,more of flat,0.02,100,-0.000176362246911628
car1,S,OL,0,1,more of biased,0.03,100,-0.000274334433070831
car1,S,OL,0,1,high dropout,0.05,100,0.000773094497316339
car1,S,OL,0.25,1,none,0.08,100,-0.00243567949637283
car1,S,OL,0.25,1,balanced,0.11,100,-0.00331792762579389
car1,S,OL,0.25,1,more of flat,0.09,100,-0.00321011187582346
car1,S,OL,0.25,1,more of biased,0.06,100,-0.00268738208544063
car1,S,OL,0.25,1,high dropout,0.1,100,-0.00445585588520645
car1,S,OL,0.3,1,none,0.08,100,-0.00395762348099278
car1,S,OL,0.3,1,balanced,0.12,100,-0.00493710272914748
car1,S,OL,0.3,1,more of flat,0.1,100,-0.00427573182988164
car1,S,OL,0.3,1,more of biased,0.09,100,-0.00410640424394625
car1,S,OL,0.3,1,high dropout,0.07,100,-0.00510258735542459
car1,S,OL+BDC,0,0,none,0.07,100,-0.0136323608769763
car1,S,OL+BDC,0,0,balanced,0.07,100,-0.0174515893450553
car1,S,OL+BDC,0,0,more of flat,0.1,100,-0.010821054139163
car1,S,OL+BDC,0,0,more of biased,0.03,100,-0.012444063267007
car1,S,OL+BDC,0,0,high dropout,0.03,100,-0.00618814601598081
car1,S,OL+BDC,0.25,0,none,0.65,100,-0.135554263847442
car1,S,OL+BDC,0.25,0,balanced,0.51,100,-0.138962566815045
car1,S,OL+BDC,0.25,0,more of flat,0.46,100,-0.132610709072704
car1,S,OL+BDC,0.25,0,more of biased,0.51,100,-0.136400545615971
car1,S,OL+BDC,0.25,0,high dropout,0.34,100,-0.15144566478604
car1,S,OL+BDC,0.3,0,none,0.71,100,-0.157877766929691
car1,S,OL+BDC,0.3,0,balanced,0.58,100,-0.157970405078169
car1,S,OL+BDC,0.3,0,more of flat,0.57,100,-0.155092498689363
car1,S,OL+BDC,0.3,0,more of biased,0.6,100,-0.162846514999197
car1,S,OL+BDC,0.3,0,high dropout,0.34,100,-0.149289247493672
car1,S,OL+BDC,0,0.1,none,0.08,100,-0.00464561537802927
car1,S,OL+BDC,0,0.1,balanced,0.06,100,-0.00618711445282553
car1,S,OL+BDC,0,0.1,more of flat,0.16,100,-0.00772314089397181
car1,S,OL+BDC,0,0.1,more of biased,0.08,100,-0.00435837165443838
car1,S,OL+BDC,0,0.1,high dropout,0.07,100,-0.0116637516144371
car1,S,OL+BDC,0.25,0.1,none,0.1,100,-0.0488494865611735
car1,S,OL+BDC,0.25,0.1,balanced,0.1,100,-0.0582537133810493
car1,S,OL+BDC,0.25,0.1,more of flat,0.14,100,-0.0625827137026016
car1,S,OL+BDC,0.25,0.1,more of biased,0.1,100,-0.0545097005797001
car1,S,OL+BDC,0.25,0.1,high dropout,0.08,100,-0.0809980233296597
car1,S,OL+BDC,0.3,0.1,none,0.13,100,-0.0506843191050813
car1,S,OL+BDC,0.3,0.1,balanced,0.19,100,-0.0641948860362118
car1,S,OL+BDC,0.3,0.1,more of flat,0.15,100,-0.0626315809720558
car1,S,OL+BDC,0.3,0.1,more of biased,0.17,100,-0.060643749863896
car1,S,OL+BDC,0.3,0.1,high dropout,0.23,100,-0.0956213075716505
car1,S,OL+BDC,0,0.2,none,0.11,100,0.00768145216601294
car1,S,OL+BDC,0,0.2,balanced,0.09,100,0.00718219407149455
car1,S,OL+BDC,0,0.2,more of flat,0.09,100,0.00589374232959695
car1,S,OL+BDC,0,0.2,more of biased,0.08,100,0.00872639017598659
car1,S,OL+BDC,0,0.2,high dropout,0.12,100,0.0079989672232819
car1,S,OL+BDC,0.25,0.2,none,0.17,100,-0.0489710207356986
car1,S,OL+BDC,0.25,0.2,balanced,0.18,100,-0.0613082813677059
car1,S,OL+BDC,0.25,0.2,more of flat,0.1,100,-0.0605280637884196
car1,S,OL+BDC,0.25,0.2,more of biased,0.14,100,-0.0627455450801907
car1,S,OL+BDC,0.25,0.2,high dropout,0.18,100,-0.094143272557181
car1,S,OL+BDC,0.3,0.2,none,0.24,100,-0.0642913695672993
car1,S,OL+BDC,0.3,0.2,balanced,0.29,100,-0.0799493202557494
car1,S,OL+BDC,0.3,0.2,more of flat,0.29,100,-0.0847000265246798
car1,S,OL+BDC,0.3,0.2,more of biased,0.29,100,-0.0860531976472758
car1,S,OL+BDC,0.3,0.2,high dropout,0.27,100,-0.119916194927946
car1,S,OL+BDC,0,0.5,none,0.09,100,0.000630401282599518
car1,S,OL+BDC,0,0.5,balanced,0.04,100,0.00137039699890785
car1,S,OL+BDC,0,0.5,more of flat,0.1,100,0.00908139754177478
car1,S,OL+BDC,0,0.5,more of biased,0.07,100,0.000235571823751988
car1,S,OL+BDC,0,0.5,high dropout,0.11,100,0.00875042534066658
car1,S,OL+BDC,0.25,0.5,none,0.14,100,-0.044668166292384
car1,S,OL+BDC,0.25,0.5,balanced,0.12,100,-0.0604387304034637
car1,S,OL+BDC,0.25,0.5,more of flat,0.15,100,-0.0561888253181402
car1,S,OL+BDC,0.25,0.5,more of biased,0.13,100,-0.0531949384463509
car1,S,OL+BDC,0.25,0.5,high dropout,0.13,100,-0.0759534580016276
car1,S,OL+BDC,0.3,0.5,none,0.14,100,-0.0498518131588579
car1,S,OL+BDC,0.3,0.5,balanced,0.15,100,-0.0649598042995654
car1,S,OL+BDC,0.3,0.5,more of flat,0.17,100,-0.0664531255195749
car1,S,OL+BDC,0.3,0.5,more of biased,0.14,100,-0.0650886840096118
car1,S,OL+BDC,0.3,0.5,high dropout,0.15,100,-0.0959101505423618
car1,S,OL+BDC,0,1,none,0.08,100,0.00864133539326783
car1,S,OL+BDC,0,1,balanced,0.11,100,0.00466709234155633
car1,S,OL+BDC,0,1,more of flat,0.11,100,0.00481226120521858
car1,S,OL+BDC,0,1,more of biased,0.07,100,0.0114294937957259
car1,S,OL+BDC,0,1,high dropout,0.11,100,0.0148333567741059
car1,S,OL+BDC,0.25,1,none,0.09,100,-0.0374704037152537
car1,S,OL+BDC,0.25,1,balanced,0.15,100,-0.0517032923057511
car1,S,OL+BDC,0.25,1,more of flat,0.19,100,-0.0521172956888542
car1,S,OL+BDC,0.25,1,more of biased,0.13,100,-0.0477058873490189
car1,S,OL+BDC,0.25,1,high dropout,0.1,100,-0.0568817872296435
car1,S,OL+BDC,0.3,1,none,0.12,100,-0.0543973047752892
car1,S,OL+BDC,0.3,1,balanced,0.14,100,-0.066912701950553
car1,S,OL+BDC,0.3,1,more of flat,0.15,100,-0.0678143536644708
car1,S,OL+BDC,0.3,1,more of biased,0.12,100,-0.0633191321116282
car1,S,OL+BDC,0.3,1,high dropout,0.23,100,-0.0909758291845451
car1,S,CO,0,0,none,0.01,100,-0.000272917372604973
car1,S,CO,0,0,balanced,0.04,100,-0.0044775027483657
car1,S,CO,0,0,more of flat,0.02,100,-7.11235586238009e-05
car1,S,CO,0,0,more of biased,0.04,100,-0.00167381031070107
car1,S,CO,0,0,high dropout,0.02,100,-0.00278609656463384
car1,S,CO,0.25,0,none,0.64,100,-0.1213154607305
car1,S,CO,0.25,0,balanced,0.54,100,-0.119897556752712
car1,S,CO,0.25,0,more of flat,0.47,100,-0.117997051232279
car1,S,CO,0.25,0,more of biased,0.41,100,-0.115638993279327
car1,S,CO,0.25,0,high dropout,0.26,100,-0.114071027823453
car1,S,CO,0.3,0,none,0.87,100,-0.154167809611077
car1,S,CO,0.3,0,balanced,0.74,100,-0.154329257734183
car1,S,CO,0.3,0,more of flat,0.82,100,-0.158255423199512
car1,S,CO,0.3,0,more of biased,0.79,100,-0.155313925525379
car1,S,CO,0.3,0,high dropout,0.5,100,-0.152463131740819
car1,S,CO,0,0.1,none,0.06,100,0.00179468896540986
car1,S,CO,0,0.1,balanced,0.05,100,1.30741313057534e-05
car1,S,CO,0,0.1,more of flat,0.06,100,0.00548692999945288
car1,S,CO,0,0.1,more of biased,0.05,100,0.0036068393804331
car1,S,CO,0,0.1,high dropout,0.08,100,0.0062671489600591
car1,S,CO,0.25,0.1,none,0.29,100,-0.073683642602416
car1,S,CO,0.25,0.1,balanced,0.27,100,-0.0763828432428973
car1,S,CO,0.25,0.1,more of flat,0.24,100,-0.0734777181824697
car1,S,CO,0.25,0.1,more of biased,0.26,100,-0.077327040096613
car1,S,CO,0.25,0.1,high dropout,0.22,100,-0.0911062791490061
car1,S,CO,0.3,0.1,none,0.41,100,-0.0888618777400519
car1,S,CO,0.3,0.1,balanced,0.32,100,-0.0900551930431716
car1,S,CO,0.3,0.1,more of flat,0.3,100,-0.0903729660353073
car1,S,CO,0.3,0.1,more of biased,0.33,100,-0.0889366291029229
car1,S,CO,0.3,0.1,high dropout,0.24,100,-0.101425322996184
car1,S,CO,0,0.2,none,0.05,100,-0.00614962371487512
car1,S,CO,0,0.2,balanced,0.03,100,-0.00568796440949184
car1,S,CO,0,0.2,more of flat,0.06,100,-0.00229909131055503
car1,S,CO,0,0.2,more of biased,0.05,100,-0.000666746799061206
car1,S,CO,0,0.2,high dropout,0.09,100,0.000295486991983792
car1,S,CO,0.25,0.2,none,0.28,100,-0.0777687774908488
car1,S,CO,0.25,0.2,balanced,0.25,100,-0.0800578657619715
car1,S,CO,0.25,0.2,more of flat,0.28,100,-0.0850355878388005
car1,S,CO,0.25,0.2,more of biased,0.24,100,-0.07799312747538
car1,S,CO,0.25,0.2,high dropout,0.21,100,-0.0878046022510752
car1,S,CO,0.3,0.2,none,0.48,100,-0.100436598684883
car1,S,CO,0.3,0.2,balanced,0.38,100,-0.10084609943614
car1,S,CO,0.3,0.2,more of flat,0.36,100,-0.0984681012186482
car1,S,CO,0.3,0.2,more of biased,0.39,100,-0.103083528180021
car1,S,CO,0.3,0.2,high dropout,0.34,100,-0.118366738803239
car1,S,CO,0,0.5,none,0.04,100,0.00326147881203698
car1,S,CO,0,0.5,balanced,0.05,100,0.00204262268568568
car1,S,CO,0,0.5,more of flat,0.06,100,0.00642268353465408
car1,S,CO,0,0.5,more of biased,0.06,100,0.000880067689596147
car1,S,CO,0,0.5,high dropout,0.07,100,0.0106604498907546
car1,S,CO,0.25,0.5,none,0.3,100,-0.0806039481218065
car1,S,CO,0.25,0.5,balanced,0.27,100,-0.0808830324205672
car1,S,CO,0.25,0.5,more of flat,0.25,100,-0.079181554472169
car1,S,CO,0.25,0.5,more of biased,0.23,100,-0.077042714898159
car1,S,CO,0.25,0.5,high dropout,0.22,100,-0.0973532623854479
car1,S,CO,0.3,0.5,none,0.42,100,-0.0937261964404696
car1,S,CO,0.3,0.5,balanced,0.3,100,-0.0966147926506307
car1,S,CO,0.3,0.5,more of flat,0.33,100,-0.0973721155918685
car1,S,CO,0.3,0.5,more of biased,0.29,100,-0.0930960161193586
car1,S,CO,0.3,0.5,high dropout,0.26,100,-0.105684075198595
car1,S,CO,0,1,none,0.01,100,0.00386207957525762
car1,S,CO,0,1,balanced,0.01,100,0.00507482995884132
car1,S,CO,0,1,more of flat,0.01,100,0.00325301819899797
car1,S,CO,0,1,more of biased,0.02,100,-0.00025775536862294
car1,S,CO,0,1,high dropout,0.05,100,0.0112968233575899
car1,S,CO,0.25,1,none,0.25,100,-0.0761133358163131
car1,S,CO,0.25,1,balanced,0.21,100,-0.0756711052187321
car1,S,CO,0.25,1,more of flat,0.17,100,-0.0748931142248245
car1,S,CO,0.25,1,more of biased,0.27,100,-0.0788965618723027
car1,S,CO,0.25,1,high dropout,0.11,100,-0.0845016832684761
car1,S,CO,0.3,1,none,0.4,100,-0.0960653739215277
car1,S,CO,0.3,1,balanced,0.35,100,-0.0988993874150396
car1,S,CO,0.3,1,more of flat,0.29,100,-0.098160920219298
car1,S,CO,0.3,1,more of biased,0.34,100,-0.0979950090172395
car1,S,CO,0.3,1,high dropout,0.3,100,-0.113038540059312
car1,S,N-of-1,0,0,none,0.1,100,-0.00189209853757492
car1,S,N-of-1,0,0,balanced,0.1,100,0.00164314605958843
car1,S,N-of-1,0,0,more of flat,0.09,100,-0.00199580421022506
car1,S,N-of-1,0,0,more of biased,0.11,100,-0.0057914056189093
car1,S,N-of-1,0,0,high dropout,0.08,100,0.00358315610315903
car1,S,N-of-1,0.25,0,none,0.65,100,-0.134689057763584
car1,S,N-of-1,0.25,0,balanced,0.53,100,-0.132560081254906
car1,S,N-of-1,0.25,0,more of flat,0.5,100,-0.134246811243686
car1,S,N-of-1,0.25,0,more of biased,0.56,100,-0.135645681889772
car1,S,N-of-1,0.25,0,high dropout,0.34,100,-0.129789057434679
car1,S,N-of-1,0.3,0,none,0.8,100,-0.154522018599308
car1,S,N-of-1,0.3,0,balanced,0.68,100,-0.156500807685563
car1,S,N-of-1,0.3,0,more of flat,0.66,100,-0.161224572509906
car1,S,N-of-1,0.3,0,more of biased,0.64,100,-0.159585217888647
car1,S,N-of-1,0.3,0,high dropout,0.51,100,-0.162548250073565
car1,S,N-of-1,0,0.1,none,0.05,100,0.0038452847662243
car1,S,N-of-1,0,0.1,balanced,0.04,100,-0.000397254389657455
car1,S,N-of-1,0,0.1,more of flat,0.05,100,0.00698646511540506
car1,S,N-of-1,0,0.1,more of biased,0.03,100,0.00553536107450058
car1,S,N-of-1,0,0.1,high dropout,0.04,100,-0.00424786828572444
car1,S,N-of-1,0.25,0.1,none,0.1,100,-0.0275534419026653
car1,S,N-of-1,0.25,0.1,balanced,0.1,100,-0.0336482937360873
car1,S,N-of-1,0.25,0.1,more of flat,0.12,100,-0.0278630417171024
car1,S,N-of-1,0.25,0.1,more of biased,0.09,100,-0.034155002836338
car1,S,N-of-1,0.25,0.1,high dropout,0.1,100,-0.0377349477733069
car1,S,N-of-1,0.3,0.1,none,0.13,100,-0.0431897841483432
car1,S,N-of-1,0.3,0.1,balanced,0.11,100,-0.0495336555099691
car1,S,N-of-1,0.3,0.1,more of flat,0.19,100,-0.0527146749679198
car1,S,N-of-1,0.3,0.1,more of biased,0.14,100,-0.0488582286385462
car1,S,N-of-1,0.3,0.1,high dropout,0.16,100,-0.0719397754842303
car1,S,N-of-1,0,0.2,none,0.07,100,-0.000137711152746057
car1,S,N-of-1,0,0.2,balanced,0.05,100,-0.0023607433870635
car1,S,N-of-1,0,0.2,more of flat,0.05,100,0.00434780354591254
car1,S,N-of-1,0,0.2,more of biased,0.06,100,-0.00214245160888812
car1,S,N-of-1,0,0.2,high dropout,0.05,100,-0.00558554958448013
car1,S,N-of-1,0.25,0.2,none,0.09,100,-0.0285644497374551
car1,S,N-of-1,0.25,0.2,balanced,0.09,100,-0.0330589870335252
car1,S,N-of-1,0.25,0.2,more of flat,0.13,100,-0.0312895792741245
car1,S,N-of-1,0.25,0.2,more of biased,0.11,100,-0.0353653941135797
car1,S,N-of-1,0.25,0.2,high dropout,0.1,100,-0.0410603323161266
car1,S,N-of-1,0.3,0.2,none,0.08,100,-0.022542930024647
car1,S,N-of-1,0.3,0.2,balanced,0.08,100,-0.0337763263938046
car1,S,N-of-1,0.3,0.2,more of flat,0.06,100,-0.0305486003306269
car1,S,N-of-1,0.3,0.2,more of biased,0.12,100,-0.0285100129592953
car1,S,N-of-1,0.3,0.2,high dropout,0.1,100,-0.0396770268366359
car1,S,N-of-1,0,0.5,none,0.06,100,-0.00666359755765956
car1,S,N-of-1,0,0.5,balanced,0.06,100,-0.00327575063225894
car1,S,N-of-1,0,0.5,more of flat,0.06,100,-0.00782602853905932
car1,S,N-of-1,0,0.5,more of biased,0.05,100,-0.00701917608274085
car1,S,N-of-1,0,0.5,high dropout,0.09,100,-0.00946434576054088
car1,S,N-of-1,0.25,0.5,none,0.07,100,-0.0369492965751559
car1,S,N-of-1,0.25,0.5,balanced,0.08,100,-0.0412052638749459
car1,S,N-of-1,0.25,0.5,more of flat,0.09,100,-0.0455266199329171
car1,S,N-of-1,0.25,0.5,more of biased,0.05,100,-0.0407591578862139
car1,S,N-of-1,0.25,0.5,high dropout,0.11,100,-0.0452099391070806
car1,S,N-of-1,0.3,0.5,none,0.13,100,-0.0424022702740045
car1,S,N-of-1,0.3,0.5,balanced,0.17,100,-0.0547472912925039
car1,S,N-of-1,0.3,0.5,more of flat,0.14,100,-0.0413957636703499
car1,S,N-of-1,0.3,0.5,more of biased,0.15,100,-0.0524770740538791
car1,S,N-of-1,0.3,0.5,high dropout,0.16,100,-0.0674671099841895
car1,S,N-of-1,0,1,none,0.05,100,0.00483779046799021
car1,S,N-of-1,0,1,balanced,0.07,100,0.00798756554286527
car1,S,N-of-1,0,1,more of flat,0.07,100,0.00424593948748613
car1,S,N-of-1,0,1,more of biased,0.04,100,0.00165530748470834
car1,S,N-of-1,0,1,high dropout,0.05,100,0.00716320131445722
car1,S,N-of-1,0.25,1,none,0.11,100,-0.0382564189208526
car1,S,N-of-1,0.25,1,balanced,0.14,100,-0.0475012882864447
car1,S,N-of-1,0.25,1,more of flat,0.12,100,-0.0472096000193446
car1,S,N-of-1,0.25,1,more of biased,0.09,100,-0.0454094726494038
car1,S,N-of-1,0.25,1,high dropout,0.1,100,-0.0513069462665919
car1,S,N-of-1,0.3,1,none,0.09,100,-0.0398533913315139
car1,S,N-of-1,0.3,1,balanced,0.1,100,-0.0452945062783485
car1,S,N-of-1,0.3,1,more of flat,0.08,100,-0.0451998864957112
car1,S,N-of-1,0.3,1,more of biased,0.1,100,-0.0501625194560828
car1,S,N-of-1,0.3,1,high dropout,0.12,100,-0.0639088678295472
