analysis,config,design,c.bm,t_half,censor,power,n,mean_beta
published,B,OL,0,0,none,0,2,0.00201476657585826
published,B,OL,0,0,balanced,0,2,8.09654242866194e-05
published,B,OL,0,0,more of flat,0,2,-0.0011826954515538
published,B,OL,0,0,more of biased,0,2,0.00392024943017711
published,B,OL,0,0,high dropout,0,2,-0.00316523151274751
published,B,OL,0.25,0,none,0,2,0.00105508217673421
published,B,OL,0.25,0,balanced,0,2,0.00115934415434046
published,B,OL,0.25,0,more of flat,0,2,0.00096291194942583
published,B,OL,0.25,0,more of biased,0,2,-0.000415779733196614
published,B,OL,0.25,0,high dropout,0.5,2,0.016939970598674
published,B,OL,0.3,0,none,0,2,-0.00910568790246931
published,B,OL,0.3,0,balanced,0,2,-0.0143861767322401
published,B,OL,0.3,0,more of flat,0,2,-0.0118596652762042
published,B,OL,0.3,0,more of biased,0,2,-0.00852626590358388
published,B,OL,0.3,0,high dropout,1,2,-0.025453448422095
published,B,OL,0,0.1,none,0,2,0.00230632132061946
published,B,OL,0,0.1,balanced,0,2,-0.00576240082715008
published,B,OL,0,0.1,more of flat,0,2,0.00400234058472893
published,B,OL,0,0.1,more of biased,0,2,0.0047420730464902
published,B,OL,0,0.1,high dropout,0,2,-0.00267775712978392
published,B,OL,0.25,0.1,none,0.5,2,0.00615776267963629
published,B,OL,0.25,0.1,balanced,0,2,0.00144037809795995
published,B,OL,0.25,0.1,more of flat,0,2,0.00497633635174622
published,B,OL,0.25,0.1,more of biased,0.5,2,0.00701900749692487
published,B,OL,0.25,0.1,high dropout,0.5,2,-0.0178469764274407
published,B,OL,0.3,0.1,none,0.5,2,-0.0175056949925866
published,B,OL,0.3,0.1,balanced,0.5,2,-0.0140690740864053
published,B,OL,0.3,0.1,more of flat,0.5,2,-0.0159572796198577
published,B,OL,0.3,0.1,more of biased,0.5,2,-0.0114193672597608
published,B,OL,0.3,0.1,high dropout,0.5,2,-0.0259519562355776
published,B,OL,0,0.2,none,0,2,-0.00958099061333346
published,B,OL,0,0.2,balanced,0,2,-0.00723495931178937
published,B,OL,0,0.2,more of flat,0,2,-0.0048382900870865
published,B,OL,0,0.2,more of biased,0,2,-0.00708051899547289
published,B,OL,0,0.2,high dropout,0.5,2,-0.0191604348806081
published,B,OL,0.25,0.2,none,0,2,-0.00317215325453436
published,B,OL,0.25,0.2,balanced,0,2,-0.00193153262603349
published,B,OL,0.25,0.2,more of flat,0,2,-0.00929842406062635
published,B,OL,0.25,0.2,more of biased,0.5,2,-0.0088170224829494
published,B,OL,0.25,0.2,high dropout,0,2,-0.0018879047388803
published,B,OL,0.3,0.2,none,0,2,0.00407374717295416
published,B,OL,0.3,0.2,balanced,0,2,0.000904737706316706
published,B,OL,0.3,0.2,more of flat,0,2,0.00420251543898033
published,B,OL,0.3,0.2,more of biased,0,2,0.00449751974789216
published,B,OL,0.3,0.2,high dropout,0,2,0.00561172614841951
published,B,OL,0,0.5,none,0,2,-0.000788705363021786
published,B,OL,0,0.5,balanced,0,2,0.00164819639257532
published,B,OL,0,0.5,more of flat,0,2,0.00169857448684594
published,B,OL,0,0.5,more of biased,0,2,-0.00327518702628331
published,B,OL,0,0.5,high dropout,0,2,-0.00353397589316443
published,B,OL,0.25,0.5,none,0,2,-0.00472685530023406
published,B,OL,0.25,0.5,balanced,0,2,-0.00452480461537863
published,B,OL,0.25,0.5,more of flat,0,2,-0.000535343129142975
published,B,OL,0.25,0.5,more of biased,0,2,-0.00248803393337323
published,B,OL,0.25,0.5,high dropout,0,2,-0.0018194892509778
published,B,OL,0.3,0.5,none,0,2,0.0058470716789588
published,B,OL,0.3,0.5,balanced,0,2,0.00717107252814872
published,B,OL,0.3,0.5,more of flat,0,2,0.000645123381507942
published,B,OL,0.3,0.5,more of biased,0,2,0.0034141478026212
published,B,OL,0.3,0.5,high dropout,0,2,0.00846687639359868
published,B,OL,0,1,none,0,2,-0.000236365912936466
published,B,OL,0,1,balanced,0,2,0.00650976900378024
published,B,OL,0,1,more of flat,0,2,0.000410320875832703
published,B,OL,0,1,more of biased,0,2,-0.00224391400444329
published,B,OL,0,1,high dropout,0,2,0.000197248763195266
published,B,OL,0.25,1,none,0.5,2,-0.00761031349026792
published,B,OL,0.25,1,balanced,0.5,2,-0.0154649594387802
published,B,OL,0.25,1,more of flat,0.5,2,-0.00342667794132557
published,B,OL,0.25,1,more of biased,0,2,-0.00106041755130269
published,B,OL,0.25,1,high dropout,0,2,0.00422906733528633
published,B,OL,0.3,1,none,0,2,-0.00437915030879606
published,B,OL,0.3,1,balanced,0,2,-0.00567258290933394
published,B,OL,0.3,1,more of flat,0,2,0.00126911182826842
published,B,OL,0.3,1,more of biased,0,2,-0.000694128922909732
published,B,OL,0.3,1,high dropout,0,2,0.00188539196492327
published,B,OL+BDC,0,0,none,0.5,2,-0.155415725897397
published,B,OL+BDC,0,0,balanced,0,2,-0.153717454015715
published,B,OL+BDC,0,0,more of flat,0.5,2,-0.119114038861192
published,B,OL+BDC,0,0,more of biased,0.5,2,-0.180931610733937
published,B,OL+BDC,0,0,high dropout,0,2,-0.184621392577242
published,B,OL+BDC,0.25,0,none,0.5,2,-0.133608956882477
published,B,OL+BDC,0.25,0,balanced,0,2,-0.156693459961657
published,B,OL+BDC,0.25,0,more of flat,0.5,2,-0.156023230417342
published,B,OL+BDC,0.25,0,more of biased,0,2,-0.117871669381733
published,B,OL+BDC,0.25,0,high dropout,0.5,2,-0.206873372943695
published,B,OL+BDC,0.3,0,none,0.5,2,-0.211734589453123
published,B,OL+BDC,0.3,0,balanced,0.5,2,-0.208090654582109
published,B,OL+BDC,0.3,0,more of flat,0.5,2,-0.220872034765148
published,B,OL+BDC,0.3,0,more of biased,0.5,2,-0.223759601387745
published,B,OL+BDC,0.3,0,high dropout,0,2,-0.166611356597326
published,B,OL+BDC,0,0.1,none,0,2,0.0281664435662049
published,B,OL+BDC,0,0.1,balanced,0,2,0.0304996200276873
published,B,OL+BDC,0,0.1,more of flat,0,2,0.0671755534341253
published,B,OL+BDC,0,0.1,more of biased,0,2,0.0120914082027946
published,B,OL+BDC,0,0.1,high dropout,0,2,0.131036309026447
published,B,OL+BDC,0.25,0.1,none,0,2,-0.00927124625655678
published,B,OL+BDC,0.25,0.1,balanced,0,2,-0.0154009659934917
published,B,OL+BDC,0.25,0.1,more of flat,0,2,-0.00866027793772901
published,B,OL+BDC,0.25,0.1,more of biased,0,2,-0.0212999570132229
published,B,OL+BDC,0.25,0.1,high dropout,0.5,2,-0.161408283016442
published,B,OL+BDC,0.3,0.1,none,0,2,-0.0745674048009618
published,B,OL+BDC,0.3,0.1,balanced,0.5,2,-0.101759781895427
published,B,OL+BDC,0.3,0.1,more of flat,0,2,-0.100708444876736
published,B,OL+BDC,0.3,0.1,more of biased,0,2,-0.0861421545116201
published,B,OL+BDC,0.3,0.1,high dropout,0,2,-0.062626308119865
published,B,OL+BDC,0,0.2,none,0.5,2,0.140562863573104
published,B,OL+BDC,0,0.2,balanced,0,2,0.120703146145146
published,B,OL+BDC,0,0.2,more of flat,0.5,2,0.113514873502453
published,B,OL+BDC,0,0.2,more of biased,0,2,0.121448897178095
published,B,OL+BDC,0,0.2,high dropout,1,2,0.261663457886346
published,B,OL+BDC,0.25,0.2,none,0,2,-0.0683306487097107
published,B,OL+BDC,0.25,0.2,balanced,0,2,-0.10005992223759
published,B,OL+BDC,0.25,0.2,more of flat,0,2,-0.0906972574200499
published,B,OL+BDC,0.25,0.2,more of biased,0,2,-0.0715613566444305
published,B,OL+BDC,0.25,0.2,high dropout,0,2,-0.0899437823200686
published,B,OL+BDC,0.3,0.2,none,0,2,-0.0692785650879349
published,B,OL+BDC,0.3,0.2,balanced,0,2,-0.0752685346263193
published,B,OL+BDC,0.3,0.2,more of flat,0,2,-0.045030377926347
published,B,OL+BDC,0.3,0.2,more of biased,0,2,-0.120846268358065
published,B,OL+BDC,0.3,0.2,high dropout,0,2,-0.0815509026436528
published,B,OL+BDC,0,0.5,none,0,2,-0.050605953919338
published,B,OL+BDC,0,0.5,balanced,0,2,-0.0395031686508204
published,B,OL+BDC,0,0.5,more of flat,0,2,-0.00571766087261355
published,B,OL+BDC,0,0.5,more of biased,0.5,2,-0.0724086960104632
published,B,OL+BDC,0,0.5,high dropout,0,2,-0.0521053433704797
published,B,OL+BDC,0.25,0.5,none,0.5,2,-0.101911056036748
published,B,OL+BDC,0.25,0.5,balanced,0.5,2,-0.094866510445604
published,B,OL+BDC,0.25,0.5,more of flat,0,2,-0.109662068842454
published,B,OL+BDC,0.25,0.5,more of biased,0,2,-0.0865681677858211
published,B,OL+BDC,0.25,0.5,high dropout,0.5,2,-0.266255932421831
published,B,OL+BDC,0.3,0.5,none,0,2,0.0305658553786409
published,B,OL+BDC,0.3,0.5,balanced,0,2,0.0573920574175213
published,B,OL+BDC,0.3,0.5,more of flat,0,2,0.0132835438158045
published,B,OL+BDC,0.3,0.5,more of biased,0,2,0.0564368167952978
published,B,OL+BDC,0.3,0.5,high dropout,0,2,-0.0401796455799672
published,B,OL+BDC,0,1,none,0,2,0.0593155141818282
published,B,OL+BDC,0,1,balanced,0.5,2,0.0785278604641523
published,B,OL+BDC,0,1,more of flat,0,2,0.108308586874751
published,B,OL+BDC,0,1,more of biased,0,2,0.044257783632048
published,B,OL+BDC,0,1,high dropout,0,2,0.0288921416654888
published,B,OL+BDC,0.25,1,none,0,2,-0.0887251922291826
published,B,OL+BDC,0.25,1,balanced,0,2,-0.138426510570249
published,B,OL+BDC,0.25,1,more of flat,0,2,-0.0833535907085598
published,B,OL+BDC,0.25,1,more of biased,0,2,-0.0609397761629352
published,B,OL+BDC,0.25,1,high dropout,0,2,-0.119054982904456
published,B,OL+BDC,0.3,1,none,0,2,-0.0644784973410812
published,B,OL+BDC,0.3,1,balanced,0,2,-0.0843267472466652
published,B,OL+BDC,0.3,1,more of flat,0,2,-0.00128529484271095
published,B,OL+BDC,0.3,1,more of biased,0,2,-0.0830063043584399
published,B,OL+BDC,0.3,1,high dropout,0,2,-0.150102505451611
published,B,CO,0,0,none,0.5,2,0.0930927218946472
published,B,CO,0,0,balanced,0.5,2,0.104964366059678
published,B,CO,0,0,more of flat,0,2,0.095216338200438
published,B,CO,0,0,more of biased,0,2,0.0548249735662495
published,B,CO,0,0,high dropout,0,2,0.111618554431195
published,B,CO,0.25,0,none,0.5,2,-0.123677865047125
published,B,CO,0.25,0,balanced,0.5,2,-0.143652822545007
published,B,CO,0.25,0,more of flat,0.5,2,-0.156033141026343
published,B,CO,0.25,0,more of biased,0.5,2,-0.138600593572577
published,B,CO,0.25,0,high dropout,0.5,2,-0.140372975468498
published,B,CO,0.3,0,none,0,2,-0.0386859388175133
published,B,CO,0.3,0,balanced,0,2,-0.0424022398992734
published,B,CO,0.3,0,more of flat,0,2,-0.032621950845648
published,B,CO,0.3,0,more of biased,0,2,0.0176983249774897
published,B,CO,0.3,0,high dropout,0,2,-0.0707560961391405
published,B,CO,0,0.1,none,0,2,0.049052808079739
published,B,CO,0,0.1,balanced,0.5,2,0.128724006765888
published,B,CO,0,0.1,more of flat,0,2,0.0392534045201172
published,B,CO,0,0.1,more of biased,0,2,0.0432476257632712
published,B,CO,0,0.1,high dropout,0,2,0.0855984972692711
published,B,CO,0.25,0.1,none,0,2,0.0221823517144257
published,B,CO,0.25,0.1,balanced,0,2,0.0404260135869885
published,B,CO,0.25,0.1,more of flat,0,2,0.0852771320135076
published,B,CO,0.25,0.1,more of biased,0,2,-0.0281819770404013
published,B,CO,0.25,0.1,high dropout,0,2,-0.00999131286083446
published,B,CO,0.3,0.1,none,0.5,2,-0.123689016998655
published,B,CO,0.3,0.1,balanced,0.5,2,-0.126008182746423
published,B,CO,0.3,0.1,more of flat,0.5,2,-0.134249837586386
published,B,CO,0.3,0.1,more of biased,0.5,2,-0.181018046935071
published,B,CO,0.3,0.1,high dropout,0.5,2,-0.136465804281895
published,B,CO,0,0.2,none,0,2,0.0709779310701598
published,B,CO,0,0.2,balanced,0.5,2,0.132814710778145
published,B,CO,0,0.2,more of flat,0,2,0.11769063885811
published,B,CO,0,0.2,more of biased,0,2,0.104495288270696
published,B,CO,0,0.2,high dropout,0,2,0.146106403890684
published,B,CO,0.25,0.2,none,0.5,2,-0.200876426204284
published,B,CO,0.25,0.2,balanced,0.5,2,-0.221607362640083
published,B,CO,0.25,0.2,more of flat,1,2,-0.204223830021225
published,B,CO,0.25,0.2,more of biased,0.5,2,-0.149007673357371
published,B,CO,0.25,0.2,high dropout,0,2,-0.138061320320799
published,B,CO,0.3,0.2,none,0,2,0.0136575153220833
published,B,CO,0.3,0.2,balanced,0,2,0.0606187280769065
published,B,CO,0.3,0.2,more of flat,0,2,0.00644932989130116
published,B,CO,0.3,0.2,more of biased,0,2,0.000396822237614419
published,B,CO,0.3,0.2,high dropout,0,2,-0.00730042394937187
published,B,CO,0,0.5,none,0.5,2,-0.10758426271082
published,B,CO,0,0.5,balanced,0.5,2,-0.0651032803200765
published,B,CO,0,0.5,more of flat,0.5,2,-0.0270983771829733
published,B,CO,0,0.5,more of biased,0.5,2,-0.108548867268747
published,B,CO,0,0.5,high dropout,0.5,2,-0.171325829582271
published,B,CO,0.25,0.5,none,0,2,-0.105092967352037
published,B,CO,0.25,0.5,balanced,0,2,-0.105815955085062
published,B,CO,0.25,0.5,more of flat,0,2,-0.0847526488880745
published,B,CO,0.25,0.5,more of biased,0,2,-0.0382629168903596
published,B,CO,0.25,0.5,high dropout,0.5,2,-0.225991217626457
published,B,CO,0.3,0.5,none,1,2,-0.255954164473591
published,B,CO,0.3,0.5,balanced,1,2,-0.264760170430017
published,B,CO,0.3,0.5,more of flat,0.5,2,-0.182245574516014
published,B,CO,0.3,0.5,more of biased,0.5,2,-0.226363851179516
published,B,CO,0.3,0.5,high dropout,1,2,-0.376185793910181
published,B,CO,0,1,none,0,2,0.0723663903819232
published,B,CO,0,1,balanced,0.5,2,0.0715907811211425
published,B,CO,0,1,more of flat,0.5,2,0.0935846590577201
published,B,CO,0,1,more of biased,0,2,0.0819102127775236
published,B,CO,0,1,high dropout,0.5,2,0.0538074647136381
published,B,CO,0.25,1,none,0,2,-0.0613966712090126
published,B,CO,0.25,1,balanced,0,2,-0.0491188988789584
published,B,CO,0.25,1,more of flat,0,2,-0.0138541971554394
published,B,CO,0.25,1,more of biased,0.5,2,-0.116674278308946
published,B,CO,0.25,1,high dropout,0,2,-0.100926360559139
published,B,CO,0.3,1,none,0,2,-0.0725770880949339
published,B,CO,0.3,1,balanced,0,2,0.0130671596074058
published,B,CO,0.3,1,more of flat,0,2,-0.0645939165362883
published,B,CO,0.3,1,more of biased,0,2,-0.0297370613082593
published,B,CO,0.3,1,high dropout,0,2,-0.122148668411246
published,B,N-of-1,0,0,none,0,2,0.00670080655147567
published,B,N-of-1,0,0,balanced,0,2,-0.00940458639843762
published,B,N-of-1,0,0,more of flat,0,2,0.0063468466246536
published,B,N-of-1,0,0,more of biased,0,2,0.00357215586994421
published,B,N-of-1,0,0,high dropout,0,2,-0.0251930867016631
published,B,N-of-1,0.25,0,none,1,2,-0.193729651267723
published,B,N-of-1,0.25,0,balanced,1,2,-0.206985139699948
published,B,N-of-1,0.25,0,more of flat,1,2,-0.221695109818379
published,B,N-of-1,0.25,0,more of biased,1,2,-0.218814171790646
published,B,N-of-1,0.25,0,high dropout,0.5,2,-0.15192340085462
published,B,N-of-1,0,0.1,none,0,2,0.00364835026810433
published,B,N-of-1,0,0.1,balanced,0,2,-0.00960368594782263
published,B,N-of-1,0,0.1,more of flat,0,2,-0.0596936890685085
published,B,N-of-1,0,0.1,more of biased,0,2,-0.0255413511005838
published,B,N-of-1,0,0.1,high dropout,0,2,0.022547839049599
published,B,N-of-1,0.25,0.1,none,0,2,0.0398983798157778
published,B,N-of-1,0.25,0.1,balanced,0,2,0.0486486026844109
published,B,N-of-1,0.25,0.1,more of flat,0,2,0.0214238408971563
published,B,N-of-1,0.25,0.1,more of biased,0,2,0.0693442280687098
published,B,N-of-1,0.25,0.1,high dropout,0,2,0.00321168583022384
published,B,N-of-1,0.3,0.1,none,0,2,-0.121357631630824
published,B,N-of-1,0.3,0.1,balanced,0,2,-0.104901018047137
published,B,N-of-1,0.3,0.1,more of flat,0,2,-0.123429643340643
published,B,N-of-1,0.3,0.1,more of biased,0,2,-0.128070775421948
published,B,N-of-1,0.3,0.1,high dropout,0.5,2,-0.227387083539373
published,B,N-of-1,0,0.2,none,0,2,-0.0291302659401274
published,B,N-of-1,0,0.2,balanced,0,2,-0.0425659244127912
published,B,N-of-1,0,0.2,more of flat,0,2,-0.0257922985808133
published,B,N-of-1,0,0.2,more of biased,0,2,-0.0284002466825241
published,B,N-of-1,0,0.2,high dropout,0,2,0.0620054041216323
published,B,N-of-1,0.25,0.2,none,0.5,2,-0.122600766221862
published,B,N-of-1,0.25,0.2,balanced,0.5,2,-0.118540780513528
published,B,N-of-1,0.25,0.2,more of flat,0,2,-0.114631799027791
published,B,N-of-1,0.25,0.2,more of biased,0.5,2,-0.139902836412918
published,B,N-of-1,0.25,0.2,high dropout,0.5,2,-0.154561848615092
published,B,N-of-1,0.3,0.2,none,0,2,-0.0613686114987167
published,B,N-of-1,0.3,0.2,balanced,0,2,-0.0322189475224539
published,B,N-of-1,0.3,0.2,more of flat,0,2,-0.0814090764141555
published,B,N-of-1,0.3,0.2,more of biased,0,2,-0.0323185188693448
published,B,N-of-1,0.3,0.2,high dropout,0.5,2,-0.0784565945232907
published,B,N-of-1,0,0.5,none,0,2,0.0263484183114719
published,B,N-of-1,0,0.5,balanced,0,2,0.0109312856434472
published,B,N-of-1,0,0.5,more of flat,0,2,0.0425251199407956
published,B,N-of-1,0,0.5,more of biased,0,2,0.0416577090599157
published,B,N-of-1,0,0.5,high dropout,0,2,0.0209045510866989
published,B,N-of-1,0.25,0.5,none,0,2,0.0468512822917692
published,B,N-of-1,0.25,0.5,balanced,0,2,0.0389164051132272
published,B,N-of-1,0.25,0.5,more of flat,0,2,0.000442016114111481
published,B,N-of-1,0.25,0.5,more of biased,0,2,0.0435305133691426
published,B,N-of-1,0.25,0.5,high dropout,0,2,0.0192902220914921
published,B,N-of-1,0.3,0.5,none,0,2,-0.050417493227574
published,B,N-of-1,0.3,0.5,balanced,0,2,-0.0440145723946807
published,B,N-of-1,0.3,0.5,more of flat,0,2,-0.0262648530810533
published,B,N-of-1,0.3,0.5,more of biased,0,2,-0.057390465956402
published,B,N-of-1,0.3,0.5,high dropout,0,2,-0.0967431409032084
published,B,N-of-1,0,1,none,0,2,0.0289592829703074
published,B,N-of-1,0,1,balanced,0,2,0.0357485213572251
published,B,N-of-1,0,1,more of flat,0,2,0.0331358116606068
published,B,N-of-1,0,1,more of biased,0,2,0.0368405636281621
published,B,N-of-1,0,1,high dropout,0,2,0.0539376236558242
published,B,N-of-1,0.25,1,none,0,2,-0.00471681688713253
published,B,N-of-1,0.25,1,balanced,0,2,0.0310746480205013
published,B,N-of-1,0.25,1,more of flat,0,2,-0.00533960723466463
published,B,N-of-1,0.25,1,more of biased,0,2,-0.0334718616373836
published,B,N-of-1,0.25,1,high dropout,0,2,-0.0139625837593901
published,B,N-of-1,0.3,1,none,0,2,-0.0711039254564708
published,B,N-of-1,0.3,1,balanced,0,2,-0.0656805705854996
published,B,N-of-1,0.3,1,more of flat,0,2,-0.0816440349163942
published,B,N-of-1,0.3,1,more of biased,0,2,-0.0705726742214894
published,B,N-of-1,0.3,1,high dropout,0,2,-0.106053372200827
published,C,OL,0,0,none,0,2,0.00177553653874079
published,C,OL,0,0,balanced,0,2,0.00114414534970363
published,C,OL,0,0,more of flat,0,2,-0.00130266905835356
published,C,OL,0,0,more of biased,0,2,0.00309805740634499
published,C,OL,0,0,high dropout,0,2,-0.00651128285412516
published,C,OL,0.25,0,none,0,2,0.000371492563482949
published,C,OL,0.25,0,balanced,0,2,0.00267431860152478
published,C,OL,0.25,0,more of flat,0,2,0.00134291820731554
published,C,OL,0.25,0,more of biased,0,2,-0.0014497976872255
published,C,OL,0.25,0,high dropout,0,2,0.0140751911695248
published,C,OL,0.3,0,none,0,2,-0.0074618894530261
published,C,OL,0.3,0,balanced,0,2,-0.0105500102586607
published,C,OL,0.3,0,more of flat,0,2,-0.0118029060804341
published,C,OL,0.3,0,more of biased,0,2,-0.00536631146767263
published,C,OL,0.3,0,high dropout,1,2,-0.0276354558299971
published,C,OL,0,0.1,none,0,2,0.00127789937171724
published,C,OL,0,0.1,balanced,0,2,-0.00449930319409977
published,C,OL,0,0.1,more of flat,0,2,0.0056777175015597
published,C,OL,0,0.1,more of biased,0,2,0.00264298251748934
published,C,OL,0,0.1,high dropout,0,2,0.00109215230605674
published,C,OL,0.25,0.1,none,0.5,2,0.00255796571465542
published,C,OL,0.25,0.1,balanced,0,2,-0.00417389271296353
published,C,OL,0.25,0.1,more of flat,0,2,-0.000857018774696413
published,C,OL,0.25,0.1,more of biased,0.5,2,0.00581512791869275
published,C,OL,0.25,0.1,high dropout,0.5,2,-0.0239647491065713
published,C,OL,0.3,0.1,none,0.5,2,-0.0176150179192264
published,C,OL,0.3,0.1,balanced,0.5,2,-0.0147106210121184
published,C,OL,0.3,0.1,more of flat,1,2,-0.0167972086864631
published,C,OL,0.3,0.1,more of biased,0.5,2,-0.0141734488410781
published,C,OL,0.3,0.1,high dropout,0.5,2,-0.0289048470645363
published,C,OL,0,0.2,none,0,2,-0.00895589101468755
published,C,OL,0,0.2,balanced,0,2,-0.0070876815085798
published,C,OL,0,0.2,more of flat,0,2,-0.00368368805770289
published,C,OL,0,0.2,more of biased,0,2,-0.00306039045888057
published,C,OL,0,0.2,high dropout,0.5,2,-0.0206270058716721
published,C,OL,0.25,0.2,none,0,2,-0.00510421543898298
published,C,OL,0.25,0.2,balanced,0,2,-0.0050483372227229
published,C,OL,0.25,0.2,more of flat,0.5,2,-0.0091230253545164
published,C,OL,0.25,0.2,more of biased,0,2,-0.0107807759328677
published,C,OL,0.25,0.2,high dropout,0,2,-0.0130818260909566
published,C,OL,0.3,0.2,none,0,2,0.0048018529365494
published,C,OL,0.3,0.2,balanced,0,2,0.000343177112825415
published,C,OL,0.3,0.2,more of flat,0,2,0.00491084109689245
published,C,OL,0.3,0.2,more of biased,0,2,0.00483113078396799
published,C,OL,0.3,0.2,high dropout,0,2,0.00696887459871292
published,C,OL,0,0.5,none,0,2,-0.00211188933322912
published,C,OL,0,0.5,balanced,0,2,-0.00054056609556726
published,C,OL,0,0.5,more of flat,0,2,-6.47469699100356e-05
published,C,OL,0,0.5,more of biased,0,2,-0.00485406948012096
published,C,OL,0,0.5,high dropout,0.5,2,-0.00655632026109614
published,C,OL,0.25,0.5,none,0,2,-0.00516189814015616
published,C,OL,0.25,0.5,balanced,0,2,-0.00641450648597419
published,C,OL,0.25,0.5,more of flat,0,2,-0.00197125938844038
published,C,OL,0.25,0.5,more of biased,0,2,-0.00117654000796277
published,C,OL,0.25,0.5,high dropout,0,2,-0.00577513492848292
published,C,OL,0.3,0.5,none,0,2,0.00739567262787892
published,C,OL,0.3,0.5,balanced,0,2,0.00851744804603819
published,C,OL,0.3,0.5,more of flat,0,2,0.00123665911508256
published,C,OL,0.3,0.5,more of biased,0,2,0.00614655799856643
published,C,OL,0.3,0.5,high dropout,0,2,0.00361158360942582
published,C,OL,0,1,none,0,2,7.42920576514844e-05
published,C,OL,0,1,balanced,0.5,2,0.00854376631595187
published,C,OL,0,1,more of flat,0,2,0.000692806836329254
published,C,OL,0,1,more of biased,0.5,2,-0.00468777949538078
published,C,OL,0,1,high dropout,0,2,0.00209499892272026
published,C,OL,0.25,1,none,0.5,2,-0.00697709703963424
published,C,OL,0.25,1,balanced,0.5,2,-0.0204063507175705
published,C,OL,0.25,1,more of flat,1,2,-0.00263022168182052
published,C,OL,0.25,1,more of biased,0,2,-0.00429271757242259
published,C,OL,0.25,1,high dropout,0,2,0.00528842022611097
published,C,OL,0.3,1,none,0,2,-0.00574250078921308
published,C,OL,0.3,1,balanced,0,2,-0.00892000038068492
published,C,OL,0.3,1,more of flat,0,2,-0.000180043710486238
published,C,OL,0.3,1,more of biased,0,2,-0.0044112183299236
published,C,OL,0.3,1,high dropout,0,2,-0.00056904448430989
published,C,OL+BDC,0,0,none,0,2,0.056366457067406
published,C,OL+BDC,0,0,balanced,0,2,0.022827802204892
published,C,OL+BDC,0,0,more of flat,0,2,0.0715795582723181
published,C,OL+BDC,0,0,more of biased,0,2,0.0131002569948838
published,C,OL+BDC,0,0,high dropout,0,2,0.0529091228553342
published,C,OL+BDC,0.25,0,none,0.5,2,-0.1914706159986
published,C,OL+BDC,0.25,0,balanced,0.5,2,-0.187257598294323
published,C,OL+BDC,0.25,0,more of flat,0.5,2,-0.20219180276515
published,C,OL+BDC,0.25,0,more of biased,0.5,2,-0.17089245659398
published,C,OL+BDC,0.25,0,high dropout,0.5,2,-0.181186551757113
published,C,OL+BDC,0.3,0,none,1,2,-0.236060125164859
published,C,OL+BDC,0.3,0,balanced,0.5,2,-0.24588181680376
published,C,OL+BDC,0.3,0,more of flat,1,2,-0.228639097737559
published,C,OL+BDC,0.3,0,more of biased,1,2,-0.267100914001448
published,C,OL+BDC,0.3,0,high dropout,0.5,2,-0.237736438596647
published,C,OL+BDC,0,0.1,none,0,2,0.00832154196166868
published,C,OL+BDC,0,0.1,balanced,0,2,0.00906181287861187
published,C,OL+BDC,0,0.1,more of flat,0,2,0.00917190145290474
published,C,OL+BDC,0,0.1,more of biased,0,2,0.0409266295308216
published,C,OL+BDC,0,0.1,high dropout,0,2,-0.108409832833827
published,C,OL+BDC,0.25,0.1,none,1,2,-0.258792741102391
published,C,OL+BDC,0.25,0.1,balanced,1,2,-0.269372169168822
published,C,OL+BDC,0.25,0.1,more of flat,1,2,-0.23713165096285
published,C,OL+BDC,0.25,0.1,more of biased,1,2,-0.309933765233567
published,C,OL+BDC,0.25,0.1,high dropout,1,2,-0.42282541557675
published,C,OL+BDC,0.3,0.1,none,1,2,-0.285248704930479
published,C,OL+BDC,0.3,0.1,balanced,1,2,-0.310601751470587
published,C,OL+BDC,0.3,0.1,more of flat,0.5,2,-0.235648128687344
published,C,OL+BDC,0.3,0.1,more of biased,1,2,-0.301414474300244
published,C,OL+BDC,0.3,0.1,high dropout,0,2,-0.190024111232603
published,C,OL+BDC,0,0.2,none,0,2,-0.126016099175109
published,C,OL+BDC,0,0.2,balanced,0,2,-0.096831205643709
published,C,OL+BDC,0,0.2,more of flat,0,2,-0.103623836793303
published,C,OL+BDC,0,0.2,more of biased,0,2,-0.0883174180542758
published,C,OL+BDC,0,0.2,high dropout,0,2,-0.0800790904180301
published,C,OL+BDC,0.25,0.2,none,0.5,2,-0.11959250844019
published,C,OL+BDC,0.25,0.2,balanced,0,2,-0.107550426265302
published,C,OL+BDC,0.25,0.2,more of flat,0,2,-0.0668768939247138
published,C,OL+BDC,0.25,0.2,more of biased,0,2,-0.127343877574586
published,C,OL+BDC,0.25,0.2,high dropout,0,2,-0.0976770587643775
published,C,OL+BDC,0.3,0.2,none,0.5,2,-0.210535632910777
published,C,OL+BDC,0.3,0.2,balanced,0.5,2,-0.203104549615751
published,C,OL+BDC,0.3,0.2,more of flat,0.5,2,-0.235465390032072
published,C,OL+BDC,0.3,0.2,more of biased,0.5,2,-0.235235596871612
published,C,OL+BDC,0.3,0.2,high dropout,0.5,2,-0.0596500719099346
published,C,OL+BDC,0,0.5,none,0.5,2,0.115913606618743
published,C,OL+BDC,0,0.5,balanced,0,2,0.104981886945362
published,C,OL+BDC,0,0.5,more of flat,0,2,0.114728855774125
published,C,OL+BDC,0,0.5,more of biased,0,2,0.123117278303895
published,C,OL+BDC,0,0.5,high dropout,0,2,0.0435764874647367
published,C,OL+BDC,0.25,0.5,none,1,2,-0.177146876245874
published,C,OL+BDC,0.25,0.5,balanced,1,2,-0.189706594906477
published,C,OL+BDC,0.25,0.5,more of flat,0.5,2,-0.162054106939559
published,C,OL+BDC,0.25,0.5,more of biased,0.5,2,-0.169164528889978
published,C,OL+BDC,0.25,0.5,high dropout,0.5,2,-0.306726616323942
published,C,OL+BDC,0.3,0.5,none,0,2,-0.0457158289776509
published,C,OL+BDC,0.3,0.5,balanced,0,2,-0.0702025329588442
published,C,OL+BDC,0.3,0.5,more of flat,0,2,0.0147878819344854
published,C,OL+BDC,0.3,0.5,more of biased,0,2,-0.0436642643566317
published,C,OL+BDC,0.3,0.5,high dropout,0,2,-0.121207327277593
published,C,OL+BDC,0,1,none,0,2,0.101755385110424
published,C,OL+BDC,0,1,balanced,0,2,0.0923353887046962
published,C,OL+BDC,0,1,more of flat,0,2,0.0871538035890495
published,C,OL+BDC,0,1,more of biased,0,2,0.122721403267431
published,C,OL+BDC,0,1,high dropout,0,2,0.0854450638608827
published,C,OL+BDC,0.25,1,none,0.5,2,-0.160689219179104
published,C,OL+BDC,0.25,1,balanced,0,2,-0.183116559202294
published,C,OL+BDC,0.25,1,more of flat,0.5,2,-0.194835004632492
published,C,OL+BDC,0.25,1,more of biased,0,2,-0.195633176989109
published,C,OL+BDC,0.25,1,high dropout,0,2,-0.188740299411917
published,C,OL+BDC,0.3,1,none,0,2,-0.124798083399305
published,C,OL+BDC,0.3,1,balanced,0.5,2,-0.143230837955058
published,C,OL+BDC,0.3,1,more of flat,0.5,2,-0.140680017996661
published,C,OL+BDC,0.3,1,more of biased,0.5,2,-0.170920377938627
published,C,OL+BDC,0.3,1,high dropout,0,2,-0.124161715886886
published,C,CO,0,0,none,0.5,2,-0.128942616238412
published,C,CO,0,0,balanced,0.5,2,-0.110456727894923
published,C,CO,0,0,more of flat,0.5,2,-0.124816900375533
published,C,CO,0,0,more of biased,0,2,-0.126456017143919
published,C,CO,0,0,high dropout,0,2,-0.105329841390624
published,C,CO,0.25,0,none,0.5,2,-0.10385020377978
published,C,CO,0.25,0,balanced,0.5,2,-0.138358669785984
published,C,CO,0.25,0,more of flat,0.5,2,-0.114918678180355
published,C,CO,0.25,0,more of biased,0.5,2,-0.078667607807132
published,C,CO,0.25,0,high dropout,0,2,-0.0638104869725945
published,C,CO,0.3,0,none,1,2,-0.171661283275448
published,C,CO,0.3,0,balanced,1,2,-0.211714230383792
published,C,CO,0.3,0,more of flat,0,2,-0.116001849469182
published,C,CO,0.3,0,more of biased,0.5,2,-0.19110541479507
published,C,CO,0.3,0,high dropout,1,2,-0.256457607672048
published,C,CO,0,0.1,none,0,2,-0.0768152212827915
published,C,CO,0,0.1,balanced,0.5,2,-0.152313806967135
published,C,CO,0,0.1,more of flat,0,2,-0.0779655397370571
published,C,CO,0,0.1,more of biased,0,2,-0.0658462238549132
published,C,CO,0,0.1,high dropout,0.5,2,-0.139949369946919
published,C,CO,0.25,0.1,none,0.5,2,-0.131404660092315
published,C,CO,0.25,0.1,balanced,0,2,-0.13922061775856
published,C,CO,0.25,0.1,more of flat,0.5,2,-0.122279394634602
published,C,CO,0.25,0.1,more of biased,0,2,-0.0900982703088201
published,C,CO,0.25,0.1,high dropout,0,2,-0.0693353610491698
published,C,CO,0.3,0.1,none,1,2,-0.295164133049263
published,C,CO,0.3,0.1,balanced,1,2,-0.293212432842047
published,C,CO,0.3,0.1,more of flat,1,2,-0.19788901563379
published,C,CO,0.3,0.1,more of biased,1,2,-0.312279236953477
published,C,CO,0.3,0.1,high dropout,1,2,-0.33048705902121
published,C,CO,0,0.2,none,0,2,-0.0310722907944594
published,C,CO,0,0.2,balanced,0,2,0.0124125769245913
published,C,CO,0,0.2,more of flat,0,2,-0.0341246144387607
published,C,CO,0,0.2,more of biased,0,2,-0.0775459860505711
published,C,CO,0,0.2,high dropout,0,2,-0.00342905394582018
published,C,CO,0.25,0.2,none,0,2,-0.0877821072167089
published,C,CO,0.25,0.2,balanced,0.5,2,-0.139975864917547
published,C,CO,0.25,0.2,more of flat,0,2,-0.0101714042114213
published,C,CO,0.25,0.2,more of biased,0,2,-0.119861039227938
published,C,CO,0.25,0.2,high dropout,0.5,2,-0.114708353034609
published,C,CO,0.3,0.2,none,1,2,-0.236441231485351
published,C,CO,0.3,0.2,balanced,1,2,-0.232031510097198
published,C,CO,0.3,0.2,more of flat,1,2,-0.216252208691564
published,C,CO,0.3,0.2,more of biased,1,2,-0.225255301354322
published,C,CO,0.3,0.2,high dropout,0.5,2,-0.163230157354769
published,C,CO,0,0.5,none,0.5,2,0.104218146336122
published,C,CO,0,0.5,balanced,0.5,2,0.0471332468634067
published,C,CO,0,0.5,more of flat,0.5,2,0.0565455538762812
published,C,CO,0,0.5,more of biased,0.5,2,0.145329168317701
published,C,CO,0,0.5,high dropout,0,2,0.143895404741093
published,C,CO,0.25,0.5,none,0,2,-0.0810110827559435
published,C,CO,0.25,0.5,balanced,0,2,-0.0693807638592448
published,C,CO,0.25,0.5,more of flat,0,2,-0.111055986352178
published,C,CO,0.25,0.5,more of biased,0.5,2,-0.191085671153551
published,C,CO,0.25,0.5,high dropout,0,2,-0.0397705237019267
published,C,CO,0.3,0.5,none,0.5,2,-0.121983161420914
published,C,CO,0.3,0.5,balanced,1,2,-0.170860846806133
published,C,CO,0.3,0.5,more of flat,0.5,2,-0.14661783439895
published,C,CO,0.3,0.5,more of biased,0.5,2,-0.169026920725329
published,C,CO,0.3,0.5,high dropout,0.5,2,-0.207660861222035
published,C,CO,0,1,none,0,2,-0.0114128490137788
published,C,CO,0,1,balanced,0,2,0.00883674572518268
published,C,CO,0,1,more of flat,0,2,-0.0348847047554365
published,C,CO,0,1,more of biased,0,2,-0.0394415715922915
published,C,CO,0,1,high dropout,0,2,-0.00101513372418462
published,C,CO,0.25,1,none,1,2,-0.175932647557598
published,C,CO,0.25,1,balanced,1,2,-0.187394694414851
published,C,CO,0.25,1,more of flat,1,2,-0.232388231401013
published,C,CO,0.25,1,more of biased,1,2,-0.241067629349639
published,C,CO,0.25,1,high dropout,1,2,-0.263708010090927
published,C,CO,0.3,1,none,1,2,-0.27325999621803
published,C,CO,0.3,1,balanced,1,2,-0.312584721593142
published,C,CO,0.3,1,more of flat,0.5,2,-0.224004135913933
published,C,CO,0.3,1,more of biased,1,2,-0.30071959855737
published,C,CO,0.3,1,high dropout,1,2,-0.287908933919917
published,C,N-of-1,0,0,none,0,2,-0.0342926204660905
published,C,N-of-1,0,0,balanced,0,2,-0.04937891417019
published,C,N-of-1,0,0,more of flat,0,2,-0.110627958921469
published,C,N-of-1,0,0,more of biased,0,2,-0.0784825687937444
published,C,N-of-1,0,0,high dropout,0,2,-0.0490874150850777
published,C,N-of-1,0.25,0,none,1,2,-0.226593978134754
published,C,N-of-1,0.25,0,balanced,1,2,-0.248454019385816
published,C,N-of-1,0.25,0,more of flat,1,2,-0.249042097938051
published,C,N-of-1,0.25,0,more of biased,1,2,-0.249980303685329
published,C,N-of-1,0.25,0,high dropout,0,2,-0.100580587017224
published,C,N-of-1,0.3,0,none,0,2,-0.100625014901982
published,C,N-of-1,0.3,0,balanced,0,2,-0.125601056035604
published,C,N-of-1,0.3,0,more of flat,0,2,-0.0928853342658973
published,C,N-of-1,0.3,0,more of biased,0.5,2,-0.145487586147115
published,C,N-of-1,0.3,0,high dropout,0,2,-0.159902786583295
published,C,N-of-1,0,0.1,none,0,2,-0.00276497244713371
published,C,N-of-1,0,0.1,balanced,0,2,0.0476331478978683
published,C,N-of-1,0,0.1,more of flat,0,2,0.0455668969660792
published,C,N-of-1,0,0.1,more of biased,0,2,0.0128499583721055
published,C,N-of-1,0,0.1,high dropout,0,2,0.0361856620680383
published,C,N-of-1,0.25,0.1,none,0.5,2,-0.147842677827617
published,C,N-of-1,0.25,0.1,balanced,0.5,2,-0.133591454237469
published,C,N-of-1,0.25,0.1,more of flat,0.5,2,-0.16229487026201
published,C,N-of-1,0.25,0.1,more of biased,0.5,2,-0.170442887113405
published,C,N-of-1,0.25,0.1,high dropout,0.5,2,-0.163888403857244
published,C,N-of-1,0.3,0.1,none,1,2,-0.189130826096324
published,C,N-of-1,0.3,0.1,balanced,0.5,2,-0.157323060331374
published,C,N-of-1,0.3,0.1,more of flat,0.5,2,-0.16466127413632
published,C,N-of-1,0.3,0.1,more of biased,0.5,2,-0.180594071015845
published,C,N-of-1,0.3,0.1,high dropout,1,2,-0.21323059113504
published,C,N-of-1,0,0.2,none,0,2,-0.0133834781343672
published,C,N-of-1,0,0.2,balanced,0,2,-0.00162628912639299
published,C,N-of-1,0,0.2,more of flat,0,2,-0.0381974706065396
published,C,N-of-1,0,0.2,more of biased,0,2,-0.0567421014960218
published,C,N-of-1,0,0.2,high dropout,0,2,0.0573208699678643
published,C,N-of-1,0.25,0.2,none,1,2,-0.150230120335999
published,C,N-of-1,0.25,0.2,balanced,0.5,2,-0.169496906060079
published,C,N-of-1,0.25,0.2,more of flat,0.5,2,-0.145922536578585
published,C,N-of-1,0.25,0.2,more of biased,1,2,-0.181193398954262
published,C,N-of-1,0.25,0.2,high dropout,0.5,2,-0.18250858392897
published,C,N-of-1,0.3,0.2,none,0.5,2,-0.171214126640391
published,C,N-of-1,0.3,0.2,balanced,0.5,2,-0.124788938065831
published,C,N-of-1,0.3,0.2,more of flat,0.5,2,-0.164505159823341
published,C,N-of-1,0.3,0.2,more of biased,0.5,2,-0.180553093975214
published,C,N-of-1,0.3,0.2,high dropout,0.5,2,-0.193564385764054
published,C,N-of-1,0,0.5,none,0,2,-0.081697732451199
published,C,N-of-1,0,0.5,balanced,0,2,-0.0857701246083356
published,C,N-of-1,0,0.5,more of flat,0,2,-0.0670692541675339
published,C,N-of-1,0,0.5,more of biased,0,2,-0.0788238065859778
published,C,N-of-1,0,0.5,high dropout,0,2,-0.0547621149732305
published,C,N-of-1,0.25,0.5,none,0.5,2,-0.157353717702935
published,C,N-of-1,0.25,0.5,balanced,0.5,2,-0.130821012571833
published,C,N-of-1,0.25,0.5,more of flat,0.5,2,-0.168577604639022
published,C,N-of-1,0.25,0.5,more of biased,0.5,2,-0.169526033132236
published,C,N-of-1,0.25,0.5,high dropout,0,2,-0.102527793606209
published,C,N-of-1,0.3,0.5,none,0.5,2,-0.178575728248593
published,C,N-of-1,0.3,0.5,balanced,0.5,2,-0.169606107717557
published,C,N-of-1,0.3,0.5,more of flat,0.5,2,-0.171129232820386
published,C,N-of-1,0.3,0.5,more of biased,0.5,2,-0.130912413970815
published,C,N-of-1,0.3,0.5,high dropout,0,2,-0.158189791693202
published,C,N-of-1,0,1,none,0,2,-0.060884099876999
published,C,N-of-1,0,1,balanced,0,2,-0.0375096393802976
published,C,N-of-1,0,1,more of flat,0,2,-0.0208310034135799
published,C,N-of-1,0,1,more of biased,0,2,-0.0440756299374694
published,C,N-of-1,0,1,high dropout,0,2,-0.0275783087201146
published,C,N-of-1,0.25,1,none,0,2,-0.0732974208121315
published,C,N-of-1,0.25,1,balanced,0,2,-0.0881684565698784
published,C,N-of-1,0.25,1,more of flat,0,2,-0.0701547282429638
published,C,N-of-1,0.25,1,more of biased,0,2,-0.0931531655450742
published,C,N-of-1,0.25,1,high dropout,0,2,-0.06179295242098
published,C,N-of-1,0.3,1,none,0.5,2,-0.176412130444662
published,C,N-of-1,0.3,1,balanced,0.5,2,-0.1771668273618
published,C,N-of-1,0.3,1,more of flat,0.5,2,-0.19028085608635
published,C,N-of-1,0.3,1,more of biased,0.5,2,-0.184890789922851
published,C,N-of-1,0.3,1,high dropout,1,2,-0.246685306545074
published,D,OL,0,0,none,0,2,-0.000257243647699744
published,D,OL,0,0,balanced,0,2,-0.00355312429369307
published,D,OL,0,0,more of flat,0,2,0.00225391285591469
published,D,OL,0,0,more of biased,0,2,-0.00326910700396355
published,D,OL,0,0,high dropout,0,2,0.00160215066340382
published,D,OL,0.25,0,none,0,2,-0.00598313554207786
published,D,OL,0.25,0,balanced,0.5,2,-0.0102351681461742
published,D,OL,0.25,0,more of flat,0,2,-0.0068090447547512
published,D,OL,0.25,0,more of biased,0.5,2,-0.00738264020042737
published,D,OL,0.25,0,high dropout,0,2,-0.00672757562098463
published,D,OL,0.3,0,none,0,2,-0.00428784957775206
published,D,OL,0.3,0,balanced,0,2,-0.00347018264925533
published,D,OL,0.3,0,more of flat,0,2,-0.00426164389066382
published,D,OL,0.3,0,more of biased,0,2,-0.00363606791350785
published,D,OL,0.3,0,high dropout,0,2,-0.008108375216181
published,D,OL,0,0.1,none,0,2,-0.0012203756141774
published,D,OL,0,0.1,balanced,0,2,-0.00110365625203756
published,D,OL,0,0.1,more of flat,0,2,-0.000959351601532885
published,D,OL,0,0.1,more of biased,0,2,-0.00460155926654904
published,D,OL,0,0.1,high dropout,0,2,-0.00511130351783313
published,D,OL,0.25,0.1,none,0,2,-0.0029386567983013
published,D,OL,0.25,0.1,balanced,0,2,-0.00197909344828517
published,D,OL,0.25,0.1,more of flat,0,2,-0.00232855562470211
published,D,OL,0.25,0.1,more of biased,0,2,-0.00413294980288504
published,D,OL,0.25,0.1,high dropout,0,2,0.00406356053007122
published,D,OL,0.3,0.1,none,0.5,2,0.00521668064936415
published,D,OL,0.3,0.1,balanced,0.5,2,0.00354783149737467
published,D,OL,0.3,0.1,more of flat,0.5,2,0.00708880778840496
published,D,OL,0.3,0.1,more of biased,0,2,0.00243317654472116
published,D,OL,0.3,0.1,high dropout,0.5,2,0.00485468207186733
published,D,OL,0,0.2,none,0,2,0.00114004475263227
published,D,OL,0,0.2,balanced,0,2,0.00333484243704921
published,D,OL,0,0.2,more of flat,0,2,0.00236974865687186
published,D,OL,0,0.2,more of biased,0,2,0.00135908175144706
published,D,OL,0,0.2,high dropout,0,2,-0.0166388363970499
published,D,OL,0.25,0.2,none,0,2,-0.00144588227008491
published,D,OL,0.25,0.2,balanced,0.5,2,-0.00373811239015295
published,D,OL,0.25,0.2,more of flat,0.5,2,-0.00432259294331868
published,D,OL,0.25,0.2,more of biased,0,2,-0.00102650407771228
published,D,OL,0.25,0.2,high dropout,0,2,-0.00139142596710315
published,D,OL,0.3,0.2,none,0,2,-0.00302863975597613
published,D,OL,0.3,0.2,balanced,0,2,-0.00710304515896196
published,D,OL,0.3,0.2,more of flat,0,2,-0.00168694114507463
published,D,OL,0.3,0.2,more of biased,0,2,-0.0015380618852148
published,D,OL,0.3,0.2,high dropout,0,2,-0.00128111128951671
published,D,OL,0,0.5,none,0,2,0.00143498204701467
published,D,OL,0,0.5,balanced,0,2,0.00169445969573258
published,D,OL,0,0.5,more of flat,0,2,0.00270096711248364
published,D,OL,0,0.5,more of biased,0,2,-0.000554895455940992
published,D,OL,0,0.5,high dropout,0,2,0.00177770123202664
published,D,OL,0.25,0.5,none,0.5,2,-0.00667634609073857
published,D,OL,0.25,0.5,balanced,0.5,2,-0.00996864242220479
published,D,OL,0.25,0.5,more of flat,0.5,2,-0.00648415319415945
published,D,OL,0.25,0.5,more of biased,0.5,2,-0.00726995212939679
published,D,OL,0.25,0.5,high dropout,0,2,-0.00615925768470383
published,D,OL,0.3,0.5,none,0.5,2,-0.00461140786667713
published,D,OL,0.3,0.5,balanced,0.5,2,-0.0064206291345446
published,D,OL,0.3,0.5,more of flat,0,2,-0.00404538868432905
published,D,OL,0.3,0.5,more of biased,0.5,2,-0.00533425006283261
published,D,OL,0.3,0.5,high dropout,0,2,-0.00481699613673869
published,D,OL,0,1,none,0,2,-0.00746432392836479
published,D,OL,0,1,balanced,0,2,-0.00963257150500055
published,D,OL,0,1,more of flat,0,2,-0.0101907126725219
published,D,OL,0,1,more of biased,0,2,-0.00847960115575115
published,D,OL,0,1,high dropout,0,2,-0.0119288959211517
published,D,OL,0.25,1,none,0,2,-0.000698334443000437
published,D,OL,0.25,1,balanced,0,2,-0.00217747496677382
published,D,OL,0.25,1,more of flat,0,2,0.000441681275771125
published,D,OL,0.25,1,more of biased,0,2,-0.00488844513994325
published,D,OL,0.25,1,high dropout,0,2,-0.00410151026069203
published,D,OL,0.3,1,none,0,2,-0.008149413226204
published,D,OL,0.3,1,balanced,0,2,-0.00811089530270966
published,D,OL,0.3,1,more of flat,0.5,2,-0.0113709012626906
published,D,OL,0.3,1,more of biased,0.5,2,-0.0103228485474274
published,D,OL,0.3,1,high dropout,0.5,2,-0.0127093425478178
published,D,OL+BDC,0,0,none,0,2,-0.00985807533491113
published,D,OL+BDC,0,0,balanced,0,2,-0.000651864997125839
published,D,OL+BDC,0,0,more of flat,0,2,0.00385841379342558
published,D,OL+BDC,0,0,more of biased,0,2,-0.0381612217011477
published,D,OL+BDC,0,0,high dropout,0,2,0.0169318625772304
published,D,OL+BDC,0.25,0,none,0.5,2,-0.137475811887165
published,D,OL+BDC,0.25,0,balanced,0.5,2,-0.123877460770252
published,D,OL+BDC,0.25,0,more of flat,0.5,2,-0.160942519188069
published,D,OL+BDC,0.25,0,more of biased,0.5,2,-0.122940411154807
published,D,OL+BDC,0.25,0,high dropout,0,2,-0.104795585499775
published,D,OL+BDC,0.3,0,none,0,2,-0.0561913765593914
published,D,OL+BDC,0.3,0,balanced,0,2,-0.0495762030157475
published,D,OL+BDC,0.3,0,more of flat,0,2,-0.0654197582810077
published,D,OL+BDC,0.3,0,more of biased,0,2,-0.0919909955531853
published,D,OL+BDC,0.3,0,high dropout,0,2,0.0290446135155121
published,D,OL+BDC,0,0.1,none,0,2,0.0197409728586995
published,D,OL+BDC,0,0.1,balanced,0,2,0.0523657947274226
published,D,OL+BDC,0,0.1,more of flat,0,2,0.0425657467982491
published,D,OL+BDC,0,0.1,more of biased,0,2,0.0370027472683014
published,D,OL+BDC,0,0.1,high dropout,0,2,0.0791832500671826
published,D,OL+BDC,0.25,0.1,none,1,2,-0.184339893803096
published,D,OL+BDC,0.25,0.1,balanced,1,2,-0.184959862472288
published,D,OL+BDC,0.25,0.1,more of flat,1,2,-0.207594137236855
published,D,OL+BDC,0.25,0.1,more of biased,0.5,2,-0.161578718519715
published,D,OL+BDC,0.25,0.1,high dropout,1,2,-0.227931853215421
published,D,OL+BDC,0.3,0.1,none,0.5,2,-0.0745138627264534
published,D,OL+BDC,0.3,0.1,balanced,0.5,2,-0.0768875072441525
published,D,OL+BDC,0.3,0.1,more of flat,0.5,2,-0.0908778087282654
published,D,OL+BDC,0.3,0.1,more of biased,0.5,2,-0.0965313900534901
published,D,OL+BDC,0.3,0.1,high dropout,0,2,-0.0707908567772282
published,D,OL+BDC,0,0.2,none,0,2,-0.0522284296679162
published,D,OL+BDC,0,0.2,balanced,0,2,-0.0513015120716916
published,D,OL+BDC,0,0.2,more of flat,0,2,-0.0142550260570453
published,D,OL+BDC,0,0.2,more of biased,0,2,-0.0755402924276413
published,D,OL+BDC,0,0.2,high dropout,0,2,0.0240355571878592
published,D,OL+BDC,0.25,0.2,none,0.5,2,-0.093054893096677
published,D,OL+BDC,0.25,0.2,balanced,0.5,2,-0.0850129815670874
published,D,OL+BDC,0.25,0.2,more of flat,0.5,2,-0.139540740086303
published,D,OL+BDC,0.25,0.2,more of biased,0.5,2,-0.130906401693205
published,D,OL+BDC,0.25,0.2,high dropout,0,2,-0.0607924033241438
published,D,OL+BDC,0.3,0.2,none,1,2,-0.169959662325422
published,D,OL+BDC,0.3,0.2,balanced,0.5,2,-0.14546579735001
published,D,OL+BDC,0.3,0.2,more of flat,1,2,-0.184336056514839
published,D,OL+BDC,0.3,0.2,more of biased,0.5,2,-0.15454670572791
published,D,OL+BDC,0.3,0.2,high dropout,0.5,2,-0.238702229442133
published,D,OL+BDC,0,0.5,none,0,2,-0.00364863384294394
published,D,OL+BDC,0,0.5,balanced,0,2,0.0231625376856321
published,D,OL+BDC,0,0.5,more of flat,0,2,0.000123899722300383
published,D,OL+BDC,0,0.5,more of biased,0,2,0.0555636187215966
published,D,OL+BDC,0,0.5,high dropout,0,2,0.00884222805961269
published,D,OL+BDC,0.25,0.5,none,0.5,2,-0.0963050651432693
published,D,OL+BDC,0.25,0.5,balanced,0,2,-0.0704344986434755
published,D,OL+BDC,0.25,0.5,more of flat,0,2,-0.0766126144428297
published,D,OL+BDC,0.25,0.5,more of biased,0.5,2,-0.0938001173527465
published,D,OL+BDC,0.25,0.5,high dropout,0,2,-0.0160862601504953
published,D,OL+BDC,0.3,0.5,none,1,2,-0.252051213295453
published,D,OL+BDC,0.3,0.5,balanced,1,2,-0.224742329794068
published,D,OL+BDC,0.3,0.5,more of flat,1,2,-0.256349423329785
published,D,OL+BDC,0.3,0.5,more of biased,1,2,-0.229415182472397
published,D,OL+BDC,0.3,0.5,high dropout,0.5,2,-0.168550550817793
published,D,OL+BDC,0,1,none,0,2,0.042666502183467
published,D,OL+BDC,0,1,balanced,0,2,0.0600555255315272
published,D,OL+BDC,0,1,more of flat,0,2,0.0227818479207825
published,D,OL+BDC,0,1,more of biased,0,2,0.0323700360560394
published,D,OL+BDC,0,1,high dropout,0,2,-0.0239144273678538
published,D,OL+BDC,0.25,1,none,1,2,-0.224363700469835
published,D,OL+BDC,0.25,1,balanced,1,2,-0.253744488048061
published,D,OL+BDC,0.25,1,more of flat,1,2,-0.262458643600952
published,D,OL+BDC,0.25,1,more of biased,1,2,-0.195826989230791
published,D,OL+BDC,0.25,1,high dropout,1,2,-0.274764858909105
published,D,OL+BDC,0.3,1,none,0.5,2,-0.141718082095184
published,D,OL+BDC,0.3,1,balanced,0.5,2,-0.151403434055759
published,D,OL+BDC,0.3,1,more of flat,0.5,2,-0.131130694181432
published,D,OL+BDC,0.3,1,more of biased,0,2,-0.0950450474419825
published,D,OL+BDC,0.3,1,high dropout,0.5,2,-0.21605504945815
published,D,CO,0,0,none,0,2,0.00138712274200242
published,D,CO,0,0,balanced,0,2,0.0189006392943194
published,D,CO,0,0,more of flat,0,2,0.00664465255503068
published,D,CO,0,0,more of biased,0,2,-0.0177219632369544
published,D,CO,0,0,high dropout,0,2,0.0402382360510299
published,D,CO,0.25,0,none,1,2,-0.16780116753828
published,D,CO,0.25,0,balanced,1,2,-0.137588464223446
published,D,CO,0.25,0,more of flat,1,2,-0.164188929839561
published,D,CO,0.25,0,more of biased,1,2,-0.163427338173237
published,D,CO,0.25,0,high dropout,0.5,2,-0.185686665185032
published,D,CO,0.3,0,none,0.5,2,-0.100609527437721
published,D,CO,0.3,0,balanced,0,2,-0.117409279170195
published,D,CO,0.3,0,more of flat,0.5,2,-0.0679309995596812
published,D,CO,0.3,0,more of biased,0.5,2,-0.100132478669493
published,D,CO,0.3,0,high dropout,0,2,-0.028726102561849
published,D,CO,0,0.1,none,0.5,2,-0.0621073034123353
published,D,CO,0,0.1,balanced,0.5,2,-0.09394837634303
published,D,CO,0,0.1,more of flat,0,2,-0.0524870257330749
published,D,CO,0,0.1,more of biased,0.5,2,-0.0975750525883105
published,D,CO,0,0.1,high dropout,0.5,2,-0.167994256316812
published,D,CO,0.25,0.1,none,1,2,-0.109624531210121
published,D,CO,0.25,0.1,balanced,1,2,-0.112154242569646
published,D,CO,0.25,0.1,more of flat,0.5,2,-0.11554003574653
published,D,CO,0.25,0.1,more of biased,0.5,2,-0.132166256381999
published,D,CO,0.25,0.1,high dropout,0.5,2,-0.121803482333593
published,D,CO,0.3,0.1,none,1,2,-0.184236829989213
published,D,CO,0.3,0.1,balanced,1,2,-0.189714959269534
published,D,CO,0.3,0.1,more of flat,1,2,-0.150684908789467
published,D,CO,0.3,0.1,more of biased,1,2,-0.146876002194566
published,D,CO,0.3,0.1,high dropout,1,2,-0.173678168735767
published,D,CO,0,0.2,none,0,2,-0.0554751650600085
published,D,CO,0,0.2,balanced,0,2,-0.0407085463084302
published,D,CO,0,0.2,more of flat,0,2,-0.0365759347892218
published,D,CO,0,0.2,more of biased,0,2,-0.00421510915638508
published,D,CO,0,0.2,high dropout,0,2,0.0183549652375436
published,D,CO,0.25,0.2,none,1,2,-0.172151312907235
published,D,CO,0.25,0.2,balanced,1,2,-0.165042223408755
published,D,CO,0.25,0.2,more of flat,1,2,-0.161286788681288
published,D,CO,0.25,0.2,more of biased,1,2,-0.161772110237873
published,D,CO,0.25,0.2,high dropout,1,2,-0.20757838722272
published,D,CO,0.3,0.2,none,1,2,-0.210967466398534
published,D,CO,0.3,0.2,balanced,1,2,-0.20798079339145
published,D,CO,0.3,0.2,more of flat,1,2,-0.211259904574725
published,D,CO,0.3,0.2,more of biased,1,2,-0.228823893180105
published,D,CO,0.3,0.2,high dropout,1,2,-0.281902137512614
published,D,CO,0,0.5,none,0,2,-0.0379866260964206
published,D,CO,0,0.5,balanced,0,2,0.00254900240896927
published,D,CO,0,0.5,more of flat,0,2,-0.0202316902847942
published,D,CO,0,0.5,more of biased,0,2,-0.0369027441936116
published,D,CO,0,0.5,high dropout,0,2,0.0127078042626937
published,D,CO,0.25,0.5,none,0.5,2,-0.112682895387078
published,D,CO,0.25,0.5,balanced,0.5,2,-0.10189244081686
published,D,CO,0.25,0.5,more of flat,0,2,-0.0875174598222721
published,D,CO,0.25,0.5,more of biased,1,2,-0.158262535521571
published,D,CO,0.25,0.5,high dropout,0,2,-0.085605189713545
published,D,CO,0.3,0.5,none,1,2,-0.181580764483769
published,D,CO,0.3,0.5,balanced,1,2,-0.241493730513036
published,D,CO,0.3,0.5,more of flat,0.5,2,-0.159265033290405
published,D,CO,0.3,0.5,more of biased,1,2,-0.189877178805589
published,D,CO,0.3,0.5,high dropout,1,2,-0.179253052847408
published,D,CO,0,1,none,0,2,-0.0638615007085003
published,D,CO,0,1,balanced,0,2,-0.0501617469642851
published,D,CO,0,1,more of flat,0,2,-0.0574968178555023
published,D,CO,0,1,more of biased,0.5,2,-0.081666412464786
published,D,CO,0,1,high dropout,0,2,-0.119033811676024
published,D,CO,0.25,1,none,1,2,-0.164212833840313
published,D,CO,0.25,1,balanced,0.5,2,-0.135738234356895
published,D,CO,0.25,1,more of flat,0.5,2,-0.129337173106055
published,D,CO,0.25,1,more of biased,0.5,2,-0.124620950636565
published,D,CO,0.25,1,high dropout,0.5,2,-0.143292485275291
published,D,CO,0.3,1,none,0.5,2,-0.119554908686661
published,D,CO,0.3,1,balanced,0.5,2,-0.104423898120037
published,D,CO,0.3,1,more of flat,0.5,2,-0.0962857889949163
published,D,CO,0.3,1,more of biased,0.5,2,-0.11414883755645
published,D,CO,0.3,1,high dropout,0.5,2,-0.123258934557684
published,D,N-of-1,0,0,none,0,2,-0.0149144037240726
published,D,N-of-1,0,0,balanced,0,2,-0.0118491474058445
published,D,N-of-1,0,0,more of flat,0,2,-0.0201776401175976
published,D,N-of-1,0,0,more of biased,0,2,-0.0324678946785612
published,D,N-of-1,0,0,high dropout,0,2,0.0156068893509703
published,D,N-of-1,0.25,0,none,1,2,-0.185126786012743
published,D,N-of-1,0.25,0,balanced,1,2,-0.209580754113075
published,D,N-of-1,0.25,0,more of flat,0.5,2,-0.202734115193546
published,D,N-of-1,0.25,0,more of biased,1,2,-0.213392983431606
published,D,N-of-1,0.25,0,high dropout,0,2,-0.154122410567288
published,D,N-of-1,0.3,0,none,1,2,-0.218776223728275
published,D,N-of-1,0.3,0,balanced,1,2,-0.214441803860815
published,D,N-of-1,0.3,0,more of flat,1,2,-0.205365449762843
published,D,N-of-1,0.3,0,more of biased,1,2,-0.203030868311082
published,D,N-of-1,0.3,0,high dropout,1,2,-0.137337510158495
published,D,N-of-1,0,0.1,none,0,2,-0.0631753213974606
published,D,N-of-1,0,0.1,balanced,0,2,-0.0731297132820971
published,D,N-of-1,0,0.1,more of flat,0.5,2,-0.0756805737555439
published,D,N-of-1,0,0.1,more of biased,0,2,-0.0855303018490368
published,D,N-of-1,0,0.1,high dropout,0,2,-0.061256274749166
published,D,N-of-1,0.25,0.1,none,1,2,-0.159637708014671
published,D,N-of-1,0.25,0.1,balanced,1,2,-0.161388998370733
published,D,N-of-1,0.25,0.1,more of flat,1,2,-0.180083041607149
published,D,N-of-1,0.25,0.1,more of biased,0.5,2,-0.140190847868114
published,D,N-of-1,0.25,0.1,high dropout,1,2,-0.194836109824542
published,D,N-of-1,0.3,0.1,none,1,2,-0.171759696571858
published,D,N-of-1,0.3,0.1,balanced,1,2,-0.19130680242154
published,D,N-of-1,0.3,0.1,more of flat,1,2,-0.156957964914122
published,D,N-of-1,0.3,0.1,more of biased,1,2,-0.196699528668176
published,D,N-of-1,0.3,0.1,high dropout,1,2,-0.210782995201659
published,D,N-of-1,0,0.2,none,0,2,-0.00130478258868645
published,D,N-of-1,0,0.2,balanced,0,2,-0.0186232553241398
published,D,N-of-1,0,0.2,more of flat,0,2,-0.000240202555324143
published,D,N-of-1,0,0.2,more of biased,0,2,0.0249809040243237
published,D,N-of-1,0,0.2,high dropout,0,2,-0.0190012437434249
published,D,N-of-1,0.25,0.2,none,1,2,-0.178707009140573
published,D,N-of-1,0.25,0.2,balanced,1,2,-0.191482738139965
published,D,N-of-1,0.25,0.2,more of flat,1,2,-0.177408722262494
published,D,N-of-1,0.25,0.2,more of biased,0.5,2,-0.148453437241486
published,D,N-of-1,0.25,0.2,high dropout,1,2,-0.249416709689344
published,D,N-of-1,0.3,0.2,none,0.5,2,-0.148566689324086
published,D,N-of-1,0.3,0.2,balanced,0.5,2,-0.158209213435677
published,D,N-of-1,0.3,0.2,more of flat,1,2,-0.132967889917974
published,D,N-of-1,0.3,0.2,more of biased,0.5,2,-0.128214815556002
published,D,N-of-1,0.3,0.2,high dropout,0,2,-0.110162963449884
published,D,N-of-1,0,0.5,none,0,2,-0.0324774228245903
published,D,N-of-1,0,0.5,balanced,0,2,-0.035603153499317
published,D,N-of-1,0,0.5,more of flat,0,2,-0.0350709225819833
published,D,N-of-1,0,0.5,more of biased,0,2,-0.0738582600895333
published,D,N-of-1,0,0.5,high dropout,0,2,-0.0114125561171418
published,D,N-of-1,0.25,0.5,none,0.5,2,-0.116842498731724
published,D,N-of-1,0.25,0.5,balanced,0.5,2,-0.10571024750862
published,D,N-of-1,0.25,0.5,more of flat,0.5,2,-0.0993461904259374
published,D,N-of-1,0.25,0.5,more of biased,0.5,2,-0.0786435818114298
published,D,N-of-1,0.25,0.5,high dropout,0,2,-0.109032254850478
published,D,N-of-1,0.3,0.5,none,0.5,2,-0.126131277951329
published,D,N-of-1,0.3,0.5,balanced,0.5,2,-0.172471898574377
published,D,N-of-1,0.3,0.5,more of flat,0.5,2,-0.142439554747109
published,D,N-of-1,0.3,0.5,more of biased,0.5,2,-0.124187974203828
published,D,N-of-1,0.3,0.5,high dropout,0.5,2,-0.150319074668545
published,D,N-of-1,0,1,none,0,2,0.0363838444861015
published,D,N-of-1,0,1,balanced,0,2,0.0481819301362891
published,D,N-of-1,0,1,more of flat,0,2,0.0194353795104592
published,D,N-of-1,0,1,more of biased,0,2,0.0552041168074339
published,D,N-of-1,0,1,high dropout,0,2,0.0365716811817419
published,D,N-of-1,0.25,1,none,1,2,-0.211336151406944
published,D,N-of-1,0.25,1,balanced,1,2,-0.216407465190938
published,D,N-of-1,0.25,1,more of flat,1,2,-0.171986813519905
published,D,N-of-1,0.25,1,more of biased,1,2,-0.220743548716139
published,D,N-of-1,0.25,1,high dropout,1,2,-0.221341732608883
published,D,N-of-1,0.3,1,none,1,2,-0.149594057073764
published,D,N-of-1,0.3,1,balanced,1,2,-0.162233170375701
published,D,N-of-1,0.3,1,more of flat,1,2,-0.157590931108673
published,D,N-of-1,0.3,1,more of biased,1,2,-0.143202524943258
published,D,N-of-1,0.3,1,high dropout,0.5,2,-0.135323124997562
published,E,OL,0,0,none,0,2,0.00177553653874079
published,E,OL,0,0,balanced,0,2,0.00114414534970363
published,E,OL,0,0,more of flat,0,2,-0.00130266905835356
published,E,OL,0,0,more of biased,0,2,0.00309805740634499
published,E,OL,0,0,high dropout,0,2,-0.00651128285412516
published,E,OL,0.25,0,none,0,2,0.00112655777151579
published,E,OL,0.25,0,balanced,0,2,-0.000212440723921413
published,E,OL,0.25,0,more of flat,0,2,0.00125372143422521
published,E,OL,0.25,0,more of biased,0,2,-0.00309260572600542
published,E,OL,0.25,0,high dropout,0,2,0.00142233432933301
published,E,OL,0.3,0,none,0.5,2,-0.00465276520074528
published,E,OL,0.3,0,balanced,0,2,-0.00181841169350298
published,E,OL,0.3,0,more of flat,0.5,2,-0.00446366226436499
published,E,OL,0.3,0,more of biased,0.5,2,-0.00677416317085232
published,E,OL,0.3,0,high dropout,0.5,2,-0.011055381270623
published,E,OL,0,0.1,none,0,2,0.00127789937171724
published,E,OL,0,0.1,balanced,0,2,-0.00449930319409977
published,E,OL,0,0.1,more of flat,0,2,0.0056777175015597
published,E,OL,0,0.1,more of biased,0,2,0.00264298251748934
published,E,OL,0,0.1,high dropout,0,2,0.00109215230605674
published,E,OL,0.25,0.1,none,0,2,-0.00751603878886629
published,E,OL,0.25,0.1,balanced,0.5,2,-0.0100663503803398
published,E,OL,0.25,0.1,more of flat,0,2,-0.00744065439499162
published,E,OL,0.25,0.1,more of biased,0,2,-0.00460165621713934
published,E,OL,0.25,0.1,high dropout,0.5,2,-0.0207624618056945
published,E,OL,0.3,0.1,none,0.5,2,-0.00454897778110403
published,E,OL,0.3,0.1,balanced,0.5,2,-0.0106979621604977
published,E,OL,0.3,0.1,more of flat,0,2,-0.00304576403755496
published,E,OL,0.3,0.1,more of biased,0,2,-0.00666745453350187
published,E,OL,0.3,0.1,high dropout,1,2,-0.00939410674833919
published,E,OL,0,0.2,none,0,2,-0.00895589101468755
published,E,OL,0,0.2,balanced,0,2,-0.0070876815085798
published,E,OL,0,0.2,more of flat,0,2,-0.00368368805770289
published,E,OL,0,0.2,more of biased,0,2,-0.00306039045888057
published,E,OL,0,0.2,high dropout,0.5,2,-0.0206270058716721
published,E,OL,0.25,0.2,none,0.5,2,-0.0049437447999998
published,E,OL,0.25,0.2,balanced,0,2,0.00527006860648397
published,E,OL,0.25,0.2,more of flat,0.5,2,-0.000750717396877536
published,E,OL,0.25,0.2,more of biased,0.5,2,-0.00571526988530842
published,E,OL,0.25,0.2,high dropout,0.5,2,-0.0178324608002202
published,E,OL,0.3,0.2,none,0,2,-0.00396702297604047
published,E,OL,0.3,0.2,balanced,0,2,-0.00751014286781732
published,E,OL,0.3,0.2,more of flat,0,2,-0.00730354647800613
published,E,OL,0.3,0.2,more of biased,0,2,-0.00146492845679747
published,E,OL,0.3,0.2,high dropout,0,2,-0.0129798766958588
published,E,OL,0,0.5,none,0,2,-0.00211188933322912
published,E,OL,0,0.5,balanced,0,2,-0.00054056609556726
published,E,OL,0,0.5,more of flat,0,2,-6.47469699100356e-05
published,E,OL,0,0.5,more of biased,0,2,-0.00485406948012096
published,E,OL,0,0.5,high dropout,0.5,2,-0.00655632026109614
published,E,OL,0.25,0.5,none,0,2,-0.00219402321775672
published,E,OL,0.25,0.5,balanced,0,2,-0.00908937670592971
published,E,OL,0.25,0.5,more of flat,0,2,-0.00130363212443465
published,E,OL,0.25,0.5,more of biased,0,2,-0.00345807279542337
published,E,OL,0.25,0.5,high dropout,0.5,2,-0.0207839146374973
published,E,OL,0.3,0.5,none,1,2,-0.00166372959394801
published,E,OL,0.3,0.5,balanced,1,2,-0.000527215092880364
published,E,OL,0.3,0.5,more of flat,1,2,-0.00560039895103204
published,E,OL,0.3,0.5,more of biased,0.5,2,-0.00921951661029448
published,E,OL,0.3,0.5,high dropout,0,2,0.00499312452880547
published,E,OL,0,1,none,0,2,7.42920576514844e-05
published,E,OL,0,1,balanced,0.5,2,0.00854376631595187
published,E,OL,0,1,more of flat,0,2,0.000692806836329254
published,E,OL,0,1,more of biased,0.5,2,-0.00468777949538078
published,E,OL,0,1,high dropout,0,2,0.00209499892272026
published,E,OL,0.25,1,none,0,2,-0.00111172338152829
published,E,OL,0.25,1,balanced,0,2,0.00187384758399504
published,E,OL,0.25,1,more of flat,0,2,0.00195547258494126
published,E,OL,0.25,1,more of biased,0,2,0.00190485296354101
published,E,OL,0.25,1,high dropout,0.5,2,-0.0107509724346113
published,E,OL,0.3,1,none,0,2,-0.00342555274325213
published,E,OL,0.3,1,balanced,0,2,-0.00582507758074666
published,E,OL,0.3,1,more of flat,0,2,-0.00242671543104495
published,E,OL,0.3,1,more of biased,0,2,-0.00253160720866829
published,E,OL,0.3,1,high dropout,0,2,-0.00357255382262293
published,E,OL+BDC,0,0,none,0,2,0.056366457067406
published,E,OL+BDC,0,0,balanced,0,2,0.022827802204892
published,E,OL+BDC,0,0,more of flat,0,2,0.0715795582723181
published,E,OL+BDC,0,0,more of biased,0,2,0.0131002569948838
published,E,OL+BDC,0,0,high dropout,0,2,0.0529091228553342
published,E,OL+BDC,0.25,0,none,0.5,2,-0.128506782428446
published,E,OL+BDC,0.25,0,balanced,0.5,2,-0.134144423240785
published,E,OL+BDC,0.25,0,more of flat,0.5,2,-0.217094463314425
published,E,OL+BDC,0.25,0,more of biased,0,2,-0.103378968542732
published,E,OL+BDC,0.25,0,high dropout,0,2,-0.0956258410426554
published,E,OL+BDC,0.3,0,none,0,2,-0.0964988880213723
published,E,OL+BDC,0.3,0,balanced,0,2,-0.0769770969926301
published,E,OL+BDC,0.3,0,more of flat,0,2,-0.109982280551454
published,E,OL+BDC,0.3,0,more of biased,0,2,-0.0985313354459034
published,E,OL+BDC,0.3,0,high dropout,0,2,0.00613215257843589
published,E,OL+BDC,0,0.1,none,0,2,0.00832154196166868
published,E,OL+BDC,0,0.1,balanced,0,2,0.00906181287861187
published,E,OL+BDC,0,0.1,more of flat,0,2,0.00917190145290474
published,E,OL+BDC,0,0.1,more of biased,0,2,0.0409266295308216
published,E,OL+BDC,0,0.1,high dropout,0,2,-0.108409832833827
published,E,OL+BDC,0.25,0.1,none,0,2,-0.018954167102537
published,E,OL+BDC,0.25,0.1,balanced,0,2,-0.00498313299854939
published,E,OL+BDC,0.25,0.1,more of flat,0,2,-0.022248318481312
published,E,OL+BDC,0.25,0.1,more of biased,0,2,0.0253726704609581
published,E,OL+BDC,0.25,0.1,high dropout,0,2,-0.0149477647931539
published,E,OL+BDC,0.3,0.1,none,0.5,2,-0.17212281919192
published,E,OL+BDC,0.3,0.1,balanced,1,2,-0.193472700650197
published,E,OL+BDC,0.3,0.1,more of flat,1,2,-0.292004117628277
published,E,OL+BDC,0.3,0.1,more of biased,0,2,-0.146551928769539
published,E,OL+BDC,0.3,0.1,high dropout,0,2,-0.0545556748720321
published,E,OL+BDC,0,0.2,none,0,2,-0.126016099175109
published,E,OL+BDC,0,0.2,balanced,0,2,-0.096831205643709
published,E,OL+BDC,0,0.2,more of flat,0,2,-0.103623836793303
published,E,OL+BDC,0,0.2,more of biased,0,2,-0.0883174180542758
published,E,OL+BDC,0,0.2,high dropout,0,2,-0.0800790904180301
published,E,OL+BDC,0.25,0.2,none,0,2,-0.0653675348212922
published,E,OL+BDC,0.25,0.2,balanced,0,2,-0.0539228409596184
published,E,OL+BDC,0.25,0.2,more of flat,0,2,-0.0595785981170888
published,E,OL+BDC,0.25,0.2,more of biased,0,2,-0.0838774623044224
published,E,OL+BDC,0.25,0.2,high dropout,0,2,-0.0982921946853636
published,E,OL+BDC,0.3,0.2,none,0.5,2,-0.149629225693558
published,E,OL+BDC,0.3,0.2,balanced,0.5,2,-0.175774708183211
published,E,OL+BDC,0.3,0.2,more of flat,0.5,2,-0.163967613685556
published,E,OL+BDC,0.3,0.2,more of biased,0.5,2,-0.187297857130115
published,E,OL+BDC,0.3,0.2,high dropout,0.5,2,-0.253299762960491
published,E,OL+BDC,0,0.5,none,0.5,2,0.115913606618743
published,E,OL+BDC,0,0.5,balanced,0,2,0.104981886945362
published,E,OL+BDC,0,0.5,more of flat,0,2,0.114728855774125
published,E,OL+BDC,0,0.5,more of biased,0,2,0.123117278303895
published,E,OL+BDC,0,0.5,high dropout,0,2,0.0435764874647367
published,E,OL+BDC,0.25,0.5,none,1,2,-0.177506734944594
published,E,OL+BDC,0.25,0.5,balanced,0.5,2,-0.173669535762321
published,E,OL+BDC,0.25,0.5,more of flat,0.5,2,-0.187411790286199
published,E,OL+BDC,0.25,0.5,more of biased,0.5,2,-0.161242783835567
published,E,OL+BDC,0.25,0.5,high dropout,0.5,2,-0.198947676018359
published,E,OL+BDC,0.3,0.5,none,1,2,-0.252429741352396
published,E,OL+BDC,0.3,0.5,balanced,1,2,-0.25043026322663
published,E,OL+BDC,0.3,0.5,more of flat,1,2,-0.253877012416577
published,E,OL+BDC,0.3,0.5,more of biased,1,2,-0.22194366056595
published,E,OL+BDC,0.3,0.5,high dropout,0.5,2,-0.209979767176058
published,E,OL+BDC,0,1,none,0,2,0.101755385110424
published,E,OL+BDC,0,1,balanced,0,2,0.0923353887046962
published,E,OL+BDC,0,1,more of flat,0,2,0.0871538035890495
published,E,OL+BDC,0,1,more of biased,0,2,0.122721403267431
published,E,OL+BDC,0,1,high dropout,0,2,0.0854450638608827
published,E,OL+BDC,0.25,1,none,1,2,-0.202599271959396
published,E,OL+BDC,0.25,1,balanced,1,2,-0.196665124438499
published,E,OL+BDC,0.25,1,more of flat,1,2,-0.251472556802804
published,E,OL+BDC,0.25,1,more of biased,0.5,2,-0.23523477242364
published,E,OL+BDC,0.25,1,high dropout,0,2,-0.145945338171783
published,E,OL+BDC,0.3,1,none,0.5,2,-0.134723740870172
published,E,OL+BDC,0.3,1,balanced,0.5,2,-0.140685929494122
published,E,OL+BDC,0.3,1,more of flat,0.5,2,-0.206156374948737
published,E,OL+BDC,0.3,1,more of biased,0,2,-0.0791628386471437
published,E,OL+BDC,0.3,1,high dropout,0,2,-0.105028464826684
published,E,CO,0,0,none,0.5,2,-0.128942616238412
published,E,CO,0,0,balanced,0.5,2,-0.110456727894923
published,E,CO,0,0,more of flat,0.5,2,-0.124816900375533
published,E,CO,0,0,more of biased,0,2,-0.126456017143919
published,E,CO,0,0,high dropout,0,2,-0.105329841390624
published,E,CO,0.25,0,none,0.5,2,-0.162517401568721
published,E,CO,0.25,0,balanced,0.5,2,-0.176579709418379
published,E,CO,0.25,0,more of flat,0.5,2,-0.165319685281297
published,E,CO,0.25,0,more of biased,0.5,2,-0.131766154534106
published,E,CO,0.25,0,high dropout,0.5,2,-0.0836510318168165
published,E,CO,0.3,0,none,1,2,-0.220444113851636
published,E,CO,0.3,0,balanced,0.5,2,-0.167593670466047
published,E,CO,0.3,0,more of flat,0.5,2,-0.178960252874132
published,E,CO,0.3,0,more of biased,1,2,-0.255029119873056
published,E,CO,0.3,0,high dropout,1,2,-0.264436888494958
published,E,CO,0,0.1,none,0,2,-0.0768152212827915
published,E,CO,0,0.1,balanced,0.5,2,-0.152313806967135
published,E,CO,0,0.1,more of flat,0,2,-0.0779655397370571
published,E,CO,0,0.1,more of biased,0,2,-0.0658462238549132
published,E,CO,0,0.1,high dropout,0.5,2,-0.139949369946919
published,E,CO,0.25,0.1,none,0.5,2,-0.165077971840643
published,E,CO,0.25,0.1,balanced,0.5,2,-0.199384381766088
published,E,CO,0.25,0.1,more of flat,0.5,2,-0.194865810461712
published,E,CO,0.25,0.1,more of biased,0.5,2,-0.150464217510957
published,E,CO,0.25,0.1,high dropout,0,2,-0.083230741744043
published,E,CO,0.3,0.1,none,1,2,-0.178988853338499
published,E,CO,0.3,0.1,balanced,0.5,2,-0.160796359060008
published,E,CO,0.3,0.1,more of flat,0.5,2,-0.151928366335708
published,E,CO,0.3,0.1,more of biased,1,2,-0.154137037020507
published,E,CO,0.3,0.1,high dropout,0.5,2,-0.185113668428302
published,E,CO,0,0.2,none,0,2,-0.0310722907944594
published,E,CO,0,0.2,balanced,0,2,0.0124125769245913
published,E,CO,0,0.2,more of flat,0,2,-0.0341246144387607
published,E,CO,0,0.2,more of biased,0,2,-0.0775459860505711
published,E,CO,0,0.2,high dropout,0,2,-0.00342905394582018
published,E,CO,0.25,0.2,none,0.5,2,-0.0913205172087674
published,E,CO,0.25,0.2,balanced,0,2,-0.0916255038785757
published,E,CO,0.25,0.2,more of flat,0,2,-0.0914644739293665
published,E,CO,0.25,0.2,more of biased,0,2,-0.106891578694944
published,E,CO,0.25,0.2,high dropout,0,2,-0.165513113362173
published,E,CO,0.3,0.2,none,1,2,-0.341177912392623
published,E,CO,0.3,0.2,balanced,1,2,-0.406254658830154
published,E,CO,0.3,0.2,more of flat,1,2,-0.316997778779876
published,E,CO,0.3,0.2,more of biased,1,2,-0.308185046388101
published,E,CO,0.3,0.2,high dropout,0.5,2,-0.326582656156895
published,E,CO,0,0.5,none,0.5,2,0.104218146336122
published,E,CO,0,0.5,balanced,0.5,2,0.0471332468634067
published,E,CO,0,0.5,more of flat,0.5,2,0.0565455538762812
published,E,CO,0,0.5,more of biased,0.5,2,0.145329168317701
published,E,CO,0,0.5,high dropout,0,2,0.143895404741093
published,E,CO,0.25,0.5,none,0,2,-0.0863224556668242
published,E,CO,0.25,0.5,balanced,0,2,-0.0847836932641458
published,E,CO,0.25,0.5,more of flat,0,2,-0.0932694009020552
published,E,CO,0.25,0.5,more of biased,0.5,2,-0.171826088479079
published,E,CO,0.25,0.5,high dropout,0,2,-0.0165582000992558
published,E,CO,0.3,0.5,none,0.5,2,-0.0887567272635179
published,E,CO,0.3,0.5,balanced,0,2,-0.065713354038325
published,E,CO,0.3,0.5,more of flat,0,2,-0.118079125302504
published,E,CO,0.3,0.5,more of biased,0,2,-0.102504799187819
published,E,CO,0.3,0.5,high dropout,0,2,0.0679108505868266
published,E,CO,0,1,none,0,2,-0.0114128490137788
published,E,CO,0,1,balanced,0,2,0.00883674572518268
published,E,CO,0,1,more of flat,0,2,-0.0348847047554365
published,E,CO,0,1,more of biased,0,2,-0.0394415715922915
published,E,CO,0,1,high dropout,0,2,-0.00101513372418462
published,E,CO,0.25,1,none,1,2,-0.214074560914772
published,E,CO,0.25,1,balanced,0.5,2,-0.144105983623741
published,E,CO,0.25,1,more of flat,1,2,-0.253662185297106
published,E,CO,0.25,1,more of biased,1,2,-0.240855944989835
published,E,CO,0.25,1,high dropout,0.5,2,-0.223640159021547
published,E,CO,0.3,1,none,0.5,2,-0.186088031756367
published,E,CO,0.3,1,balanced,0.5,2,-0.261117392100377
published,E,CO,0.3,1,more of flat,0.5,2,-0.147886622541426
published,E,CO,0.3,1,more of biased,0.5,2,-0.213947733752599
published,E,CO,0.3,1,high dropout,0.5,2,-0.14960159399202
published,E,N-of-1,0,0,none,0,2,-0.0342926204660905
published,E,N-of-1,0,0,balanced,0,2,-0.04937891417019
published,E,N-of-1,0,0,more of flat,0,2,-0.110627958921469
published,E,N-of-1,0,0,more of biased,0,2,-0.0784825687937444
published,E,N-of-1,0,0,high dropout,0,2,-0.0490874150850777
published,E,N-of-1,0.25,0,none,1,2,-0.203101896077052
published,E,N-of-1,0.25,0,balanced,0.5,2,-0.174052736364794
published,E,N-of-1,0.25,0,more of flat,1,2,-0.213656937630375
published,E,N-of-1,0.25,0,more of biased,1,2,-0.192596298849783
published,E,N-of-1,0.25,0,high dropout,0.5,2,-0.178902490004372
published,E,N-of-1,0.3,0,none,0.5,2,-0.139904588677074
published,E,N-of-1,0.3,0,balanced,0.5,2,-0.132754728024926
published,E,N-of-1,0.3,0,more of flat,0.5,2,-0.108880968770651
published,E,N-of-1,0.3,0,more of biased,0.5,2,-0.119710941735621
published,E,N-of-1,0.3,0,high dropout,1,2,-0.230485673646984
published,E,N-of-1,0,0.1,none,0,2,-0.00276497244713371
published,E,N-of-1,0,0.1,balanced,0,2,0.0476331478978683
published,E,N-of-1,0,0.1,more of flat,0,2,0.0455668969660792
published,E,N-of-1,0,0.1,more of biased,0,2,0.0128499583721055
published,E,N-of-1,0,0.1,high dropout,0,2,0.0361856620680383
published,E,N-of-1,0.25,0.1,none,0.5,2,-0.0732546844419302
published,E,N-of-1,0.25,0.1,balanced,0.5,2,-0.0657371996615702
published,E,N-of-1,0.25,0.1,more of flat,0,2,-0.0669003797952696
published,E,N-of-1,0.25,0.1,more of biased,0,2,-0.066880309894377
published,E,N-of-1,0.25,0.1,high dropout,0,2,0.00963375071869232
published,E,N-of-1,0.3,0.1,none,0,2,-0.103264664314685
published,E,N-of-1,0.3,0.1,balanced,0,2,-0.100305853937674
published,E,N-of-1,0.3,0.1,more of flat,0,2,-0.0928360278711777
published,E,N-of-1,0.3,0.1,more of biased,1,2,-0.183669597763855
published,E,N-of-1,0.3,0.1,high dropout,0,2,-0.161492998462059
published,E,N-of-1,0,0.2,none,0,2,-0.0133834781343672
published,E,N-of-1,0,0.2,balanced,0,2,-0.00162628912639299
published,E,N-of-1,0,0.2,more of flat,0,2,-0.0381974706065396
published,E,N-of-1,0,0.2,more of biased,0,2,-0.0567421014960218
published,E,N-of-1,0,0.2,high dropout,0,2,0.0573208699678643
published,E,N-of-1,0.25,0.2,none,0.5,2,-0.185476514677692
published,E,N-of-1,0.25,0.2,balanced,0.5,2,-0.212008046617901
published,E,N-of-1,0.25,0.2,more of flat,0.5,2,-0.222507079475396
published,E,N-of-1,0.25,0.2,more of biased,0.5,2,-0.192452386075048
published,E,N-of-1,0.25,0.2,high dropout,0.5,2,-0.145851223727909
published,E,N-of-1,0.3,0.2,none,0.5,2,-0.148490695443812
published,E,N-of-1,0.3,0.2,balanced,0.5,2,-0.123660234158206
published,E,N-of-1,0.3,0.2,more of flat,0.5,2,-0.138194840158125
published,E,N-of-1,0.3,0.2,more of biased,0.5,2,-0.166129928192705
published,E,N-of-1,0.3,0.2,high dropout,0.5,2,-0.133059112191512
published,E,N-of-1,0,0.5,none,0,2,-0.081697732451199
published,E,N-of-1,0,0.5,balanced,0,2,-0.0857701246083356
published,E,N-of-1,0,0.5,more of flat,0,2,-0.0670692541675339
published,E,N-of-1,0,0.5,more of biased,0,2,-0.0788238065859778
published,E,N-of-1,0,0.5,high dropout,0,2,-0.0547621149732305
published,E,N-of-1,0.25,0.5,none,0.5,2,-0.146506156701491
published,E,N-of-1,0.25,0.5,balanced,0.5,2,-0.179849427958711
published,E,N-of-1,0.25,0.5,more of flat,0.5,2,-0.091634600492974
published,E,N-of-1,0.25,0.5,more of biased,0.5,2,-0.132279066055981
published,E,N-of-1,0.25,0.5,high dropout,0,2,-0.0851230822188042
published,E,N-of-1,0.3,0.5,none,1,2,-0.183997581125273
published,E,N-of-1,0.3,0.5,balanced,1,2,-0.162930691360052
published,E,N-of-1,0.3,0.5,more of flat,0.5,2,-0.153523280629847
published,E,N-of-1,0.3,0.5,more of biased,1,2,-0.203847076560487
published,E,N-of-1,0.3,0.5,high dropout,0,2,-0.136562886063119
published,E,N-of-1,0,1,none,0,2,-0.060884099876999
published,E,N-of-1,0,1,balanced,0,2,-0.0375096393802976
published,E,N-of-1,0,1,more of flat,0,2,-0.0208310034135799
published,E,N-of-1,0,1,more of biased,0,2,-0.0440756299374694
published,E,N-of-1,0,1,high dropout,0,2,-0.0275783087201146
published,E,N-of-1,0.25,1,none,1,2,-0.211842931210342
published,E,N-of-1,0.25,1,balanced,1,2,-0.23225384981204
published,E,N-of-1,0.25,1,more of flat,1,2,-0.205696104942604
published,E,N-of-1,0.25,1,more of biased,1,2,-0.229987500972463
published,E,N-of-1,0.25,1,high dropout,0.5,2,-0.226898503409286
published,E,N-of-1,0.3,1,none,0.5,2,-0.188817408763027
published,E,N-of-1,0.3,1,balanced,0.5,2,-0.18076839726199
published,E,N-of-1,0.3,1,more of flat,0.5,2,-0.217197136150253
published,E,N-of-1,0.3,1,more of biased,0.5,2,-0.216544242136333
published,E,N-of-1,0.3,1,high dropout,0.5,2,-0.205506264117793
published,F,OL,0,0,none,0,2,0.00201476657585826
published,F,OL,0,0,balanced,0,2,8.09654242866194e-05
published,F,OL,0,0,more of flat,0,2,-0.0011826954515538
published,F,OL,0,0,more of biased,0,2,0.00392024943017711
published,F,OL,0,0,high dropout,0,2,-0.00316523151274751
published,F,OL,0.25,0,none,0,2,0.00105508217673421
published,F,OL,0.25,0,balanced,0,2,0.00115934415434046
published,F,OL,0.25,0,more of flat,0,2,0.00096291194942583
published,F,OL,0.25,0,more of biased,0,2,-0.000415779733196614
published,F,OL,0.25,0,high dropout,0.5,2,0.016939970598674
published,F,OL,0.3,0,none,0,2,-0.00910568790246931
published,F,OL,0.3,0,balanced,0,2,-0.0143861767322401
published,F,OL,0.3,0,more of flat,0,2,-0.0118596652762042
published,F,OL,0.3,0,more of biased,0,2,-0.00852626590358388
published,F,OL,0.3,0,high dropout,1,2,-0.025453448422095
published,F,OL,0,0.1,none,0,2,0.00230632132061946
published,F,OL,0,0.1,balanced,0,2,-0.00576240082715008
published,F,OL,0,0.1,more of flat,0,2,0.00400234058472893
published,F,OL,0,0.1,more of biased,0,2,0.0047420730464902
published,F,OL,0,0.1,high dropout,0,2,-0.00267775712978392
published,F,OL,0.25,0.1,none,0.5,2,0.00615776267963629
published,F,OL,0.25,0.1,balanced,0,2,0.00144037809795995
published,F,OL,0.25,0.1,more of flat,0,2,0.00497633635174622
published,F,OL,0.25,0.1,more of biased,0.5,2,0.00701900749692487
published,F,OL,0.25,0.1,high dropout,0.5,2,-0.0178469764274407
published,F,OL,0.3,0.1,none,0.5,2,-0.0175056949925866
published,F,OL,0.3,0.1,balanced,0.5,2,-0.0140690740864053
published,F,OL,0.3,0.1,more of flat,0.5,2,-0.0159572796198577
published,F,OL,0.3,0.1,more of biased,0.5,2,-0.0114193672597608
published,F,OL,0.3,0.1,high dropout,0.5,2,-0.0259519562355776
published,F,OL,0,0.2,none,0,2,-0.00958099061333346
published,F,OL,0,0.2,balanced,0,2,-0.00723495931178937
published,F,OL,0,0.2,more of flat,0,2,-0.0048382900870865
published,F,OL,0,0.2,more of biased,0,2,-0.00708051899547289
published,F,OL,0,0.2,high dropout,0.5,2,-0.0191604348806081
published,F,OL,0.25,0.2,none,0,2,-0.00317215325453436
published,F,OL,0.25,0.2,balanced,0,2,-0.00193153262603349
published,F,OL,0.25,0.2,more of flat,0,2,-0.00929842406062635
published,F,OL,0.25,0.2,more of biased,0.5,2,-0.0088170224829494
published,F,OL,0.25,0.2,high dropout,0,2,-0.0018879047388803
published,F,OL,0.3,0.2,none,0,2,0.00407374717295416
published,F,OL,0.3,0.2,balanced,0,2,0.000904737706316706
published,F,OL,0.3,0.2,more of flat,0,2,0.00420251543898033
published,F,OL,0.3,0.2,more of biased,0,2,0.00449751974789216
published,F,OL,0.3,0.2,high dropout,0,2,0.00561172614841951
published,F,OL,0,0.5,none,0,2,-0.000788705363021786
published,F,OL,0,0.5,balanced,0,2,0.00164819639257532
published,F,OL,0,0.5,more of flat,0,2,0.00169857448684594
published,F,OL,0,0.5,more of biased,0,2,-0.00327518702628331
published,F,OL,0,0.5,high dropout,0,2,-0.00353397589316443
published,F,OL,0.25,0.5,none,0,2,-0.00472685530023406
published,F,OL,0.25,0.5,balanced,0,2,-0.00452480461537863
published,F,OL,0.25,0.5,more of flat,0,2,-0.000535343129142975
published,F,OL,0.25,0.5,more of biased,0,2,-0.00248803393337323
published,F,OL,0.25,0.5,high dropout,0,2,-0.0018194892509778
published,F,OL,0.3,0.5,none,0,2,0.0058470716789588
published,F,OL,0.3,0.5,balanced,0,2,0.00717107252814872
published,F,OL,0.3,0.5,more of flat,0,2,0.000645123381507942
published,F,OL,0.3,0.5,more of biased,0,2,0.0034141478026212
published,F,OL,0.3,0.5,high dropout,0,2,0.00846687639359868
published,F,OL,0,1,none,0,2,-0.000236365912936466
published,F,OL,0,1,balanced,0,2,0.00650976900378024
published,F,OL,0,1,more of flat,0,2,0.000410320875832703
published,F,OL,0,1,more of biased,0,2,-0.00224391400444329
published,F,OL,0,1,high dropout,0,2,0.000197248763195266
published,F,OL,0.25,1,none,0.5,2,-0.00761031349026792
published,F,OL,0.25,1,balanced,0.5,2,-0.0154649594387802
published,F,OL,0.25,1,more of flat,0.5,2,-0.00342667794132557
published,F,OL,0.25,1,more of biased,0,2,-0.00106041755130269
published,F,OL,0.25,1,high dropout,0,2,0.00422906733528633
published,F,OL,0.3,1,none,0,2,-0.00437915030879606
published,F,OL,0.3,1,balanced,0,2,-0.00567258290933394
published,F,OL,0.3,1,more of flat,0,2,0.00126911182826842
published,F,OL,0.3,1,more of biased,0,2,-0.000694128922909732
published,F,OL,0.3,1,high dropout,0,2,0.00188539196492327
published,F,OL+BDC,0,0,none,0.5,2,-0.155415725897397
published,F,OL+BDC,0,0,balanced,0,2,-0.153717454015715
published,F,OL+BDC,0,0,more of flat,0.5,2,-0.119114038861192
published,F,OL+BDC,0,0,more of biased,0.5,2,-0.180931610733937
published,F,OL+BDC,0,0,high dropout,0,2,-0.184621392577242
published,F,OL+BDC,0.25,0,none,0.5,2,-0.133608956882477
published,F,OL+BDC,0.25,0,balanced,0,2,-0.156693459961657
published,F,OL+BDC,0.25,0,more of flat,0.5,2,-0.156023230417342
published,F,OL+BDC,0.25,0,more of biased,0,2,-0.117871669381733
published,F,OL+BDC,0.25,0,high dropout,0.5,2,-0.206873372943695
published,F,OL+BDC,0.3,0,none,0.5,2,-0.211734589453123
published,F,OL+BDC,0.3,0,balanced,0.5,2,-0.208090654582109
published,F,OL+BDC,0.3,0,more of flat,0.5,2,-0.220872034765148
published,F,OL+BDC,0.3,0,more of biased,0.5,2,-0.223759601387745
published,F,OL+BDC,0.3,0,high dropout,0,2,-0.166611356597326
published,F,OL+BDC,0,0.1,none,0,2,0.0281664435662049
published,F,OL+BDC,0,0.1,balanced,0,2,0.0304996200276873
published,F,OL+BDC,0,0.1,more of flat,0,2,0.0671755534341253
published,F,OL+BDC,0,0.1,more of biased,0,2,0.0120914082027946
published,F,OL+BDC,0,0.1,high dropout,0,2,0.131036309026447
published,F,OL+BDC,0.25,0.1,none,1,2,-0.265889296497591
published,F,OL+BDC,0.25,0.1,balanced,1,2,-0.300947953387282
published,F,OL+BDC,0.25,0.1,more of flat,0.5,2,-0.232088959288574
published,F,OL+BDC,0.25,0.1,more of biased,1,2,-0.328601268830287
published,F,OL+BDC,0.25,0.1,high dropout,1,2,-0.387934001507029
published,F,OL+BDC,0.3,0.1,none,0.5,2,-0.146643433950331
published,F,OL+BDC,0.3,0.1,balanced,1,2,-0.201004114559348
published,F,OL+BDC,0.3,0.1,more of flat,0,2,-0.124599844615538
published,F,OL+BDC,0.3,0.1,more of biased,0.5,2,-0.187212269987991
published,F,OL+BDC,0.3,0.1,high dropout,0,2,0.0583821563113138
published,F,OL+BDC,0,0.2,none,0.5,2,0.140562863573104
published,F,OL+BDC,0,0.2,balanced,0,2,0.120703146145146
published,F,OL+BDC,0,0.2,more of flat,0.5,2,0.113514873502453
published,F,OL+BDC,0,0.2,more of biased,0,2,0.121448897178095
published,F,OL+BDC,0,0.2,high dropout,1,2,0.261663457886346
published,F,OL+BDC,0.25,0.2,none,0.5,2,-0.151593746555532
published,F,OL+BDC,0.25,0.2,balanced,0.5,2,-0.111371586292197
published,F,OL+BDC,0.25,0.2,more of flat,0.5,2,-0.190206278789177
published,F,OL+BDC,0.25,0.2,more of biased,0.5,2,-0.137963961787748
published,F,OL+BDC,0.25,0.2,high dropout,0,2,-0.0698066055744114
published,F,OL+BDC,0.3,0.2,none,0.5,2,-0.107040002247074
published,F,OL+BDC,0.3,0.2,balanced,0.5,2,-0.0931034311620645
published,F,OL+BDC,0.3,0.2,more of flat,0.5,2,-0.162866880898598
published,F,OL+BDC,0.3,0.2,more of biased,0,2,-0.108308645646488
published,F,OL+BDC,0.3,0.2,high dropout,0,2,-0.109318446788608
published,F,OL+BDC,0,0.5,none,0,2,-0.050605953919338
published,F,OL+BDC,0,0.5,balanced,0,2,-0.0395031686508204
published,F,OL+BDC,0,0.5,more of flat,0,2,-0.00571766087261355
published,F,OL+BDC,0,0.5,more of biased,0.5,2,-0.0724086960104632
published,F,OL+BDC,0,0.5,high dropout,0,2,-0.0521053433704797
published,F,OL+BDC,0.25,0.5,none,0.5,2,-0.133130864645643
published,F,OL+BDC,0.25,0.5,balanced,0.5,2,-0.137857681263474
published,F,OL+BDC,0.25,0.5,more of flat,0,2,-0.103480056910357
published,F,OL+BDC,0.25,0.5,more of biased,1,2,-0.159257008501871
published,F,OL+BDC,0.25,0.5,high dropout,0.5,2,-0.222680577151678
published,F,OL+BDC,0.3,0.5,none,0,2,-0.0136359174733341
published,F,OL+BDC,0.3,0.5,balanced,0,2,-0.0295219543132805
published,F,OL+BDC,0.3,0.5,more of flat,0,2,0.053170722215181
published,F,OL+BDC,0.3,0.5,more of biased,0.5,2,-0.0697269263888184
published,F,OL+BDC,0.3,0.5,high dropout,0,2,-0.0266130678276612
published,F,OL+BDC,0,1,none,0,2,0.0593155141818282
published,F,OL+BDC,0,1,balanced,0.5,2,0.0785278604641523
published,F,OL+BDC,0,1,more of flat,0,2,0.108308586874751
published,F,OL+BDC,0,1,more of biased,0,2,0.044257783632048
published,F,OL+BDC,0,1,high dropout,0,2,0.0288921416654888
published,F,OL+BDC,0.25,1,none,0.5,2,-0.211699806130868
published,F,OL+BDC,0.25,1,balanced,1,2,-0.226674964951809
published,F,OL+BDC,0.25,1,more of flat,0.5,2,-0.194221773789239
published,F,OL+BDC,0.25,1,more of biased,1,2,-0.251610168333071
published,F,OL+BDC,0.25,1,high dropout,0,2,-0.214508708469257
published,F,OL+BDC,0.3,1,none,0,2,-0.114319377570141
published,F,OL+BDC,0.3,1,balanced,0.5,2,-0.130012874529368
published,F,OL+BDC,0.3,1,more of flat,0,2,-0.0924255221698482
published,F,OL+BDC,0.3,1,more of biased,0.5,2,-0.199769824101072
published,F,OL+BDC,0.3,1,high dropout,0,2,-0.0924198657900327
published,F,CO,0,0,none,0.5,2,0.0930927218946472
published,F,CO,0,0,balanced,0.5,2,0.104964366059678
published,F,CO,0,0,more of flat,0,2,0.095216338200438
published,F,CO,0,0,more of biased,0,2,0.0548249735662495
published,F,CO,0,0,high dropout,0,2,0.111618554431195
published,F,CO,0.25,0,none,0.5,2,-0.123677865047125
published,F,CO,0.25,0,balanced,0.5,2,-0.143652822545007
published,F,CO,0.25,0,more of flat,0.5,2,-0.156033141026343
published,F,CO,0.25,0,more of biased,0.5,2,-0.138600593572577
published,F,CO,0.25,0,high dropout,0.5,2,-0.140372975468498
published,F,CO,0.3,0,none,0,2,-0.0386859388175133
published,F,CO,0.3,0,balanced,0,2,-0.0424022398992734
published,F,CO,0.3,0,more of flat,0,2,-0.032621950845648
published,F,CO,0.3,0,more of biased,0,2,0.0176983249774897
published,F,CO,0.3,0,high dropout,0,2,-0.0707560961391405
published,F,CO,0,0.1,none,0,2,0.049052808079739
published,F,CO,0,0.1,balanced,0.5,2,0.128724006765888
published,F,CO,0,0.1,more of flat,0,2,0.0392534045201172
published,F,CO,0,0.1,more of biased,0,2,0.0432476257632712
published,F,CO,0,0.1,high dropout,0,2,0.0855984972692711
published,F,CO,0.25,0.1,none,0,2,-0.0492274192579184
published,F,CO,0.25,0.1,balanced,0,2,-0.0437029952390998
published,F,CO,0.25,0.1,more of flat,0,2,-0.017010256829826
published,F,CO,0.25,0.1,more of biased,0.5,2,-0.161731582132656
published,F,CO,0.25,0.1,high dropout,0,2,0.00969304518498786
published,F,CO,0.3,0.1,none,1,2,-0.228175832929267
published,F,CO,0.3,0.1,balanced,1,2,-0.250591150572215
published,F,CO,0.3,0.1,more of flat,1,2,-0.236231986392605
published,F,CO,0.3,0.1,more of biased,1,2,-0.262350845455952
published,F,CO,0.3,0.1,high dropout,0.5,2,-0.164184175129478
published,F,CO,0,0.2,none,0,2,0.0709779310701598
published,F,CO,0,0.2,balanced,0.5,2,0.132814710778145
published,F,CO,0,0.2,more of flat,0,2,0.11769063885811
published,F,CO,0,0.2,more of biased,0,2,0.104495288270696
published,F,CO,0,0.2,high dropout,0,2,0.146106403890684
published,F,CO,0.25,0.2,none,1,2,-0.246838501261287
published,F,CO,0.25,0.2,balanced,0.5,2,-0.22600281722427
published,F,CO,0.25,0.2,more of flat,1,2,-0.286365331451742
published,F,CO,0.25,0.2,more of biased,0.5,2,-0.174942234891983
published,F,CO,0.25,0.2,high dropout,0,2,-0.1442806422435
published,F,CO,0.3,0.2,none,0,2,-0.016648662603324
published,F,CO,0.3,0.2,balanced,0,2,0.0289046155541747
published,F,CO,0.3,0.2,more of flat,0,2,0.0402136545347252
published,F,CO,0.3,0.2,more of biased,0,2,-0.0453915309049747
published,F,CO,0.3,0.2,high dropout,0,2,0.00966329851736707
published,F,CO,0,0.5,none,0.5,2,-0.10758426271082
published,F,CO,0,0.5,balanced,0.5,2,-0.0651032803200765
published,F,CO,0,0.5,more of flat,0.5,2,-0.0270983771829733
published,F,CO,0,0.5,more of biased,0.5,2,-0.108548867268747
published,F,CO,0,0.5,high dropout,0.5,2,-0.171325829582271
published,F,CO,0.25,0.5,none,0.5,2,-0.131388445898211
published,F,CO,0.25,0.5,balanced,0.5,2,-0.149038495887359
published,F,CO,0.25,0.5,more of flat,0,2,-0.0735946111957545
published,F,CO,0.25,0.5,more of biased,0,2,-0.0516871521099184
published,F,CO,0.25,0.5,high dropout,0.5,2,-0.290091301452279
published,F,CO,0.3,0.5,none,1,2,-0.22780333311432
published,F,CO,0.3,0.5,balanced,1,2,-0.267478026713034
published,F,CO,0.3,0.5,more of flat,1,2,-0.209092782733373
published,F,CO,0.3,0.5,more of biased,1,2,-0.209715828058863
published,F,CO,0.3,0.5,high dropout,1,2,-0.365950285012378
published,F,CO,0,1,none,0,2,0.0723663903819232
published,F,CO,0,1,balanced,0.5,2,0.0715907811211425
published,F,CO,0,1,more of flat,0.5,2,0.0935846590577201
published,F,CO,0,1,more of biased,0,2,0.0819102127775236
published,F,CO,0,1,high dropout,0.5,2,0.0538074647136381
published,F,CO,0.25,1,none,0,2,0.00316006457391743
published,F,CO,0.25,1,balanced,0,2,0.0130404717094034
published,F,CO,0.25,1,more of flat,0,2,0.00217232532759205
published,F,CO,0.25,1,more of biased,0,2,-0.0167147707613218
published,F,CO,0.25,1,high dropout,0,2,-0.0551513825078716
published,F,CO,0.3,1,none,0.5,2,-0.144552940898572
published,F,CO,0.3,1,balanced,0.5,2,-0.117369946004348
published,F,CO,0.3,1,more of flat,0.5,2,-0.0927146102861782
published,F,CO,0.3,1,more of biased,0.5,2,-0.123498724336428
published,F,CO,0.3,1,high dropout,0.5,2,-0.129044721515148
published,F,N-of-1,0,0,none,0,2,0.00670080655147567
published,F,N-of-1,0,0,balanced,0,2,-0.00940458639843762
published,F,N-of-1,0,0,more of flat,0,2,0.0063468466246536
published,F,N-of-1,0,0,more of biased,0,2,0.00357215586994421
published,F,N-of-1,0,0,high dropout,0,2,-0.0251930867016631
published,F,N-of-1,0.25,0,none,1,2,-0.193729651267723
published,F,N-of-1,0.25,0,balanced,1,2,-0.206985139699948
published,F,N-of-1,0.25,0,more of flat,1,2,-0.221695109818379
published,F,N-of-1,0.25,0,more of biased,1,2,-0.218814171790646
published,F,N-of-1,0.25,0,high dropout,0.5,2,-0.15192340085462
published,F,N-of-1,0,0.1,none,0,2,0.00364835026810433
published,F,N-of-1,0,0.1,balanced,0,2,-0.00960368594782263
published,F,N-of-1,0,0.1,more of flat,0,2,-0.0596936890685085
published,F,N-of-1,0,0.1,more of biased,0,2,-0.0255413511005838
published,F,N-of-1,0,0.1,high dropout,0,2,0.022547839049599
published,F,N-of-1,0.25,0.1,none,1,2,-0.165142738747572
published,F,N-of-1,0.25,0.1,balanced,0,2,-0.126045622814412
published,F,N-of-1,0.25,0.1,more of flat,0.5,2,-0.151650439862066
published,F,N-of-1,0.25,0.1,more of biased,0.5,2,-0.162010861128345
published,F,N-of-1,0.25,0.1,high dropout,0,2,-0.132733643724371
published,F,N-of-1,0,0.2,none,0,2,-0.0291302659401274
published,F,N-of-1,0,0.2,balanced,0,2,-0.0425659244127912
published,F,N-of-1,0,0.2,more of flat,0,2,-0.0257922985808133
published,F,N-of-1,0,0.2,more of biased,0,2,-0.0284002466825241
published,F,N-of-1,0,0.2,high dropout,0,2,0.0620054041216323
published,F,N-of-1,0.25,0.2,none,0.5,2,-0.132784209656799
published,F,N-of-1,0.25,0.2,balanced,0.5,2,-0.193778728143966
published,F,N-of-1,0.25,0.2,more of flat,0.5,2,-0.0910963187780871
published,F,N-of-1,0.25,0.2,more of biased,0,2,-0.0923750155559634
published,F,N-of-1,0.25,0.2,high dropout,0,2,-0.0997215699299618
published,F,N-of-1,0.3,0.2,none,0.5,2,-0.192941996162861
published,F,N-of-1,0.3,0.2,balanced,0.5,2,-0.202715900473426
published,F,N-of-1,0.3,0.2,more of flat,1,2,-0.22303616932977
published,F,N-of-1,0.3,0.2,more of biased,1,2,-0.224605529283651
published,F,N-of-1,0.3,0.2,high dropout,1,2,-0.269920187440891
published,F,N-of-1,0,0.5,none,0,2,0.0263484183114719
published,F,N-of-1,0,0.5,balanced,0,2,0.0109312856434472
published,F,N-of-1,0,0.5,more of flat,0,2,0.0425251199407956
published,F,N-of-1,0,0.5,more of biased,0,2,0.0416577090599157
published,F,N-of-1,0,0.5,high dropout,0,2,0.0209045510866989
published,F,N-of-1,0.25,0.5,none,0.5,2,-0.158890038283971
published,F,N-of-1,0.25,0.5,balanced,0.5,2,-0.110881927051438
published,F,N-of-1,0.25,0.5,more of flat,0,2,-0.131620152340592
published,F,N-of-1,0.25,0.5,more of biased,0.5,2,-0.15846637120431
published,F,N-of-1,0.25,0.5,high dropout,0,2,-0.0728606610627073
published,F,N-of-1,0.3,0.5,none,1,2,-0.186994819999018
published,F,N-of-1,0.3,0.5,balanced,1,2,-0.189323784907989
published,F,N-of-1,0.3,0.5,more of flat,0.5,2,-0.185951271541233
published,F,N-of-1,0.3,0.5,more of biased,0.5,2,-0.162543719588368
published,F,N-of-1,0.3,0.5,high dropout,0,2,-0.144764552780849
published,F,N-of-1,0,1,none,0,2,0.0289592829703074
published,F,N-of-1,0,1,balanced,0,2,0.0357485213572251
published,F,N-of-1,0,1,more of flat,0,2,0.0331358116606068
published,F,N-of-1,0,1,more of biased,0,2,0.0368405636281621
published,F,N-of-1,0,1,high dropout,0,2,0.0539376236558242
published,F,N-of-1,0.25,1,none,0,2,-0.0412602872584011
published,F,N-of-1,0.25,1,balanced,0,2,-0.0191258364102304
published,F,N-of-1,0.25,1,more of flat,0,2,-0.0508913228804872
published,F,N-of-1,0.25,1,more of biased,0,2,0.0211283395967941
published,F,N-of-1,0.25,1,high dropout,0,2,-0.0627418598189336
published,F,N-of-1,0.3,1,none,0.5,2,-0.0697397261909599
published,F,N-of-1,0.3,1,balanced,0.5,2,-0.0544461813610096
published,F,N-of-1,0.3,1,more of flat,0.5,2,-0.0700646850102716
published,F,N-of-1,0.3,1,more of biased,0.5,2,-0.0991779497892321
published,F,N-of-1,0.3,1,high dropout,0,2,-0.121267391639631
published,S,OL,0,0,none,0,2,-0.000257243647699744
published,S,OL,0,0,balanced,0,2,-0.00355312429369307
published,S,OL,0,0,more of flat,0,2,0.00225391285591469
published,S,OL,0,0,more of biased,0,2,-0.00326910700396355
published,S,OL,0,0,high dropout,0,2,0.00160215066340382
published,S,OL,0.25,0,none,0,2,-0.000574239743251521
published,S,OL,0.25,0,balanced,0,2,-0.000607824071761043
published,S,OL,0.25,0,more of flat,0,2,0.00343221726372266
published,S,OL,0.25,0,more of biased,0,2,-8.17527376610542e-05
published,S,OL,0.25,0,high dropout,0,2,-0.00360203209610064
published,S,OL,0.3,0,none,0,2,-0.00444984843047305
published,S,OL,0.3,0,balanced,0,2,-0.00695112965332018
published,S,OL,0.3,0,more of flat,0,2,-0.00519302153436272
published,S,OL,0.3,0,more of biased,0,2,-0.00510987201921433
published,S,OL,0.3,0,high dropout,0.5,2,-0.00714731246478417
published,S,OL,0,0.1,none,0,2,-0.0012203756141774
published,S,OL,0,0.1,balanced,0,2,-0.00110365625203756
published,S,OL,0,0.1,more of flat,0,2,-0.000959351601532885
published,S,OL,0,0.1,more of biased,0,2,-0.00460155926654904
published,S,OL,0,0.1,high dropout,0,2,-0.00511130351783313
published,S,OL,0.25,0.1,none,0,2,0.000667206035117611
published,S,OL,0.25,0.1,balanced,0,2,-0.0019927176415392
published,S,OL,0.25,0.1,more of flat,0,2,0.00304213759753321
published,S,OL,0.25,0.1,more of biased,0,2,-0.000170021352384032
published,S,OL,0.25,0.1,high dropout,0.5,2,-0.00629293814376301
published,S,OL,0.3,0.1,none,0.5,2,-0.00962389909737604
published,S,OL,0.3,0.1,balanced,0.5,2,-0.00919109878586725
published,S,OL,0.3,0.1,more of flat,0.5,2,-0.0101784070226917
published,S,OL,0.3,0.1,more of biased,0.5,2,-0.0101498906625908
published,S,OL,0.3,0.1,high dropout,1,2,-0.0228814776654201
published,S,OL,0,0.2,none,0,2,0.00114004475263227
published,S,OL,0,0.2,balanced,0,2,0.00333484243704921
published,S,OL,0,0.2,more of flat,0,2,0.00236974865687186
published,S,OL,0,0.2,more of biased,0,2,0.00135908175144706
published,S,OL,0,0.2,high dropout,0,2,-0.0166388363970499
published,S,OL,0.25,0.2,none,0,2,-0.00283245154631894
published,S,OL,0.25,0.2,balanced,0,2,-0.00171164781427466
published,S,OL,0.25,0.2,more of flat,0,2,-0.00338647105061731
published,S,OL,0.25,0.2,more of biased,0,2,-0.00132839888457223
published,S,OL,0.25,0.2,high dropout,0,2,-0.00468259898329679
published,S,OL,0.3,0.2,none,0,2,-0.00539538211761043
published,S,OL,0.3,0.2,balanced,0.5,2,-0.0075108684469178
published,S,OL,0.3,0.2,more of flat,0,2,-0.00562412383299608
published,S,OL,0.3,0.2,more of biased,0,2,-0.00573311515509095
published,S,OL,0.3,0.2,high dropout,0,2,-0.00289136268493437
published,S,OL,0,0.5,none,0,2,0.00143498204701467
published,S,OL,0,0.5,balanced,0,2,0.00169445969573258
published,S,OL,0,0.5,more of flat,0,2,0.00270096711248364
published,S,OL,0,0.5,more of biased,0,2,-0.000554895455940992
published,S,OL,0,0.5,high dropout,0,2,0.00177770123202664
published,S,OL,0.25,0.5,none,0.5,2,-0.00379886738065562
published,S,OL,0.25,0.5,balanced,0.5,2,-0.00737620032794108
published,S,OL,0.25,0.5,more of flat,0,2,-0.00357406985836522
published,S,OL,0.25,0.5,more of biased,0.5,2,-0.00596915833991536
published,S,OL,0.25,0.5,high dropout,0.5,2,-0.00477248544864205
published,S,OL,0.3,0.5,none,0,2,-0.00410908361617587
published,S,OL,0.3,0.5,balanced,0,2,-0.00105451067321841
published,S,OL,0.3,0.5,more of flat,0,2,-0.00304657352931889
published,S,OL,0.3,0.5,more of biased,0,2,-0.00550840074198969
published,S,OL,0.3,0.5,high dropout,0.5,2,-0.0130516392326168
published,S,OL,0,1,none,0,2,-0.00746432392836479
published,S,OL,0,1,balanced,0,2,-0.00963257150500055
published,S,OL,0,1,more of flat,0,2,-0.0101907126725219
published,S,OL,0,1,more of biased,0,2,-0.00847960115575115
published,S,OL,0,1,high dropout,0,2,-0.0119288959211517
published,S,OL,0.25,1,none,0,2,-0.00318177506435992
published,S,OL,0.25,1,balanced,0,2,0.00223186074430949
published,S,OL,0.25,1,more of flat,0,2,-0.00242200121725656
published,S,OL,0.25,1,more of biased,0,2,-9.06599615858395e-05
published,S,OL,0.25,1,high dropout,0,2,-0.00407217268929827
published,S,OL,0.3,1,none,0,2,-0.00378687186002291
published,S,OL,0.3,1,balanced,0,2,-0.00371880458266217
published,S,OL,0.3,1,more of flat,0,2,-0.0028965276583695
published,S,OL,0.3,1,more of biased,0,2,-0.00255053367157348
published,S,OL,0.3,1,high dropout,0,2,-0.0092289731864362
published,S,OL+BDC,0,0,none,0,2,-0.00985807533491113
published,S,OL+BDC,0,0,balanced,0,2,-0.000651864997125839
published,S,OL+BDC,0,0,more of flat,0,2,0.00385841379342558
published,S,OL+BDC,0,0,more of biased,0,2,-0.0381612217011477
published,S,OL+BDC,0,0,high dropout,0,2,0.0169318625772304
published,S,OL+BDC,0.25,0,none,0.5,2,-0.115990600255812
published,S,OL+BDC,0.25,0,balanced,0.5,2,-0.0951201445634922
published,S,OL+BDC,0.25,0,more of flat,0.5,2,-0.107561521545012
published,S,OL+BDC,0.25,0,more of biased,0.5,2,-0.136819700442804
published,S,OL+BDC,0.25,0,high dropout,0,2,-0.065490152333016
published,S,OL+BDC,0.3,0,none,1,2,-0.22687999099154
published,S,OL+BDC,0.3,0,balanced,1,2,-0.204455964057752
published,S,OL+BDC,0.3,0,more of flat,1,2,-0.226113209363217
published,S,OL+BDC,0.3,0,more of biased,1,2,-0.248323908719215
published,S,OL+BDC,0.3,0,high dropout,0,2,-0.154600284874235
published,S,OL+BDC,0,0.1,none,0,2,0.0197409728586995
published,S,OL+BDC,0,0.1,balanced,0,2,0.0523657947274226
published,S,OL+BDC,0,0.1,more of flat,0,2,0.0425657467982491
published,S,OL+BDC,0,0.1,more of biased,0,2,0.0370027472683014
published,S,OL+BDC,0,0.1,high dropout,0,2,0.0791832500671826
published,S,OL+BDC,0.25,0.1,none,0,2,0.0100437746042998
published,S,OL+BDC,0.25,0.1,balanced,0,2,-0.00340492735222475
published,S,OL+BDC,0.25,0.1,more of flat,0,2,0.0189750409498543
published,S,OL+BDC,0.25,0.1,more of biased,0,2,-0.0197176057606384
published,S,OL+BDC,0.25,0.1,high dropout,0,2,0.0615830857593847
published,S,OL+BDC,0.3,0.1,none,0.5,2,-0.112256332607009
published,S,OL+BDC,0.3,0.1,balanced,0.5,2,-0.154655899508404
published,S,OL+BDC,0.3,0.1,more of flat,0.5,2,-0.117409974610279
published,S,OL+BDC,0.3,0.1,more of biased,0.5,2,-0.151067604734958
published,S,OL+BDC,0.3,0.1,high dropout,0.5,2,-0.163717306583406
published,S,OL+BDC,0,0.2,none,0,2,-0.0522284296679162
published,S,OL+BDC,0,0.2,balanced,0,2,-0.0513015120716916
published,S,OL+BDC,0,0.2,more of flat,0,2,-0.0142550260570453
published,S,OL+BDC,0,0.2,more of biased,0,2,-0.0755402924276413
published,S,OL+BDC,0,0.2,high dropout,0,2,0.0240355571878592
published,S,OL+BDC,0.25,0.2,none,0.5,2,-0.0679811263612649
published,S,OL+BDC,0.25,0.2,balanced,0.5,2,-0.0938411571426595
published,S,OL+BDC,0.25,0.2,more of flat,0,2,-0.0400293789464543
published,S,OL+BDC,0.25,0.2,more of biased,0,2,-0.0395730654358041
published,S,OL+BDC,0.25,0.2,high dropout,0,2,-0.0834550233738584
published,S,OL+BDC,0.3,0.2,none,0,2,-0.0242792227858728
published,S,OL+BDC,0.3,0.2,balanced,0,2,-0.0552106161818283
published,S,OL+BDC,0.3,0.2,more of flat,0,2,-0.0367030979266535
published,S,OL+BDC,0.3,0.2,more of biased,0,2,-0.0168542676437176
published,S,OL+BDC,0.3,0.2,high dropout,0,2,-0.0589941244909821
published,S,OL+BDC,0,0.5,none,0,2,-0.00364863384294394
published,S,OL+BDC,0,0.5,balanced,0,2,0.0231625376856321
published,S,OL+BDC,0,0.5,more of flat,0,2,0.000123899722300383
published,S,OL+BDC,0,0.5,more of biased,0,2,0.0555636187215966
published,S,OL+BDC,0,0.5,high dropout,0,2,0.00884222805961269
published,S,OL+BDC,0.25,0.5,none,0,2,0.0174870720725196
published,S,OL+BDC,0.25,0.5,balanced,0,2,-0.0425587413533575
published,S,OL+BDC,0.25,0.5,more of flat,0,2,-0.0151150504048967
published,S,OL+BDC,0.25,0.5,more of biased,0.5,2,0.0319295368993476
published,S,OL+BDC,0.25,0.5,high dropout,0,2,-0.0524529970483284
published,S,OL+BDC,0.3,0.5,none,0,2,0.00952814205639843
published,S,OL+BDC,0.3,0.5,balanced,0,2,-0.0263245907751873
published,S,OL+BDC,0.3,0.5,more of flat,0,2,-0.0424128909810873
published,S,OL+BDC,0.3,0.5,more of biased,0,2,0.0223024538354822
published,S,OL+BDC,0.3,0.5,high dropout,0,2,-0.00204774522568969
published,S,OL+BDC,0,1,none,0,2,0.042666502183467
published,S,OL+BDC,0,1,balanced,0,2,0.0600555255315272
published,S,OL+BDC,0,1,more of flat,0,2,0.0227818479207825
published,S,OL+BDC,0,1,more of biased,0,2,0.0323700360560394
published,S,OL+BDC,0,1,high dropout,0,2,-0.0239144273678538
published,S,OL+BDC,0.25,1,none,0,2,-0.0072712092038879
published,S,OL+BDC,0.25,1,balanced,0,2,0.00314535024627712
published,S,OL+BDC,0.25,1,more of flat,0,2,0.00795012969210407
published,S,OL+BDC,0.25,1,more of biased,0,2,-0.0126031594425551
published,S,OL+BDC,0.25,1,high dropout,0,2,-0.00518513655171519
published,S,OL+BDC,0.3,1,none,0.5,2,-0.0558853444522326
published,S,OL+BDC,0.3,1,balanced,0.5,2,-0.0702453401799384
published,S,OL+BDC,0.3,1,more of flat,0.5,2,-0.060245007674785
published,S,OL+BDC,0.3,1,more of biased,0.5,2,-0.119479442335279
published,S,OL+BDC,0.3,1,high dropout,0.5,2,-0.155645034526427
published,S,CO,0,0,none,0,2,0.00138712274200242
published,S,CO,0,0,balanced,0,2,0.0189006392943194
published,S,CO,0,0,more of flat,0,2,0.00664465255503068
published,S,CO,0,0,more of biased,0,2,-0.0177219632369544
published,S,CO,0,0,high dropout,0,2,0.0402382360510299
published,S,CO,0.25,0,none,0.5,2,-0.120227330715354
published,S,CO,0.25,0,balanced,0.5,2,-0.156597509040955
published,S,CO,0.25,0,more of flat,1,2,-0.13753987013287
published,S,CO,0.25,0,more of biased,0.5,2,-0.0978362927624072
published,S,CO,0.25,0,high dropout,0,2,-0.0855274684853834
published,S,CO,0.3,0,none,1,2,-0.154037223494262
published,S,CO,0.3,0,balanced,1,2,-0.166229592167661
published,S,CO,0.3,0,more of flat,1,2,-0.142400817738872
published,S,CO,0.3,0,more of biased,0.5,2,-0.134189901928915
published,S,CO,0.3,0,high dropout,0,2,-0.118901865530829
published,S,CO,0,0.1,none,0.5,2,-0.0621073034123353
published,S,CO,0,0.1,balanced,0.5,2,-0.09394837634303
published,S,CO,0,0.1,more of flat,0,2,-0.0524870257330749
published,S,CO,0,0.1,more of biased,0.5,2,-0.0975750525883105
published,S,CO,0,0.1,high dropout,0.5,2,-0.167994256316812
published,S,CO,0.25,0.1,none,1,2,-0.142115916822562
published,S,CO,0.25,0.1,balanced,0.5,2,-0.124693740498905
published,S,CO,0.25,0.1,more of flat,1,2,-0.142828850448614
published,S,CO,0.25,0.1,more of biased,0.5,2,-0.109598342915092
published,S,CO,0.25,0.1,high dropout,0.5,2,-0.154121763253758
published,S,CO,0.3,0.1,none,1,2,-0.181050354262769
published,S,CO,0.3,0.1,balanced,1,2,-0.189073084303898
published,S,CO,0.3,0.1,more of flat,1,2,-0.186204382025125
published,S,CO,0.3,0.1,more of biased,0.5,2,-0.155665114941385
published,S,CO,0.3,0.1,high dropout,1,2,-0.215198125276622
published,S,CO,0,0.2,none,0,2,-0.0554751650600085
published,S,CO,0,0.2,balanced,0,2,-0.0407085463084302
published,S,CO,0,0.2,more of flat,0,2,-0.0365759347892218
published,S,CO,0,0.2,more of biased,0,2,-0.00421510915638508
published,S,CO,0,0.2,high dropout,0,2,0.0183549652375436
published,S,CO,0.25,0.2,none,1,2,-0.13240728473495
published,S,CO,0.25,0.2,balanced,1,2,-0.121405142619544
published,S,CO,0.25,0.2,more of flat,0.5,2,-0.110584744642284
published,S,CO,0.25,0.2,more of biased,1,2,-0.121033073547393
published,S,CO,0.25,0.2,high dropout,0.5,2,-0.154310411496383
published,S,CO,0.3,0.2,none,1,2,-0.133597939858335
published,S,CO,0.3,0.2,balanced,0.5,2,-0.143758920352054
published,S,CO,0.3,0.2,more of flat,0.5,2,-0.0962026059904674
published,S,CO,0.3,0.2,more of biased,1,2,-0.145470998627461
published,S,CO,0.3,0.2,high dropout,1,2,-0.201786425140235
published,S,CO,0,0.5,none,0,2,-0.0379866260964206
published,S,CO,0,0.5,balanced,0,2,0.00254900240896927
published,S,CO,0,0.5,more of flat,0,2,-0.0202316902847942
published,S,CO,0,0.5,more of biased,0,2,-0.0369027441936116
published,S,CO,0,0.5,high dropout,0,2,0.0127078042626937
published,S,CO,0.25,0.5,none,0,2,-0.0126457169843046
published,S,CO,0.25,0.5,balanced,0,2,0.00134126678060076
published,S,CO,0.25,0.5,more of flat,0,2,0.00780444746725096
published,S,CO,0.25,0.5,more of biased,0,2,-0.0360098957854435
published,S,CO,0.25,0.5,high dropout,0,2,0.0389502614201845
published,S,CO,0.3,0.5,none,0,2,-0.0642733074636961
published,S,CO,0.3,0.5,balanced,0,2,-0.0812084919944297
published,S,CO,0.3,0.5,more of flat,0,2,-0.0499873159954469
published,S,CO,0.3,0.5,more of biased,0.5,2,-0.0889768177361162
published,S,CO,0.3,0.5,high dropout,0.5,2,-0.140001096102927
published,S,CO,0,1,none,0,2,-0.0638615007085003
published,S,CO,0,1,balanced,0,2,-0.0501617469642851
published,S,CO,0,1,more of flat,0,2,-0.0574968178555023
published,S,CO,0,1,more of biased,0.5,2,-0.081666412464786
published,S,CO,0,1,high dropout,0,2,-0.119033811676024
published,S,CO,0.25,1,none,0.5,2,-0.0996940192965373
published,S,CO,0.25,1,balanced,0.5,2,-0.0988801811582244
published,S,CO,0.25,1,more of flat,0.5,2,-0.11577518962599
published,S,CO,0.25,1,more of biased,0,2,-0.062343714693198
published,S,CO,0.25,1,high dropout,0.5,2,-0.0532563236499203
published,S,CO,0.3,1,none,0,2,-0.0608113145111248
published,S,CO,0.3,1,balanced,0,2,-0.0159564115595263
published,S,CO,0.3,1,more of flat,0.5,2,-0.0818661583121026
published,S,CO,0.3,1,more of biased,0,2,-0.0537336060867596
published,S,CO,0.3,1,high dropout,0,2,-0.0129830474184913
published,S,N-of-1,0,0,none,0,2,-0.0149144037240726
published,S,N-of-1,0,0,balanced,0,2,-0.0118491474058445
published,S,N-of-1,0,0,more of flat,0,2,-0.0201776401175976
published,S,N-of-1,0,0,more of biased,0,2,-0.0324678946785612
published,S,N-of-1,0,0,high dropout,0,2,0.0156068893509703
published,S,N-of-1,0.25,0,none,1,2,-0.169212877358226
published,S,N-of-1,0.25,0,balanced,1,2,-0.18753021809745
published,S,N-of-1,0.25,0,more of flat,1,2,-0.194775727341127
published,S,N-of-1,0.25,0,more of biased,1,2,-0.202805577911351
published,S,N-of-1,0.25,0,high dropout,0.5,2,-0.144402416238965
published,S,N-of-1,0.3,0,none,1,2,-0.229712776594486
published,S,N-of-1,0.3,0,balanced,1,2,-0.228328251254283
published,S,N-of-1,0.3,0,more of flat,1,2,-0.228264466173107
published,S,N-of-1,0.3,0,more of biased,1,2,-0.222232656364898
published,S,N-of-1,0.3,0,high dropout,1,2,-0.238746108289402
published,S,N-of-1,0,0.1,none,0,2,-0.0631753213974606
published,S,N-of-1,0,0.1,balanced,0,2,-0.0731297132820971
published,S,N-of-1,0,0.1,more of flat,0.5,2,-0.0756805737555439
published,S,N-of-1,0,0.1,more of biased,0,2,-0.0855303018490368
published,S,N-of-1,0,0.1,high dropout,0,2,-0.061256274749166
published,S,N-of-1,0.25,0.1,none,0,2,-0.0411343412445814
published,S,N-of-1,0.25,0.1,balanced,0,2,-0.060342248238341
published,S,N-of-1,0.25,0.1,more of flat,0,2,-0.0478195387278981
published,S,N-of-1,0.25,0.1,more of biased,0,2,-0.0147344154250562
published,S,N-of-1,0.25,0.1,high dropout,0,2,-0.0625201782849535
published,S,N-of-1,0.3,0.1,none,0,2,-0.0125290939091064
published,S,N-of-1,0.3,0.1,balanced,0,2,-0.0288275485564423
published,S,N-of-1,0.3,0.1,more of flat,0,2,-0.0165470704261248
published,S,N-of-1,0.3,0.1,more of biased,0,2,-0.035351921466482
published,S,N-of-1,0.3,0.1,high dropout,0,2,-0.0677529047351222
published,S,N-of-1,0,0.2,none,0,2,-0.00130478258868645
published,S,N-of-1,0,0.2,balanced,0,2,-0.0186232553241398
published,S,N-of-1,0,0.2,more of flat,0,2,-0.000240202555324143
published,S,N-of-1,0,0.2,more of biased,0,2,0.0249809040243237
published,S,N-of-1,0,0.2,high dropout,0,2,-0.0190012437434249
published,S,N-of-1,0.25,0.2,none,0.5,2,-0.112906727185638
published,S,N-of-1,0.25,0.2,balanced,0.5,2,-0.139316755851811
published,S,N-of-1,0.25,0.2,more of flat,0.5,2,-0.113567647386246
published,S,N-of-1,0.25,0.2,more of biased,0.5,2,-0.106801624475157
published,S,N-of-1,0.25,0.2,high dropout,0,2,-0.134101827523796
published,S,N-of-1,0.3,0.2,none,0,2,0.0104460818263376
published,S,N-of-1,0.3,0.2,balanced,0,2,0.00544514799015307
published,S,N-of-1,0.3,0.2,more of flat,0,2,0.0153243208866986
published,S,N-of-1,0.3,0.2,more of biased,0,2,0.0173628774313917
published,S,N-of-1,0.3,0.2,high dropout,0,2,0.0199862841107376
published,S,N-of-1,0,0.5,none,0,2,-0.0324774228245903
published,S,N-of-1,0,0.5,balanced,0,2,-0.035603153499317
published,S,N-of-1,0,0.5,more of flat,0,2,-0.0350709225819833
published,S,N-of-1,0,0.5,more of biased,0,2,-0.0738582600895333
published,S,N-of-1,0,0.5,high dropout,0,2,-0.0114125561171418
published,S,N-of-1,0.25,0.5,none,0,2,0.00723998862088919
published,S,N-of-1,0.25,0.5,balanced,0,2,0.0253550492791676
published,S,N-of-1,0.25,0.5,more of flat,0,2,0.0388769701439009
published,S,N-of-1,0.25,0.5,more of biased,0,2,0.011016217698443
published,S,N-of-1,0.25,0.5,high dropout,0,2,-0.0667136834692968
published,S,N-of-1,0.3,0.5,none,0,2,-0.0707720238249424
published,S,N-of-1,0.3,0.5,balanced,0,2,-0.0850343150143999
published,S,N-of-1,0.3,0.5,more of flat,0,2,-0.0664850356165924
published,S,N-of-1,0.3,0.5,more of biased,0,2,-0.0818151963783896
published,S,N-of-1,0.3,0.5,high dropout,0.5,2,-0.156054689118795
published,S,N-of-1,0,1,none,0,2,0.0363838444861015
published,S,N-of-1,0,1,balanced,0,2,0.0481819301362891
published,S,N-of-1,0,1,more of flat,0,2,0.0194353795104592
published,S,N-of-1,0,1,more of biased,0,2,0.0552041168074339
published,S,N-of-1,0,1,high dropout,0,2,0.0365716811817419
published,S,N-of-1,0.25,1,none,0,2,-0.0515113334681947
published,S,N-of-1,0.25,1,balanced,0.5,2,-0.0818851331693454
published,S,N-of-1,0.25,1,more of flat,0,2,-0.0641424915315668
published,S,N-of-1,0.25,1,more of biased,0.5,2,-0.0696382306982943
published,S,N-of-1,0.25,1,high dropout,0,2,0.00498136715314375
published,S,N-of-1,0.3,1,none,0.5,2,-0.0920489705112055
published,S,N-of-1,0.3,1,balanced,0.5,2,-0.0943347330081733
published,S,N-of-1,0.3,1,more of flat,0,2,-0.0748943770181581
published,S,N-of-1,0.3,1,more of biased,0,2,-0.0765670202103987
published,S,N-of-1,0.3,1,high dropout,0.5,2,-0.0944351618405956
car1,B,OL,0,0,none,0,2,0.00143472946384751
car1,B,OL,0,0,balanced,0,2,-0.00122479904701814
car1,B,OL,0,0,more of flat,0,2,-0.00161771155081681
car1,B,OL,0,0,more of biased,0,2,0.0031610573278589
car1,B,OL,0,0,high dropout,0,2,-0.00497947907638785
car1,B,OL,0.25,0,none,0,2,0.000677069648236912
car1,B,OL,0.25,0,balanced,0,2,0.00035378759401367
car1,B,OL,0.25,0,more of flat,0,2,0.000605382121260011
car1,B,OL,0.25,0,more of biased,0,2,-0.001006451784691
car1,B,OL,0.25,0,high dropout,0,2,0.0142241140372748
car1,B,OL,0.3,0,none,0,2,-0.0109352627715313
car1,B,OL,0.3,0,balanced,0,2,-0.0164783797106627
car1,B,OL,0.3,0,more of flat,0,2,-0.0158150650057931
car1,B,OL,0.3,0,more of biased,0,2,-0.0102875606458788
car1,B,OL,0.3,0,high dropout,0.5,2,-0.0268200882614157
car1,B,OL,0,0.1,none,0,2,0.00368468824904417
car1,B,OL,0,0.1,balanced,0,2,-0.0050997559114322
car1,B,OL,0,0.1,more of flat,0,2,0.00543182195443469
car1,B,OL,0,0.1,more of biased,0,2,0.00466905311891744
car1,B,OL,0,0.1,high dropout,0,2,-0.000189460264020155
car1,B,OL,0.25,0.1,none,0,2,0.00311621595790405
car1,B,OL,0.25,0.1,balanced,0,2,-0.000379342750565805
car1,B,OL,0.25,0.1,more of flat,0,2,-0.00172273908047196
car1,B,OL,0.25,0.1,more of biased,0,2,0.00118857028016843
car1,B,OL,0.25,0.1,high dropout,0,2,-0.0214609292551609
car1,B,OL,0.3,0.1,none,0.5,2,-0.0153496391124578
car1,B,OL,0.3,0.1,balanced,0,2,-0.0116329216843721
car1,B,OL,0.3,0.1,more of flat,0,2,-0.0159012738108452
car1,B,OL,0.3,0.1,more of biased,0,2,-0.00907742706506695
car1,B,OL,0.3,0.1,high dropout,0.5,2,-0.0271996602960197
car1,B,OL,0,0.2,none,0,2,-0.00887517014666128
car1,B,OL,0,0.2,balanced,0,2,-0.00709392834414745
car1,B,OL,0,0.2,more of flat,0,2,-0.00451380864569051
car1,B,OL,0,0.2,more of biased,0,2,-0.00702600758378783
car1,B,OL,0,0.2,high dropout,0,2,-0.0174820259175528
car1,B,OL,0.25,0.2,none,0,2,-0.00374316383125243
car1,B,OL,0.25,0.2,balanced,0,2,-0.00181140380826839
car1,B,OL,0.25,0.2,more of flat,0,2,-0.010279572811458
car1,B,OL,0.25,0.2,more of biased,0,2,-0.00945324775076138
car1,B,OL,0.25,0.2,high dropout,0,2,-0.00806662608510003
car1,B,OL,0.3,0.2,none,0,2,0.00267048475192967
car1,B,OL,0.3,0.2,balanced,0,2,-0.000750117245327103
car1,B,OL,0.3,0.2,more of flat,0,2,0.00232100351019451
car1,B,OL,0.3,0.2,more of biased,0,2,0.00331621688739605
car1,B,OL,0.3,0.2,high dropout,0,2,0.00789615829093043
car1,B,OL,0,0.5,none,0,2,0.000119837416019729
car1,B,OL,0,0.5,balanced,0,2,0.00281614197350954
car1,B,OL,0,0.5,more of flat,0,2,0.00130864712462306
car1,B,OL,0,0.5,more of biased,0,2,-0.00244679610068667
car1,B,OL,0,0.5,high dropout,0,2,-0.00262732375850651
car1,B,OL,0.25,0.5,none,0,2,-0.0046445177955826
car1,B,OL,0.25,0.5,balanced,0,2,-0.00271105291376489
car1,B,OL,0.25,0.5,more of flat,0,2,-0.000268673098119391
car1,B,OL,0.25,0.5,more of biased,0,2,-0.00247294826321584
car1,B,OL,0.25,0.5,high dropout,0,2,-0.00619431917131287
car1,B,OL,0.3,0.5,none,0,2,0.00241300073560394
car1,B,OL,0.3,0.5,balanced,0,2,0.00397627284659322
car1,B,OL,0.3,0.5,more of flat,0,2,-0.00136409567178136
car1,B,OL,0.3,0.5,more of biased,0,2,0.000115725350057679
car1,B,OL,0.3,0.5,high dropout,0,2,0.00250243409018268
car1,B,OL,0,1,none,0,2,0.000557129582205364
car1,B,OL,0,1,balanced,0,2,0.00797067692731294
car1,B,OL,0,1,more of flat,0,2,0.00176399237326853
car1,B,OL,0,1,more of biased,0,2,-0.00149018499365238
car1,B,OL,0,1,high dropout,0,2,-0.000395393226095835
car1,B,OL,0.25,1,none,0.5,2,-0.00983350683146239
car1,B,OL,0.25,1,balanced,0.5,2,-0.0173460184081671
car1,B,OL,0.25,1,more of flat,0.5,2,-0.00518102285378455
car1,B,OL,0.25,1,more of biased,0,2,-0.00364105746803165
car1,B,OL,0.25,1,high dropout,0,2,-0.00208935773846095
car1,B,OL,0.3,1,none,0,2,-0.00547505565758165
car1,B,OL,0.3,1,balanced,0,2,-0.00785449417465284
car1,B,OL,0.3,1,more of flat,0,2,-0.000471340489955894
car1,B,OL,0.3,1,more of biased,0,2,-0.00169846862240509
car1,B,OL,0.3,1,high dropout,0,2,-0.00267966953813106
car1,B,OL+BDC,0,0,none,0,2,-0.108543853273617
car1,B,OL+BDC,0,0,balanced,0,2,-0.121998263233488
car1,B,OL+BDC,0,0,more of flat,0,2,-0.0873127409909015
car1,B,OL+BDC,0,0,more of biased,0,2,-0.127728601644482
car1,B,OL+BDC,0,0,high dropout,0,2,-0.137007513295122
car1,B,OL+BDC,0.25,0,none,0,2,-0.110169389223721
car1,B,OL+BDC,0.25,0,balanced,0,2,-0.123888131812123
car1,B,OL+BDC,0.25,0,more of flat,0.5,2,-0.164737499922953
car1,B,OL+BDC,0.25,0,more of biased,0,2,-0.120365668982899
car1,B,OL+BDC,0.25,0,high dropout,0.5,2,-0.185032014422394
car1,B,OL+BDC,0.3,0,none,1,2,-0.183675758170648
car1,B,OL+BDC,0.3,0,balanced,0.5,2,-0.180829652797161
car1,B,OL+BDC,0.3,0,more of flat,0.5,2,-0.191243788810132
car1,B,OL+BDC,0.3,0,more of biased,1,2,-0.209258300905587
car1,B,OL+BDC,0.3,0,high dropout,0,2,-0.162746678326158
car1,B,OL+BDC,0,0.1,none,0,2,0.0249301214810686
car1,B,OL+BDC,0,0.1,balanced,0,2,0.0121437741052908
car1,B,OL+BDC,0,0.1,more of flat,0,2,0.0503377173870605
car1,B,OL+BDC,0,0.1,more of biased,0,2,-0.00170079498215815
car1,B,OL+BDC,0,0.1,high dropout,0,2,0.146055377236538
car1,B,OL+BDC,0.25,0.1,none,0,2,0.0139131963053052
car1,B,OL+BDC,0.25,0.1,balanced,0,2,0.0168336722281882
car1,B,OL+BDC,0.25,0.1,more of flat,0,2,-0.0122580301603833
car1,B,OL+BDC,0.25,0.1,more of biased,0,2,0.000665033688932944
car1,B,OL+BDC,0.25,0.1,high dropout,0,2,-0.15523704761606
car1,B,OL+BDC,0.3,0.1,none,0,2,-0.084465748715262
car1,B,OL+BDC,0.3,0.1,balanced,0,2,-0.089128251283197
car1,B,OL+BDC,0.3,0.1,more of flat,0,2,-0.0896125138503441
car1,B,OL+BDC,0.3,0.1,more of biased,0,2,-0.0902660322010398
car1,B,OL+BDC,0.3,0.1,high dropout,0,2,-0.0370203227977799
car1,B,OL+BDC,0,0.2,none,0,2,0.12081233020635
car1,B,OL+BDC,0,0.2,balanced,0,2,0.101253108785797
car1,B,OL+BDC,0,0.2,more of flat,0.5,2,0.108375770742277
car1,B,OL+BDC,0,0.2,more of biased,0,2,0.0989607114999596
car1,B,OL+BDC,0,0.2,high dropout,0,2,0.214877317365838
car1,B,OL+BDC,0.25,0.2,none,0,2,-0.0663853476869801
car1,B,OL+BDC,0.25,0.2,balanced,0,2,-0.0967323555908214
car1,B,OL+BDC,0.25,0.2,more of flat,0,2,-0.0948539149731154
car1,B,OL+BDC,0.25,0.2,more of biased,0,2,-0.0731715402274668
car1,B,OL+BDC,0.25,0.2,high dropout,0,2,-0.0947063345932501
car1,B,OL+BDC,0.3,0.2,none,0,2,-0.0965642629905797
car1,B,OL+BDC,0.3,0.2,balanced,0,2,-0.0938349918971644
car1,B,OL+BDC,0.3,0.2,more of flat,0,2,-0.0487211690816153
car1,B,OL+BDC,0.3,0.2,more of biased,0,2,-0.122317957442984
car1,B,OL+BDC,0.3,0.2,high dropout,0,2,-0.0784930730809136
car1,B,OL+BDC,0,0.5,none,0,2,-0.0455897241086497
car1,B,OL+BDC,0,0.5,balanced,0,2,-0.0310353238685996
car1,B,OL+BDC,0,0.5,more of flat,0,2,-0.022957663102879
car1,B,OL+BDC,0,0.5,more of biased,0,2,-0.0572171290792963
car1,B,OL+BDC,0,0.5,high dropout,0,2,-0.00509389028543782
car1,B,OL+BDC,0.25,0.5,none,0.5,2,-0.103746828401655
car1,B,OL+BDC,0.25,0.5,balanced,0.5,2,-0.0973583763837227
car1,B,OL+BDC,0.25,0.5,more of flat,0.5,2,-0.123502279386031
car1,B,OL+BDC,0.25,0.5,more of biased,0.5,2,-0.105143075082368
car1,B,OL+BDC,0.25,0.5,high dropout,0.5,2,-0.28300544279001
car1,B,OL+BDC,0.3,0.5,none,0,2,-0.0119093262014708
car1,B,OL+BDC,0.3,0.5,balanced,0,2,0.0146041736552306
car1,B,OL+BDC,0.3,0.5,more of flat,0,2,-0.0114002592593997
car1,B,OL+BDC,0.3,0.5,more of biased,0,2,-0.00432611298879119
car1,B,OL+BDC,0.3,0.5,high dropout,0,2,-0.0210200709920428
car1,B,OL+BDC,0,1,none,0,2,0.0657354017476221
car1,B,OL+BDC,0,1,balanced,0.5,2,0.108689066134389
car1,B,OL+BDC,0,1,more of flat,0,2,0.118080953268142
car1,B,OL+BDC,0,1,more of biased,0,2,0.0524665313137417
car1,B,OL+BDC,0,1,high dropout,0,2,0.0558485166601526
car1,B,OL+BDC,0.25,1,none,0,2,-0.0755728542977207
car1,B,OL+BDC,0.25,1,balanced,0,2,-0.0988463844503269
car1,B,OL+BDC,0.25,1,more of flat,0,2,-0.0860578590473067
car1,B,OL+BDC,0.25,1,more of biased,0,2,-0.0816399064299929
car1,B,OL+BDC,0.25,1,high dropout,0,2,-0.051998542490081
car1,B,OL+BDC,0.3,1,none,0,2,-0.0727895490611422
car1,B,OL+BDC,0.3,1,balanced,0,2,-0.143825580561255
car1,B,OL+BDC,0.3,1,more of flat,0,2,-0.0148566205008839
car1,B,OL+BDC,0.3,1,more of biased,0,2,-0.0663584263334348
car1,B,OL+BDC,0.3,1,high dropout,0,2,-0.207301145618909
car1,B,CO,0,0,none,0,2,0.0295814189287439
car1,B,CO,0,0,balanced,0,2,0.0292756183779179
car1,B,CO,0,0,more of flat,0,2,-0.00452901226730996
car1,B,CO,0,0,more of biased,0,2,-0.00677758682960102
car1,B,CO,0,0,high dropout,0,2,0.0271393781937008
car1,B,CO,0.25,0,none,0.5,2,-0.141180199388494
car1,B,CO,0.25,0,balanced,0.5,2,-0.182312535541661
car1,B,CO,0.25,0,more of flat,0.5,2,-0.175256539575008
car1,B,CO,0.25,0,more of biased,0.5,2,-0.155490693420585
car1,B,CO,0.25,0,high dropout,0.5,2,-0.123179216160037
car1,B,CO,0.3,0,none,0,2,-0.065745531454273
car1,B,CO,0.3,0,balanced,0,2,-0.0557026714368728
car1,B,CO,0.3,0,more of flat,0,2,-0.066384853069492
car1,B,CO,0.3,0,more of biased,0,2,-0.00659434048057824
car1,B,CO,0.3,0,high dropout,0,2,-0.129387918626924
car1,B,CO,0,0.1,none,0,2,0.00816581188478849
car1,B,CO,0,0.1,balanced,0,2,0.049529966132121
car1,B,CO,0,0.1,more of flat,0,2,0.00258444259607473
car1,B,CO,0,0.1,more of biased,0,2,0.00569383924642256
car1,B,CO,0,0.1,high dropout,0,2,0.0441705425262753
car1,B,CO,0.25,0.1,none,0,2,-0.0700235724710703
car1,B,CO,0.25,0.1,balanced,0,2,-0.0561027121062451
car1,B,CO,0.25,0.1,more of flat,0,2,-0.0556147154995812
car1,B,CO,0.25,0.1,more of biased,0,2,-0.0986704460951218
car1,B,CO,0.25,0.1,high dropout,0,2,-0.111936799120569
car1,B,CO,0.3,0.1,none,0.5,2,-0.146027247782127
car1,B,CO,0.3,0.1,balanced,0.5,2,-0.151078535475503
car1,B,CO,0.3,0.1,more of flat,0.5,2,-0.150036081222668
car1,B,CO,0.3,0.1,more of biased,0.5,2,-0.187843202476768
car1,B,CO,0.3,0.1,high dropout,0.5,2,-0.158696320759308
car1,B,CO,0,0.2,none,0,2,0.0901533509008984
car1,B,CO,0,0.2,balanced,0,2,0.152327271013908
car1,B,CO,0,0.2,more of flat,0,2,0.151623454563515
car1,B,CO,0,0.2,more of biased,0,2,0.111987485418766
car1,B,CO,0,0.2,high dropout,0,2,0.173796684359297
car1,B,CO,0.25,0.2,none,0.5,2,-0.200566817957274
car1,B,CO,0.25,0.2,balanced,0.5,2,-0.216770067509348
car1,B,CO,0.25,0.2,more of flat,0.5,2,-0.213499846347436
car1,B,CO,0.25,0.2,more of biased,0.5,2,-0.156183044792041
car1,B,CO,0.25,0.2,high dropout,0,2,-0.114016817761985
car1,B,CO,0.3,0.2,none,0,2,-0.00172023830359493
car1,B,CO,0.3,0.2,balanced,0,2,0.0358961535280764
car1,B,CO,0.3,0.2,more of flat,0,2,0.00452404652135524
car1,B,CO,0.3,0.2,more of biased,0,2,-0.00203084413247317
car1,B,CO,0.3,0.2,high dropout,0,2,-0.00803145700091333
car1,B,CO,0,0.5,none,0.5,2,-0.0974985638835155
car1,B,CO,0,0.5,balanced,0.5,2,-0.0828566831602685
car1,B,CO,0,0.5,more of flat,0.5,2,-0.0283726698803184
car1,B,CO,0,0.5,more of biased,0.5,2,-0.0893297336138835
car1,B,CO,0,0.5,high dropout,0,2,-0.144822556643982
car1,B,CO,0.25,0.5,none,0,2,-0.11802302047251
car1,B,CO,0.25,0.5,balanced,0,2,-0.134574319783716
car1,B,CO,0.25,0.5,more of flat,0,2,-0.112039075109125
car1,B,CO,0.25,0.5,more of biased,0,2,-0.0728428619298992
car1,B,CO,0.25,0.5,high dropout,0.5,2,-0.184179854747001
car1,B,CO,0.3,0.5,none,1,2,-0.284186034826317
car1,B,CO,0.3,0.5,balanced,1,2,-0.26024536079977
car1,B,CO,0.3,0.5,more of flat,0.5,2,-0.241091726696743
car1,B,CO,0.3,0.5,more of biased,0.5,2,-0.259800385800339
car1,B,CO,0.3,0.5,high dropout,1,2,-0.360996278067821
car1,B,CO,0,1,none,0,2,0.0629207791191147
car1,B,CO,0,1,balanced,0,2,0.0570253755631391
car1,B,CO,0,1,more of flat,0.5,2,0.0958217790103645
car1,B,CO,0,1,more of biased,0,2,0.0439400884676308
car1,B,CO,0,1,high dropout,0,2,0.0499367672910787
car1,B,CO,0.25,1,none,0,2,-0.0813212309306691
car1,B,CO,0.25,1,balanced,0,2,-0.0683760519776222
car1,B,CO,0.25,1,more of flat,0,2,-0.0557967979474742
car1,B,CO,0.25,1,more of biased,0.5,2,-0.115164207652426
car1,B,CO,0.25,1,high dropout,0,2,-0.106192287667037
car1,B,CO,0.3,1,none,0.5,2,-0.114245994557637
car1,B,CO,0.3,1,balanced,0,2,-0.0493814903858747
car1,B,CO,0.3,1,more of flat,0,2,-0.0953203128838046
car1,B,CO,0.3,1,more of biased,0,2,-0.0931017685991795
car1,B,CO,0.3,1,high dropout,0,2,-0.121235086460807
car1,B,N-of-1,0,0,none,0,2,-0.014920540903472
car1,B,N-of-1,0,0,balanced,0,2,-0.0208596981415263
car1,B,N-of-1,0,0,more of flat,0,2,-0.0156509332892304
car1,B,N-of-1,0,0,more of biased,0,2,-0.0308295914893576
car1,B,N-of-1,0,0,high dropout,0,2,-0.0288404777684774
car1,B,N-of-1,0.25,0,none,0.5,2,-0.151421716947119
car1,B,N-of-1,0.25,0,balanced,0.5,2,-0.172441846786157
car1,B,N-of-1,0.25,0,more of flat,0.5,2,-0.181805897377387
car1,B,N-of-1,0.25,0,more of biased,0.5,2,-0.168833694870397
car1,B,N-of-1,0.25,0,high dropout,0,2,-0.112408819676594
car1,B,N-of-1,0,0.1,none,0,2,0.0275478396192296
car1,B,N-of-1,0,0.1,balanced,0,2,0.00299716266460993
car1,B,N-of-1,0,0.1,more of flat,0,2,-0.0441777671655886
car1,B,N-of-1,0,0.1,more of biased,0,2,0.0140994586251818
car1,B,N-of-1,0,0.1,high dropout,0,2,0.0517059821541965
car1,B,N-of-1,0.25,0.1,none,0,2,0.0556938184159879
car1,B,N-of-1,0.25,0.1,balanced,0,2,0.0687794466533449
car1,B,N-of-1,0.25,0.1,more of flat,0,2,0.0343713042555224
car1,B,N-of-1,0.25,0.1,more of biased,0,2,0.070504276750455
car1,B,N-of-1,0.25,0.1,high dropout,0,2,0.00666644545564788
car1,B,N-of-1,0.3,0.1,none,0,2,-0.101466987293016
car1,B,N-of-1,0.3,0.1,balanced,0,2,-0.0986760489092435
car1,B,N-of-1,0.3,0.1,more of flat,0,2,-0.118546348189657
car1,B,N-of-1,0.3,0.1,more of biased,0,2,-0.0939120151263911
car1,B,N-of-1,0.3,0.1,high dropout,0.5,2,-0.172950297245526
car1,B,N-of-1,0,0.2,none,0,2,-0.038895782849483
car1,B,N-of-1,0,0.2,balanced,0,2,-0.0543719232080831
car1,B,N-of-1,0,0.2,more of flat,0,2,-0.0339382397598009
car1,B,N-of-1,0,0.2,more of biased,0,2,-0.0418239889272906
car1,B,N-of-1,0,0.2,high dropout,0,2,0.0136847474243448
car1,B,N-of-1,0.25,0.2,none,0,2,-0.133541855805936
car1,B,N-of-1,0.25,0.2,balanced,0,2,-0.116347525895426
car1,B,N-of-1,0.25,0.2,more of flat,0,2,-0.132891014587292
car1,B,N-of-1,0.25,0.2,more of biased,0.5,2,-0.157048925293771
car1,B,N-of-1,0.25,0.2,high dropout,0,2,-0.162121547014803
car1,B,N-of-1,0.3,0.2,none,0,2,-0.0461317126533718
car1,B,N-of-1,0.3,0.2,balanced,0,2,-0.0184972162404311
car1,B,N-of-1,0.3,0.2,more of flat,0,2,-0.0678444955735315
car1,B,N-of-1,0.3,0.2,more of biased,0,2,-0.0284843375583232
car1,B,N-of-1,0.3,0.2,high dropout,0,2,-0.0614604202866802
car1,B,N-of-1,0,0.5,none,0,2,0.0255588072733765
car1,B,N-of-1,0,0.5,balanced,0,2,0.0190876638781511
car1,B,N-of-1,0,0.5,more of flat,0,2,0.0566176403225936
car1,B,N-of-1,0,0.5,more of biased,0,2,0.0404712792469471
car1,B,N-of-1,0,0.5,high dropout,0,2,0.00495229895724189
car1,B,N-of-1,0.25,0.5,none,0,2,0.0337632504105584
car1,B,N-of-1,0.25,0.5,balanced,0,2,0.0395374626465348
car1,B,N-of-1,0.25,0.5,more of flat,0,2,-0.00904173416882643
car1,B,N-of-1,0.25,0.5,more of biased,0,2,0.0314750805516212
car1,B,N-of-1,0.25,0.5,high dropout,0,2,0.00903443399068386
car1,B,N-of-1,0.3,0.5,none,0,2,-0.0193214393139727
car1,B,N-of-1,0.3,0.5,balanced,0,2,-0.0202601199988749
car1,B,N-of-1,0.3,0.5,more of flat,0,2,0.0159897360886386
car1,B,N-of-1,0.3,0.5,more of biased,0,2,-0.0196847978995737
car1,B,N-of-1,0.3,0.5,high dropout,0,2,-0.0548049850077864
car1,B,N-of-1,0,1,none,0,2,0.013921215924503
car1,B,N-of-1,0,1,balanced,0,2,0.0236914568730977
car1,B,N-of-1,0,1,more of flat,0,2,0.00601530425413444
car1,B,N-of-1,0,1,more of biased,0,2,0.00427375847316471
car1,B,N-of-1,0,1,high dropout,0,2,0.0247659590582261
car1,B,N-of-1,0.25,1,none,0,2,-0.017545102579246
car1,B,N-of-1,0.25,1,balanced,0,2,0.0159618611003576
car1,B,N-of-1,0.25,1,more of flat,0,2,-0.0110452976259668
car1,B,N-of-1,0.25,1,more of biased,0,2,-0.0435495903909481
car1,B,N-of-1,0.25,1,high dropout,0,2,-0.0216819301714123
car1,B,N-of-1,0.3,1,none,0,2,-0.0766751949499368
car1,B,N-of-1,0.3,1,balanced,0,2,-0.0840501770828497
car1,B,N-of-1,0.3,1,more of flat,0,2,-0.0829507755731739
car1,B,N-of-1,0.3,1,more of biased,0,2,-0.0746596846287128
car1,B,N-of-1,0.3,1,high dropout,0,2,-0.123866559719928
car1,C,OL,0,0,none,0,2,0.00048123233615062
car1,C,OL,0,0,balanced,0,2,-0.000328890159348538
car1,C,OL,0,0,more of flat,0,2,-0.00304960771155346
car1,C,OL,0,0,more of biased,0,2,0.00166147094526337
car1,C,OL,0,0,high dropout,0,2,-0.00713143842419282
car1,C,OL,0.25,0,none,0,2,-0.000364756428309072
car1,C,OL,0.25,0,balanced,0,2,0.00170452169225548
car1,C,OL,0.25,0,more of flat,0,2,-0.00180982928095707
car1,C,OL,0.25,0,more of biased,0,2,-0.000672958070055336
car1,C,OL,0.25,0,high dropout,0,2,0.00810174008087028
car1,C,OL,0.3,0,none,0,2,-0.00984733921100941
car1,C,OL,0.3,0,balanced,0,2,-0.0132007935560396
car1,C,OL,0.3,0,more of flat,0,2,-0.0186489711487363
car1,C,OL,0.3,0,more of biased,0,2,-0.00713612604956829
car1,C,OL,0.3,0,high dropout,0.5,2,-0.0300335148488356
car1,C,OL,0,0.1,none,0,2,0.00296065533330516
car1,C,OL,0,0.1,balanced,0,2,-0.0013830502451829
car1,C,OL,0,0.1,more of flat,0,2,0.00899000241096993
car1,C,OL,0,0.1,more of biased,0,2,0.00459929523499681
car1,C,OL,0,0.1,high dropout,0,2,0.00261751096824687
car1,C,OL,0.25,0.1,none,0,2,-0.00251941842716881
car1,C,OL,0.25,0.1,balanced,0,2,-0.00630018042190137
car1,C,OL,0.25,0.1,more of flat,0,2,-0.00984370476905953
car1,C,OL,0.25,0.1,more of biased,0,2,0.000223637504609868
car1,C,OL,0.25,0.1,high dropout,0.5,2,-0.0262382425614044
car1,C,OL,0.3,0.1,none,0.5,2,-0.0160277600962995
car1,C,OL,0.3,0.1,balanced,0.5,2,-0.0132997974238559
car1,C,OL,0.3,0.1,more of flat,0.5,2,-0.0178748502009936
car1,C,OL,0.3,0.1,more of biased,0.5,2,-0.0139754194411573
car1,C,OL,0.3,0.1,high dropout,0.5,2,-0.0303568205978845
car1,C,OL,0,0.2,none,0,2,-0.00719656031753008
car1,C,OL,0,0.2,balanced,0,2,-0.00611663949116591
car1,C,OL,0,0.2,more of flat,0,2,-0.00267817639263907
car1,C,OL,0,0.2,more of biased,0,2,-0.00293333151827047
car1,C,OL,0,0.2,high dropout,0,2,-0.0187011808804827
car1,C,OL,0.25,0.2,none,0,2,-0.00745788607840952
car1,C,OL,0.25,0.2,balanced,0,2,-0.00769441363613741
car1,C,OL,0.25,0.2,more of flat,0,2,-0.00965295690972487
car1,C,OL,0.25,0.2,more of biased,0,2,-0.0104026535427316
car1,C,OL,0.25,0.2,high dropout,0,2,-0.0178293732936783
car1,C,OL,0.3,0.2,none,0,2,0.00280776544277883
car1,C,OL,0.3,0.2,balanced,0,2,-0.00219645475202637
car1,C,OL,0.3,0.2,more of flat,0,2,0.00162092443597263
car1,C,OL,0.3,0.2,more of biased,0,2,0.00311542352219737
car1,C,OL,0.3,0.2,high dropout,0,2,0.00783020371243204
car1,C,OL,0,0.5,none,0,2,-0.00225399839414292
car1,C,OL,0,0.5,balanced,0,2,-0.0032117049938296
car1,C,OL,0,0.5,more of flat,0,2,-0.000704584428146895
car1,C,OL,0,0.5,more of biased,0,2,-0.00546437535055152
car1,C,OL,0,0.5,high dropout,0,2,-0.00565984338364017
car1,C,OL,0.25,0.5,none,0,2,-0.00436036738811451
car1,C,OL,0.25,0.5,balanced,0,2,-0.00354113878025878
car1,C,OL,0.25,0.5,more of flat,0,2,-0.00246691965064168
car1,C,OL,0.25,0.5,more of biased,0,2,-0.00126426534478683
car1,C,OL,0.25,0.5,high dropout,0,2,-0.00991983775760384
car1,C,OL,0.3,0.5,none,0,2,0.00302991105800163
car1,C,OL,0.3,0.5,balanced,0,2,0.00247932451455365
car1,C,OL,0.3,0.5,more of flat,0,2,-0.000607117468545097
car1,C,OL,0.3,0.5,more of biased,0,2,0.00181821316031976
car1,C,OL,0.3,0.5,high dropout,0,2,-0.00542881423713157
car1,C,OL,0,1,none,0,2,0.000530509570704323
car1,C,OL,0,1,balanced,0.5,2,0.0113569686495335
car1,C,OL,0,1,more of flat,0,2,0.000644135423638936
car1,C,OL,0,1,more of biased,0,2,-0.0024479148317168
car1,C,OL,0,1,high dropout,0,2,0.000318276693700824
car1,C,OL,0.25,1,none,0,2,-0.0083978141010959
car1,C,OL,0.25,1,balanced,0.5,2,-0.0213520184483913
car1,C,OL,0.25,1,more of flat,0.5,2,-0.00293953635194585
car1,C,OL,0.25,1,more of biased,0,2,-0.00522460590375256
car1,C,OL,0.25,1,high dropout,0,2,-0.000103742380727238
car1,C,OL,0.3,1,none,0,2,-0.00741384630343569
car1,C,OL,0.3,1,balanced,0,2,-0.0127019001146848
car1,C,OL,0.3,1,more of flat,0,2,-0.00276290826555001
car1,C,OL,0.3,1,more of biased,0,2,-0.00521367655302058
car1,C,OL,0.3,1,high dropout,0,2,-0.00638857470675087
car1,C,OL+BDC,0,0,none,0,2,0.0423264730452405
car1,C,OL+BDC,0,0,balanced,0,2,0.0427405975679034
car1,C,OL+BDC,0,0,more of flat,0,2,0.0508155873786047
car1,C,OL+BDC,0,0,more of biased,0,2,0.0114995679325525
car1,C,OL+BDC,0,0,high dropout,0,2,0.0405136541132173
car1,C,OL+BDC,0.25,0,none,0.5,2,-0.19437455409478
car1,C,OL+BDC,0.25,0,balanced,0.5,2,-0.181677786612884
car1,C,OL+BDC,0.25,0,more of flat,0.5,2,-0.208085178384186
car1,C,OL+BDC,0.25,0,more of biased,0,2,-0.13185188570528
car1,C,OL+BDC,0.25,0,high dropout,0.5,2,-0.180166073842549
car1,C,OL+BDC,0.3,0,none,1,2,-0.172500663653759
car1,C,OL+BDC,0.3,0,balanced,0.5,2,-0.184970707837592
car1,C,OL+BDC,0.3,0,more of flat,1,2,-0.171174941541796
car1,C,OL+BDC,0.3,0,more of biased,1,2,-0.177505370319191
car1,C,OL+BDC,0.3,0,high dropout,0,2,-0.13925071092242
car1,C,OL+BDC,0,0.1,none,0,2,-0.0371218730630715
car1,C,OL+BDC,0,0.1,balanced,0,2,-0.0196385922843501
car1,C,OL+BDC,0,0.1,more of flat,0,2,-0.0416704840096638
car1,C,OL+BDC,0,0.1,more of biased,0,2,0.00017087470144117
car1,C,OL+BDC,0,0.1,high dropout,0,2,-0.136730993357853
car1,C,OL+BDC,0.25,0.1,none,0.5,2,-0.135839799405916
car1,C,OL+BDC,0.25,0.1,balanced,0.5,2,-0.170510496644067
car1,C,OL+BDC,0.25,0.1,more of flat,0,2,-0.121019852689351
car1,C,OL+BDC,0.25,0.1,more of biased,0.5,2,-0.179473012880832
car1,C,OL+BDC,0.25,0.1,high dropout,1,2,-0.317383921748412
car1,C,OL+BDC,0.3,0.1,none,1,2,-0.277794669062314
car1,C,OL+BDC,0.3,0.1,balanced,1,2,-0.288479966678826
car1,C,OL+BDC,0.3,0.1,more of flat,1,2,-0.244660927628683
car1,C,OL+BDC,0.3,0.1,more of biased,1,2,-0.277975420818644
car1,C,OL+BDC,0.3,0.1,high dropout,0.5,2,-0.196617930995687
car1,C,OL+BDC,0,0.2,none,0.5,2,-0.088758473127339
car1,C,OL+BDC,0,0.2,balanced,0,2,-0.0724243081104888
car1,C,OL+BDC,0,0.2,more of flat,0,2,-0.0636985182450927
car1,C,OL+BDC,0,0.2,more of biased,0,2,-0.0614749537531816
car1,C,OL+BDC,0,0.2,high dropout,0,2,-0.0521870451606821
car1,C,OL+BDC,0.25,0.2,none,0,2,-0.0869065463751999
car1,C,OL+BDC,0.25,0.2,balanced,0,2,-0.0724485453795005
car1,C,OL+BDC,0.25,0.2,more of flat,0,2,-0.0679058527446968
car1,C,OL+BDC,0.25,0.2,more of biased,0,2,-0.103068927777082
car1,C,OL+BDC,0.25,0.2,high dropout,0,2,-0.0969914501483119
car1,C,OL+BDC,0.3,0.2,none,1,2,-0.22522831257073
car1,C,OL+BDC,0.3,0.2,balanced,0.5,2,-0.203703979885835
car1,C,OL+BDC,0.3,0.2,more of flat,0.5,2,-0.233841859628729
car1,C,OL+BDC,0.3,0.2,more of biased,0.5,2,-0.207853337483631
car1,C,OL+BDC,0.3,0.2,high dropout,0,2,-0.0641283540506625
car1,C,OL+BDC,0,0.5,none,0,2,0.0574092315517507
car1,C,OL+BDC,0,0.5,balanced,0,2,0.086490603644152
car1,C,OL+BDC,0,0.5,more of flat,0,2,0.064994972203393
car1,C,OL+BDC,0,0.5,more of biased,0,2,0.0712355642886701
car1,C,OL+BDC,0,0.5,high dropout,0,2,0.0501868767207719
car1,C,OL+BDC,0.25,0.5,none,1,2,-0.17119564948203
car1,C,OL+BDC,0.25,0.5,balanced,1,2,-0.158879888131111
car1,C,OL+BDC,0.25,0.5,more of flat,0.5,2,-0.156601620807185
car1,C,OL+BDC,0.25,0.5,more of biased,1,2,-0.176237670239374
car1,C,OL+BDC,0.25,0.5,high dropout,1,2,-0.274457342205188
car1,C,OL+BDC,0.3,0.5,none,0,2,-0.118902646608828
car1,C,OL+BDC,0.3,0.5,balanced,0,2,-0.104270957926561
car1,C,OL+BDC,0.3,0.5,more of flat,0,2,-0.0527329308679979
car1,C,OL+BDC,0.3,0.5,more of biased,0,2,-0.0805181896397452
car1,C,OL+BDC,0.3,0.5,high dropout,0,2,-0.123589798172091
car1,C,OL+BDC,0,1,none,0,2,0.0929980801476727
car1,C,OL+BDC,0,1,balanced,0,2,0.113194848821512
car1,C,OL+BDC,0,1,more of flat,0.5,2,0.124732792941898
car1,C,OL+BDC,0,1,more of biased,0,2,0.116431691802015
car1,C,OL+BDC,0,1,high dropout,0,2,0.0727071585833389
car1,C,OL+BDC,0.25,1,none,0.5,2,-0.0994059930559778
car1,C,OL+BDC,0.25,1,balanced,0,2,-0.109264840805448
car1,C,OL+BDC,0.25,1,more of flat,0.5,2,-0.139440062202206
car1,C,OL+BDC,0.25,1,more of biased,0,2,-0.139347963909973
car1,C,OL+BDC,0.25,1,high dropout,0.5,2,-0.143920050967851
car1,C,OL+BDC,0.3,1,none,0,2,-0.0894059872583379
car1,C,OL+BDC,0.3,1,balanced,0,2,-0.095082079098565
car1,C,OL+BDC,0.3,1,more of flat,0,2,-0.120170928420397
car1,C,OL+BDC,0.3,1,more of biased,0,2,-0.112010169516809
car1,C,OL+BDC,0.3,1,high dropout,0,2,-0.0921056189979468
car1,C,CO,0,0,none,0.5,2,-0.122796935711376
car1,C,CO,0,0,balanced,0.5,2,-0.099314748178927
car1,C,CO,0,0,more of flat,0.5,2,-0.157932263878719
car1,C,CO,0,0,more of biased,0.5,2,-0.170489765432894
car1,C,CO,0,0,high dropout,0,2,-0.128857106274004
car1,C,CO,0.25,0,none,0.5,2,-0.115023907787569
car1,C,CO,0.25,0,balanced,0.5,2,-0.129311962154193
car1,C,CO,0.25,0,more of flat,0.5,2,-0.0978944929288461
car1,C,CO,0.25,0,more of biased,0.5,2,-0.101572702076773
car1,C,CO,0.25,0,high dropout,0,2,-0.0812901347998245
car1,C,CO,0.3,0,none,0.5,2,-0.165979399363777
car1,C,CO,0.3,0,balanced,0.5,2,-0.193323145413798
car1,C,CO,0.3,0,more of flat,0.5,2,-0.143566297998948
car1,C,CO,0.3,0,more of biased,0.5,2,-0.175223816659261
car1,C,CO,0.3,0,high dropout,1,2,-0.283508790435175
car1,C,CO,0,0.1,none,0,2,-0.0549993849434615
car1,C,CO,0,0.1,balanced,0,2,-0.108499931421829
car1,C,CO,0,0.1,more of flat,0,2,-0.0347784370923232
car1,C,CO,0,0.1,more of biased,0,2,-0.0565001372600471
car1,C,CO,0,0.1,high dropout,0,2,-0.0631783378221269
car1,C,CO,0.25,0.1,none,0,2,-0.117415972694536
car1,C,CO,0.25,0.1,balanced,0,2,-0.124769145200196
car1,C,CO,0.25,0.1,more of flat,0,2,-0.075607333291703
car1,C,CO,0.25,0.1,more of biased,0,2,-0.0876310750728987
car1,C,CO,0.25,0.1,high dropout,0,2,-0.0740961481905281
car1,C,CO,0.3,0.1,none,1,2,-0.259863300004152
car1,C,CO,0.3,0.1,balanced,0.5,2,-0.237957997175278
car1,C,CO,0.3,0.1,more of flat,0.5,2,-0.196388713248311
car1,C,CO,0.3,0.1,more of biased,1,2,-0.259111465742963
car1,C,CO,0.3,0.1,high dropout,0.5,2,-0.255467395925383
car1,C,CO,0,0.2,none,0,2,-0.0159500073803715
car1,C,CO,0,0.2,balanced,0,2,0.0510418055841796
car1,C,CO,0,0.2,more of flat,0,2,0.0152035038098837
car1,C,CO,0,0.2,more of biased,0,2,-0.0372917724022002
car1,C,CO,0,0.2,high dropout,0,2,0.0348225294936541
car1,C,CO,0.25,0.2,none,0,2,-0.0827478064107247
car1,C,CO,0.25,0.2,balanced,0,2,-0.10033389961553
car1,C,CO,0.25,0.2,more of flat,0,2,-0.0260301428520494
car1,C,CO,0.25,0.2,more of biased,0,2,-0.112409793313668
car1,C,CO,0.25,0.2,high dropout,0,2,-0.114683010634916
car1,C,CO,0.3,0.2,none,1,2,-0.236731058913944
car1,C,CO,0.3,0.2,balanced,1,2,-0.239277957464375
car1,C,CO,0.3,0.2,more of flat,1,2,-0.219966838233933
car1,C,CO,0.3,0.2,more of biased,1,2,-0.23144577841821
car1,C,CO,0.3,0.2,high dropout,0.5,2,-0.199523547581398
car1,C,CO,0,0.5,none,0.5,2,0.0914857465385844
car1,C,CO,0,0.5,balanced,0,2,0.0520567592156845
car1,C,CO,0,0.5,more of flat,0.5,2,0.0709508804011608
car1,C,CO,0,0.5,more of biased,0,2,0.138988883223143
car1,C,CO,0,0.5,high dropout,0,2,0.145178341692045
car1,C,CO,0.25,0.5,none,0,2,-0.0793643850617124
car1,C,CO,0.25,0.5,balanced,0,2,-0.0754688743731441
car1,C,CO,0.25,0.5,more of flat,0,2,-0.105834706809933
car1,C,CO,0.25,0.5,more of biased,0,2,-0.141493974350404
car1,C,CO,0.25,0.5,high dropout,0,2,-0.114395909262683
car1,C,CO,0.3,0.5,none,0.5,2,-0.142407886380481
car1,C,CO,0.3,0.5,balanced,1,2,-0.182295876670547
car1,C,CO,0.3,0.5,more of flat,0.5,2,-0.151641443573607
car1,C,CO,0.3,0.5,more of biased,0.5,2,-0.184102067468349
car1,C,CO,0.3,0.5,high dropout,0.5,2,-0.154126744847376
car1,C,CO,0,1,none,0,2,0.0377040886700104
car1,C,CO,0,1,balanced,0,2,0.0617726174822434
car1,C,CO,0,1,more of flat,0,2,0.0421404682182686
car1,C,CO,0,1,more of biased,0,2,0.0282119033984193
car1,C,CO,0,1,high dropout,0,2,0.0530542904032193
car1,C,CO,0.25,1,none,1,2,-0.203005384358285
car1,C,CO,0.25,1,balanced,1,2,-0.236972997531905
car1,C,CO,0.25,1,more of flat,1,2,-0.260061081873199
car1,C,CO,0.25,1,more of biased,1,2,-0.250350429241915
car1,C,CO,0.25,1,high dropout,1,2,-0.312226480854107
car1,C,CO,0.3,1,none,0.5,2,-0.204515106051563
car1,C,CO,0.3,1,balanced,0.5,2,-0.234511213208205
car1,C,CO,0.3,1,more of flat,0.5,2,-0.172146719766892
car1,C,CO,0.3,1,more of biased,0.5,2,-0.216695951526579
car1,C,CO,0.3,1,high dropout,0,2,-0.204776707461411
car1,C,N-of-1,0,0,none,0,2,-0.000452909946774971
car1,C,N-of-1,0,0,balanced,0,2,-0.00403029800926882
car1,C,N-of-1,0,0,more of flat,0,2,-0.0443140585908272
car1,C,N-of-1,0,0,more of biased,0,2,-0.0246147087480004
car1,C,N-of-1,0,0,high dropout,0,2,-0.0220986524495405
car1,C,N-of-1,0.25,0,none,1,2,-0.197046092197963
car1,C,N-of-1,0.25,0,balanced,1,2,-0.21868329976832
car1,C,N-of-1,0.25,0,more of flat,1,2,-0.210934843448641
car1,C,N-of-1,0.25,0,more of biased,1,2,-0.213258313340399
car1,C,N-of-1,0.25,0,high dropout,0,2,-0.0962984407852613
car1,C,N-of-1,0.3,0,none,0,2,-0.0824475310805991
car1,C,N-of-1,0.3,0,balanced,0,2,-0.115246799754746
car1,C,N-of-1,0.3,0,more of flat,0,2,-0.0863113600395451
car1,C,N-of-1,0.3,0,more of biased,0,2,-0.114462801402229
car1,C,N-of-1,0.3,0,high dropout,0,2,-0.118272795605071
car1,C,N-of-1,0,0.1,none,0,2,-0.00327355964639526
car1,C,N-of-1,0,0.1,balanced,0,2,0.0249702925904076
car1,C,N-of-1,0,0.1,more of flat,0,2,0.0357670061393821
car1,C,N-of-1,0,0.1,more of biased,0,2,0.0164432548845251
car1,C,N-of-1,0,0.1,high dropout,0,2,0.0213309618581436
car1,C,N-of-1,0.25,0.1,none,0.5,2,-0.13374299225517
car1,C,N-of-1,0.25,0.1,balanced,0.5,2,-0.118527151414972
car1,C,N-of-1,0.25,0.1,more of flat,0.5,2,-0.148264149719442
car1,C,N-of-1,0.25,0.1,more of biased,0.5,2,-0.14917575978821
car1,C,N-of-1,0.25,0.1,high dropout,0.5,2,-0.149421105362208
car1,C,N-of-1,0.3,0.1,none,1,2,-0.177660786489715
car1,C,N-of-1,0.3,0.1,balanced,0.5,2,-0.153699003282304
car1,C,N-of-1,0.3,0.1,more of flat,1,2,-0.15963541595703
car1,C,N-of-1,0.3,0.1,more of biased,0.5,2,-0.19036766379663
car1,C,N-of-1,0.3,0.1,high dropout,1,2,-0.215960166828257
car1,C,N-of-1,0,0.2,none,0,2,-0.0332301306996514
car1,C,N-of-1,0,0.2,balanced,0,2,-0.0236019691437895
car1,C,N-of-1,0,0.2,more of flat,0,2,-0.0583338839512221
car1,C,N-of-1,0,0.2,more of biased,0,2,-0.0584759469435645
car1,C,N-of-1,0,0.2,high dropout,0,2,0.0384842391154172
car1,C,N-of-1,0.25,0.2,none,1,2,-0.159949802243347
car1,C,N-of-1,0.25,0.2,balanced,1,2,-0.183876347064119
car1,C,N-of-1,0.25,0.2,more of flat,0.5,2,-0.160546923757661
car1,C,N-of-1,0.25,0.2,more of biased,1,2,-0.19761901191835
car1,C,N-of-1,0.25,0.2,high dropout,0.5,2,-0.191940407525796
car1,C,N-of-1,0.3,0.2,none,0.5,2,-0.185060551028017
car1,C,N-of-1,0.3,0.2,balanced,0.5,2,-0.163579723650984
car1,C,N-of-1,0.3,0.2,more of flat,0.5,2,-0.188635477071461
car1,C,N-of-1,0.3,0.2,more of biased,0.5,2,-0.18960343497367
car1,C,N-of-1,0.3,0.2,high dropout,0.5,2,-0.225060042068226
car1,C,N-of-1,0,0.5,none,0,2,-0.044313114051044
car1,C,N-of-1,0,0.5,balanced,0,2,-0.0629353671395142
car1,C,N-of-1,0,0.5,more of flat,0,2,-0.0306317611388114
car1,C,N-of-1,0,0.5,more of biased,0,2,-0.0440614687017849
car1,C,N-of-1,0,0.5,high dropout,0,2,-0.0417792463844365
car1,C,N-of-1,0.25,0.5,none,0.5,2,-0.137944336265244
car1,C,N-of-1,0.25,0.5,balanced,0.5,2,-0.120610114156803
car1,C,N-of-1,0.25,0.5,more of flat,0.5,2,-0.140013619802586
car1,C,N-of-1,0.25,0.5,more of biased,0.5,2,-0.164247139300683
car1,C,N-of-1,0.25,0.5,high dropout,0,2,-0.107308225307689
car1,C,N-of-1,0.3,0.5,none,0.5,2,-0.152420908668599
car1,C,N-of-1,0.3,0.5,balanced,0.5,2,-0.145616422175817
car1,C,N-of-1,0.3,0.5,more of flat,0.5,2,-0.144324939784273
car1,C,N-of-1,0.3,0.5,more of biased,0.5,2,-0.12847358175999
car1,C,N-of-1,0.3,0.5,high dropout,0,2,-0.102422251818272
car1,C,N-of-1,0,1,none,0,2,-0.0450461913444307
car1,C,N-of-1,0,1,balanced,0,2,-0.0438563155086264
car1,C,N-of-1,0,1,more of flat,0,2,-0.00325802234293128
car1,C,N-of-1,0,1,more of biased,0,2,-0.0239429263932773
car1,C,N-of-1,0,1,high dropout,0,2,-0.0514452402489591
car1,C,N-of-1,0.25,1,none,0,2,-0.074308414089177
car1,C,N-of-1,0.25,1,balanced,0,2,-0.0816341028175597
car1,C,N-of-1,0.25,1,more of flat,0,2,-0.0759624084669749
car1,C,N-of-1,0.25,1,more of biased,0,2,-0.0863812318969415
car1,C,N-of-1,0.25,1,high dropout,0,2,-0.0391253594436955
car1,C,N-of-1,0.3,1,none,0.5,2,-0.152680523112931
car1,C,N-of-1,0.3,1,balanced,0.5,2,-0.156903659046346
car1,C,N-of-1,0.3,1,more of flat,0.5,2,-0.15329368511149
car1,C,N-of-1,0.3,1,more of biased,0.5,2,-0.150288572117219
car1,C,N-of-1,0.3,1,high dropout,1,2,-0.184282874752029
car1,D,OL,0,0,none,0,2,0.000444352914334625
car1,D,OL,0,0,balanced,0,2,-0.00231659759052007
car1,D,OL,0,0,more of flat,0,2,0.00359483879468461
car1,D,OL,0,0,more of biased,0,2,-0.00283003355539786
car1,D,OL,0,0,high dropout,0,2,0.0028197736853684
car1,D,OL,0.25,0,none,0,2,-0.00716480855635
car1,D,OL,0.25,0,balanced,0.5,2,-0.0118765808246881
car1,D,OL,0.25,0,more of flat,0,2,-0.00856099138630728
car1,D,OL,0.25,0,more of biased,0,2,-0.00843728713044072
car1,D,OL,0.25,0,high dropout,0,2,-0.00790982761101376
car1,D,OL,0.3,0,none,0,2,-0.00464533059065858
car1,D,OL,0.3,0,balanced,0,2,-0.00415065021573572
car1,D,OL,0.3,0,more of flat,0,2,-0.00476116176549473
car1,D,OL,0.3,0,more of biased,0,2,-0.0041308437545909
car1,D,OL,0.3,0,high dropout,0,2,-0.00835612845022156
car1,D,OL,0,0.1,none,0,2,-0.00124188730487781
car1,D,OL,0,0.1,balanced,0,2,-0.00107456452995656
car1,D,OL,0,0.1,more of flat,0,2,-0.00090365476994445
car1,D,OL,0,0.1,more of biased,0,2,-0.00460035387233396
car1,D,OL,0,0.1,high dropout,0,2,-0.00564605726519452
car1,D,OL,0.25,0.1,none,0,2,-0.00321631180799244
car1,D,OL,0.25,0.1,balanced,0,2,-0.00257816495590672
car1,D,OL,0.25,0.1,more of flat,0,2,-0.0028180462244332
car1,D,OL,0.25,0.1,more of biased,0,2,-0.00462019724135597
car1,D,OL,0.25,0.1,high dropout,0,2,0.00437183502437616
car1,D,OL,0.3,0.1,none,0.5,2,0.00489718762962804
car1,D,OL,0.3,0.1,balanced,0,2,0.00322000921239225
car1,D,OL,0.3,0.1,more of flat,0.5,2,0.00722305138027619
car1,D,OL,0.3,0.1,more of biased,0,2,0.00221602379892452
car1,D,OL,0.3,0.1,high dropout,0.5,2,0.00475695200820664
car1,D,OL,0,0.2,none,0,2,0.0011862624796529
car1,D,OL,0,0.2,balanced,0,2,0.0036689498550659
car1,D,OL,0,0.2,more of flat,0,2,0.00209305777142152
car1,D,OL,0,0.2,more of biased,0,2,0.00124289458374396
car1,D,OL,0,0.2,high dropout,0,2,-0.0173982791511518
car1,D,OL,0.25,0.2,none,0,2,-0.00168900089474279
car1,D,OL,0.25,0.2,balanced,0,2,-0.00415108043560676
car1,D,OL,0.25,0.2,more of flat,0,2,-0.00500932402169243
car1,D,OL,0.25,0.2,more of biased,0,2,-0.000865821228974716
car1,D,OL,0.25,0.2,high dropout,0,2,-0.00100780564663585
car1,D,OL,0.3,0.2,none,0,2,-0.00303130840523342
car1,D,OL,0.3,0.2,balanced,0,2,-0.00715137674116351
car1,D,OL,0.3,0.2,more of flat,0,2,-0.00165744704053375
car1,D,OL,0.3,0.2,more of biased,0,2,-0.00131270732279403
car1,D,OL,0.3,0.2,high dropout,0,2,-0.00131644823760231
car1,D,OL,0,0.5,none,0,2,0.000475269081835034
car1,D,OL,0,0.5,balanced,0,2,0.00061021419262029
car1,D,OL,0,0.5,more of flat,0,2,0.00157101963175265
car1,D,OL,0,0.5,more of biased,0,2,-0.00117987258457594
car1,D,OL,0,0.5,high dropout,0,2,0.000370489055820092
car1,D,OL,0.25,0.5,none,0.5,2,-0.0068277458659814
car1,D,OL,0.25,0.5,balanced,0.5,2,-0.00972503104128361
car1,D,OL,0.25,0.5,more of flat,0.5,2,-0.00662850421315032
car1,D,OL,0.25,0.5,more of biased,0.5,2,-0.00765684814874794
car1,D,OL,0.25,0.5,high dropout,0,2,-0.00637265473428513
car1,D,OL,0.3,0.5,none,0.5,2,-0.00490837576428628
car1,D,OL,0.3,0.5,balanced,0.5,2,-0.00688457816523638
car1,D,OL,0.3,0.5,more of flat,0,2,-0.0044105223489243
car1,D,OL,0.3,0.5,more of biased,0.5,2,-0.0054550012591041
car1,D,OL,0.3,0.5,high dropout,0,2,-0.00452404629736363
car1,D,OL,0,1,none,0,2,-0.00770231961538564
car1,D,OL,0,1,balanced,0,2,-0.0104126459714851
car1,D,OL,0,1,more of flat,0,2,-0.010379396305911
car1,D,OL,0,1,more of biased,0,2,-0.00853124686492387
car1,D,OL,0,1,high dropout,0,2,-0.0127962477164799
car1,D,OL,0.25,1,none,0,2,-0.000937839461749986
car1,D,OL,0.25,1,balanced,0,2,-0.00282126062652578
car1,D,OL,0.25,1,more of flat,0,2,2.02127935705417e-05
car1,D,OL,0.25,1,more of biased,0,2,-0.00588752035931788
car1,D,OL,0.25,1,high dropout,0,2,-0.00472024694152512
car1,D,OL,0.3,1,none,0,2,-0.00867560305684008
car1,D,OL,0.3,1,balanced,0,2,-0.0088196815408331
car1,D,OL,0.3,1,more of flat,0,2,-0.0121042570050575
car1,D,OL,0.3,1,more of biased,0.5,2,-0.0105754907289113
car1,D,OL,0.3,1,high dropout,0.5,2,-0.0142372236791967
car1,D,OL+BDC,0,0,none,0,2,-0.00500040839919611
car1,D,OL+BDC,0,0,balanced,0,2,0.00599896151897666
car1,D,OL+BDC,0,0,more of flat,0,2,0.00628001110827325
car1,D,OL+BDC,0,0,more of biased,0,2,-0.0238381786200123
car1,D,OL+BDC,0,0,high dropout,0,2,0.0130018818358827
car1,D,OL+BDC,0.25,0,none,0.5,2,-0.136273981593578
car1,D,OL+BDC,0.25,0,balanced,0.5,2,-0.125280689299791
car1,D,OL+BDC,0.25,0,more of flat,0.5,2,-0.160531295306418
car1,D,OL+BDC,0.25,0,more of biased,0.5,2,-0.126768709989722
car1,D,OL+BDC,0.25,0,high dropout,0,2,-0.111262303902293
car1,D,OL+BDC,0.3,0,none,0,2,-0.0620859307877989
car1,D,OL+BDC,0.3,0,balanced,0,2,-0.0519734663950144
car1,D,OL+BDC,0.3,0,more of flat,0,2,-0.0742191007873663
car1,D,OL+BDC,0.3,0,more of biased,0,2,-0.0950229278191091
car1,D,OL+BDC,0.3,0,high dropout,0,2,0.0232025766972843
car1,D,OL+BDC,0,0.1,none,0,2,0.0276229891614123
car1,D,OL+BDC,0,0.1,balanced,0,2,0.0677807760892856
car1,D,OL+BDC,0,0.1,more of flat,0,2,0.0446994770055666
car1,D,OL+BDC,0,0.1,more of biased,0,2,0.048148227559697
car1,D,OL+BDC,0,0.1,high dropout,0,2,0.0836808069315043
car1,D,OL+BDC,0.25,0.1,none,1,2,-0.180858550847306
car1,D,OL+BDC,0.25,0.1,balanced,0.5,2,-0.181413580584846
car1,D,OL+BDC,0.25,0.1,more of flat,1,2,-0.202372968138201
car1,D,OL+BDC,0.25,0.1,more of biased,0.5,2,-0.161366352576253
car1,D,OL+BDC,0.25,0.1,high dropout,0.5,2,-0.198263225676174
car1,D,OL+BDC,0.3,0.1,none,0,2,-0.0657198097868442
car1,D,OL+BDC,0.3,0.1,balanced,0.5,2,-0.0658059056595017
car1,D,OL+BDC,0.3,0.1,more of flat,0.5,2,-0.0801605151251022
car1,D,OL+BDC,0.3,0.1,more of biased,0.5,2,-0.0871384772328537
car1,D,OL+BDC,0.3,0.1,high dropout,0,2,-0.0596627841582197
car1,D,OL+BDC,0,0.2,none,0,2,-0.0532144300063515
car1,D,OL+BDC,0,0.2,balanced,0,2,-0.0519746279733994
car1,D,OL+BDC,0,0.2,more of flat,0,2,-0.0161633584098683
car1,D,OL+BDC,0,0.2,more of biased,0,2,-0.0742565692931381
car1,D,OL+BDC,0,0.2,high dropout,0,2,0.0275988901435941
car1,D,OL+BDC,0.25,0.2,none,0,2,-0.081693472906174
car1,D,OL+BDC,0.25,0.2,balanced,0,2,-0.065834588965065
car1,D,OL+BDC,0.25,0.2,more of flat,0.5,2,-0.110675618373711
car1,D,OL+BDC,0.25,0.2,more of biased,0,2,-0.106347819061884
car1,D,OL+BDC,0.25,0.2,high dropout,0,2,-0.0506305586900102
car1,D,OL+BDC,0.3,0.2,none,1,2,-0.166593664219498
car1,D,OL+BDC,0.3,0.2,balanced,0.5,2,-0.144428842611601
car1,D,OL+BDC,0.3,0.2,more of flat,1,2,-0.177655967700497
car1,D,OL+BDC,0.3,0.2,more of biased,0.5,2,-0.151902458461631
car1,D,OL+BDC,0.3,0.2,high dropout,0.5,2,-0.240769249724022
car1,D,OL+BDC,0,0.5,none,0,2,-0.00506684251304152
car1,D,OL+BDC,0,0.5,balanced,0,2,0.0204555652398715
car1,D,OL+BDC,0,0.5,more of flat,0,2,-0.00257914636291851
car1,D,OL+BDC,0,0.5,more of biased,0,2,0.0539111646222226
car1,D,OL+BDC,0,0.5,high dropout,0,2,0.00507507374426305
car1,D,OL+BDC,0.25,0.5,none,0.5,2,-0.0863637967906714
car1,D,OL+BDC,0.25,0.5,balanced,0,2,-0.0648561016670697
car1,D,OL+BDC,0.25,0.5,more of flat,0,2,-0.0694021956686885
car1,D,OL+BDC,0.25,0.5,more of biased,0.5,2,-0.0883905418823435
car1,D,OL+BDC,0.25,0.5,high dropout,0,2,-0.000527490839581465
car1,D,OL+BDC,0.3,0.5,none,1,2,-0.259322441039607
car1,D,OL+BDC,0.3,0.5,balanced,1,2,-0.23633432449829
car1,D,OL+BDC,0.3,0.5,more of flat,1,2,-0.269926438316375
car1,D,OL+BDC,0.3,0.5,more of biased,1,2,-0.244890812102759
car1,D,OL+BDC,0.3,0.5,high dropout,0.5,2,-0.16187766016455
car1,D,OL+BDC,0,1,none,0,2,0.0415130166091559
car1,D,OL+BDC,0,1,balanced,0,2,0.0583152879758432
car1,D,OL+BDC,0,1,more of flat,0,2,0.0204917845643175
car1,D,OL+BDC,0,1,more of biased,0,2,0.0265276280245321
car1,D,OL+BDC,0,1,high dropout,0,2,-0.0295297952427737
car1,D,OL+BDC,0.25,1,none,1,2,-0.224517433679088
car1,D,OL+BDC,0.25,1,balanced,1,2,-0.254661914715701
car1,D,OL+BDC,0.25,1,more of flat,1,2,-0.264555238676636
car1,D,OL+BDC,0.25,1,more of biased,1,2,-0.19625948167357
car1,D,OL+BDC,0.25,1,high dropout,1,2,-0.276995302309246
car1,D,OL+BDC,0.3,1,none,0.5,2,-0.138000373666946
car1,D,OL+BDC,0.3,1,balanced,0.5,2,-0.143936470033116
car1,D,OL+BDC,0.3,1,more of flat,0.5,2,-0.126790314309147
car1,D,OL+BDC,0.3,1,more of biased,0,2,-0.0882648171238525
car1,D,OL+BDC,0.3,1,high dropout,0.5,2,-0.219787222431816
car1,D,CO,0,0,none,0,2,-0.00284264428695791
car1,D,CO,0,0,balanced,0,2,0.0099260564497665
car1,D,CO,0,0,more of flat,0,2,0.00375785252251394
car1,D,CO,0,0,more of biased,0,2,-0.0181908300826366
car1,D,CO,0,0,high dropout,0,2,0.0363201035287005
car1,D,CO,0.25,0,none,1,2,-0.160722089192938
car1,D,CO,0.25,0,balanced,0.5,2,-0.127095555706325
car1,D,CO,0.25,0,more of flat,1,2,-0.158613397794855
car1,D,CO,0.25,0,more of biased,0.5,2,-0.157435694074661
car1,D,CO,0.25,0,high dropout,0.5,2,-0.174593061570457
car1,D,CO,0.3,0,none,0.5,2,-0.0997869848925179
car1,D,CO,0.3,0,balanced,0,2,-0.116608968742078
car1,D,CO,0.3,0,more of flat,0.5,2,-0.0675372407821513
car1,D,CO,0.3,0,more of biased,0.5,2,-0.0980106709469496
car1,D,CO,0.3,0,high dropout,0,2,-0.0283737661878197
car1,D,CO,0,0.1,none,0.5,2,-0.0691293628574061
car1,D,CO,0,0.1,balanced,0.5,2,-0.107482669690631
car1,D,CO,0,0.1,more of flat,0,2,-0.0585905980923439
car1,D,CO,0,0.1,more of biased,0.5,2,-0.107367443435373
car1,D,CO,0,0.1,high dropout,0.5,2,-0.175230762964129
car1,D,CO,0.25,0.1,none,0.5,2,-0.111344927033248
car1,D,CO,0.25,0.1,balanced,0.5,2,-0.113768238892829
car1,D,CO,0.25,0.1,more of flat,0.5,2,-0.118887571670504
car1,D,CO,0.25,0.1,more of biased,0.5,2,-0.131992526414277
car1,D,CO,0.25,0.1,high dropout,0.5,2,-0.124775435291077
car1,D,CO,0.3,0.1,none,1,2,-0.183352048885178
car1,D,CO,0.3,0.1,balanced,1,2,-0.189321779484717
car1,D,CO,0.3,0.1,more of flat,1,2,-0.150508186246539
car1,D,CO,0.3,0.1,more of biased,1,2,-0.147302482433116
car1,D,CO,0.3,0.1,high dropout,0.5,2,-0.153988505990973
car1,D,CO,0,0.2,none,0,2,-0.0489704760702545
car1,D,CO,0,0.2,balanced,0,2,-0.0329197052589551
car1,D,CO,0,0.2,more of flat,0,2,-0.0239916481124277
car1,D,CO,0,0.2,more of biased,0,2,0.00602153723385483
car1,D,CO,0,0.2,high dropout,0,2,0.0321847171531695
car1,D,CO,0.25,0.2,none,1,2,-0.172760471458815
car1,D,CO,0.25,0.2,balanced,1,2,-0.165664601361291
car1,D,CO,0.25,0.2,more of flat,1,2,-0.162433131589597
car1,D,CO,0.25,0.2,more of biased,1,2,-0.165881900815023
car1,D,CO,0.25,0.2,high dropout,1,2,-0.207405406465427
car1,D,CO,0.3,0.2,none,1,2,-0.213215205769524
car1,D,CO,0.3,0.2,balanced,1,2,-0.213057240197808
car1,D,CO,0.3,0.2,more of flat,1,2,-0.212329673580376
car1,D,CO,0.3,0.2,more of biased,1,2,-0.229288783400887
car1,D,CO,0.3,0.2,high dropout,1,2,-0.292025160468639
car1,D,CO,0,0.5,none,0,2,-0.0275102269307694
car1,D,CO,0,0.5,balanced,0,2,0.00857850522857259
car1,D,CO,0,0.5,more of flat,0,2,-0.00799362759147863
car1,D,CO,0,0.5,more of biased,0,2,-0.0220508774651184
car1,D,CO,0,0.5,high dropout,0,2,0.0441451265252451
car1,D,CO,0.25,0.5,none,0.5,2,-0.111380269290896
car1,D,CO,0.25,0.5,balanced,0.5,2,-0.102883718923669
car1,D,CO,0.25,0.5,more of flat,0,2,-0.0864962016685617
car1,D,CO,0.25,0.5,more of biased,0.5,2,-0.153635102209649
car1,D,CO,0.25,0.5,high dropout,0,2,-0.0810009898841912
car1,D,CO,0.3,0.5,none,1,2,-0.188577694441964
car1,D,CO,0.3,0.5,balanced,1,2,-0.246572296420498
car1,D,CO,0.3,0.5,more of flat,0.5,2,-0.162697651883469
car1,D,CO,0.3,0.5,more of biased,1,2,-0.19274215144468
car1,D,CO,0.3,0.5,high dropout,1,2,-0.190529904463549
car1,D,CO,0,1,none,0,2,-0.062573966595127
car1,D,CO,0,1,balanced,0,2,-0.046448646541155
car1,D,CO,0,1,more of flat,0,2,-0.0574007817926129
car1,D,CO,0,1,more of biased,0.5,2,-0.0810945645607362
car1,D,CO,0,1,high dropout,0,2,-0.108692935764605
car1,D,CO,0.25,1,none,0.5,2,-0.160596062039107
car1,D,CO,0.25,1,balanced,0.5,2,-0.13458314917373
car1,D,CO,0.25,1,more of flat,0.5,2,-0.125969589224056
car1,D,CO,0.25,1,more of biased,0.5,2,-0.122621018008397
car1,D,CO,0.25,1,high dropout,0.5,2,-0.142205590086552
car1,D,CO,0.3,1,none,0.5,2,-0.117497268194512
car1,D,CO,0.3,1,balanced,0.5,2,-0.0988462027517175
car1,D,CO,0.3,1,more of flat,0.5,2,-0.0933845745480614
car1,D,CO,0.3,1,more of biased,0.5,2,-0.113748701174774
car1,D,CO,0.3,1,high dropout,0.5,2,-0.117968335761761
car1,D,N-of-1,0,0,none,0,2,-0.0147993777517312
car1,D,N-of-1,0,0,balanced,0,2,-0.0106797066193489
car1,D,N-of-1,0,0,more of flat,0,2,-0.0198267351509922
car1,D,N-of-1,0,0,more of biased,0,2,-0.0333759749685968
car1,D,N-of-1,0,0,high dropout,0,2,0.0153517954240209
car1,D,N-of-1,0.25,0,none,1,2,-0.186658022984107
car1,D,N-of-1,0.25,0,balanced,1,2,-0.215369873807253
car1,D,N-of-1,0.25,0,more of flat,0.5,2,-0.204700030036297
car1,D,N-of-1,0.25,0,more of biased,1,2,-0.214378844140926
car1,D,N-of-1,0.25,0,high dropout,0,2,-0.159135987079924
car1,D,N-of-1,0.3,0,none,1,2,-0.208638915621622
car1,D,N-of-1,0.3,0,balanced,1,2,-0.200827137401055
car1,D,N-of-1,0.3,0,more of flat,1,2,-0.192911384307226
car1,D,N-of-1,0.3,0,more of biased,1,2,-0.190946347519258
car1,D,N-of-1,0.3,0,high dropout,0,2,-0.130523530420496
car1,D,N-of-1,0,0.1,none,0,2,-0.0623253029615858
car1,D,N-of-1,0,0.1,balanced,0,2,-0.0697095480407169
car1,D,N-of-1,0,0.1,more of flat,0.5,2,-0.0755136413897396
car1,D,N-of-1,0,0.1,more of biased,0,2,-0.0847612897187629
car1,D,N-of-1,0,0.1,high dropout,0,2,-0.0674511570446162
car1,D,N-of-1,0.25,0.1,none,1,2,-0.160950915354568
car1,D,N-of-1,0.25,0.1,balanced,0.5,2,-0.159790054101056
car1,D,N-of-1,0.25,0.1,more of flat,1,2,-0.181604559238029
car1,D,N-of-1,0.25,0.1,more of biased,0.5,2,-0.143603696228927
car1,D,N-of-1,0.25,0.1,high dropout,1,2,-0.193199100479576
car1,D,N-of-1,0.3,0.1,none,1,2,-0.163714818330648
car1,D,N-of-1,0.3,0.1,balanced,1,2,-0.171961137694675
car1,D,N-of-1,0.3,0.1,more of flat,1,2,-0.14616441812604
car1,D,N-of-1,0.3,0.1,more of biased,1,2,-0.188020448848707
car1,D,N-of-1,0.3,0.1,high dropout,1,2,-0.207471183597638
car1,D,N-of-1,0,0.2,none,0,2,-0.0134868489623594
car1,D,N-of-1,0,0.2,balanced,0,2,-0.0294459799306989
car1,D,N-of-1,0,0.2,more of flat,0,2,-0.00865729704147823
car1,D,N-of-1,0,0.2,more of biased,0,2,0.0135139674378409
car1,D,N-of-1,0,0.2,high dropout,0,2,-0.0368490275911291
car1,D,N-of-1,0.25,0.2,none,1,2,-0.17184096313022
car1,D,N-of-1,0.25,0.2,balanced,1,2,-0.184394257147125
car1,D,N-of-1,0.25,0.2,more of flat,0.5,2,-0.177859668337369
car1,D,N-of-1,0.25,0.2,more of biased,0.5,2,-0.137614545184729
car1,D,N-of-1,0.25,0.2,high dropout,1,2,-0.242234075562587
car1,D,N-of-1,0.3,0.2,none,1,2,-0.155274051904478
car1,D,N-of-1,0.3,0.2,balanced,1,2,-0.170221850577162
car1,D,N-of-1,0.3,0.2,more of flat,0.5,2,-0.143337303821929
car1,D,N-of-1,0.3,0.2,more of biased,0.5,2,-0.138367210377692
car1,D,N-of-1,0.3,0.2,high dropout,0,2,-0.106074344706254
car1,D,N-of-1,0,0.5,none,0,2,-0.0271954752445423
car1,D,N-of-1,0,0.5,balanced,0,2,-0.0236928599029682
car1,D,N-of-1,0,0.5,more of flat,0,2,-0.0351535278704456
car1,D,N-of-1,0,0.5,more of biased,0,2,-0.0652997894278635
car1,D,N-of-1,0,0.5,high dropout,0,2,0.0169080754184941
car1,D,N-of-1,0.25,0.5,none,0.5,2,-0.116964479679188
car1,D,N-of-1,0.25,0.5,balanced,0.5,2,-0.103706521632564
car1,D,N-of-1,0.25,0.5,more of flat,0,2,-0.0976968187767061
car1,D,N-of-1,0.25,0.5,more of biased,0.5,2,-0.0802482417376122
car1,D,N-of-1,0.25,0.5,high dropout,0,2,-0.0966839109144065
car1,D,N-of-1,0.3,0.5,none,0.5,2,-0.133005853258016
car1,D,N-of-1,0.3,0.5,balanced,0.5,2,-0.185437866895157
car1,D,N-of-1,0.3,0.5,more of flat,0.5,2,-0.154514014823845
car1,D,N-of-1,0.3,0.5,more of biased,0.5,2,-0.134442543473712
car1,D,N-of-1,0.3,0.5,high dropout,0.5,2,-0.153166818954962
car1,D,N-of-1,0,1,none,0,2,0.0306466558115606
car1,D,N-of-1,0,1,balanced,0,2,0.0419556799189968
car1,D,N-of-1,0,1,more of flat,0,2,0.0101156009897788
car1,D,N-of-1,0,1,more of biased,0,2,0.0510399437355304
car1,D,N-of-1,0,1,high dropout,0,2,0.0398114630756727
car1,D,N-of-1,0.25,1,none,1,2,-0.206502862990218
car1,D,N-of-1,0.25,1,balanced,1,2,-0.212255012775573
car1,D,N-of-1,0.25,1,more of flat,1,2,-0.167355307234024
car1,D,N-of-1,0.25,1,more of biased,1,2,-0.217270625723729
car1,D,N-of-1,0.25,1,high dropout,1,2,-0.2202963882146
car1,D,N-of-1,0.3,1,none,1,2,-0.16276785163182
car1,D,N-of-1,0.3,1,balanced,1,2,-0.174448163314514
car1,D,N-of-1,0.3,1,more of flat,1,2,-0.169584419863459
car1,D,N-of-1,0.3,1,more of biased,1,2,-0.151842038892294
car1,D,N-of-1,0.3,1,high dropout,0.5,2,-0.138944088383965
car1,E,OL,0,0,none,0,2,0.00048123233615062
car1,E,OL,0,0,balanced,0,2,-0.000328890159348538
car1,E,OL,0,0,more of flat,0,2,-0.00304960771155346
car1,E,OL,0,0,more of biased,0,2,0.00166147094526337
car1,E,OL,0,0,high dropout,0,2,-0.00713143842419282
car1,E,OL,0.25,0,none,0,2,-0.00369921327044992
car1,E,OL,0.25,0,balanced,0,2,-0.0044471771144188
car1,E,OL,0.25,0,more of flat,0,2,-0.00493332245424709
car1,E,OL,0.25,0,more of biased,0,2,-0.00536464530328387
car1,E,OL,0.25,0,high dropout,0,2,-0.00357328431423331
car1,E,OL,0.3,0,none,0,2,-0.00563450986595724
car1,E,OL,0.3,0,balanced,0,2,-0.00323475418599577
car1,E,OL,0.3,0,more of flat,0,2,-0.00631329087238957
car1,E,OL,0.3,0,more of biased,0,2,-0.00704553815736931
car1,E,OL,0.3,0,high dropout,0,2,-0.0129376423517808
car1,E,OL,0,0.1,none,0,2,0.00296065533330516
car1,E,OL,0,0.1,balanced,0,2,-0.0013830502451829
car1,E,OL,0,0.1,more of flat,0,2,0.00899000241096993
car1,E,OL,0,0.1,more of biased,0,2,0.00459929523499681
car1,E,OL,0,0.1,high dropout,0,2,0.00261751096824687
car1,E,OL,0.25,0.1,none,0,2,-0.00711074192896313
car1,E,OL,0.25,0.1,balanced,0,2,-0.00896395579689659
car1,E,OL,0.25,0.1,more of flat,0,2,-0.00966641205560359
car1,E,OL,0.25,0.1,more of biased,0,2,-0.00456294924866328
car1,E,OL,0.25,0.1,high dropout,0,2,-0.0185629401940424
car1,E,OL,0.3,0.1,none,0,2,-0.00511121652370571
car1,E,OL,0.3,0.1,balanced,0,2,-0.0109324884954179
car1,E,OL,0.3,0.1,more of flat,0,2,-0.00325463824232267
car1,E,OL,0.3,0.1,more of biased,0,2,-0.00503449946135923
car1,E,OL,0.3,0.1,high dropout,0.5,2,-0.00933737988997721
car1,E,OL,0,0.2,none,0,2,-0.00719656031753008
car1,E,OL,0,0.2,balanced,0,2,-0.00611663949116591
car1,E,OL,0,0.2,more of flat,0,2,-0.00267817639263907
car1,E,OL,0,0.2,more of biased,0,2,-0.00293333151827047
car1,E,OL,0,0.2,high dropout,0,2,-0.0187011808804827
car1,E,OL,0.25,0.2,none,0,2,-0.00792271650442633
car1,E,OL,0.25,0.2,balanced,0,2,0.00124055516994937
car1,E,OL,0.25,0.2,more of flat,0,2,-0.00342133199027011
car1,E,OL,0.25,0.2,more of biased,0,2,-0.00587660446073032
car1,E,OL,0.25,0.2,high dropout,0.5,2,-0.0175511626796266
car1,E,OL,0.3,0.2,none,0,2,-0.00702898596701571
car1,E,OL,0.3,0.2,balanced,0,2,-0.010271659808322
car1,E,OL,0.3,0.2,more of flat,0,2,-0.00948516748889225
car1,E,OL,0.3,0.2,more of biased,0,2,-0.00501887585023301
car1,E,OL,0.3,0.2,high dropout,0,2,-0.0144209668503328
car1,E,OL,0,0.5,none,0,2,-0.00225399839414292
car1,E,OL,0,0.5,balanced,0,2,-0.0032117049938296
car1,E,OL,0,0.5,more of flat,0,2,-0.000704584428146895
car1,E,OL,0,0.5,more of biased,0,2,-0.00546437535055152
car1,E,OL,0,0.5,high dropout,0,2,-0.00565984338364017
car1,E,OL,0.25,0.5,none,0,2,-0.00321099597445635
car1,E,OL,0.25,0.5,balanced,0,2,-0.00783037935112176
car1,E,OL,0.25,0.5,more of flat,0,2,-0.00761162235645072
car1,E,OL,0.25,0.5,more of biased,0,2,-0.00458679518939715
car1,E,OL,0.25,0.5,high dropout,0.5,2,-0.0173300013589956
car1,E,OL,0.3,0.5,none,0,2,-0.000614956402232736
car1,E,OL,0.3,0.5,balanced,0,2,0.00171023295914502
car1,E,OL,0.3,0.5,more of flat,0.5,2,-0.00542612363150644
car1,E,OL,0.3,0.5,more of biased,0.5,2,-0.0104052996962926
car1,E,OL,0.3,0.5,high dropout,0,2,0.00398130664637006
car1,E,OL,0,1,none,0,2,0.000530509570704323
car1,E,OL,0,1,balanced,0.5,2,0.0113569686495335
car1,E,OL,0,1,more of flat,0,2,0.000644135423638936
car1,E,OL,0,1,more of biased,0,2,-0.0024479148317168
car1,E,OL,0,1,high dropout,0,2,0.000318276693700824
car1,E,OL,0.25,1,none,0,2,-0.0021797081045915
car1,E,OL,0.25,1,balanced,0,2,-0.000810358598103231
car1,E,OL,0.25,1,more of flat,0,2,-5.26809140159574e-05
car1,E,OL,0.25,1,more of biased,0,2,0.00125109683070307
car1,E,OL,0.25,1,high dropout,0,2,-0.0117839362229104
car1,E,OL,0.3,1,none,0,2,-0.00743649549002359
car1,E,OL,0.3,1,balanced,0,2,-0.00889243947798992
car1,E,OL,0.3,1,more of flat,0,2,-0.00610966960438774
car1,E,OL,0.3,1,more of biased,0,2,-0.00728511706258434
car1,E,OL,0.3,1,high dropout,0,2,-0.00839908593813556
car1,E,OL+BDC,0,0,none,0,2,0.0423264730452405
car1,E,OL+BDC,0,0,balanced,0,2,0.0427405975679034
car1,E,OL+BDC,0,0,more of flat,0,2,0.0508155873786047
car1,E,OL+BDC,0,0,more of biased,0,2,0.0114995679325525
car1,E,OL+BDC,0,0,high dropout,0,2,0.0405136541132173
car1,E,OL+BDC,0.25,0,none,0.5,2,-0.136212505729487
car1,E,OL+BDC,0.25,0,balanced,0,2,-0.122384451033463
car1,E,OL+BDC,0.25,0,more of flat,0.5,2,-0.19118900672638
car1,E,OL+BDC,0.25,0,more of biased,0.5,2,-0.150367077267476
car1,E,OL+BDC,0.25,0,high dropout,0,2,-0.120411316360543
car1,E,OL+BDC,0.3,0,none,0.5,2,-0.145460588616571
car1,E,OL+BDC,0.3,0,balanced,0,2,-0.143143689575871
car1,E,OL+BDC,0.3,0,more of flat,0,2,-0.130772844520134
car1,E,OL+BDC,0.3,0,more of biased,0,2,-0.104101382821584
car1,E,OL+BDC,0.3,0,high dropout,0,2,-0.0393043521326536
car1,E,OL+BDC,0,0.1,none,0,2,-0.0371218730630715
car1,E,OL+BDC,0,0.1,balanced,0,2,-0.0196385922843501
car1,E,OL+BDC,0,0.1,more of flat,0,2,-0.0416704840096638
car1,E,OL+BDC,0,0.1,more of biased,0,2,0.00017087470144117
car1,E,OL+BDC,0,0.1,high dropout,0,2,-0.136730993357853
car1,E,OL+BDC,0.25,0.1,none,0,2,-0.0293258490562423
car1,E,OL+BDC,0.25,0.1,balanced,0,2,-0.0340852199418024
car1,E,OL+BDC,0.25,0.1,more of flat,0,2,0.00331223768445255
car1,E,OL+BDC,0.25,0.1,more of biased,0,2,-0.0108440549667679
car1,E,OL+BDC,0.25,0.1,high dropout,0,2,0.0178623583011476
car1,E,OL+BDC,0.3,0.1,none,0.5,2,-0.163844713715976
car1,E,OL+BDC,0.3,0.1,balanced,0.5,2,-0.166609455768801
car1,E,OL+BDC,0.3,0.1,more of flat,1,2,-0.270311365875115
car1,E,OL+BDC,0.3,0.1,more of biased,0.5,2,-0.148864146743773
car1,E,OL+BDC,0.3,0.1,high dropout,0,2,-0.0748770956965815
car1,E,OL+BDC,0,0.2,none,0.5,2,-0.088758473127339
car1,E,OL+BDC,0,0.2,balanced,0,2,-0.0724243081104888
car1,E,OL+BDC,0,0.2,more of flat,0,2,-0.0636985182450927
car1,E,OL+BDC,0,0.2,more of biased,0,2,-0.0614749537531816
car1,E,OL+BDC,0,0.2,high dropout,0,2,-0.0521870451606821
car1,E,OL+BDC,0.25,0.2,none,0,2,-0.0930387965335714
car1,E,OL+BDC,0.25,0.2,balanced,0,2,-0.110644860951084
car1,E,OL+BDC,0.25,0.2,more of flat,0,2,-0.104956685934426
car1,E,OL+BDC,0.25,0.2,more of biased,0,2,-0.102832744782858
car1,E,OL+BDC,0.25,0.2,high dropout,0,2,-0.0761372558652887
car1,E,OL+BDC,0.3,0.2,none,0.5,2,-0.146152462620171
car1,E,OL+BDC,0.3,0.2,balanced,0.5,2,-0.173092564314553
car1,E,OL+BDC,0.3,0.2,more of flat,0.5,2,-0.168472595900523
car1,E,OL+BDC,0.3,0.2,more of biased,0.5,2,-0.176649242266637
car1,E,OL+BDC,0.3,0.2,high dropout,0,2,-0.221745198929409
car1,E,OL+BDC,0,0.5,none,0,2,0.0574092315517507
car1,E,OL+BDC,0,0.5,balanced,0,2,0.086490603644152
car1,E,OL+BDC,0,0.5,more of flat,0,2,0.064994972203393
car1,E,OL+BDC,0,0.5,more of biased,0,2,0.0712355642886701
car1,E,OL+BDC,0,0.5,high dropout,0,2,0.0501868767207719
car1,E,OL+BDC,0.25,0.5,none,0.5,2,-0.198368646937763
car1,E,OL+BDC,0.25,0.5,balanced,0.5,2,-0.187575217988309
car1,E,OL+BDC,0.25,0.5,more of flat,0.5,2,-0.184042133005806
car1,E,OL+BDC,0.25,0.5,more of biased,0.5,2,-0.192427678045369
car1,E,OL+BDC,0.25,0.5,high dropout,0.5,2,-0.189736551804887
car1,E,OL+BDC,0.3,0.5,none,1,2,-0.266498315744159
car1,E,OL+BDC,0.3,0.5,balanced,1,2,-0.286022715340197
car1,E,OL+BDC,0.3,0.5,more of flat,1,2,-0.262633173496908
car1,E,OL+BDC,0.3,0.5,more of biased,1,2,-0.260827128317486
car1,E,OL+BDC,0.3,0.5,high dropout,1,2,-0.250216752232865
car1,E,OL+BDC,0,1,none,0,2,0.0929980801476727
car1,E,OL+BDC,0,1,balanced,0,2,0.113194848821512
car1,E,OL+BDC,0,1,more of flat,0.5,2,0.124732792941898
car1,E,OL+BDC,0,1,more of biased,0,2,0.116431691802015
car1,E,OL+BDC,0,1,high dropout,0,2,0.0727071585833389
car1,E,OL+BDC,0.25,1,none,0.5,2,-0.173783915459306
car1,E,OL+BDC,0.25,1,balanced,0,2,-0.154457672860432
car1,E,OL+BDC,0.25,1,more of flat,0.5,2,-0.218036296453885
car1,E,OL+BDC,0.25,1,more of biased,0.5,2,-0.196614854651781
car1,E,OL+BDC,0.25,1,high dropout,0,2,-0.159842041677393
car1,E,OL+BDC,0.3,1,none,0.5,2,-0.130477644363034
car1,E,OL+BDC,0.3,1,balanced,0,2,-0.0864721330891849
car1,E,OL+BDC,0.3,1,more of flat,0.5,2,-0.165933978549283
car1,E,OL+BDC,0.3,1,more of biased,0,2,-0.097333925054954
car1,E,OL+BDC,0.3,1,high dropout,0,2,-0.0927683939118237
car1,E,CO,0,0,none,0.5,2,-0.122796935711376
car1,E,CO,0,0,balanced,0.5,2,-0.099314748178927
car1,E,CO,0,0,more of flat,0.5,2,-0.157932263878719
car1,E,CO,0,0,more of biased,0.5,2,-0.170489765432894
car1,E,CO,0,0,high dropout,0,2,-0.128857106274004
car1,E,CO,0.25,0,none,0.5,2,-0.166310059624516
car1,E,CO,0.25,0,balanced,0.5,2,-0.163837715103738
car1,E,CO,0.25,0,more of flat,0.5,2,-0.144961060353023
car1,E,CO,0.25,0,more of biased,0.5,2,-0.150281479996016
car1,E,CO,0.25,0,high dropout,0.5,2,-0.0937616168112214
car1,E,CO,0.3,0,none,0.5,2,-0.173368967373335
car1,E,CO,0.3,0,balanced,0.5,2,-0.132687158937741
car1,E,CO,0.3,0,more of flat,0.5,2,-0.138579019094267
car1,E,CO,0.3,0,more of biased,0.5,2,-0.181632322637214
car1,E,CO,0.3,0,high dropout,0.5,2,-0.232965778055131
car1,E,CO,0,0.1,none,0,2,-0.0549993849434615
car1,E,CO,0,0.1,balanced,0,2,-0.108499931421829
car1,E,CO,0,0.1,more of flat,0,2,-0.0347784370923232
car1,E,CO,0,0.1,more of biased,0,2,-0.0565001372600471
car1,E,CO,0,0.1,high dropout,0,2,-0.0631783378221269
car1,E,CO,0.25,0.1,none,0,2,-0.147026117408384
car1,E,CO,0.25,0.1,balanced,0.5,2,-0.183260526293939
car1,E,CO,0.25,0.1,more of flat,0,2,-0.17382561952857
car1,E,CO,0.25,0.1,more of biased,0,2,-0.155755606048678
car1,E,CO,0.25,0.1,high dropout,0,2,-0.139966976659016
car1,E,CO,0.3,0.1,none,1,2,-0.165931461350364
car1,E,CO,0.3,0.1,balanced,0,2,-0.145077867913045
car1,E,CO,0.3,0.1,more of flat,0,2,-0.139871732673485
car1,E,CO,0.3,0.1,more of biased,0,2,-0.152047168878785
car1,E,CO,0.3,0.1,high dropout,0,2,-0.134483495081979
car1,E,CO,0,0.2,none,0,2,-0.0159500073803715
car1,E,CO,0,0.2,balanced,0,2,0.0510418055841796
car1,E,CO,0,0.2,more of flat,0,2,0.0152035038098837
car1,E,CO,0,0.2,more of biased,0,2,-0.0372917724022002
car1,E,CO,0,0.2,high dropout,0,2,0.0348225294936541
car1,E,CO,0.25,0.2,none,0.5,2,-0.139519526630836
car1,E,CO,0.25,0.2,balanced,0,2,-0.116888824570396
car1,E,CO,0.25,0.2,more of flat,0.5,2,-0.135094265870168
car1,E,CO,0.25,0.2,more of biased,0,2,-0.120575829178038
car1,E,CO,0.25,0.2,high dropout,0.5,2,-0.212911021025681
car1,E,CO,0.3,0.2,none,1,2,-0.274859400169414
car1,E,CO,0.3,0.2,balanced,1,2,-0.323652151094161
car1,E,CO,0.3,0.2,more of flat,0.5,2,-0.247057998030653
car1,E,CO,0.3,0.2,more of biased,0.5,2,-0.247507536400547
car1,E,CO,0.3,0.2,high dropout,0.5,2,-0.285288751242941
car1,E,CO,0,0.5,none,0.5,2,0.0914857465385844
car1,E,CO,0,0.5,balanced,0,2,0.0520567592156845
car1,E,CO,0,0.5,more of flat,0.5,2,0.0709508804011608
car1,E,CO,0,0.5,more of biased,0,2,0.138988883223143
car1,E,CO,0,0.5,high dropout,0,2,0.145178341692045
car1,E,CO,0.25,0.5,none,0,2,-0.109124017720044
car1,E,CO,0.25,0.5,balanced,0,2,-0.120816147974733
car1,E,CO,0.25,0.5,more of flat,0,2,-0.118727678625833
car1,E,CO,0.25,0.5,more of biased,0.5,2,-0.215648959591909
car1,E,CO,0.25,0.5,high dropout,0,2,-0.11410234759532
car1,E,CO,0.3,0.5,none,0,2,-0.124703630805106
car1,E,CO,0.3,0.5,balanced,0,2,-0.101859241465043
car1,E,CO,0.3,0.5,more of flat,0,2,-0.125577752913058
car1,E,CO,0.3,0.5,more of biased,0.5,2,-0.135654465780331
car1,E,CO,0.3,0.5,high dropout,0,2,-0.036293151886331
car1,E,CO,0,1,none,0,2,0.0377040886700104
car1,E,CO,0,1,balanced,0,2,0.0617726174822434
car1,E,CO,0,1,more of flat,0,2,0.0421404682182686
car1,E,CO,0,1,more of biased,0,2,0.0282119033984193
car1,E,CO,0,1,high dropout,0,2,0.0530542904032193
car1,E,CO,0.25,1,none,0.5,2,-0.202384323229298
car1,E,CO,0.25,1,balanced,0.5,2,-0.171249288200699
car1,E,CO,0.25,1,more of flat,0.5,2,-0.199226906397741
car1,E,CO,0.25,1,more of biased,1,2,-0.220105142210605
car1,E,CO,0.25,1,high dropout,0.5,2,-0.237881104594046
car1,E,CO,0.3,1,none,0.5,2,-0.143519608394793
car1,E,CO,0.3,1,balanced,0.5,2,-0.191446706632781
car1,E,CO,0.3,1,more of flat,0,2,-0.138764773691614
car1,E,CO,0.3,1,more of biased,0.5,2,-0.174746025195417
car1,E,CO,0.3,1,high dropout,0,2,-0.113679212676046
car1,E,N-of-1,0,0,none,0,2,-0.000452909946774971
car1,E,N-of-1,0,0,balanced,0,2,-0.00403029800926882
car1,E,N-of-1,0,0,more of flat,0,2,-0.0443140585908272
car1,E,N-of-1,0,0,more of biased,0,2,-0.0246147087480004
car1,E,N-of-1,0,0,high dropout,0,2,-0.0220986524495405
car1,E,N-of-1,0.25,0,none,1,2,-0.189170965877207
car1,E,N-of-1,0.25,0,balanced,1,2,-0.161967471189192
car1,E,N-of-1,0.25,0,more of flat,1,2,-0.202981339732791
car1,E,N-of-1,0.25,0,more of biased,1,2,-0.187007505655983
car1,E,N-of-1,0.25,0,high dropout,0.5,2,-0.188267043645124
car1,E,N-of-1,0.3,0,none,0.5,2,-0.104562490387781
car1,E,N-of-1,0.3,0,balanced,0.5,2,-0.108009035174536
car1,E,N-of-1,0.3,0,more of flat,0.5,2,-0.0766952521805305
car1,E,N-of-1,0.3,0,more of biased,0.5,2,-0.0772530139706539
car1,E,N-of-1,0.3,0,high dropout,0.5,2,-0.20810200372489
car1,E,N-of-1,0,0.1,none,0,2,-0.00327355964639526
car1,E,N-of-1,0,0.1,balanced,0,2,0.0249702925904076
car1,E,N-of-1,0,0.1,more of flat,0,2,0.0357670061393821
car1,E,N-of-1,0,0.1,more of biased,0,2,0.0164432548845251
car1,E,N-of-1,0,0.1,high dropout,0,2,0.0213309618581436
car1,E,N-of-1,0.25,0.1,none,0,2,-0.0785761557542688
car1,E,N-of-1,0.25,0.1,balanced,0,2,-0.0727324836754867
car1,E,N-of-1,0.25,0.1,more of flat,0,2,-0.0905106724873174
car1,E,N-of-1,0.25,0.1,more of biased,0,2,-0.0671957115564248
car1,E,N-of-1,0.25,0.1,high dropout,0,2,-0.0531423349138643
car1,E,N-of-1,0.3,0.1,none,0.5,2,-0.120591231896289
car1,E,N-of-1,0.3,0.1,balanced,0,2,-0.128138530081743
car1,E,N-of-1,0.3,0.1,more of flat,0,2,-0.0993557390030332
car1,E,N-of-1,0.3,0.1,more of biased,1,2,-0.192603012040893
car1,E,N-of-1,0.3,0.1,high dropout,0,2,-0.176998019412533
car1,E,N-of-1,0,0.2,none,0,2,-0.0332301306996514
car1,E,N-of-1,0,0.2,balanced,0,2,-0.0236019691437895
car1,E,N-of-1,0,0.2,more of flat,0,2,-0.0583338839512221
car1,E,N-of-1,0,0.2,more of biased,0,2,-0.0584759469435645
car1,E,N-of-1,0,0.2,high dropout,0,2,0.0384842391154172
car1,E,N-of-1,0.25,0.2,none,0.5,2,-0.173515394284927
car1,E,N-of-1,0.25,0.2,balanced,0.5,2,-0.213028037255361
car1,E,N-of-1,0.25,0.2,more of flat,0.5,2,-0.19132636828136
car1,E,N-of-1,0.25,0.2,more of biased,0.5,2,-0.177767487413301
car1,E,N-of-1,0.25,0.2,high dropout,0.5,2,-0.150174126586398
car1,E,N-of-1,0.3,0.2,none,0.5,2,-0.12376136667582
car1,E,N-of-1,0.3,0.2,balanced,0.5,2,-0.111836286218983
car1,E,N-of-1,0.3,0.2,more of flat,0.5,2,-0.111083131387605
car1,E,N-of-1,0.3,0.2,more of biased,0.5,2,-0.127635808665553
car1,E,N-of-1,0.3,0.2,high dropout,0.5,2,-0.114565329658095
car1,E,N-of-1,0,0.5,none,0,2,-0.044313114051044
car1,E,N-of-1,0,0.5,balanced,0,2,-0.0629353671395142
car1,E,N-of-1,0,0.5,more of flat,0,2,-0.0306317611388114
car1,E,N-of-1,0,0.5,more of biased,0,2,-0.0440614687017849
car1,E,N-of-1,0,0.5,high dropout,0,2,-0.0417792463844365
car1,E,N-of-1,0.25,0.5,none,0.5,2,-0.144647365574526
car1,E,N-of-1,0.25,0.5,balanced,1,2,-0.166668450392782
car1,E,N-of-1,0.25,0.5,more of flat,0.5,2,-0.100944979644411
car1,E,N-of-1,0.25,0.5,more of biased,0.5,2,-0.128142973812023
car1,E,N-of-1,0.25,0.5,high dropout,0,2,-0.0698572788041358
car1,E,N-of-1,0.3,0.5,none,1,2,-0.174388853873696
car1,E,N-of-1,0.3,0.5,balanced,0.5,2,-0.161840826615082
car1,E,N-of-1,0.3,0.5,more of flat,0.5,2,-0.166083953575574
car1,E,N-of-1,0.3,0.5,more of biased,1,2,-0.200503155325957
car1,E,N-of-1,0.3,0.5,high dropout,0,2,-0.0990580504455617
car1,E,N-of-1,0,1,none,0,2,-0.0450461913444307
car1,E,N-of-1,0,1,balanced,0,2,-0.0438563155086264
car1,E,N-of-1,0,1,more of flat,0,2,-0.00325802234293128
car1,E,N-of-1,0,1,more of biased,0,2,-0.0239429263932773
car1,E,N-of-1,0,1,high dropout,0,2,-0.0514452402489591
car1,E,N-of-1,0.25,1,none,1,2,-0.193901026462405
car1,E,N-of-1,0.25,1,balanced,1,2,-0.239956559856016
car1,E,N-of-1,0.25,1,more of flat,1,2,-0.195012017131788
car1,E,N-of-1,0.25,1,more of biased,1,2,-0.199013643239265
car1,E,N-of-1,0.25,1,high dropout,1,2,-0.241352241113468
car1,E,N-of-1,0.3,1,none,0.5,2,-0.170873139882125
car1,E,N-of-1,0.3,1,balanced,0.5,2,-0.177420657437993
car1,E,N-of-1,0.3,1,more of flat,0.5,2,-0.199824751170119
car1,E,N-of-1,0.3,1,more of biased,0.5,2,-0.195724651790279
car1,E,N-of-1,0.3,1,high dropout,0.5,2,-0.173350468550228
car1,F,OL,0,0,none,0,2,0.00143472946384751
car1,F,OL,0,0,balanced,0,2,-0.00122479904701814
car1,F,OL,0,0,more of flat,0,2,-0.00161771155081681
car1,F,OL,0,0,more of biased,0,2,0.0031610573278589
car1,F,OL,0,0,high dropout,0,2,-0.00497947907638785
car1,F,OL,0.25,0,none,0,2,0.000677069648236912
car1,F,OL,0.25,0,balanced,0,2,0.00035378759401367
car1,F,OL,0.25,0,more of flat,0,2,0.000605382121260011
car1,F,OL,0.25,0,more of biased,0,2,-0.001006451784691
car1,F,OL,0.25,0,high dropout,0,2,0.0142241140372748
car1,F,OL,0.3,0,none,0,2,-0.0109352627715313
car1,F,OL,0.3,0,balanced,0,2,-0.0164783797106627
car1,F,OL,0.3,0,more of flat,0,2,-0.0158150650057931
car1,F,OL,0.3,0,more of biased,0,2,-0.0102875606458788
car1,F,OL,0.3,0,high dropout,0.5,2,-0.0268200882614157
car1,F,OL,0,0.1,none,0,2,0.00368468824904417
car1,F,OL,0,0.1,balanced,0,2,-0.0050997559114322
car1,F,OL,0,0.1,more of flat,0,2,0.00543182195443469
car1,F,OL,0,0.1,more of biased,0,2,0.00466905311891744
car1,F,OL,0,0.1,high dropout,0,2,-0.000189460264020155
car1,F,OL,0.25,0.1,none,0,2,0.00311621595790405
car1,F,OL,0.25,0.1,balanced,0,2,-0.000379342750565805
car1,F,OL,0.25,0.1,more of flat,0,2,-0.00172273908047196
car1,F,OL,0.25,0.1,more of biased,0,2,0.00118857028016843
car1,F,OL,0.25,0.1,high dropout,0,2,-0.0214609292551609
car1,F,OL,0.3,0.1,none,0.5,2,-0.0153496391124578
car1,F,OL,0.3,0.1,balanced,0,2,-0.0116329216843721
car1,F,OL,0.3,0.1,more of flat,0,2,-0.0159012738108452
car1,F,OL,0.3,0.1,more of biased,0,2,-0.00907742706506695
car1,F,OL,0.3,0.1,high dropout,0.5,2,-0.0271996602960197
car1,F,OL,0,0.2,none,0,2,-0.00887517014666128
car1,F,OL,0,0.2,balanced,0,2,-0.00709392834414745
car1,F,OL,0,0.2,more of flat,0,2,-0.00451380864569051
car1,F,OL,0,0.2,more of biased,0,2,-0.00702600758378783
car1,F,OL,0,0.2,high dropout,0,2,-0.0174820259175528
car1,F,OL,0.25,0.2,none,0,2,-0.00374316383125243
car1,F,OL,0.25,0.2,balanced,0,2,-0.00181140380826839
car1,F,OL,0.25,0.2,more of flat,0,2,-0.010279572811458
car1,F,OL,0.25,0.2,more of biased,0,2,-0.00945324775076138
car1,F,OL,0.25,0.2,high dropout,0,2,-0.00806662608510003
car1,F,OL,0.3,0.2,none,0,2,0.00267048475192967
car1,F,OL,0.3,0.2,balanced,0,2,-0.000750117245327103
car1,F,OL,0.3,0.2,more of flat,0,2,0.00232100351019451
car1,F,OL,0.3,0.2,more of biased,0,2,0.00331621688739605
car1,F,OL,0.3,0.2,high dropout,0,2,0.00789615829093043
car1,F,OL,0,0.5,none,0,2,0.000119837416019729
car1,F,OL,0,0.5,balanced,0,2,0.00281614197350954
car1,F,OL,0,0.5,more of flat,0,2,0.00130864712462306
car1,F,OL,0,0.5,more of biased,0,2,-0.00244679610068667
car1,F,OL,0,0.5,high dropout,0,2,-0.00262732375850651
car1,F,OL,0.25,0.5,none,0,2,-0.0046445177955826
car1,F,OL,0.25,0.5,balanced,0,2,-0.00271105291376489
car1,F,OL,0.25,0.5,more of flat,0,2,-0.000268673098119391
car1,F,OL,0.25,0.5,more of biased,0,2,-0.00247294826321584
car1,F,OL,0.25,0.5,high dropout,0,2,-0.00619431917131287
car1,F,OL,0.3,0.5,none,0,2,0.00241300073560394
car1,F,OL,0.3,0.5,balanced,0,2,0.00397627284659322
car1,F,OL,0.3,0.5,more of flat,0,2,-0.00136409567178136
car1,F,OL,0.3,0.5,more of biased,0,2,0.000115725350057679
car1,F,OL,0.3,0.5,high dropout,0,2,0.00250243409018268
car1,F,OL,0,1,none,0,2,0.000557129582205364
car1,F,OL,0,1,balanced,0,2,0.00797067692731294
car1,F,OL,0,1,more of flat,0,2,0.00176399237326853
car1,F,OL,0,1,more of biased,0,2,-0.00149018499365238
car1,F,OL,0,1,high dropout,0,2,-0.000395393226095835
car1,F,OL,0.25,1,none,0.5,2,-0.00983350683146239
car1,F,OL,0.25,1,balanced,0.5,2,-0.0173460184081671
car1,F,OL,0.25,1,more of flat,0.5,2,-0.00518102285378455
car1,F,OL,0.25,1,more of biased,0,2,-0.00364105746803165
car1,F,OL,0.25,1,high dropout,0,2,-0.00208935773846095
car1,F,OL,0.3,1,none,0,2,-0.00547505565758165
car1,F,OL,0.3,1,balanced,0,2,-0.00785449417465284
car1,F,OL,0.3,1,more of flat,0,2,-0.000471340489955894
car1,F,OL,0.3,1,more of biased,0,2,-0.00169846862240509
car1,F,OL,0.3,1,high dropout,0,2,-0.00267966953813106
car1,F,OL+BDC,0,0,none,0,2,-0.108543853273617
car1,F,OL+BDC,0,0,balanced,0,2,-0.121998263233488
car1,F,OL+BDC,0,0,more of flat,0,2,-0.0873127409909015
car1,F,OL+BDC,0,0,more of biased,0,2,-0.127728601644482
car1,F,OL+BDC,0,0,high dropout,0,2,-0.137007513295122
car1,F,OL+BDC,0.25,0,none,0,2,-0.110169389223721
car1,F,OL+BDC,0.25,0,balanced,0,2,-0.123888131812123
car1,F,OL+BDC,0.25,0,more of flat,0.5,2,-0.164737499922953
car1,F,OL+BDC,0.25,0,more of biased,0,2,-0.120365668982899
car1,F,OL+BDC,0.25,0,high dropout,0.5,2,-0.185032014422394
car1,F,OL+BDC,0.3,0,none,1,2,-0.183675758170648
car1,F,OL+BDC,0.3,0,balanced,0.5,2,-0.180829652797161
car1,F,OL+BDC,0.3,0,more of flat,0.5,2,-0.191243788810132
car1,F,OL+BDC,0.3,0,more of biased,1,2,-0.209258300905587
car1,F,OL+BDC,0.3,0,high dropout,0,2,-0.162746678326158
car1,F,OL+BDC,0,0.1,none,0,2,0.0249301214810686
car1,F,OL+BDC,0,0.1,balanced,0,2,0.0121437741052908
car1,F,OL+BDC,0,0.1,more of flat,0,2,0.0503377173870605
car1,F,OL+BDC,0,0.1,more of biased,0,2,-0.00170079498215815
car1,F,OL+BDC,0,0.1,high dropout,0,2,0.146055377236538
car1,F,OL+BDC,0.25,0.1,none,0.5,2,-0.12512356931873
car1,F,OL+BDC,0.25,0.1,balanced,0.5,2,-0.174434724093916
car1,F,OL+BDC,0.25,0.1,more of flat,0.5,2,-0.0976449755955262
car1,F,OL+BDC,0.25,0.1,more of biased,0.5,2,-0.174357790366614
car1,F,OL+BDC,0.25,0.1,high dropout,0.5,2,-0.28059195210134
car1,F,OL+BDC,0.3,0.1,none,0.5,2,-0.156239912694493
car1,F,OL+BDC,0.3,0.1,balanced,1,2,-0.218113505725228
car1,F,OL+BDC,0.3,0.1,more of flat,0,2,-0.114623103936808
car1,F,OL+BDC,0.3,0.1,more of biased,0.5,2,-0.174469924379749
car1,F,OL+BDC,0.3,0.1,high dropout,0,2,0.0057933110903506
car1,F,OL+BDC,0,0.2,none,0,2,0.12081233020635
car1,F,OL+BDC,0,0.2,balanced,0,2,0.101253108785797
car1,F,OL+BDC,0,0.2,more of flat,0.5,2,0.108375770742277
car1,F,OL+BDC,0,0.2,more of biased,0,2,0.0989607114999596
car1,F,OL+BDC,0,0.2,high dropout,0,2,0.214877317365838
car1,F,OL+BDC,0.25,0.2,none,0.5,2,-0.135510748372749
car1,F,OL+BDC,0.25,0.2,balanced,0,2,-0.0928535070757686
car1,F,OL+BDC,0.25,0.2,more of flat,0,2,-0.138833081862299
car1,F,OL+BDC,0.25,0.2,more of biased,0.5,2,-0.127258763256179
car1,F,OL+BDC,0.25,0.2,high dropout,0,2,-0.0992971114848571
car1,F,OL+BDC,0.3,0.2,none,0.5,2,-0.141377105575744
car1,F,OL+BDC,0.3,0.2,balanced,0.5,2,-0.141944024251838
car1,F,OL+BDC,0.3,0.2,more of flat,0,2,-0.167370374830712
car1,F,OL+BDC,0.3,0.2,more of biased,0,2,-0.123041149175618
car1,F,OL+BDC,0.3,0.2,high dropout,0,2,-0.103796558859723
car1,F,OL+BDC,0,0.5,none,0,2,-0.0455897241086497
car1,F,OL+BDC,0,0.5,balanced,0,2,-0.0310353238685996
car1,F,OL+BDC,0,0.5,more of flat,0,2,-0.022957663102879
car1,F,OL+BDC,0,0.5,more of biased,0,2,-0.0572171290792963
car1,F,OL+BDC,0,0.5,high dropout,0,2,-0.00509389028543782
car1,F,OL+BDC,0.25,0.5,none,0,2,-0.114652902092193
car1,F,OL+BDC,0.25,0.5,balanced,0,2,-0.130503414631079
car1,F,OL+BDC,0.25,0.5,more of flat,0,2,-0.094795905982361
car1,F,OL+BDC,0.25,0.5,more of biased,0,2,-0.12199093433147
car1,F,OL+BDC,0.25,0.5,high dropout,0.5,2,-0.210885161388285
car1,F,OL+BDC,0.3,0.5,none,0,2,-0.0467174269696733
car1,F,OL+BDC,0.3,0.5,balanced,0,2,-0.0597758263519801
car1,F,OL+BDC,0.3,0.5,more of flat,0,2,0.030481504849276
car1,F,OL+BDC,0.3,0.5,more of biased,0.5,2,-0.0778557782568743
car1,F,OL+BDC,0.3,0.5,high dropout,0,2,-0.00586249388072713
car1,F,OL+BDC,0,1,none,0,2,0.0657354017476221
car1,F,OL+BDC,0,1,balanced,0.5,2,0.108689066134389
car1,F,OL+BDC,0,1,more of flat,0,2,0.118080953268142
car1,F,OL+BDC,0,1,more of biased,0,2,0.0524665313137417
car1,F,OL+BDC,0,1,high dropout,0,2,0.0558485166601526
car1,F,OL+BDC,0.25,1,none,0.5,2,-0.195194490268232
car1,F,OL+BDC,0.25,1,balanced,0.5,2,-0.205715739172783
car1,F,OL+BDC,0.25,1,more of flat,0.5,2,-0.148976230750821
car1,F,OL+BDC,0.25,1,more of biased,0.5,2,-0.231458252605107
car1,F,OL+BDC,0.25,1,high dropout,0,2,-0.218980879822841
car1,F,OL+BDC,0.3,1,none,0.5,2,-0.130503427286614
car1,F,OL+BDC,0.3,1,balanced,0.5,2,-0.139865128139546
car1,F,OL+BDC,0.3,1,more of flat,0,2,-0.0819825254988453
car1,F,OL+BDC,0.3,1,more of biased,0.5,2,-0.206525991839361
car1,F,OL+BDC,0.3,1,high dropout,0,2,-0.110993083681928
car1,F,CO,0,0,none,0,2,0.0295814189287439
car1,F,CO,0,0,balanced,0,2,0.0292756183779179
car1,F,CO,0,0,more of flat,0,2,-0.00452901226730996
car1,F,CO,0,0,more of biased,0,2,-0.00677758682960102
car1,F,CO,0,0,high dropout,0,2,0.0271393781937008
car1,F,CO,0.25,0,none,0.5,2,-0.141180199388494
car1,F,CO,0.25,0,balanced,0.5,2,-0.182312535541661
car1,F,CO,0.25,0,more of flat,0.5,2,-0.175256539575008
car1,F,CO,0.25,0,more of biased,0.5,2,-0.155490693420585
car1,F,CO,0.25,0,high dropout,0.5,2,-0.123179216160037
car1,F,CO,0.3,0,none,0,2,-0.065745531454273
car1,F,CO,0.3,0,balanced,0,2,-0.0557026714368728
car1,F,CO,0.3,0,more of flat,0,2,-0.066384853069492
car1,F,CO,0.3,0,more of biased,0,2,-0.00659434048057824
car1,F,CO,0.3,0,high dropout,0,2,-0.129387918626924
car1,F,CO,0,0.1,none,0,2,0.00816581188478849
car1,F,CO,0,0.1,balanced,0,2,0.049529966132121
car1,F,CO,0,0.1,more of flat,0,2,0.00258444259607473
car1,F,CO,0,0.1,more of biased,0,2,0.00569383924642256
car1,F,CO,0,0.1,high dropout,0,2,0.0441705425262753
car1,F,CO,0.25,0.1,none,0,2,-0.0696858043007459
car1,F,CO,0.25,0.1,balanced,0,2,-0.0651516913323344
car1,F,CO,0.25,0.1,more of flat,0,2,-0.056875161251048
car1,F,CO,0.25,0.1,more of biased,0,2,-0.148100018839895
car1,F,CO,0.25,0.1,high dropout,0,2,-0.0493402655525105
car1,F,CO,0.3,0.1,none,1,2,-0.223789956760184
car1,F,CO,0.3,0.1,balanced,1,2,-0.233761645396671
car1,F,CO,0.3,0.1,more of flat,1,2,-0.234132310159708
car1,F,CO,0.3,0.1,more of biased,1,2,-0.223615546988085
car1,F,CO,0.3,0.1,high dropout,0.5,2,-0.154048831038494
car1,F,CO,0,0.2,none,0,2,0.0901533509008984
car1,F,CO,0,0.2,balanced,0,2,0.152327271013908
car1,F,CO,0,0.2,more of flat,0,2,0.151623454563515
car1,F,CO,0,0.2,more of biased,0,2,0.111987485418766
car1,F,CO,0,0.2,high dropout,0,2,0.173796684359297
car1,F,CO,0.25,0.2,none,1,2,-0.257655838033079
car1,F,CO,0.25,0.2,balanced,0.5,2,-0.240680455161122
car1,F,CO,0.25,0.2,more of flat,1,2,-0.283219459165346
car1,F,CO,0.25,0.2,more of biased,0.5,2,-0.195771360061066
car1,F,CO,0.25,0.2,high dropout,0,2,-0.137108197173462
car1,F,CO,0.3,0.2,none,0,2,-0.0128390704753825
car1,F,CO,0.3,0.2,balanced,0,2,0.0169995833402094
car1,F,CO,0.3,0.2,more of flat,0,2,0.0400480078371892
car1,F,CO,0.3,0.2,more of biased,0,2,-0.0315226773903192
car1,F,CO,0.3,0.2,high dropout,0,2,0.00844976946457657
car1,F,CO,0,0.5,none,0.5,2,-0.0974985638835155
car1,F,CO,0,0.5,balanced,0.5,2,-0.0828566831602685
car1,F,CO,0,0.5,more of flat,0.5,2,-0.0283726698803184
car1,F,CO,0,0.5,more of biased,0.5,2,-0.0893297336138835
car1,F,CO,0,0.5,high dropout,0,2,-0.144822556643982
car1,F,CO,0.25,0.5,none,0,2,-0.115084376592969
car1,F,CO,0.25,0.5,balanced,0,2,-0.12969162596211
car1,F,CO,0.25,0.5,more of flat,0,2,-0.085976728568442
car1,F,CO,0.25,0.5,more of biased,0,2,-0.0597595184776943
car1,F,CO,0.25,0.5,high dropout,0,2,-0.210971943067958
car1,F,CO,0.3,0.5,none,1,2,-0.227020300033726
car1,F,CO,0.3,0.5,balanced,1,2,-0.24473520360018
car1,F,CO,0.3,0.5,more of flat,1,2,-0.216092882223077
car1,F,CO,0.3,0.5,more of biased,1,2,-0.220015230355644
car1,F,CO,0.3,0.5,high dropout,1,2,-0.31515787247463
car1,F,CO,0,1,none,0,2,0.0629207791191147
car1,F,CO,0,1,balanced,0,2,0.0570253755631391
car1,F,CO,0,1,more of flat,0.5,2,0.0958217790103645
car1,F,CO,0,1,more of biased,0,2,0.0439400884676308
car1,F,CO,0,1,high dropout,0,2,0.0499367672910787
car1,F,CO,0.25,1,none,0,2,-0.01835775839145
car1,F,CO,0.25,1,balanced,0,2,-0.0109375381179009
car1,F,CO,0.25,1,more of flat,0.5,2,-0.0208986143977363
car1,F,CO,0.25,1,more of biased,0,2,-0.0259073905073048
car1,F,CO,0.25,1,high dropout,0,2,-0.0631681099552436
car1,F,CO,0.3,1,none,0.5,2,-0.144078724729868
car1,F,CO,0.3,1,balanced,0.5,2,-0.130462877404816
car1,F,CO,0.3,1,more of flat,0,2,-0.0977288200221512
car1,F,CO,0.3,1,more of biased,0.5,2,-0.138265651920724
car1,F,CO,0.3,1,high dropout,0,2,-0.113358785492773
car1,F,N-of-1,0,0,none,0,2,-0.014920540903472
car1,F,N-of-1,0,0,balanced,0,2,-0.0208596981415263
car1,F,N-of-1,0,0,more of flat,0,2,-0.0156509332892304
car1,F,N-of-1,0,0,more of biased,0,2,-0.0308295914893576
car1,F,N-of-1,0,0,high dropout,0,2,-0.0288404777684774
car1,F,N-of-1,0.25,0,none,0.5,2,-0.151421716947119
car1,F,N-of-1,0.25,0,balanced,0.5,2,-0.172441846786157
car1,F,N-of-1,0.25,0,more of flat,0.5,2,-0.181805897377387
car1,F,N-of-1,0.25,0,more of biased,0.5,2,-0.168833694870397
car1,F,N-of-1,0.25,0,high dropout,0,2,-0.112408819676594
car1,F,N-of-1,0,0.1,none,0,2,0.0275478396192296
car1,F,N-of-1,0,0.1,balanced,0,2,0.00299716266460993
car1,F,N-of-1,0,0.1,more of flat,0,2,-0.0441777671655886
car1,F,N-of-1,0,0.1,more of biased,0,2,0.0140994586251818
car1,F,N-of-1,0,0.1,high dropout,0,2,0.0517059821541965
car1,F,N-of-1,0.25,0.1,none,0.5,2,-0.121500962109835
car1,F,N-of-1,0.25,0.1,balanced,0,2,-0.0821835516156263
car1,F,N-of-1,0.25,0.1,more of flat,0.5,2,-0.110155313892398
car1,F,N-of-1,0.25,0.1,more of biased,0,2,-0.125879326365657
car1,F,N-of-1,0.25,0.1,high dropout,0,2,-0.0781227278980485
car1,F,N-of-1,0,0.2,none,0,2,-0.038895782849483
car1,F,N-of-1,0,0.2,balanced,0,2,-0.0543719232080831
car1,F,N-of-1,0,0.2,more of flat,0,2,-0.0339382397598009
car1,F,N-of-1,0,0.2,more of biased,0,2,-0.0418239889272906
car1,F,N-of-1,0,0.2,high dropout,0,2,0.0136847474243448
car1,F,N-of-1,0.25,0.2,none,0.5,2,-0.13063321736735
car1,F,N-of-1,0.25,0.2,balanced,0.5,2,-0.183158903066791
car1,F,N-of-1,0.25,0.2,more of flat,0.5,2,-0.09608580361314
car1,F,N-of-1,0.25,0.2,more of biased,0,2,-0.102166871258253
car1,F,N-of-1,0.25,0.2,high dropout,0,2,-0.10950899038541
car1,F,N-of-1,0.3,0.2,none,0.5,2,-0.166720070254111
car1,F,N-of-1,0.3,0.2,balanced,0.5,2,-0.198831123768238
car1,F,N-of-1,0.3,0.2,more of flat,0.5,2,-0.186296974568184
car1,F,N-of-1,0.3,0.2,more of biased,0.5,2,-0.181690869572122
car1,F,N-of-1,0.3,0.2,high dropout,1,2,-0.221864164692559
car1,F,N-of-1,0,0.5,none,0,2,0.0255588072733765
car1,F,N-of-1,0,0.5,balanced,0,2,0.0190876638781511
car1,F,N-of-1,0,0.5,more of flat,0,2,0.0566176403225936
car1,F,N-of-1,0,0.5,more of biased,0,2,0.0404712792469471
car1,F,N-of-1,0,0.5,high dropout,0,2,0.00495229895724189
car1,F,N-of-1,0.25,0.5,none,0.5,2,-0.139712330762274
car1,F,N-of-1,0.25,0.5,balanced,0,2,-0.0860745660388263
car1,F,N-of-1,0.25,0.5,more of flat,0,2,-0.102427573738236
car1,F,N-of-1,0.25,0.5,more of biased,0,2,-0.149369134829876
car1,F,N-of-1,0.25,0.5,high dropout,0,2,-0.083274498784999
car1,F,N-of-1,0.3,0.5,none,0.5,2,-0.150942439035111
car1,F,N-of-1,0.3,0.5,balanced,1,2,-0.16443358120336
car1,F,N-of-1,0.3,0.5,more of flat,0.5,2,-0.157376890028156
car1,F,N-of-1,0.3,0.5,more of biased,0.5,2,-0.133403685738729
car1,F,N-of-1,0.3,0.5,high dropout,0,2,-0.0860930363082118
car1,F,N-of-1,0,1,none,0,2,0.013921215924503
car1,F,N-of-1,0,1,balanced,0,2,0.0236914568730977
car1,F,N-of-1,0,1,more of flat,0,2,0.00601530425413444
car1,F,N-of-1,0,1,more of biased,0,2,0.00427375847316471
car1,F,N-of-1,0,1,high dropout,0,2,0.0247659590582261
car1,F,N-of-1,0.25,1,none,0,2,-0.0555489505367901
car1,F,N-of-1,0.25,1,balanced,0,2,-0.03113573842842
car1,F,N-of-1,0.25,1,more of flat,0,2,-0.0715008861417087
car1,F,N-of-1,0.25,1,more of biased,0,2,0.00329175349266038
car1,F,N-of-1,0.25,1,high dropout,0,2,-0.0503282613140669
car1,F,N-of-1,0.3,1,none,0,2,-0.0514779457586961
car1,F,N-of-1,0.3,1,balanced,0,2,-0.0422696504217397
car1,F,N-of-1,0.3,1,more of flat,0.5,2,-0.0597980515267187
car1,F,N-of-1,0.3,1,more of biased,0,2,-0.0688364106108434
car1,F,N-of-1,0.3,1,high dropout,0,2,-0.0906748332028215
car1,S,OL,0,0,none,0,2,0.000444352914334625
car1,S,OL,0,0,balanced,0,2,-0.00231659759052007
car1,S,OL,0,0,more of flat,0,2,0.00359483879468461
car1,S,OL,0,0,more of biased,0,2,-0.00283003355539786
car1,S,OL,0,0,high dropout,0,2,0.0028197736853684
car1,S,OL,0.25,0,none,0,2,-0.00101283868194715
car1,S,OL,0.25,0,balanced,0,2,-0.000915298105689158
car1,S,OL,0.25,0,more of flat,0,2,0.00318415452428774
car1,S,OL,0.25,0,more of biased,0,2,-0.000554735480166696
car1,S,OL,0.25,0,high dropout,0,2,-0.00507164529642504
car1,S,OL,0.3,0,none,0,2,-0.00506881009079404
car1,S,OL,0.3,0,balanced,0,2,-0.00776890489145467
car1,S,OL,0.3,0,more of flat,0,2,-0.00629744368377735
car1,S,OL,0.3,0,more of biased,0,2,-0.0060828366458289
car1,S,OL,0.3,0,high dropout,0.5,2,-0.00988132561521664
car1,S,OL,0,0.1,none,0,2,-0.00124188730487781
car1,S,OL,0,0.1,balanced,0,2,-0.00107456452995656
car1,S,OL,0,0.1,more of flat,0,2,-0.00090365476994445
car1,S,OL,0,0.1,more of biased,0,2,-0.00460035387233396
car1,S,OL,0,0.1,high dropout,0,2,-0.00564605726519452
car1,S,OL,0.25,0.1,none,0,2,0.000130329657858631
car1,S,OL,0.25,0.1,balanced,0,2,-0.00271151854928653
car1,S,OL,0.25,0.1,more of flat,0,2,0.00207963315179869
car1,S,OL,0.25,0.1,more of biased,0,2,-0.000692110835653439
car1,S,OL,0.25,0.1,high dropout,0.5,2,-0.00754716002588524
car1,S,OL,0.3,0.1,none,0.5,2,-0.0105293302577209
car1,S,OL,0.3,0.1,balanced,0.5,2,-0.00980190159096644
car1,S,OL,0.3,0.1,more of flat,0.5,2,-0.0114773242311495
car1,S,OL,0.3,0.1,more of biased,0.5,2,-0.0114389358737754
car1,S,OL,0.3,0.1,high dropout,1,2,-0.0241133161471267
car1,S,OL,0,0.2,none,0,2,0.0011862624796529
car1,S,OL,0,0.2,balanced,0,2,0.0036689498550659
car1,S,OL,0,0.2,more of flat,0,2,0.00209305777142152
car1,S,OL,0,0.2,more of biased,0,2,0.00124289458374396
car1,S,OL,0,0.2,high dropout,0,2,-0.0173982791511518
car1,S,OL,0.25,0.2,none,0,2,-0.00291713293484766
car1,S,OL,0.25,0.2,balanced,0,2,-0.00172681091461142
car1,S,OL,0.25,0.2,more of flat,0,2,-0.00365669230104045
car1,S,OL,0.25,0.2,more of biased,0,2,-0.00124472898985142
car1,S,OL,0.25,0.2,high dropout,0,2,-0.00506997563015175
car1,S,OL,0.3,0.2,none,0,2,-0.00560514926323397
car1,S,OL,0.3,0.2,balanced,0,2,-0.00765674592513796
car1,S,OL,0.3,0.2,more of flat,0,2,-0.00579885113783233
car1,S,OL,0.3,0.2,more of biased,0,2,-0.00574366172948523
car1,S,OL,0.3,0.2,high dropout,0,2,-0.0034131907761925
car1,S,OL,0,0.5,none,0,2,0.000475269081835034
car1,S,OL,0,0.5,balanced,0,2,0.00061021419262029
car1,S,OL,0,0.5,more of flat,0,2,0.00157101963175265
car1,S,OL,0,0.5,more of biased,0,2,-0.00117987258457594
car1,S,OL,0,0.5,high dropout,0,2,0.000370489055820092
car1,S,OL,0.25,0.5,none,0.5,2,-0.0045824806581858
car1,S,OL,0.25,0.5,balanced,0.5,2,-0.00800584314329789
car1,S,OL,0.25,0.5,more of flat,0,2,-0.00404235761927562
car1,S,OL,0.25,0.5,more of biased,0.5,2,-0.0069844540528773
car1,S,OL,0.25,0.5,high dropout,0.5,2,-0.00618484325239641
car1,S,OL,0.3,0.5,none,0,2,-0.00415124493368179
car1,S,OL,0.3,0.5,balanced,0,2,-0.000753979730790155
car1,S,OL,0.3,0.5,more of flat,0,2,-0.00287635315028899
car1,S,OL,0.3,0.5,more of biased,0,2,-0.00591289423170456
car1,S,OL,0.3,0.5,high dropout,0.5,2,-0.0139807824950053
car1,S,OL,0,1,none,0,2,-0.00770231961538564
car1,S,OL,0,1,balanced,0,2,-0.0104126459714851
car1,S,OL,0,1,more of flat,0,2,-0.010379396305911
car1,S,OL,0,1,more of biased,0,2,-0.00853124686492387
car1,S,OL,0,1,high dropout,0,2,-0.0127962477164799
car1,S,OL,0.25,1,none,0,2,-0.00353934997909189
car1,S,OL,0.25,1,balanced,0,2,0.00137637829534739
car1,S,OL,0.25,1,more of flat,0,2,-0.0028035148387799
car1,S,OL,0.25,1,more of biased,0,2,-0.000221462445127934
car1,S,OL,0.25,1,high dropout,0,2,-0.00409884351581882
car1,S,OL,0.3,1,none,0,2,-0.00380824475874966
car1,S,OL,0.3,1,balanced,0,2,-0.00357816947436257
car1,S,OL,0.3,1,more of flat,0,2,-0.00286675548551621
car1,S,OL,0.3,1,more of biased,0,2,-0.00269312922108339
car1,S,OL,0.3,1,high dropout,0,2,-0.0094718775944494
car1,S,OL+BDC,0,0,none,0,2,-0.00500040839919611
car1,S,OL+BDC,0,0,balanced,0,2,0.00599896151897666
car1,S,OL+BDC,0,0,more of flat,0,2,0.00628001110827325
car1,S,OL+BDC,0,0,more of biased,0,2,-0.0238381786200123
car1,S,OL+BDC,0,0,high dropout,0,2,0.0130018818358827
car1,S,OL+BDC,0.25,0,none,0.5,2,-0.110815325429564
car1,S,OL+BDC,0.25,0,balanced,0.5,2,-0.105604533421763
car1,S,OL+BDC,0.25,0,more of flat,0.5,2,-0.101150924889971
car1,S,OL+BDC,0.25,0,more of biased,0.5,2,-0.112668331194035
car1,S,OL+BDC,0.25,0,high dropout,0,2,-0.0397626583395622
car1,S,OL+BDC,0.3,0,none,1,2,-0.214408490698926
car1,S,OL+BDC,0.3,0,balanced,1,2,-0.182669987034377
car1,S,OL+BDC,0.3,0,more of flat,1,2,-0.20831826147809
car1,S,OL+BDC,0.3,0,more of biased,1,2,-0.229103209978513
car1,S,OL+BDC,0.3,0,high dropout,0,2,-0.12209428239022
car1,S,OL+BDC,0,0.1,none,0,2,0.0276229891614123
car1,S,OL+BDC,0,0.1,balanced,0,2,0.0677807760892856
car1,S,OL+BDC,0,0.1,more of flat,0,2,0.0446994770055666
car1,S,OL+BDC,0,0.1,more of biased,0,2,0.048148227559697
car1,S,OL+BDC,0,0.1,high dropout,0,2,0.0836808069315043
car1,S,OL+BDC,0.25,0.1,none,0,2,0.00466243659911759
car1,S,OL+BDC,0.25,0.1,balanced,0,2,-0.00741495118869487
car1,S,OL+BDC,0.25,0.1,more of flat,0,2,0.012451146504119
car1,S,OL+BDC,0.25,0.1,more of biased,0,2,-0.0190090315481201
car1,S,OL+BDC,0.25,0.1,high dropout,0,2,0.03603552258258
car1,S,OL+BDC,0.3,0.1,none,0.5,2,-0.132968158777104
car1,S,OL+BDC,0.3,0.1,balanced,0.5,2,-0.176317393660075
car1,S,OL+BDC,0.3,0.1,more of flat,0.5,2,-0.136522465584825
car1,S,OL+BDC,0.3,0.1,more of biased,0.5,2,-0.173770368139309
car1,S,OL+BDC,0.3,0.1,high dropout,0.5,2,-0.180272481660842
car1,S,OL+BDC,0,0.2,none,0,2,-0.0532144300063515
car1,S,OL+BDC,0,0.2,balanced,0,2,-0.0519746279733994
car1,S,OL+BDC,0,0.2,more of flat,0,2,-0.0161633584098683
car1,S,OL+BDC,0,0.2,more of biased,0,2,-0.0742565692931381
car1,S,OL+BDC,0,0.2,high dropout,0,2,0.0275988901435941
car1,S,OL+BDC,0.25,0.2,none,0.5,2,-0.0831412508832267
car1,S,OL+BDC,0.25,0.2,balanced,0.5,2,-0.112765641015817
car1,S,OL+BDC,0.25,0.2,more of flat,0,2,-0.0732362668004782
car1,S,OL+BDC,0.25,0.2,more of biased,0.5,2,-0.0605204768663839
car1,S,OL+BDC,0.25,0.2,high dropout,0.5,2,-0.114127328639507
car1,S,OL+BDC,0.3,0.2,none,0,2,-0.033040696177858
car1,S,OL+BDC,0.3,0.2,balanced,0,2,-0.0654917347286729
car1,S,OL+BDC,0.3,0.2,more of flat,0,2,-0.0469895489299172
car1,S,OL+BDC,0.3,0.2,more of biased,0,2,-0.0243789779010747
car1,S,OL+BDC,0.3,0.2,high dropout,0,2,-0.0605216261149382
car1,S,OL+BDC,0,0.5,none,0,2,-0.00506684251304152
car1,S,OL+BDC,0,0.5,balanced,0,2,0.0204555652398715
car1,S,OL+BDC,0,0.5,more of flat,0,2,-0.00257914636291851
car1,S,OL+BDC,0,0.5,more of biased,0,2,0.0539111646222226
car1,S,OL+BDC,0,0.5,high dropout,0,2,0.00507507374426305
car1,S,OL+BDC,0.25,0.5,none,0,2,0.00920573821382244
car1,S,OL+BDC,0.25,0.5,balanced,0,2,-0.050463062997571
car1,S,OL+BDC,0.25,0.5,more of flat,0,2,-0.0222952717530563
car1,S,OL+BDC,0.25,0.5,more of biased,0,2,0.0214787645682375
car1,S,OL+BDC,0.25,0.5,high dropout,0,2,-0.0688644780869429
car1,S,OL+BDC,0.3,0.5,none,0,2,0.00594439093727309
car1,S,OL+BDC,0.3,0.5,balanced,0,2,-0.0315063386383272
car1,S,OL+BDC,0.3,0.5,more of flat,0,2,-0.0414187324890345
car1,S,OL+BDC,0.3,0.5,more of biased,0,2,0.0149592860942242
car1,S,OL+BDC,0.3,0.5,high dropout,0,2,-0.0222980211105401
car1,S,OL+BDC,0,1,none,0,2,0.0415130166091559
car1,S,OL+BDC,0,1,balanced,0,2,0.0583152879758432
car1,S,OL+BDC,0,1,more of flat,0,2,0.0204917845643175
car1,S,OL+BDC,0,1,more of biased,0,2,0.0265276280245321
car1,S,OL+BDC,0,1,high dropout,0,2,-0.0295297952427737
car1,S,OL+BDC,0.25,1,none,0,2,-0.00634681939611296
car1,S,OL+BDC,0.25,1,balanced,0,2,0.00524529373602553
car1,S,OL+BDC,0.25,1,more of flat,0,2,0.00483463097026107
car1,S,OL+BDC,0.25,1,more of biased,0,2,-0.0102488120933021
car1,S,OL+BDC,0.25,1,high dropout,0,2,-0.00235456851673778
car1,S,OL+BDC,0.3,1,none,0.5,2,-0.0602457054403124
car1,S,OL+BDC,0.3,1,balanced,0.5,2,-0.0722066549976755
car1,S,OL+BDC,0.3,1,more of flat,0.5,2,-0.0647048216623738
car1,S,OL+BDC,0.3,1,more of biased,0.5,2,-0.128572608490876
car1,S,OL+BDC,0.3,1,high dropout,0.5,2,-0.161930474111302
car1,S,CO,0,0,none,0,2,-0.00284264428695791
car1,S,CO,0,0,balanced,0,2,0.0099260564497665
car1,S,CO,0,0,more of flat,0,2,0.00375785252251394
car1,S,CO,0,0,more of biased,0,2,-0.0181908300826366
car1,S,CO,0,0,high dropout,0,2,0.0363201035287005
car1,S,CO,0.25,0,none,0.5,2,-0.122154370517242
car1,S,CO,0.25,0,balanced,0.5,2,-0.155583709182537
car1,S,CO,0.25,0,more of flat,1,2,-0.136550938109811
car1,S,CO,0.25,0,more of biased,0.5,2,-0.0961218801709004
car1,S,CO,0.25,0,high dropout,0,2,-0.0876443145865111
car1,S,CO,0.3,0,none,1,2,-0.164001779055952
car1,S,CO,0.3,0,balanced,1,2,-0.176486111115994
car1,S,CO,0.3,0,more of flat,1,2,-0.154027592647935
car1,S,CO,0.3,0,more of biased,0.5,2,-0.145888360642644
car1,S,CO,0.3,0,high dropout,0,2,-0.144464887125284
car1,S,CO,0,0.1,none,0.5,2,-0.0691293628574061
car1,S,CO,0,0.1,balanced,0.5,2,-0.107482669690631
car1,S,CO,0,0.1,more of flat,0,2,-0.0585905980923439
car1,S,CO,0,0.1,more of biased,0.5,2,-0.107367443435373
car1,S,CO,0,0.1,high dropout,0.5,2,-0.175230762964129
car1,S,CO,0.25,0.1,none,1,2,-0.142633033689155
car1,S,CO,0.25,0.1,balanced,0.5,2,-0.124693742351329
car1,S,CO,0.25,0.1,more of flat,1,2,-0.1445353999901
car1,S,CO,0.25,0.1,more of biased,0.5,2,-0.110410246057049
car1,S,CO,0.25,0.1,high dropout,0.5,2,-0.154118799066023
car1,S,CO,0.3,0.1,none,1,2,-0.184338565943133
car1,S,CO,0.3,0.1,balanced,1,2,-0.194563960722455
car1,S,CO,0.3,0.1,more of flat,1,2,-0.190882777417519
car1,S,CO,0.3,0.1,more of biased,0.5,2,-0.160799231461789
car1,S,CO,0.3,0.1,high dropout,1,2,-0.216076484252472
car1,S,CO,0,0.2,none,0,2,-0.0489704760702545
car1,S,CO,0,0.2,balanced,0,2,-0.0329197052589551
car1,S,CO,0,0.2,more of flat,0,2,-0.0239916481124277
car1,S,CO,0,0.2,more of biased,0,2,0.00602153723385483
car1,S,CO,0,0.2,high dropout,0,2,0.0321847171531695
car1,S,CO,0.25,0.2,none,1,2,-0.133125984134804
car1,S,CO,0.25,0.2,balanced,0.5,2,-0.126341669243509
car1,S,CO,0.25,0.2,more of flat,0.5,2,-0.111669195694993
car1,S,CO,0.25,0.2,more of biased,1,2,-0.123243119732769
car1,S,CO,0.25,0.2,high dropout,0.5,2,-0.155157260399405
car1,S,CO,0.3,0.2,none,1,2,-0.139909856531282
car1,S,CO,0.3,0.2,balanced,0.5,2,-0.155611252009707
car1,S,CO,0.3,0.2,more of flat,0.5,2,-0.103950687548364
car1,S,CO,0.3,0.2,more of biased,1,2,-0.148934135008556
car1,S,CO,0.3,0.2,high dropout,1,2,-0.203566322580709
car1,S,CO,0,0.5,none,0,2,-0.0275102269307694
car1,S,CO,0,0.5,balanced,0,2,0.00857850522857259
car1,S,CO,0,0.5,more of flat,0,2,-0.00799362759147863
car1,S,CO,0,0.5,more of biased,0,2,-0.0220508774651184
car1,S,CO,0,0.5,high dropout,0,2,0.0441451265252451
car1,S,CO,0.25,0.5,none,0,2,-0.0164550393212569
car1,S,CO,0.25,0.5,balanced,0,2,-0.000338036004278119
car1,S,CO,0.25,0.5,more of flat,0,2,0.00090467870442
car1,S,CO,0.25,0.5,more of biased,0,2,-0.0386876070557526
car1,S,CO,0.25,0.5,high dropout,0,2,0.037552712238545
car1,S,CO,0.3,0.5,none,0,2,-0.0677859160482843
car1,S,CO,0.3,0.5,balanced,0,2,-0.0877076870894154
car1,S,CO,0.3,0.5,more of flat,0,2,-0.0548243390042596
car1,S,CO,0.3,0.5,more of biased,0.5,2,-0.0946959721444375
car1,S,CO,0.3,0.5,high dropout,0.5,2,-0.145151048693206
car1,S,CO,0,1,none,0,2,-0.062573966595127
car1,S,CO,0,1,balanced,0,2,-0.046448646541155
car1,S,CO,0,1,more of flat,0,2,-0.0574007817926129
car1,S,CO,0,1,more of biased,0.5,2,-0.0810945645607362
car1,S,CO,0,1,high dropout,0,2,-0.108692935764605
car1,S,CO,0.25,1,none,0.5,2,-0.0965767640068943
car1,S,CO,0.25,1,balanced,0.5,2,-0.09485353198486
car1,S,CO,0.25,1,more of flat,0.5,2,-0.11530619273772
car1,S,CO,0.25,1,more of biased,0,2,-0.0601913843995612
car1,S,CO,0.25,1,high dropout,0,2,-0.0505312412557995
car1,S,CO,0.3,1,none,0,2,-0.0608805724310909
car1,S,CO,0.3,1,balanced,0,2,-0.0163264342065354
car1,S,CO,0.3,1,more of flat,0.5,2,-0.0818060913509866
car1,S,CO,0.3,1,more of biased,0,2,-0.0532964082168992
car1,S,CO,0.3,1,high dropout,0,2,-0.011173991030428
car1,S,N-of-1,0,0,none,0,2,-0.0147993777517312
car1,S,N-of-1,0,0,balanced,0,2,-0.0106797066193489
car1,S,N-of-1,0,0,more of flat,0,2,-0.0198267351509922
car1,S,N-of-1,0,0,more of biased,0,2,-0.0333759749685968
car1,S,N-of-1,0,0,high dropout,0,2,0.0153517954240209
car1,S,N-of-1,0.25,0,none,1,2,-0.178630033463357
car1,S,N-of-1,0.25,0,balanced,1,2,-0.201454978078995
car1,S,N-of-1,0.25,0,more of flat,1,2,-0.207769475651354
car1,S,N-of-1,0.25,0,more of biased,1,2,-0.211659694858799
car1,S,N-of-1,0.25,0,high dropout,0.5,2,-0.16485897978632
car1,S,N-of-1,0.3,0,none,1,2,-0.220940347507704
car1,S,N-of-1,0.3,0,balanced,1,2,-0.215975561924703
car1,S,N-of-1,0.3,0,more of flat,1,2,-0.219175592655836
car1,S,N-of-1,0.3,0,more of biased,1,2,-0.206509349941082
car1,S,N-of-1,0.3,0,high dropout,1,2,-0.228383469223105
car1,S,N-of-1,0,0.1,none,0,2,-0.0623253029615858
car1,S,N-of-1,0,0.1,balanced,0,2,-0.0697095480407169
car1,S,N-of-1,0,0.1,more of flat,0.5,2,-0.0755136413897396
car1,S,N-of-1,0,0.1,more of biased,0,2,-0.0847612897187629
car1,S,N-of-1,0,0.1,high dropout,0,2,-0.0674511570446162
car1,S,N-of-1,0.25,0.1,none,0,2,-0.0466123892836544
car1,S,N-of-1,0.25,0.1,balanced,0,2,-0.0669139679346157
car1,S,N-of-1,0.25,0.1,more of flat,0,2,-0.0528209851495436
car1,S,N-of-1,0.25,0.1,more of biased,0,2,-0.0233937461350917
car1,S,N-of-1,0.25,0.1,high dropout,0,2,-0.0708555312646182
car1,S,N-of-1,0.3,0.1,none,0,2,-0.0101644017752262
car1,S,N-of-1,0.3,0.1,balanced,0,2,-0.0189470683270117
car1,S,N-of-1,0.3,0.1,more of flat,0,2,-0.00956264050511334
car1,S,N-of-1,0.3,0.1,more of biased,0,2,-0.0340470584371123
car1,S,N-of-1,0.3,0.1,high dropout,0,2,-0.0629718564948175
car1,S,N-of-1,0,0.2,none,0,2,-0.0134868489623594
car1,S,N-of-1,0,0.2,balanced,0,2,-0.0294459799306989
car1,S,N-of-1,0,0.2,more of flat,0,2,-0.00865729704147823
car1,S,N-of-1,0,0.2,more of biased,0,2,0.0135139674378409
car1,S,N-of-1,0,0.2,high dropout,0,2,-0.0368490275911291
car1,S,N-of-1,0.25,0.2,none,0.5,2,-0.109027930209822
car1,S,N-of-1,0.25,0.2,balanced,0.5,2,-0.135246088926825
car1,S,N-of-1,0.25,0.2,more of flat,0.5,2,-0.113772076592562
car1,S,N-of-1,0.25,0.2,more of biased,0.5,2,-0.106348112602951
car1,S,N-of-1,0.25,0.2,high dropout,0,2,-0.137323785275446
car1,S,N-of-1,0.3,0.2,none,0,2,0.00908656766865756
car1,S,N-of-1,0.3,0.2,balanced,0,2,0.00324256671517932
car1,S,N-of-1,0.3,0.2,more of flat,0,2,0.0210450475659236
car1,S,N-of-1,0.3,0.2,more of biased,0,2,0.014941688259266
car1,S,N-of-1,0.3,0.2,high dropout,0,2,0.0174340355985785
car1,S,N-of-1,0,0.5,none,0,2,-0.0271954752445423
car1,S,N-of-1,0,0.5,balanced,0,2,-0.0236928599029682
car1,S,N-of-1,0,0.5,more of flat,0,2,-0.0351535278704456
car1,S,N-of-1,0,0.5,more of biased,0,2,-0.0652997894278635
car1,S,N-of-1,0,0.5,high dropout,0,2,0.0169080754184941
car1,S,N-of-1,0.25,0.5,none,0,2,0.00699232610396538
car1,S,N-of-1,0.25,0.5,balanced,0,2,0.0286219746340866
car1,S,N-of-1,0.25,0.5,more of flat,0,2,0.0313791437208845
car1,S,N-of-1,0.25,0.5,more of biased,0,2,0.0165949507563504
car1,S,N-of-1,0.25,0.5,high dropout,0,2,-0.0833274546267651
car1,S,N-of-1,0.3,0.5,none,0,2,-0.0794831978482824
car1,S,N-of-1,0.3,0.5,balanced,0,2,-0.101798972851917
car1,S,N-of-1,0.3,0.5,more of flat,0,2,-0.0744628891125657
car1,S,N-of-1,0.3,0.5,more of biased,0,2,-0.0908292735260966
car1,S,N-of-1,0.3,0.5,high dropout,0.5,2,-0.157530186586134
car1,S,N-of-1,0,1,none,0,2,0.0306466558115606
car1,S,N-of-1,0,1,balanced,0,2,0.0419556799189968
car1,S,N-of-1,0,1,more of flat,0,2,0.0101156009897788
car1,S,N-of-1,0,1,more of biased,0,2,0.0510399437355304
car1,S,N-of-1,0,1,high dropout,0,2,0.0398114630756727
car1,S,N-of-1,0.25,1,none,0,2,-0.0583406307197134
car1,S,N-of-1,0.25,1,balanced,0.5,2,-0.0883179302569576
car1,S,N-of-1,0.25,1,more of flat,0,2,-0.0683733337979163
car1,S,N-of-1,0.25,1,more of biased,0,2,-0.0825807557614558
car1,S,N-of-1,0.25,1,high dropout,0,2,-0.00188904998921498
car1,S,N-of-1,0.3,1,none,0.5,2,-0.101912075559479
car1,S,N-of-1,0.3,1,balanced,0.5,2,-0.108236021085852
car1,S,N-of-1,0.3,1,more of flat,0,2,-0.0818099167228085
car1,S,N-of-1,0.3,1,more of biased,0,2,-0.0845245556552055
car1,S,N-of-1,0.3,1,high dropout,0.5,2,-0.104417565116979
