cell,construct,design,hyp,t_half,rho,cbm,coding,mean,cov,test,reject,mean_est,emp_sd,mean_se,fails,fits,min_eig,kappa,mcse,run,extra,expo,th_a,engine,analysis
1,CS,Hybrid,alt,0,0.8,0.25,covariate,linear,cs,Satterthwaite,0.716,-0.134191607512982,0.0497073812914832,0.0552243805200225,0,250,0.00430297648113838,1.11098953686954,0.0285197475444647,main,none,Db,,mmrm,BL+cs-Satt
1,CS,Hybrid,alt,0,0.8,0.25,covariate,spline,cs,Satterthwaite,0.76,-0.134640735447107,0.0502037222976314,0.0526092365571963,0,250,0.00430297648113838,1.04791505787766,0.0270111088258146,main,none,Db,,mmrm,BL+cs-Satt
1,CS,Hybrid,alt,0,0.8,0.25,covariate,visit,cs,Satterthwaite,0.764,-0.134480326824788,0.0497491215665655,0.0524550955875304,0,250,0.00430297648113838,1.05439239801138,0.0268554649931816,main,none,Db,,mmrm,BL+cs-Satt
1,CS,Hybrid,alt,0,0.8,0.25,covariate,linear,us,Satterthwaite,0.788,-0.134944703899253,0.0508899559525733,0.0480902566462345,0,250,0.00430297648113838,0.944985228343526,0.0258500290135234,main,none,Db,,mmrm,BL+us-Satt
1,CS,Hybrid,alt,0,0.8,0.25,covariate,spline,us,Satterthwaite,0.784,-0.135431564290379,0.0517233224437927,0.0483100706742537,0,250,0.00430297648113838,0.934009425375794,0.0260264480865138,main,none,Db,,mmrm,BL+us-Satt
1,CS,Hybrid,alt,0,0.8,0.25,covariate,visit,us,Satterthwaite,0.796,-0.135391507174055,0.0516113927465837,0.0480237529688641,0,250,0.00430297648113838,0.930487444984574,0.0254859961547513,main,none,Db,,mmrm,BL+us-Satt
1,CS,Hybrid,alt,0,0.8,0.25,row,linear,csh,Satterthwaite,0.672,-0.132897723855634,0.054761424190624,0.0559115729821554,0,250,0.00430297648113838,1.02100290137685,0.0296928274167348,main,none,Db,,mmrm,csh-Satt
1,CS,Hybrid,alt,0,0.8,0.25,row,spline,csh,Satterthwaite,0.696,-0.132771198074035,0.0545222905231437,0.0538960647094198,0,250,0.00430297648113838,0.988514315746546,0.0290918545300914,main,none,Db,,mmrm,csh-Satt
1,CS,Hybrid,alt,0,0.8,0.25,row,visit,csh,Satterthwaite,0.716,-0.132878742477231,0.0547313885090863,0.0531306263041634,0,250,0.00430297648113838,0.97075239184445,0.0285197475444647,main,none,Db,,mmrm,csh-Satt
1,CS,Hybrid,alt,0,0.8,0.25,row,linear,cs,Satterthwaite,0.676,-0.132570347215263,0.0550315528291029,0.0552175798103742,0,250,0.00430297648113838,1.00338036947365,0.029598918899176,main,none,Db,,mmrm,cs-Satt
1,CS,Hybrid,alt,0,0.8,0.25,row,spline,cs,Satterthwaite,0.712,-0.132451411343316,0.0546137468492949,0.0534008088779879,0,250,0.00430297648113838,0.977790610582824,0.0286395530691385,main,none,Db,,mmrm,cs-Satt
1,CS,Hybrid,alt,0,0.8,0.25,row,visit,cs,Satterthwaite,0.716,-0.132608742720174,0.0546800739464847,0.0525689656096401,0,250,0.00430297648113838,0.961391633469429,0.0285197475444647,main,none,Db,,mmrm,cs-Satt
1,CS,Hybrid,alt,0,0.8,0.25,row,linear,sp_exp,Satterthwaite,0.484,-0.131135818006485,0.0658614728442579,0.0670902509644648,0,250,0.00430297648113838,1.01865700943422,0.0316065815930796,main,none,Db,,mmrm,sp_exp-Satt
1,CS,Hybrid,alt,0,0.8,0.25,row,spline,sp_exp,Satterthwaite,0.484,-0.131175538415601,0.0659542875993386,0.0670011020782511,0,250,0.00430297648113838,1.01587181845207,0.0316065815930796,main,none,Db,,mmrm,sp_exp-Satt
1,CS,Hybrid,alt,0,0.8,0.25,row,visit,sp_exp,Satterthwaite,0.52,-0.132051434797565,0.0661846787956313,0.0661607082355265,0,250,0.00430297648113838,0.999637823125518,0.0315974682530104,main,none,Db,,mmrm,sp_exp-Satt
1,CS,Hybrid,alt,0,0.8,0.25,row,linear,us,Kenward-Roger,0.7,-0.134613478826561,0.0507167063426979,0.0533635136915139,0,250,0.00430297648113838,1.05218807646796,0.0289827534923789,main,none,Db,,mmrm,us-KR
1,CS,Hybrid,alt,0,0.8,0.25,row,linear,us,Satterthwaite,0.768,-0.134613478826561,0.0507167063426979,0.0476050454186296,0,250,0.00430297648113838,0.938646234180854,0.0266965166267062,main,none,Db,,mmrm,us-Satt
1,CS,Hybrid,alt,0,0.8,0.25,row,spline,us,Satterthwaite,0.784,-0.134720263335028,0.0510526079159577,0.0471789474546739,0,250,0.00430297648113838,0.924124141362953,0.0260264480865138,main,none,Db,,mmrm,us-Satt
1,CS,Hybrid,alt,0,0.8,0.25,row,visit,us,Kenward-Roger,0.704,-0.134778740747553,0.0511880074403603,0.0527418153535999,0,250,0.00430297648113838,1.03035492082887,0.0288710235357183,main,none,Db,,mmrm,us-KR
1,CS,Hybrid,alt,0,0.8,0.25,row,visit,us,Satterthwaite,0.772,-0.134778740747553,0.0511880074403603,0.047192047466538,0,250,0.00430297648113838,0.921935621766913,0.0265342043408126,main,none,Db,,mmrm,us-Satt
2,CS,Hybrid,alt,1,0.8,0.25,covariate,linear,cs,Satterthwaite,0.44,-0.0982175863537436,0.0547374969090473,0.0555492594957405,0,250,0.0346291056706903,1.01483010061717,0.0313942669925577,main,none,Db,,mmrm,BL+cs-Satt
2,CS,Hybrid,alt,1,0.8,0.25,covariate,spline,cs,Satterthwaite,0.472,-0.0986377592476603,0.0543410689875773,0.0521252751707123,0,250,0.0346291056706903,0.959224324104268,0.031573153152639,main,none,Db,,mmrm,BL+cs-Satt
2,CS,Hybrid,alt,1,0.8,0.25,covariate,visit,cs,Satterthwaite,0.492,-0.0990361146320041,0.0547788010145538,0.0520527489118171,0,250,0.0346291056706903,0.950235272546171,0.0316187286271918,main,none,Db,,mmrm,BL+cs-Satt
2,CS,Hybrid,alt,1,0.8,0.25,covariate,linear,us,Satterthwaite,0.532,-0.0990957053826181,0.0565598746928794,0.0482024607660048,0,250,0.0346291056706903,0.85223775738091,0.0315579467012669,main,none,Db,,mmrm,BL+us-Satt
2,CS,Hybrid,alt,1,0.8,0.25,covariate,spline,us,Satterthwaite,0.524,-0.0989717885836149,0.0566982593294556,0.0481376718942592,0,250,0.0346291056706903,0.849014986766109,0.0315863261554743,main,none,Db,,mmrm,BL+us-Satt
2,CS,Hybrid,alt,1,0.8,0.25,covariate,visit,us,Satterthwaite,0.536,-0.099430103338622,0.0571185491451321,0.0480820889561684,0,250,0.0346291056706903,0.841794647724629,0.0315407038602502,main,none,Db,,mmrm,BL+us-Satt
2,CS,Hybrid,alt,1,0.8,0.25,row,linear,csh,Satterthwaite,0.468,-0.104426402020873,0.0589517760415149,0.056063872717966,0,250,0.0346291056706903,0.951012445807992,0.0315579467012669,main,none,Db,,mmrm,csh-Satt
2,CS,Hybrid,alt,1,0.8,0.25,row,spline,csh,Satterthwaite,0.504,-0.105068140887548,0.0577472818140737,0.0532419434659777,0,250,0.0346291056706903,0.921981810977674,0.0316217646566412,main,none,Db,,mmrm,csh-Satt
2,CS,Hybrid,alt,1,0.8,0.25,row,visit,csh,Satterthwaite,0.516,-0.105693403784656,0.058144642146766,0.0525138907584348,0,250,0.0346291056706903,0.903159583059806,0.0316065815930796,main,none,Db,,mmrm,csh-Satt
2,CS,Hybrid,alt,1,0.8,0.25,row,linear,cs,Satterthwaite,0.48,-0.104713798518499,0.059628703844522,0.0559012732328814,0,250,0.0346291056706903,0.937489323575444,0.0315974682530104,main,none,Db,,mmrm,cs-Satt
2,CS,Hybrid,alt,1,0.8,0.25,row,spline,cs,Satterthwaite,0.528,-0.105267119884031,0.0598667110022381,0.0528605126784482,0,250,0.0346291056706903,0.882970047853005,0.031573153152639,main,none,Db,,mmrm,cs-Satt
2,CS,Hybrid,alt,1,0.8,0.25,row,visit,cs,Satterthwaite,0.548,-0.105760577142618,0.0599095464836534,0.0520353936850427,0,250,0.0346291056706903,0.868565975528471,0.0314767215573668,main,none,Db,,mmrm,cs-Satt
2,CS,Hybrid,alt,1,0.8,0.25,row,linear,sp_exp,Satterthwaite,0.296,-0.0904290390724008,0.0679786308344434,0.0670290881813074,0,250,0.0346291056706903,0.986031747896651,0.0288710235357183,main,none,Db,,mmrm,sp_exp-Satt
2,CS,Hybrid,alt,1,0.8,0.25,row,spline,sp_exp,Satterthwaite,0.304,-0.0904488691312656,0.0679858050617946,0.0665279339339792,0,250,0.0346291056706903,0.978556242343673,0.0290918545300914,main,none,Db,,mmrm,sp_exp-Satt
2,CS,Hybrid,alt,1,0.8,0.25,row,visit,sp_exp,Satterthwaite,0.316,-0.0911993187050064,0.0685406207187363,0.0657326610530669,0,250,0.0346291056706903,0.95903218213923,0.0294036732399202,main,none,Db,,mmrm,sp_exp-Satt
2,CS,Hybrid,alt,1,0.8,0.25,row,linear,us,Kenward-Roger,0.436,-0.0999665959369806,0.0557757662913784,0.0535404569863704,0,250,0.0346291056706903,0.959923288308932,0.0313626529490093,main,none,Db,,mmrm,us-KR
2,CS,Hybrid,alt,1,0.8,0.25,row,linear,us,Satterthwaite,0.556,-0.0999665959369806,0.0557757662913784,0.0477307668495704,0,250,0.0346291056706903,0.855761740685371,0.0314238126267326,main,none,Db,,mmrm,us-Satt
2,CS,Hybrid,alt,1,0.8,0.25,row,spline,us,Satterthwaite,0.552,-0.101342569888024,0.0558520922610542,0.0471856844447967,0,250,0.0346291056706903,0.844832888699131,0.0314512956807824,main,none,Db,,mmrm,us-Satt
2,CS,Hybrid,alt,1,0.8,0.25,row,visit,us,Kenward-Roger,0.468,-0.101502865825815,0.056243071785387,0.0527150026036299,0,250,0.0346291056706903,0.937271043885733,0.0315579467012669,main,none,Db,,mmrm,us-KR
2,CS,Hybrid,alt,1,0.8,0.25,row,visit,us,Satterthwaite,0.56,-0.101502865825815,0.056243071785387,0.0471717973014124,0,250,0.0346291056706903,0.838713032627577,0.0313942669925577,main,none,Db,,mmrm,us-Satt
3,CS,Hybrid,null,0,0.8,0,covariate,linear,cs,Satterthwaite,0.04,-0.00620106691848861,0.0522799370308276,0.055047194142222,0,500,0.0999999999999996,1.05293153107209,0.00876356092008266,main,none,Db,,mmrm,BL+cs-Satt
3,CS,Hybrid,null,0,0.8,0,covariate,spline,cs,Satterthwaite,0.044,-0.00628869619673753,0.0519385844810994,0.0524572843676875,0,500,0.0999999999999996,1.00998679289723,0.00917213170424411,main,none,Db,,mmrm,BL+cs-Satt
3,CS,Hybrid,null,0,0.8,0,covariate,visit,cs,Satterthwaite,0.05,-0.00627630286985251,0.0520734319746567,0.0522759402428463,0,500,0.0999999999999996,1.00388889805243,0.00974679434480896,main,none,Db,,mmrm,BL+cs-Satt
3,CS,Hybrid,null,0,0.8,0,covariate,linear,us,Satterthwaite,0.092,-0.00483141469654612,0.054377135133618,0.0487453702285264,0,500,0.0999999999999996,0.896431378901207,0.01292563344676,main,none,Db,,mmrm,BL+us-Satt
3,CS,Hybrid,null,0,0.8,0,covariate,spline,us,Satterthwaite,0.09,-0.00503186032415532,0.0547400441323562,0.0489397649879644,0,500,0.0999999999999996,0.894039560319547,0.0127984374046209,main,none,Db,,mmrm,BL+us-Satt
3,CS,Hybrid,null,0,0.8,0,covariate,visit,us,Satterthwaite,0.086,-0.00508902843586733,0.0545349823659754,0.048647885748267,0,500,0.0999999999999996,0.892049169866765,0.0125382614424808,main,none,Db,,mmrm,BL+us-Satt
3,CS,Hybrid,null,0,0.8,0,row,linear,csh,Satterthwaite,0.048,-0.00541971465092339,0.055134480264072,0.055677610010169,0,500,0.0999999999999996,1.00985099965567,0.00955991631762538,main,none,Db,,mmrm,csh-Satt
3,CS,Hybrid,null,0,0.8,0,row,spline,csh,Satterthwaite,0.056,-0.00503337818902978,0.0548005773510703,0.053674360316708,0,500,0.0999999999999996,0.979448810782641,0.0102824121683582,main,none,Db,,mmrm,csh-Satt
3,CS,Hybrid,null,0,0.8,0,row,visit,csh,Satterthwaite,0.058,-0.00531075752214392,0.0551758371858491,0.0529097878223715,0,500,0.0999999999999996,0.958930403614087,0.0104533248299285,main,none,Db,,mmrm,csh-Satt
3,CS,Hybrid,null,0,0.8,0,row,linear,cs,Satterthwaite,0.058,-0.00580029332132505,0.057049265802785,0.0549846740280299,0,500,0.0999999999999996,0.963810370813672,0.0104533248299285,main,none,Db,,mmrm,cs-Satt
3,CS,Hybrid,null,0,0.8,0,row,spline,cs,Satterthwaite,0.058,-0.00571085914450148,0.056750370426325,0.0531718615472954,0,500,0.0999999999999996,0.936942986413185,0.0104533248299285,main,none,Db,,mmrm,cs-Satt
3,CS,Hybrid,null,0,0.8,0,row,visit,cs,Satterthwaite,0.06,-0.00578821098617069,0.0567473418497046,0.0523288995908563,0,500,0.0999999999999996,0.922138339615087,0.0106207344378814,main,none,Db,,mmrm,cs-Satt
3,CS,Hybrid,null,0,0.8,0,row,linear,sp_exp,Satterthwaite,0.042,-0.00114306957060671,0.0651814662637201,0.0667513109450076,0,500,0.0999999999999996,1.02408421858655,0.00897061870775924,main,none,Db,,mmrm,sp_exp-Satt
3,CS,Hybrid,null,0,0.8,0,row,spline,sp_exp,Satterthwaite,0.044,-0.00110564143299464,0.0653289314207739,0.0666547889275347,0,500,0.0999999999999996,1.02029510475567,0.00917213170424411,main,none,Db,,mmrm,sp_exp-Satt
3,CS,Hybrid,null,0,0.8,0,row,visit,sp_exp,Satterthwaite,0.044,-0.00151710203689808,0.0652098988614407,0.0658025303663662,0,500,0.0999999999999996,1.00908806048273,0.00917213170424411,main,none,Db,,mmrm,sp_exp-Satt
3,CS,Hybrid,null,0,0.8,0,row,linear,us,Kenward-Roger,0.062,-0.00551620949269541,0.0536047587693117,0.0541356021833223,0,500,0.0999999999999996,1.00990291582684,0.0107848041243223,main,none,Db,,mmrm,us-KR
3,CS,Hybrid,null,0,0.8,0,row,linear,us,Satterthwaite,0.09,-0.00551620949269541,0.0536047587693117,0.0482824603140527,0,500,0.0999999999999996,0.900712202098258,0.0127984374046209,main,none,Db,,mmrm,us-Satt
3,CS,Hybrid,null,0,0.8,0,row,spline,us,Satterthwaite,0.098,-0.00513275154257874,0.0536251354115544,0.0478054814940929,0,500,0.0999999999999996,0.891475259264194,0.0132963152790538,main,none,Db,,mmrm,us-Satt
3,CS,Hybrid,null,0,0.8,0,row,visit,us,Kenward-Roger,0.058,-0.00544666537890645,0.0536730665187352,0.0534330263478991,0,500,0.0999999999999996,0.995527735111756,0.0104533248299285,main,none,Db,,mmrm,us-KR
3,CS,Hybrid,null,0,0.8,0,row,visit,us,Satterthwaite,0.098,-0.00544666537890645,0.0536730665187352,0.0478019669447104,0,500,0.0999999999999996,0.890613673582905,0.0132963152790538,main,none,Db,,mmrm,us-Satt
4,CS,Hybrid,null,1,0.8,0,covariate,linear,cs,Satterthwaite,0.048,-0.00113258545287772,0.0536733611195743,0.0560515101388116,0,500,0.0999999999999996,1.04430780874593,0.00955991631762538,main,none,Db,,mmrm,BL+cs-Satt
4,CS,Hybrid,null,1,0.8,0,covariate,spline,cs,Satterthwaite,0.064,-0.00111450085030496,0.0543594920086036,0.0527355071670283,0,500,0.0999999999999996,0.97012509165247,0.0109456840809517,main,none,Db,,mmrm,BL+cs-Satt
4,CS,Hybrid,null,1,0.8,0,covariate,visit,cs,Satterthwaite,0.062,-0.00116923855177066,0.0542783091229302,0.0526852896107514,0,500,0.0999999999999996,0.970650900186096,0.0107848041243223,main,none,Db,,mmrm,BL+cs-Satt
4,CS,Hybrid,null,1,0.8,0,covariate,linear,us,Satterthwaite,0.08,-0.00121751934780045,0.0536778090617005,0.0489577450856802,0,500,0.0999999999999996,0.912066754241129,0.0121326007104825,main,none,Db,,mmrm,BL+us-Satt
4,CS,Hybrid,null,1,0.8,0,covariate,spline,us,Satterthwaite,0.08,-0.00142471543090261,0.0545648186543943,0.0488678865142593,0,500,0.0999999999999996,0.895593309377266,0.0121326007104825,main,none,Db,,mmrm,BL+us-Satt
4,CS,Hybrid,null,1,0.8,0,covariate,visit,us,Satterthwaite,0.082,-0.0015251618900969,0.0545405734555583,0.0488367624210072,0,500,0.0999999999999996,0.895420772588708,0.0122699633251286,main,none,Db,,mmrm,BL+us-Satt
4,CS,Hybrid,null,1,0.8,0,row,linear,csh,Satterthwaite,0.056,-0.00135223908332879,0.0573346926856744,0.0565848756415746,0,500,0.0999999999999996,0.986922105814529,0.0102824121683582,main,none,Db,,mmrm,csh-Satt
4,CS,Hybrid,null,1,0.8,0,row,spline,csh,Satterthwaite,0.062,-0.000995989825119896,0.0569083775104746,0.0538377328964206,0,500,0.0999999999999996,0.946042309614453,0.0107848041243223,main,none,Db,,mmrm,csh-Satt
4,CS,Hybrid,null,1,0.8,0,row,visit,csh,Satterthwaite,0.068,-0.00104388853284123,0.0574388138017985,0.0531815003949266,0,500,0.0999999999999996,0.925880896120828,0.0112584190719657,main,none,Db,,mmrm,csh-Satt
4,CS,Hybrid,null,1,0.8,0,row,linear,cs,Satterthwaite,0.054,-0.000164656762607874,0.0576956656549388,0.056444710045046,0,500,0.0999999999999996,0.97831803142069,0.0101078187557949,main,none,Db,,mmrm,cs-Satt
4,CS,Hybrid,null,1,0.8,0,row,spline,cs,Satterthwaite,0.07,-0.000200146079770625,0.0578498963394426,0.0534302078080526,0,500,0.0999999999999996,0.923600752792073,0.0114105214604767,main,none,Db,,mmrm,cs-Satt
4,CS,Hybrid,null,1,0.8,0,row,visit,cs,Satterthwaite,0.072,-0.000210762161152879,0.058259139586541,0.052679991269736,0,500,0.0999999999999996,0.904235655445658,0.0115599307956406,main,none,Db,,mmrm,cs-Satt
4,CS,Hybrid,null,1,0.8,0,row,linear,sp_exp,Satterthwaite,0.046,-0.0015329561406703,0.0645663226797582,0.067560633358592,0,500,0.0999999999999996,1.04637573512875,0.00936845771725528,main,none,Db,,mmrm,sp_exp-Satt
4,CS,Hybrid,null,1,0.8,0,row,spline,sp_exp,Satterthwaite,0.048,-0.00157858653287529,0.0646532818643737,0.0670563343120359,0,500,0.0999999999999996,1.03716829801004,0.00955991631762538,main,none,Db,,mmrm,sp_exp-Satt
4,CS,Hybrid,null,1,0.8,0,row,visit,sp_exp,Satterthwaite,0.05,-0.00159381858850295,0.0651817790803052,0.0663202026925592,0,500,0.0999999999999996,1.01746536575584,0.00974679434480896,main,none,Db,,mmrm,sp_exp-Satt
4,CS,Hybrid,null,1,0.8,0,row,linear,us,Kenward-Roger,0.056,-0.00176805994816899,0.054979646080135,0.0542384069894511,0,500,0.0999999999999996,0.986517936299489,0.0102824121683582,main,none,Db,,mmrm,us-KR
4,CS,Hybrid,null,1,0.8,0,row,linear,us,Satterthwaite,0.092,-0.00176805994816899,0.054979646080135,0.0483545054986274,0,500,0.0999999999999996,0.879498304302446,0.01292563344676,main,none,Db,,mmrm,us-Satt
4,CS,Hybrid,null,1,0.8,0,row,spline,us,Satterthwaite,0.088,-0.00200636227559787,0.0547411802251152,0.0478726780622485,0,500,0.0999999999999996,0.874527693143973,0.0126693330526907,main,none,Db,,mmrm,us-Satt
4,CS,Hybrid,null,1,0.8,0,row,visit,us,Kenward-Roger,0.072,-0.00205862202547346,0.055235102465211,0.0534995428774714,0,500,0.0999999999999996,0.968578684382223,0.0115599307956406,main,none,Db,,mmrm,us-KR
4,CS,Hybrid,null,1,0.8,0,row,visit,us,Satterthwaite,0.09,-0.00205862202547346,0.055235102465211,0.0478585403012145,0,500,0.0999999999999996,0.866451552821097,0.0127984374046209,main,none,Db,,mmrm,us-Satt
5,CS,CO,alt,0,0.8,0.25,covariate,linear,cs,Satterthwaite,0.76,-0.129547571876681,0.0479006575968214,0.0495023088556719,0,250,0.00430297648113788,1.03343693676048,0.0270111088258146,main,none,Db,,mmrm,BL+cs-Satt
5,CS,CO,alt,0,0.8,0.25,covariate,spline,cs,Satterthwaite,0.768,-0.129373483225884,0.0464350569879122,0.0482438967037163,0,250,0.00430297648113788,1.03895418317835,0.0266965166267062,main,none,Db,,mmrm,BL+cs-Satt
5,CS,CO,alt,0,0.8,0.25,covariate,visit,cs,Satterthwaite,0.776,-0.129437803095976,0.0462990981636545,0.0479685991934158,0,250,0.00430297648113788,1.03605903993767,0.0263684660152994,main,none,Db,,mmrm,BL+cs-Satt
5,CS,CO,alt,0,0.8,0.25,covariate,linear,us,Satterthwaite,0.828,-0.128017400058772,0.0507010722452086,0.0426422140257468,0,250,0.00430297648113788,0.841051522924678,0.0238676349896675,main,none,Db,,mmrm,BL+us-Satt
5,CS,CO,alt,0,0.8,0.25,covariate,spline,us,Satterthwaite,0.828,-0.128156256658016,0.0495493914658449,0.0418284100877556,0,250,0.00430297648113788,0.844176060498918,0.0238676349896675,main,none,Db,,mmrm,BL+us-Satt
5,CS,CO,alt,0,0.8,0.25,covariate,visit,us,Satterthwaite,0.812,-0.128290695219125,0.0492555956230753,0.0417247678098683,0,250,0.00430297648113788,0.847107161776378,0.0247108073522497,main,none,Db,,mmrm,BL+us-Satt
5,CS,CO,alt,0,0.8,0.25,row,linear,csh,Satterthwaite,0.736,-0.128493548655314,0.0485466506033157,0.0498650045039899,0,250,0.00430297648113788,1.02715643374549,0.0278785939387194,main,none,Db,,mmrm,csh-Satt
5,CS,CO,alt,0,0.8,0.25,row,spline,csh,Satterthwaite,0.724,-0.128322419889443,0.0470869148400702,0.0495090539767911,0,250,0.00430297648113788,1.05143975019276,0.0282718234289902,main,none,Db,,mmrm,csh-Satt
5,CS,CO,alt,0,0.8,0.25,row,visit,csh,Satterthwaite,0.728,-0.128490292953471,0.0471000616237593,0.0488337180943304,0,250,0.00430297648113788,1.03680794484771,0.0281436316064576,main,none,Db,,mmrm,csh-Satt
5,CS,CO,alt,0,0.8,0.25,row,linear,cs,Satterthwaite,0.74,-0.129429569804558,0.0470102460528771,0.050180722438955,0,250,0.00430297648113788,1.06744224190003,0.0277416654150395,main,none,Db,,mmrm,cs-Satt
5,CS,CO,alt,0,0.8,0.25,row,spline,cs,Satterthwaite,0.736,-0.128970162354312,0.0454353713781666,0.0498038753566745,0,250,0.00430297648113788,1.09614764545772,0.0278785939387194,main,none,Db,,mmrm,cs-Satt
5,CS,CO,alt,0,0.8,0.25,row,visit,cs,Satterthwaite,0.744,-0.128987154058835,0.045446612288584,0.0490736776992915,0,250,0.00430297648113788,1.07980936813674,0.0276017390756452,main,none,Db,,mmrm,cs-Satt
5,CS,CO,alt,0,0.8,0.25,row,linear,sp_exp,Satterthwaite,0.332,-0.131408809485016,0.0793837845244079,0.0826364301736367,0,250,0.00430297648113788,1.04097367829861,0.0297842911616174,main,none,Db,,mmrm,sp_exp-Satt
5,CS,CO,alt,0,0.8,0.25,row,spline,sp_exp,Satterthwaite,0.336,-0.130888902901867,0.0784992070821414,0.082710226718043,0,250,0.00430297648113788,1.05364410409261,0.0298733325894518,main,none,Db,,mmrm,sp_exp-Satt
5,CS,CO,alt,0,0.8,0.25,row,visit,sp_exp,Satterthwaite,0.356,-0.131108049867883,0.0785547106407005,0.0815084842248492,0,250,0.00430297648113788,1.03760148258529,0.0302829324867986,main,none,Db,,mmrm,sp_exp-Satt
5,CS,CO,alt,0,0.8,0.25,row,linear,us,Kenward-Roger,0.752,-0.128684501504912,0.0493683130514683,0.0466771354839598,0,250,0.00430297648113788,0.945487755178046,0.0273127076651144,main,none,Db,,mmrm,us-KR
5,CS,CO,alt,0,0.8,0.25,row,linear,us,Satterthwaite,0.828,-0.128684501504912,0.0493683130514683,0.0415449133276653,0,250,0.00430297648113788,0.841529936101994,0.0238676349896675,main,none,Db,,mmrm,us-Satt
5,CS,CO,alt,0,0.8,0.25,row,spline,us,Satterthwaite,0.844,-0.12895165532404,0.0484965043122852,0.0407185090083095,0,250,0.00430297648113788,0.839617403062896,0.0229489869057438,main,none,Db,,mmrm,us-Satt
5,CS,CO,alt,0,0.8,0.25,row,visit,us,Kenward-Roger,0.76,-0.128863326711587,0.0482106811831919,0.045381076955854,0,250,0.00430297648113788,0.941307524434556,0.0270111088258146,main,none,Db,,mmrm,us-KR
5,CS,CO,alt,0,0.8,0.25,row,visit,us,Satterthwaite,0.828,-0.128863326711587,0.0482106811831919,0.0405541014567879,0,250,0.00430297648113788,0.841184991821411,0.0238676349896675,main,none,Db,,mmrm,us-Satt
6,CS,CO,alt,1,0.8,0.25,covariate,linear,cs,Satterthwaite,0.756,-0.128685427949922,0.0465118918057275,0.050315271201333,0,250,0.00430297648113986,1.08177219304456,0.0271635049284882,main,none,Db,,mmrm,BL+cs-Satt
6,CS,CO,alt,1,0.8,0.25,covariate,spline,cs,Satterthwaite,0.748,-0.128548587088811,0.0459602823678852,0.0490088130271613,0,250,0.00430297648113986,1.06632967645574,0.0274587690911301,main,none,Db,,mmrm,BL+cs-Satt
6,CS,CO,alt,1,0.8,0.25,covariate,visit,cs,Satterthwaite,0.756,-0.12852914961856,0.0460536892170178,0.0488768240037052,0,250,0.00430297648113986,1.06130094753938,0.0271635049284882,main,none,Db,,mmrm,BL+cs-Satt
6,CS,CO,alt,1,0.8,0.25,covariate,linear,us,Satterthwaite,0.828,-0.12941893227881,0.0486937142312044,0.0432791080698781,0,250,0.00430297648113986,0.888802769580957,0.0238676349896675,main,none,Db,,mmrm,BL+us-Satt
6,CS,CO,alt,1,0.8,0.25,covariate,spline,us,Satterthwaite,0.816,-0.128627119670057,0.0481361630735363,0.0425808633553539,0,250,0.00430297648113986,0.884591970704112,0.0245066521581386,main,none,Db,,mmrm,BL+us-Satt
6,CS,CO,alt,1,0.8,0.25,covariate,visit,us,Satterthwaite,0.816,-0.128470924896682,0.0482124856577569,0.0425300934337638,0,250,0.00430297648113986,0.882138575796935,0.0245066521581386,main,none,Db,,mmrm,BL+us-Satt
6,CS,CO,alt,1,0.8,0.25,row,linear,csh,Satterthwaite,0.7,-0.128350412703298,0.0514538648786238,0.0507689811406904,0,250,0.00430297648113986,0.986689362605724,0.0289827534923789,main,none,Db,,mmrm,csh-Satt
6,CS,CO,alt,1,0.8,0.25,row,spline,csh,Satterthwaite,0.7,-0.128020759304963,0.0507071585145744,0.0503682286370615,0,250,0.00430297648113986,0.993315936300878,0.0289827534923789,main,none,Db,,mmrm,csh-Satt
6,CS,CO,alt,1,0.8,0.25,row,visit,csh,Satterthwaite,0.72,-0.128075761709309,0.0507308659919338,0.04980193799002,0,250,0.00430297648113986,0.981689096297676,0.0283971829588782,main,none,Db,,mmrm,csh-Satt
6,CS,CO,alt,1,0.8,0.25,row,linear,cs,Satterthwaite,0.708,-0.128783002418125,0.0499770304094775,0.0510706602486945,0,250,0.00430297648113986,1.02188264949431,0.0287566340172142,main,none,Db,,mmrm,cs-Satt
6,CS,CO,alt,1,0.8,0.25,row,spline,cs,Satterthwaite,0.712,-0.128630277785416,0.0491913605614462,0.050637000222778,0,250,0.00430297648113986,1.02938808044405,0.0286395530691385,main,none,Db,,mmrm,cs-Satt
6,CS,CO,alt,1,0.8,0.25,row,visit,cs,Satterthwaite,0.716,-0.128632975194935,0.0491668751454965,0.0500452414071227,0,250,0.00430297648113986,1.01786500075563,0.0285197475444647,main,none,Db,,mmrm,cs-Satt
6,CS,CO,alt,1,0.8,0.25,row,linear,sp_exp,Satterthwaite,0.312,-0.118622124772392,0.0827520323316822,0.0835303579468648,0,250,0.00430297648113986,1.00940551661696,0.0293022866001956,main,none,Db,,mmrm,sp_exp-Satt
6,CS,CO,alt,1,0.8,0.25,row,spline,sp_exp,Satterthwaite,0.316,-0.118469050051625,0.0817312563548462,0.083585648291016,0,250,0.00430297648113986,1.0226888955202,0.0294036732399202,main,none,Db,,mmrm,sp_exp-Satt
6,CS,CO,alt,1,0.8,0.25,row,visit,sp_exp,Satterthwaite,0.308,-0.118456038372061,0.0803747951823733,0.0827717028770693,0,250,0.00430297648113986,1.02982163362603,0.0291983561181105,main,none,Db,,mmrm,sp_exp-Satt
6,CS,CO,alt,1,0.8,0.25,row,linear,us,Kenward-Roger,0.752,-0.129519767188101,0.049612400710671,0.0473646822304006,0,250,0.00430297648113986,0.95469442219943,0.0273127076651144,main,none,Db,,mmrm,us-KR
6,CS,CO,alt,1,0.8,0.25,row,linear,us,Satterthwaite,0.812,-0.129519767188101,0.049612400710671,0.0421343811374,0,250,0.00430297648113986,0.849271160714814,0.0247108073522497,main,none,Db,,mmrm,us-Satt
6,CS,CO,alt,1,0.8,0.25,row,spline,us,Satterthwaite,0.824,-0.128449157940752,0.0488603212691563,0.0414738848477136,0,250,0.00430297648113986,0.848825463493106,0.0240851821666352,main,none,Db,,mmrm,us-Satt
6,CS,CO,alt,1,0.8,0.25,row,visit,us,Kenward-Roger,0.76,-0.12840509056816,0.0488838670628703,0.0462913788171718,0,250,0.00430297648113986,0.94696638376902,0.0270111088258146,main,none,Db,,mmrm,us-KR
6,CS,CO,alt,1,0.8,0.25,row,visit,us,Satterthwaite,0.832,-0.12840509056816,0.0488838670628703,0.0413345896660121,0,250,0.00430297648113986,0.845567099117814,0.0236453800984463,main,none,Db,,mmrm,us-Satt
7,CS,CO,null,0,0.8,0,covariate,linear,cs,Satterthwaite,0.052,0.00229726914387147,0.0505367171361463,0.0499615920211929,0,500,0.0999999999999996,0.988619658190223,0.00992935043192655,main,none,Db,,mmrm,BL+cs-Satt
7,CS,CO,null,0,0.8,0,covariate,spline,cs,Satterthwaite,0.056,0.0021691088424987,0.0484938345120671,0.0487495193823162,0,500,0.0999999999999996,1.00527252325624,0.0102824121683582,main,none,Db,,mmrm,BL+cs-Satt
7,CS,CO,null,0,0.8,0,covariate,visit,cs,Satterthwaite,0.054,0.00214508723280878,0.0480723233403248,0.0484780952931848,0,500,0.0999999999999996,1.00844086419513,0.0101078187557949,main,none,Db,,mmrm,BL+cs-Satt
7,CS,CO,null,0,0.8,0,covariate,linear,us,Satterthwaite,0.094,0.00291825691441847,0.0531171848824645,0.0458665450372461,0,500,0.0999999999999996,0.863497286965371,0.0130509769749241,main,none,Db,,mmrm,BL+us-Satt
7,CS,CO,null,0,0.8,0,covariate,spline,us,Satterthwaite,0.084,0.00263181532644377,0.0520819618475046,0.0449092007378746,0,500,0.0999999999999996,0.862279360162511,0.0124051602166195,main,none,Db,,mmrm,BL+us-Satt
7,CS,CO,null,0,0.8,0,covariate,visit,us,Satterthwaite,0.076,0.00262148122501364,0.0514423475317861,0.0447795873136823,0,500,0.0999999999999996,0.870481023168958,0.0118510759005248,main,none,Db,,mmrm,BL+us-Satt
7,CS,CO,null,0,0.8,0,row,linear,csh,Satterthwaite,0.06,0.0020042347513547,0.0534776930100471,0.0503247936306271,0,500,0.0999999999999996,0.941042718899118,0.0106207344378814,main,none,Db,,mmrm,csh-Satt
7,CS,CO,null,0,0.8,0,row,spline,csh,Satterthwaite,0.056,0.00170273552505243,0.0515747051410005,0.050033827320446,0,500,0.0999999999999996,0.970123380902677,0.0102824121683582,main,none,Db,,mmrm,csh-Satt
7,CS,CO,null,0,0.8,0,row,visit,csh,Satterthwaite,0.058,0.0017223588941522,0.0510850689915832,0.0493392586405226,0,500,0.0999999999999996,0.965825428338987,0.0104533248299285,main,none,Db,,mmrm,csh-Satt
7,CS,CO,null,0,0.8,0,row,linear,cs,Satterthwaite,0.054,0.00221941379044436,0.052037825597557,0.0506219798898899,0,500,0.0999999999999996,0.972791989453656,0.0101078187557949,main,none,Db,,mmrm,cs-Satt
7,CS,CO,null,0,0.8,0,row,spline,cs,Satterthwaite,0.054,0.00219757507841899,0.0501652193581807,0.0502981351084083,0,500,0.0999999999999996,1.00264955983305,0.0101078187557949,main,none,Db,,mmrm,cs-Satt
7,CS,CO,null,0,0.8,0,row,visit,cs,Satterthwaite,0.056,0.00218013747310425,0.0497258189152325,0.0495682538700238,0,500,0.0999999999999996,0.996831323271371,0.0102824121683582,main,none,Db,,mmrm,cs-Satt
7,CS,CO,null,0,0.8,0,row,linear,sp_exp,Satterthwaite,0.062,-0.00126416383952716,0.0873604974268542,0.0827948395454867,0,500,0.0999999999999996,0.947737730257429,0.0107848041243223,main,none,Db,,mmrm,sp_exp-Satt
7,CS,CO,null,0,0.8,0,row,spline,sp_exp,Satterthwaite,0.06,-0.00122403932833589,0.0865502307955542,0.082900582631278,0,500,0.0999999999999996,0.957832022737209,0.0106207344378814,main,none,Db,,mmrm,sp_exp-Satt
7,CS,CO,null,0,0.8,0,row,visit,sp_exp,Satterthwaite,0.062,-0.00124823591387878,0.0856519392042345,0.0817291408876124,0,500,0.0999999999999996,0.954200706334641,0.0107848041243223,main,none,Db,,mmrm,sp_exp-Satt
7,CS,CO,null,0,0.8,0,row,linear,us,Kenward-Roger,0.056,0.0026197687605002,0.0529216170515351,0.0498779829013364,0,500,0.0999999999999996,0.942487884539983,0.0102824121683582,main,none,Db,,mmrm,us-KR
7,CS,CO,null,0,0.8,0,row,linear,us,Satterthwaite,0.092,0.0026197687605002,0.0529216170515351,0.0444106086162048,0,500,0.0999999999999996,0.839177090393095,0.01292563344676,main,none,Db,,mmrm,us-Satt
7,CS,CO,null,0,0.8,0,row,spline,us,Satterthwaite,0.096,0.0026427260175777,0.0517186067971616,0.04355732860102,0,500,0.0999999999999996,0.842198413655073,0.0131745208641529,main,none,Db,,mmrm,us-Satt
7,CS,CO,null,0,0.8,0,row,visit,us,Kenward-Roger,0.06,0.00243125042687437,0.0513218473997332,0.0485091385155404,0,500,0.0999999999999996,0.945194706997093,0.0106207344378814,main,none,Db,,mmrm,us-KR
7,CS,CO,null,0,0.8,0,row,visit,us,Satterthwaite,0.102,0.00243125042687437,0.0513218473997332,0.043351336668378,0,500,0.0999999999999996,0.844695560756516,0.0135348439222623,main,none,Db,,mmrm,us-Satt
8,CS,CO,null,1,0.8,0,covariate,linear,cs,Satterthwaite,0.038,-0.00278065491809205,0.0473738725429765,0.0501899851046407,0,500,0.0999999999999996,1.05944442390918,0.00855055553750749,main,none,Db,,mmrm,BL+cs-Satt
8,CS,CO,null,1,0.8,0,covariate,spline,cs,Satterthwaite,0.034,-0.0020214637328693,0.0461985243667415,0.0488987609152913,0,500,0.0999999999999996,1.05844854539323,0.00810481338464989,main,none,Db,,mmrm,BL+cs-Satt
8,CS,CO,null,1,0.8,0,covariate,visit,cs,Satterthwaite,0.036,-0.00181271216210322,0.0459906003980829,0.0487670530463116,0,500,0.0999999999999996,1.06037000222212,0.0083311463797007,main,none,Db,,mmrm,BL+cs-Satt
8,CS,CO,null,1,0.8,0,covariate,linear,us,Satterthwaite,0.072,-0.00186904292349066,0.0503364666809965,0.0458516131445592,0,500,0.0999999999999996,0.910902496099702,0.0115599307956406,main,none,Db,,mmrm,BL+us-Satt
8,CS,CO,null,1,0.8,0,covariate,spline,us,Satterthwaite,0.082,-0.000957187596698686,0.0491397266981636,0.0450466664467424,0,500,0.0999999999999996,0.916705677331857,0.0122699633251286,main,none,Db,,mmrm,BL+us-Satt
8,CS,CO,null,1,0.8,0,covariate,visit,us,Satterthwaite,0.08,-0.000818892157991571,0.04876312730948,0.0449778218561247,0,500,0.0999999999999996,0.922373611738815,0.0121326007104825,main,none,Db,,mmrm,BL+us-Satt
8,CS,CO,null,1,0.8,0,row,linear,csh,Satterthwaite,0.04,-0.00235213885118482,0.0496814426817505,0.0505302646959276,0,500,0.0999999999999996,1.01708529318713,0.00876356092008266,main,none,Db,,mmrm,csh-Satt
8,CS,CO,null,1,0.8,0,row,spline,csh,Satterthwaite,0.046,-0.00160120312304518,0.0482255677624815,0.0501584280489541,0,500,0.0999999999999996,1.04007957554781,0.00936845771725528,main,none,Db,,mmrm,csh-Satt
8,CS,CO,null,1,0.8,0,row,visit,csh,Satterthwaite,0.044,-0.00136203359394133,0.0477922646623744,0.0495717535811693,0,500,0.0999999999999996,1.03723382709244,0.00917213170424411,main,none,Db,,mmrm,csh-Satt
8,CS,CO,null,1,0.8,0,row,linear,cs,Satterthwaite,0.042,-0.00268269285426656,0.0482969233228276,0.05085012540807,0,500,0.0999999999999996,1.05286469426171,0.00897061870775924,main,none,Db,,mmrm,cs-Satt
8,CS,CO,null,1,0.8,0,row,spline,cs,Satterthwaite,0.036,-0.00175562029542613,0.0469344200918041,0.0504431531174088,0,500,0.0999999999999996,1.07475820557155,0.0083311463797007,main,none,Db,,mmrm,cs-Satt
8,CS,CO,null,1,0.8,0,row,visit,cs,Satterthwaite,0.042,-0.00156197501459713,0.0465480510362293,0.0498287924497744,0,500,0.0999999999999996,1.07048074710994,0.00897061870775924,main,none,Db,,mmrm,cs-Satt
8,CS,CO,null,1,0.8,0,row,linear,sp_exp,Satterthwaite,0.042,0.00032748120839626,0.0856791011075517,0.0827973552049988,0,500,0.0999999999999996,0.966365824742541,0.00897061870775924,main,none,Db,,mmrm,sp_exp-Satt
8,CS,CO,null,1,0.8,0,row,spline,sp_exp,Satterthwaite,0.042,0.00120238035991616,0.0846483760273459,0.0828535462045063,0,500,0.0999999999999996,0.978796641978581,0.00897061870775924,main,none,Db,,mmrm,sp_exp-Satt
8,CS,CO,null,1,0.8,0,row,visit,sp_exp,Satterthwaite,0.046,0.00197625059735075,0.0832979743430844,0.0819794869919948,0,500,0.0999999999999996,0.984171435602276,0.00936845771725528,main,none,Db,,mmrm,sp_exp-Satt
8,CS,CO,null,1,0.8,0,row,linear,us,Kenward-Roger,0.052,-0.00168775394390914,0.0499699281154817,0.0499558812032038,0,500,0.0999999999999996,0.999718892685907,0.00992935043192655,main,none,Db,,mmrm,us-KR
8,CS,CO,null,1,0.8,0,row,linear,us,Satterthwaite,0.076,-0.00168775394390914,0.0499699281154817,0.0444403462586248,0,500,0.0999999999999996,0.88934180885596,0.0118510759005248,main,none,Db,,mmrm,us-Satt
8,CS,CO,null,1,0.8,0,row,spline,us,Satterthwaite,0.078,-0.00104527975987413,0.0486910223816681,0.0437390176751356,0,500,0.0999999999999996,0.898297376717295,0.0119929979571415,main,none,Db,,mmrm,us-Satt
8,CS,CO,null,1,0.8,0,row,visit,us,Kenward-Roger,0.05,-0.000691657271038254,0.0482154156094621,0.0487923085373312,0,500,0.0999999999999996,1.01196490625616,0.00974679434480896,main,none,Db,,mmrm,us-KR
8,CS,CO,null,1,0.8,0,row,visit,us,Satterthwaite,0.088,-0.000691657271038254,0.0482154156094621,0.0435594193057218,0,500,0.0999999999999996,0.903433450798118,0.0126693330526907,main,none,Db,,mmrm,us-Satt
9,C07,Hybrid,alt,0,0.7,0.45,covariate,linear,cs,Satterthwaite,0.752,-0.240194093786392,0.0992531486971455,0.0843844026564302,0,250,0.0419697506224579,0.850193709359439,0.0273127076651144,main,none,Db,,mmrm,BL+cs-Satt
9,C07,Hybrid,alt,0,0.7,0.45,covariate,spline,cs,Satterthwaite,0.776,-0.239980153045098,0.0996494778620215,0.0826770592791274,0,250,0.0419697506224579,0.829678800661707,0.0263684660152994,main,none,Db,,mmrm,BL+cs-Satt
9,C07,Hybrid,alt,0,0.7,0.45,covariate,visit,cs,Satterthwaite,0.764,-0.23971033531462,0.0997285285210991,0.0828299953060771,0,250,0.0419697506224579,0.830554672112235,0.0268554649931816,main,none,Db,,mmrm,BL+cs-Satt
9,C07,Hybrid,alt,0,0.7,0.45,covariate,linear,us,Satterthwaite,0.828,-0.233058386139166,0.0837215173017703,0.0731932250759886,0,250,0.0419697506224579,0.874246280226469,0.0238676349896675,main,none,Db,,mmrm,BL+us-Satt
9,C07,Hybrid,alt,0,0.7,0.45,covariate,spline,us,Satterthwaite,0.836,-0.233007794100059,0.0837970897183074,0.0732356652420385,0,250,0.0419697506224579,0.873964304586565,0.0234182834554542,main,none,Db,,mmrm,BL+us-Satt
9,C07,Hybrid,alt,0,0.7,0.45,covariate,visit,us,Satterthwaite,0.84,-0.232802799431415,0.0839268385456556,0.0734399982309788,0,250,0.0419697506224579,0.875047833370109,0.0231862027939031,main,none,Db,,mmrm,BL+us-Satt
9,C07,Hybrid,alt,0,0.7,0.45,row,linear,csh,Satterthwaite,0.856,-0.238316802577988,0.0833446911171972,0.0756005531340901,0,250,0.0419697506224579,0.907083008176039,0.0222048643319431,main,none,Db,,mmrm,csh-Satt
9,C07,Hybrid,alt,0,0.7,0.45,row,spline,csh,Satterthwaite,0.868,-0.238463620782307,0.0831530244780748,0.0741438834708323,0,250,0.0419697506224579,0.891655883068715,0.0214080358744094,main,none,Db,,mmrm,csh-Satt
9,C07,Hybrid,alt,0,0.7,0.45,row,visit,csh,Satterthwaite,0.864,-0.238066594400107,0.0830876887382464,0.0738094320980822,0,250,0.0419697506224579,0.888331751898963,0.0216798523980215,main,none,Db,,mmrm,csh-Satt
9,C07,Hybrid,alt,0,0.7,0.45,row,linear,cs,Satterthwaite,0.84,-0.240656999459255,0.087110622743129,0.0762227604411447,0,250,0.0419697506224579,0.875011084077653,0.0231862027939031,main,none,Db,,mmrm,cs-Satt
9,C07,Hybrid,alt,0,0.7,0.45,row,spline,cs,Satterthwaite,0.844,-0.240503771687866,0.0872728540443491,0.0748449383040099,0,250,0.0419697506224579,0.857597005661992,0.0229489869057438,main,none,Db,,mmrm,cs-Satt
9,C07,Hybrid,alt,0,0.7,0.45,row,visit,cs,Satterthwaite,0.848,-0.240218332460078,0.0872782987937605,0.0744020637810952,0,250,0.0419697506224579,0.852469225562107,0.0227064748474967,main,none,Db,,mmrm,cs-Satt
9,C07,Hybrid,alt,0,0.7,0.45,row,linear,sp_exp,Satterthwaite,0.868,-0.235501670775789,0.0714180355613236,0.0755119149735095,0,250,0.0419697506224579,1.05732276700149,0.0214080358744094,main,none,Db,,mmrm,sp_exp-Satt
9,C07,Hybrid,alt,0,0.7,0.45,row,spline,sp_exp,Satterthwaite,0.86,-0.23539084857524,0.0714949712512738,0.0754184049518678,0,250,0.0419697506224579,1.0548770582312,0.0219453867589523,main,none,Db,,mmrm,sp_exp-Satt
9,C07,Hybrid,alt,0,0.7,0.45,row,visit,sp_exp,Satterthwaite,0.86,-0.235242142725639,0.0716556668648935,0.0747845059421857,0,250,0.0419697506224579,1.04366492162011,0.0219453867589523,main,none,Db,,mmrm,sp_exp-Satt
9,C07,Hybrid,alt,0,0.7,0.45,row,linear,us,Kenward-Roger,0.944,-0.234440366385653,0.0675132764811802,0.0668047173929367,0,250,0.0419697506224579,0.989504892590407,0.0145415267424023,main,none,Db,,mmrm,us-KR
9,C07,Hybrid,alt,0,0.7,0.45,row,linear,us,Satterthwaite,0.956,-0.234440366385653,0.0675132764811802,0.0598220032096511,0,250,0.0419697506224579,0.886077618027128,0.0129713530520143,main,none,Db,,mmrm,us-Satt
9,C07,Hybrid,alt,0,0.7,0.45,row,spline,us,Satterthwaite,0.956,-0.234382289338926,0.0675462911085329,0.0597705729702451,0,250,0.0419697506224579,0.884883122216232,0.0129713530520143,main,none,Db,,mmrm,us-Satt
9,C07,Hybrid,alt,0,0.7,0.45,row,visit,us,Kenward-Roger,0.944,-0.234180227627083,0.0672563604410391,0.0668513212683556,0,250,0.0419697506224579,0.993977682258936,0.0145415267424023,main,none,Db,,mmrm,us-KR
9,C07,Hybrid,alt,0,0.7,0.45,row,visit,us,Satterthwaite,0.956,-0.234180227627083,0.0672563604410391,0.0598751188448469,0,250,0.0419697506224579,0.890252140499589,0.0129713530520143,main,none,Db,,mmrm,us-Satt
10,C07,Hybrid,alt,1,0.7,0.45,covariate,linear,cs,Satterthwaite,0.576,-0.176794052780048,0.0921442636703304,0.0853190231185794,0,250,0.134639915857822,0.925928752589852,0.0312553355445114,main,none,Db,,mmrm,BL+cs-Satt
10,C07,Hybrid,alt,1,0.7,0.45,covariate,spline,cs,Satterthwaite,0.576,-0.176378486525164,0.0931878606492802,0.083233394268514,0,250,0.134639915857822,0.893178507249667,0.0312553355445114,main,none,Db,,mmrm,BL+cs-Satt
10,C07,Hybrid,alt,1,0.7,0.45,covariate,visit,cs,Satterthwaite,0.568,-0.176156498842073,0.0932287277645647,0.0834235785233839,0,250,0.134639915857822,0.894826954348855,0.031328964234395,main,none,Db,,mmrm,BL+cs-Satt
10,C07,Hybrid,alt,1,0.7,0.45,covariate,linear,us,Satterthwaite,0.552,-0.159522592161511,0.0854472965069843,0.0741655889737155,0,250,0.134639915857822,0.86796881827213,0.0314512956807824,main,none,Db,,mmrm,BL+us-Satt
10,C07,Hybrid,alt,1,0.7,0.45,covariate,spline,us,Satterthwaite,0.556,-0.159201091901169,0.0863537583428766,0.0741667979708074,0,250,0.134639915857822,0.858871685425901,0.0314238126267326,main,none,Db,,mmrm,BL+us-Satt
10,C07,Hybrid,alt,1,0.7,0.45,covariate,visit,us,Satterthwaite,0.548,-0.158799503836168,0.086850544038323,0.0742516259789463,0,250,0.134639915857822,0.854935646070133,0.0314767215573668,main,none,Db,,mmrm,BL+us-Satt
10,C07,Hybrid,alt,1,0.7,0.45,row,linear,csh,Satterthwaite,0.704,-0.195791304251277,0.077693548874031,0.0767462278259605,0,250,0.134639915857822,0.98780695357852,0.0288710235357183,main,none,Db,,mmrm,csh-Satt
10,C07,Hybrid,alt,1,0.7,0.45,row,spline,csh,Satterthwaite,0.728,-0.194944057093818,0.0787026275377813,0.0745576809663208,0,250,0.134639915857822,0.947334076369042,0.0281436316064576,main,none,Db,,mmrm,csh-Satt
10,C07,Hybrid,alt,1,0.7,0.45,row,visit,csh,Satterthwaite,0.724,-0.195014371894,0.078683765902344,0.074279270550832,0,250,0.134639915857822,0.94402281968839,0.0282718234289902,main,none,Db,,mmrm,csh-Satt
10,C07,Hybrid,alt,1,0.7,0.45,row,linear,cs,Satterthwaite,0.692,-0.191996512479962,0.0802052260076008,0.0774216112590136,0,250,0.134639915857822,0.965293848204812,0.0291983561181105,main,none,Db,,mmrm,cs-Satt
10,C07,Hybrid,alt,1,0.7,0.45,row,spline,cs,Satterthwaite,0.716,-0.191315663273423,0.0803924158314907,0.0752536727166958,0,250,0.134639915857822,0.936079254968948,0.0285197475444647,main,none,Db,,mmrm,cs-Satt
10,C07,Hybrid,alt,1,0.7,0.45,row,visit,cs,Satterthwaite,0.72,-0.191281474706155,0.080784763197455,0.0748605275701979,0,250,0.134639915857822,0.926666423310829,0.0283971829588782,main,none,Db,,mmrm,cs-Satt
10,C07,Hybrid,alt,1,0.7,0.45,row,linear,sp_exp,Satterthwaite,0.612,-0.167556424047654,0.072428324704956,0.0766846948762864,0,250,0.134639915857822,1.05876665225475,0.0308192147855847,main,none,Db,,mmrm,sp_exp-Satt
10,C07,Hybrid,alt,1,0.7,0.45,row,spline,sp_exp,Satterthwaite,0.624,-0.167470554021886,0.0727448362672645,0.0762266873645888,0,250,0.134639915857822,1.04786389352135,0.0306348820790941,main,none,Db,,mmrm,sp_exp-Satt
10,C07,Hybrid,alt,1,0.7,0.45,row,visit,sp_exp,Satterthwaite,0.628,-0.166965500793482,0.0734026751389684,0.0756555137795629,0,250,0.134639915857822,1.03069150594756,0.0305690039091888,main,none,Db,,mmrm,sp_exp-Satt
10,C07,Hybrid,alt,1,0.7,0.45,row,linear,us,Kenward-Roger,0.812,-0.19622630001145,0.0680424766980443,0.0680557985577386,0,250,0.134639915857822,1.00019578740135,0.0247108073522497,main,none,Db,,mmrm,us-KR
10,C07,Hybrid,alt,1,0.7,0.45,row,linear,us,Satterthwaite,0.86,-0.19622630001145,0.0680424766980443,0.0608835442094072,0,250,0.134639915857822,0.894787302931275,0.0219453867589523,main,none,Db,,mmrm,us-Satt
10,C07,Hybrid,alt,1,0.7,0.45,row,spline,us,Satterthwaite,0.86,-0.197061629761318,0.0681392615551906,0.0605192856926005,0,250,0.134639915857822,0.888170554117054,0.0219453867589523,main,none,Db,,mmrm,us-Satt
10,C07,Hybrid,alt,1,0.7,0.45,row,visit,us,Kenward-Roger,0.796,-0.196775932291855,0.0683612064396564,0.067624358986055,0,250,0.134639915857822,0.989221263169897,0.0254859961547513,main,none,Db,,mmrm,us-KR
10,C07,Hybrid,alt,1,0.7,0.45,row,visit,us,Satterthwaite,0.852,-0.196775932291855,0.0683612064396564,0.0605615082915016,0,250,0.134639915857822,0.885904615287331,0.0224584950519842,main,none,Db,,mmrm,us-Satt
11,C07,Hybrid,null,0,0.7,0,covariate,linear,cs,Satterthwaite,0.06,0.00337096799767384,0.0903778844027217,0.0857805436567835,0,500,0.154294260548186,0.949132016352003,0.0106207344378814,main,none,Db,,mmrm,BL+cs-Satt
11,C07,Hybrid,null,0,0.7,0,covariate,spline,cs,Satterthwaite,0.064,0.00305545339849418,0.0904973672827868,0.0841763618827937,0,500,0.154294260548186,0.930152604547698,0.0109456840809517,main,none,Db,,mmrm,BL+cs-Satt
11,C07,Hybrid,null,0,0.7,0,covariate,visit,cs,Satterthwaite,0.066,0.00328467376102599,0.0906609867890886,0.0842940062914791,0,500,0.154294260548186,0.929771550883055,0.0111035129576184,main,none,Db,,mmrm,BL+cs-Satt
11,C07,Hybrid,null,0,0.7,0,covariate,linear,us,Satterthwaite,0.082,0.00351878780123133,0.0845302803592588,0.075602937256889,0,500,0.154294260548186,0.894388814701335,0.0122699633251286,main,none,Db,,mmrm,BL+us-Satt
11,C07,Hybrid,null,0,0.7,0,covariate,spline,us,Satterthwaite,0.08,0.00312530080621891,0.0849034413031651,0.07565126942514,0,500,0.154294260548186,0.891027127569678,0.0121326007104825,main,none,Db,,mmrm,BL+us-Satt
11,C07,Hybrid,null,0,0.7,0,covariate,visit,us,Satterthwaite,0.076,0.00301527644576034,0.0851676689496501,0.0757938947072686,0,500,0.154294260548186,0.889937409841249,0.0118510759005248,main,none,Db,,mmrm,BL+us-Satt
11,C07,Hybrid,null,0,0.7,0,row,linear,csh,Satterthwaite,0.046,0.00343073484661746,0.0773572306755816,0.0769969246497493,0,500,0.154294260548186,0.995342309662773,0.00936845771725528,main,none,Db,,mmrm,csh-Satt
11,C07,Hybrid,null,0,0.7,0,row,spline,csh,Satterthwaite,0.048,0.00354261505072405,0.0774626868058331,0.0756561532417759,0,500,0.154294260548186,0.976678661190963,0.00955991631762538,main,none,Db,,mmrm,csh-Satt
11,C07,Hybrid,null,0,0.7,0,row,visit,csh,Satterthwaite,0.052,0.00356109800956867,0.0776018026077333,0.0753053905703756,0,500,0.154294260548186,0.970407748786897,0.00992935043192655,main,none,Db,,mmrm,csh-Satt
11,C07,Hybrid,null,0,0.7,0,row,linear,cs,Satterthwaite,0.048,0.00439898953038719,0.0800462692325474,0.077455414116709,0,500,0.154294260548186,0.967633030987222,0.00955991631762538,main,none,Db,,mmrm,cs-Satt
11,C07,Hybrid,null,0,0.7,0,row,spline,cs,Satterthwaite,0.054,0.00421923767712197,0.0802677527129839,0.0761897447576507,0,500,0.154294260548186,0.949194940464884,0.0101078187557949,main,none,Db,,mmrm,cs-Satt
11,C07,Hybrid,null,0,0.7,0,row,visit,cs,Satterthwaite,0.062,0.00437013123376136,0.0803836442317124,0.0757378555294658,0,500,0.154294260548186,0.942204801155136,0.0107848041243223,main,none,Db,,mmrm,cs-Satt
11,C07,Hybrid,null,0,0.7,0,row,linear,sp_exp,Satterthwaite,0.032,0.00328298173557437,0.0734068997756229,0.0769789672996098,0,500,0.154294260548186,1.04866119581273,0.00787095928079926,main,none,Db,,mmrm,sp_exp-Satt
11,C07,Hybrid,null,0,0.7,0,row,spline,sp_exp,Satterthwaite,0.036,0.00324787355316121,0.0737184205042902,0.0769142604142942,0,500,0.154294260548186,1.04335198567932,0.0083311463797007,main,none,Db,,mmrm,sp_exp-Satt
11,C07,Hybrid,null,0,0.7,0,row,visit,sp_exp,Satterthwaite,0.036,0.00327964525567349,0.0738258522573808,0.0762539167958811,0,500,0.154294260548186,1.03288908240484,0.0083311463797007,main,none,Db,,mmrm,sp_exp-Satt
11,C07,Hybrid,null,0,0.7,0,row,linear,us,Kenward-Roger,0.058,0.00438167783368894,0.071844382534003,0.0705690220122114,0,500,0.154294260548186,0.982248291699244,0.0104533248299285,main,none,Db,,mmrm,us-KR
11,C07,Hybrid,null,0,0.7,0,row,linear,us,Satterthwaite,0.09,0.00438167783368894,0.071844382534003,0.0631586304241284,0,500,0.154294260548186,0.879103253399615,0.0127984374046209,main,none,Db,,mmrm,us-Satt
11,C07,Hybrid,null,0,0.7,0,row,spline,us,Satterthwaite,0.092,0.00420479142820171,0.0720238073425524,0.0630816415894427,0,500,0.154294260548186,0.875844306444675,0.01292563344676,main,none,Db,,mmrm,us-Satt
11,C07,Hybrid,null,0,0.7,0,row,visit,us,Kenward-Roger,0.054,0.00414980725250453,0.0721870416694638,0.0705728208920418,0,500,0.154294260548186,0.977638358075216,0.0101078187557949,main,none,Db,,mmrm,us-KR
11,C07,Hybrid,null,0,0.7,0,row,visit,us,Satterthwaite,0.086,0.00414980725250453,0.0721870416694638,0.0631653413755075,0,500,0.154294260548186,0.875023271693753,0.0125382614424808,main,none,Db,,mmrm,us-Satt
12,C07,Hybrid,null,1,0.7,0,covariate,linear,cs,Satterthwaite,0.07,3.66067176189955e-06,0.0953664109915471,0.0858624476270505,0,500,0.154294260548186,0.900342654550154,0.0114105214604767,main,none,Db,,mmrm,BL+cs-Satt
12,C07,Hybrid,null,1,0.7,0,covariate,spline,cs,Satterthwaite,0.078,1.82405819746878e-07,0.0953350303630137,0.0838162200057853,0,500,0.154294260548186,0.879175468729936,0.0119929979571415,main,none,Db,,mmrm,BL+cs-Satt
12,C07,Hybrid,null,1,0.7,0,covariate,visit,cs,Satterthwaite,0.074,7.28598287965167e-05,0.0955446100802934,0.0840028564829038,0,500,0.154294260548186,0.879200369464167,0.0117067501895274,main,none,Db,,mmrm,BL+cs-Satt
12,C07,Hybrid,null,1,0.7,0,covariate,linear,us,Satterthwaite,0.092,0.000829242068985229,0.0848983645633294,0.0751161328066551,0,500,0.154294260548186,0.884777147274995,0.01292563344676,main,none,Db,,mmrm,BL+us-Satt
12,C07,Hybrid,null,1,0.7,0,covariate,spline,us,Satterthwaite,0.088,0.000224298210614355,0.0849365502246555,0.0751310573773942,0,500,0.154294260548186,0.884555084691738,0.0126693330526907,main,none,Db,,mmrm,BL+us-Satt
12,C07,Hybrid,null,1,0.7,0,covariate,visit,us,Satterthwaite,0.094,0.000113374592527045,0.0852217248382243,0.0751636777898274,0,500,0.154294260548186,0.881977898622798,0.0130509769749241,main,none,Db,,mmrm,BL+us-Satt
12,C07,Hybrid,null,1,0.7,0,row,linear,csh,Satterthwaite,0.054,0.00059068175191818,0.0812484058294725,0.0774173144930196,0,500,0.154294260548186,0.952847181463551,0.0101078187557949,main,none,Db,,mmrm,csh-Satt
12,C07,Hybrid,null,1,0.7,0,row,spline,csh,Satterthwaite,0.062,0.000570581385120674,0.0808955640131928,0.0751731870152264,0,500,0.154294260548186,0.929262165759384,0.0107848041243223,main,none,Db,,mmrm,csh-Satt
12,C07,Hybrid,null,1,0.7,0,row,visit,csh,Satterthwaite,0.058,0.000344669247094815,0.080823285369926,0.0749283045676389,0,500,0.154294260548186,0.927063336075662,0.0104533248299285,main,none,Db,,mmrm,csh-Satt
12,C07,Hybrid,null,1,0.7,0,row,linear,cs,Satterthwaite,0.066,0.000290652394983392,0.0848501972394212,0.0780132422324698,0,500,0.154294260548186,0.919423227884084,0.0111035129576184,main,none,Db,,mmrm,cs-Satt
12,C07,Hybrid,null,1,0.7,0,row,spline,cs,Satterthwaite,0.07,0.000329157020226236,0.0848224922781299,0.0758396361228301,0,500,0.154294260548186,0.894098181814261,0.0114105214604767,main,none,Db,,mmrm,cs-Satt
12,C07,Hybrid,null,1,0.7,0,row,visit,cs,Satterthwaite,0.068,0.000325540874036386,0.0847408659191508,0.0754642859637885,0,500,0.154294260548186,0.890530031116122,0.0112584190719657,main,none,Db,,mmrm,cs-Satt
12,C07,Hybrid,null,1,0.7,0,row,linear,sp_exp,Satterthwaite,0.048,4.73405827853755e-05,0.0742159374289264,0.0769334838841545,0,500,0.154294260548186,1.03661675038236,0.00955991631762538,main,none,Db,,mmrm,sp_exp-Satt
12,C07,Hybrid,null,1,0.7,0,row,spline,sp_exp,Satterthwaite,0.048,9.99061192741625e-05,0.0741668529162364,0.076488742752225,0,500,0.154294260548186,1.03130630119375,0.00955991631762538,main,none,Db,,mmrm,sp_exp-Satt
12,C07,Hybrid,null,1,0.7,0,row,visit,sp_exp,Satterthwaite,0.058,-5.73471394386365e-05,0.0743525587248669,0.0759297571053273,0,500,0.154294260548186,1.02121242910142,0.0104533248299285,main,none,Db,,mmrm,sp_exp-Satt
12,C07,Hybrid,null,1,0.7,0,row,linear,us,Kenward-Roger,0.066,0.00196098905288162,0.0743706609535991,0.0703521204150251,0,500,0.154294260548186,0.945966050495622,0.0111035129576184,main,none,Db,,mmrm,us-KR
12,C07,Hybrid,null,1,0.7,0,row,linear,us,Satterthwaite,0.102,0.00196098905288162,0.0743706609535991,0.0629169848577584,0,500,0.154294260548186,0.845992008824731,0.0135348439222623,main,none,Db,,mmrm,us-Satt
12,C07,Hybrid,null,1,0.7,0,row,spline,us,Satterthwaite,0.1,0.00169178895925035,0.0742722863087262,0.0624882793415196,0,500,0.154294260548186,0.841340457486064,0.0134164078649987,main,none,Db,,mmrm,us-Satt
12,C07,Hybrid,null,1,0.7,0,row,visit,us,Kenward-Roger,0.068,0.00141179831857881,0.0740221310066899,0.0698373119502892,0,500,0.154294260548186,0.943465298830393,0.0112584190719657,main,none,Db,,mmrm,us-KR
12,C07,Hybrid,null,1,0.7,0,row,visit,us,Satterthwaite,0.1,0.00141179831857881,0.0740221310066899,0.0625189703875366,0,500,0.154294260548186,0.844598359129735,0.0134164078649987,main,none,Db,,mmrm,us-Satt
13,C07,CO,alt,0,0.7,0.45,covariate,linear,cs,Satterthwaite,0.744,-0.241104121106376,0.112137480138461,0.0844346871972586,0,250,0.252543224874427,0.752956880188526,0.0276017390756452,main,none,Db,,mmrm,BL+cs-Satt
13,C07,CO,alt,0,0.7,0.45,covariate,spline,cs,Satterthwaite,0.744,-0.24107513330098,0.111714189825609,0.083721021097526,0,250,0.252543224874427,0.74942154822246,0.0276017390756452,main,none,Db,,mmrm,BL+cs-Satt
13,C07,CO,alt,0,0.7,0.45,covariate,visit,cs,Satterthwaite,0.74,-0.240770953713478,0.111853250258847,0.0837035192976113,0,250,0.252543224874427,0.748333366298319,0.0277416654150395,main,none,Db,,mmrm,BL+cs-Satt
13,C07,CO,alt,0,0.7,0.45,covariate,linear,us,Satterthwaite,0.652,-0.244277469241953,0.109110608073801,0.0990973608465177,0,250,0.252543224874427,0.908228471969373,0.0301261348333967,main,none,Db,,mmrm,BL+us-Satt
13,C07,CO,alt,0,0.7,0.45,covariate,spline,us,Satterthwaite,0.68,-0.244061945549502,0.108731177614555,0.0977333378139181,0,250,0.252543224874427,0.898852932140368,0.0295025422633372,main,none,Db,,mmrm,BL+us-Satt
13,C07,CO,alt,0,0.7,0.45,covariate,visit,us,Satterthwaite,0.684,-0.243364403767412,0.109187836855082,0.0973399798248872,0,250,0.252543224874427,0.891491054576716,0.0294036732399202,main,none,Db,,mmrm,BL+us-Satt
13,C07,CO,alt,0,0.7,0.45,row,linear,csh,Satterthwaite,0.82,-0.239144653854589,0.0975247859710347,0.074981377097219,0,250,0.252543224874427,0.768844313275282,0.0242981480775799,main,none,Db,,mmrm,csh-Satt
13,C07,CO,alt,0,0.7,0.45,row,spline,csh,Satterthwaite,0.824,-0.239413336408074,0.0972288493197005,0.0748222241152873,0,250,0.252543224874427,0.769547563699561,0.0240851821666352,main,none,Db,,mmrm,csh-Satt
13,C07,CO,alt,0,0.7,0.45,row,visit,csh,Satterthwaite,0.828,-0.239332926488551,0.0975603432391461,0.0744683936799372,0,250,0.252543224874427,0.763305982815124,0.0238676349896675,main,none,Db,,mmrm,csh-Satt
13,C07,CO,alt,0,0.7,0.45,row,linear,cs,Satterthwaite,0.804,-0.240033596445548,0.100740879307236,0.076182522802328,0,250,0.252543224874427,0.756222531768752,0.0251064931840351,main,none,Db,,mmrm,cs-Satt
13,C07,CO,alt,0,0.7,0.45,row,spline,cs,Satterthwaite,0.812,-0.240045905931991,0.100360717161471,0.0760001668140848,0,250,0.252543224874427,0.757270065057501,0.0247108073522497,main,none,Db,,mmrm,cs-Satt
13,C07,CO,alt,0,0.7,0.45,row,visit,cs,Satterthwaite,0.828,-0.239793814047814,0.100569694586155,0.0756118762450358,0,250,0.252543224874427,0.751835595764501,0.0238676349896675,main,none,Db,,mmrm,cs-Satt
13,C07,CO,alt,0,0.7,0.45,row,linear,sp_exp,Satterthwaite,0.568,-0.237416575580106,0.0931562924360673,0.111145083415352,0,250,0.252543224874427,1.19310333750809,0.031328964234395,main,none,Db,,mmrm,sp_exp-Satt
13,C07,CO,alt,0,0.7,0.45,row,spline,sp_exp,Satterthwaite,0.56,-0.23746537075565,0.0934690180028981,0.111358688715573,0,250,0.252543224874427,1.19139679751552,0.0313942669925577,main,none,Db,,mmrm,sp_exp-Satt
13,C07,CO,alt,0,0.7,0.45,row,visit,sp_exp,Satterthwaite,0.58,-0.236382574817246,0.0952108570389341,0.110692738304438,0,250,0.252543224874427,1.16260625885525,0.0312153808242027,main,none,Db,,mmrm,sp_exp-Satt
13,C07,CO,alt,0,0.7,0.45,row,linear,us,Kenward-Roger,0.808,-0.238863204572974,0.0829223063669818,0.0845386885089075,0,250,0.252543224874427,1.01949273015601,0.0249107205837166,main,none,Db,,mmrm,us-KR
13,C07,CO,alt,0,0.7,0.45,row,linear,us,Satterthwaite,0.852,-0.238863204572974,0.0829223063669818,0.0754631551939242,0,250,0.252543224874427,0.910046506183193,0.0224584950519842,main,none,Db,,mmrm,us-Satt
13,C07,CO,alt,0,0.7,0.45,row,spline,us,Satterthwaite,0.844,-0.238506805349021,0.0835351996445024,0.074974858823099,0,250,0.252543224874427,0.897524147211795,0.0229489869057438,main,none,Db,,mmrm,us-Satt
13,C07,CO,alt,0,0.7,0.45,row,visit,us,Kenward-Roger,0.8,-0.238087555667366,0.084184126272521,0.0836639442651001,0,250,0.252543224874427,0.993820901511325,0.025298221281347,main,none,Db,,mmrm,us-KR
13,C07,CO,alt,0,0.7,0.45,row,visit,us,Satterthwaite,0.844,-0.238087555667366,0.084184126272521,0.0747292430444673,0,250,0.252543224874427,0.887688051813398,0.0229489869057438,main,none,Db,,mmrm,us-Satt
14,C07,CO,alt,1,0.7,0.45,covariate,linear,cs,Satterthwaite,0.74,-0.223896306364777,0.114923267384271,0.0830149572874987,0,250,0.252543224874427,0.722351175501476,0.0277416654150395,main,none,Db,,mmrm,BL+cs-Satt
14,C07,CO,alt,1,0.7,0.45,covariate,spline,cs,Satterthwaite,0.748,-0.223385385478184,0.115039784505998,0.082258419436198,0,250,0.252543224874427,0.715043232994838,0.0274587690911301,main,none,Db,,mmrm,BL+cs-Satt
14,C07,CO,alt,1,0.7,0.45,covariate,visit,cs,Satterthwaite,0.752,-0.223284499801623,0.114703107192695,0.0823404918724326,0,250,0.252543224874427,0.717857553188204,0.0273127076651144,main,none,Db,,mmrm,BL+cs-Satt
14,C07,CO,alt,1,0.7,0.45,covariate,linear,us,Satterthwaite,0.62,-0.221583963263633,0.110590304882932,0.0954157824890933,0,250,0.252543224874427,0.862786141968752,0.0306985341669598,main,none,Db,,mmrm,BL+us-Satt
14,C07,CO,alt,1,0.7,0.45,covariate,spline,us,Satterthwaite,0.636,-0.22089893094444,0.109718301009199,0.0944612611615368,0,250,0.252543224874427,0.860943528041114,0.0304305110045822,main,none,Db,,mmrm,BL+us-Satt
14,C07,CO,alt,1,0.7,0.45,covariate,visit,us,Satterthwaite,0.632,-0.220168714172679,0.108832343795678,0.0944047348605326,0,250,0.252543224874427,0.867432709505621,0.0305008852330551,main,none,Db,,mmrm,BL+us-Satt
14,C07,CO,alt,1,0.7,0.45,row,linear,csh,Satterthwaite,0.808,-0.22558180445579,0.09838042017453,0.0736417532386643,0,250,0.252543224874427,0.748540747315589,0.0249107205837166,main,none,Db,,mmrm,csh-Satt
14,C07,CO,alt,1,0.7,0.45,row,spline,csh,Satterthwaite,0.804,-0.225321566845292,0.0987530462130952,0.0734823759938537,0,250,0.252543224874427,0.744102372652779,0.0251064931840351,main,none,Db,,mmrm,csh-Satt
14,C07,CO,alt,1,0.7,0.45,row,visit,csh,Satterthwaite,0.804,-0.225323788309599,0.0986630243219919,0.0731766215136505,0,250,0.252543224874427,0.741682327462766,0.0251064931840351,main,none,Db,,mmrm,csh-Satt
14,C07,CO,alt,1,0.7,0.45,row,linear,cs,Satterthwaite,0.808,-0.225200597712701,0.100786519915205,0.0749136212676388,0,250,0.252543224874427,0.743290088105694,0.0249107205837166,main,none,Db,,mmrm,cs-Satt
14,C07,CO,alt,1,0.7,0.45,row,spline,cs,Satterthwaite,0.792,-0.224838875075348,0.10120835868362,0.0747151999467671,0,250,0.252543224874427,0.738231514852726,0.0256699045576722,main,none,Db,,mmrm,cs-Satt
14,C07,CO,alt,1,0.7,0.45,row,visit,cs,Satterthwaite,0.792,-0.224818980062702,0.100895957501784,0.0743829529391794,0,250,0.252543224874427,0.737224312855786,0.0256699045576722,main,none,Db,,mmrm,cs-Satt
14,C07,CO,alt,1,0.7,0.45,row,linear,sp_exp,Satterthwaite,0.564,-0.223281043276749,0.0941071180865344,0.109400392026204,0,250,0.252543224874427,1.16250921556866,0.0313626529490093,main,none,Db,,mmrm,sp_exp-Satt
14,C07,CO,alt,1,0.7,0.45,row,spline,sp_exp,Satterthwaite,0.56,-0.222944343423409,0.0939298040589124,0.109586584913706,0,250,0.252543224874427,1.16668597376158,0.0313942669925577,main,none,Db,,mmrm,sp_exp-Satt
14,C07,CO,alt,1,0.7,0.45,row,visit,sp_exp,Satterthwaite,0.556,-0.222822882912547,0.0933869807267076,0.109116545547699,0,250,0.252543224874427,1.16843423674894,0.0314238126267326,main,none,Db,,mmrm,sp_exp-Satt
14,C07,CO,alt,1,0.7,0.45,row,linear,us,Kenward-Roger,0.796,-0.227956876388844,0.0796490607596041,0.081900878069649,0,250,0.252543224874427,1.02827173715006,0.0254859961547513,main,none,Db,,mmrm,us-KR
14,C07,CO,alt,1,0.7,0.45,row,linear,us,Satterthwaite,0.84,-0.227956876388844,0.0796490607596041,0.0731112597954934,0,250,0.252543224874427,0.917917412939206,0.0231862027939031,main,none,Db,,mmrm,us-Satt
14,C07,CO,alt,1,0.7,0.45,row,spline,us,Satterthwaite,0.836,-0.227568759120931,0.0792110332662726,0.0728056926791555,0,250,0.252543224874427,0.919135752647171,0.0234182834554542,main,none,Db,,mmrm,us-Satt
14,C07,CO,alt,1,0.7,0.45,row,visit,us,Kenward-Roger,0.788,-0.227413850737562,0.0790500246874657,0.081388389099091,0,250,0.252543224874427,1.02958081823339,0.0258500290135234,main,none,Db,,mmrm,us-KR
14,C07,CO,alt,1,0.7,0.45,row,visit,us,Satterthwaite,0.844,-0.227413850737562,0.0790500246874657,0.0726791657119396,0,250,0.252543224874427,0.919407248755277,0.0229489869057438,main,none,Db,,mmrm,us-Satt
15,C07,CO,null,0,0.7,0,covariate,linear,cs,Satterthwaite,0.15,0.000739266011003423,0.114870820009316,0.0841356138815876,0,500,0.344552681946722,0.732436783116583,0.0159687194226713,main,none,Db,,mmrm,BL+cs-Satt
15,C07,CO,null,0,0.7,0,covariate,spline,cs,Satterthwaite,0.146,0.000737596341245311,0.11374844393513,0.0834048614294775,0,500,0.344552681946722,0.733239581519396,0.015791390059143,main,none,Db,,mmrm,BL+cs-Satt
15,C07,CO,null,0,0.7,0,covariate,visit,cs,Satterthwaite,0.146,0.000744935135192805,0.113358441857917,0.0833987665477597,0,500,0.344552681946722,0.735708476412297,0.015791390059143,main,none,Db,,mmrm,BL+cs-Satt
15,C07,CO,null,0,0.7,0,covariate,linear,us,Satterthwaite,0.094,-0.00137534611494134,0.115875104312619,0.100996161465812,0,500,0.344552681946722,0.871594999330792,0.0130509769749241,main,none,Db,,mmrm,BL+us-Satt
15,C07,CO,null,0,0.7,0,covariate,spline,us,Satterthwaite,0.08,-0.00142778010797063,0.11269323190602,0.0997504916580874,0,500,0.344552681946722,0.885150687143961,0.0121326007104825,main,none,Db,,mmrm,BL+us-Satt
15,C07,CO,null,0,0.7,0,covariate,visit,us,Satterthwaite,0.076,-0.0012771884862645,0.111106161191275,0.0994416579338909,0,500,0.344552681946722,0.895014793668346,0.0118510759005248,main,none,Db,,mmrm,BL+us-Satt
15,C07,CO,null,0,0.7,0,row,linear,csh,Satterthwaite,0.152,0.000864622028123802,0.101423630181122,0.0747218444225503,0,500,0.344552681946722,0.736730131716957,0.0160559023415067,main,none,Db,,mmrm,csh-Satt
15,C07,CO,null,0,0.7,0,row,spline,csh,Satterthwaite,0.14,0.00108937017465275,0.100411095870445,0.074580226125415,0,500,0.344552681946722,0.742748851398276,0.0155177317930167,main,none,Db,,mmrm,csh-Satt
15,C07,CO,null,0,0.7,0,row,visit,csh,Satterthwaite,0.138,0.00111740648115289,0.10021522446696,0.0742041781893391,0,500,0.344552681946722,0.740448156295887,0.01542439626047,main,none,Db,,mmrm,csh-Satt
15,C07,CO,null,0,0.7,0,row,linear,cs,Satterthwaite,0.154,0.00121117527428187,0.10441321089131,0.0759620230149401,0,500,0.344552681946722,0.727513524069415,0.016142118820031,main,none,Db,,mmrm,cs-Satt
15,C07,CO,null,0,0.7,0,row,spline,cs,Satterthwaite,0.14,0.00134647555182224,0.103493802138864,0.0757738228144229,0,500,0.344552681946722,0.73215807370525,0.0155177317930167,main,none,Db,,mmrm,cs-Satt
15,C07,CO,null,0,0.7,0,row,visit,cs,Satterthwaite,0.15,0.00133723589774751,0.103211469554388,0.0753776954817819,0,500,0.344552681946722,0.730322858566227,0.0159687194226713,main,none,Db,,mmrm,cs-Satt
15,C07,CO,null,0,0.7,0,row,linear,sp_exp,Satterthwaite,0.034,-0.00313830462720675,0.104702690149122,0.110370283415331,0,500,0.344552681946722,1.05413035002383,0.00810481338464989,main,none,Db,,mmrm,sp_exp-Satt
15,C07,CO,null,0,0.7,0,row,spline,sp_exp,Satterthwaite,0.03,-0.00291909195101338,0.103741710254749,0.110567831985459,0,500,0.344552681946722,1.06579920182487,0.00762889244910426,main,none,Db,,mmrm,sp_exp-Satt
15,C07,CO,null,0,0.7,0,row,visit,sp_exp,Satterthwaite,0.034,-0.00292597866707625,0.102766219874512,0.109878333715982,0,500,0.344552681946722,1.06920672814622,0.00810481338464989,main,none,Db,,mmrm,sp_exp-Satt
15,C07,CO,null,0,0.7,0,row,linear,us,Kenward-Roger,0.056,0.00155802672234209,0.0905674760628987,0.085612638966815,0,500,0.344552681946722,0.945291209256592,0.0102824121683582,main,none,Db,,mmrm,us-KR
15,C07,CO,null,0,0.7,0,row,linear,us,Satterthwaite,0.104,0.00155802672234209,0.0905674760628987,0.0764415787962843,0,500,0.344552681946722,0.844029028071798,0.013651666564929,main,none,Db,,mmrm,us-Satt
15,C07,CO,null,0,0.7,0,row,spline,us,Satterthwaite,0.088,0.00168157097185075,0.0894108253291871,0.0760629307748947,0,500,0.344552681946722,0.850712768782203,0.0126693330526907,main,none,Db,,mmrm,us-Satt
15,C07,CO,null,0,0.7,0,row,visit,us,Kenward-Roger,0.052,0.00158223854119089,0.0888612960872141,0.0849192629430941,0,500,0.344552681946722,0.955638356430779,0.00992935043192655,main,none,Db,,mmrm,us-KR
15,C07,CO,null,0,0.7,0,row,visit,us,Satterthwaite,0.09,0.00158223854119089,0.0888612960872141,0.0758591275931495,0,500,0.344552681946722,0.85368018398805,0.0127984374046209,main,none,Db,,mmrm,us-Satt
16,C07,CO,null,1,0.7,0,covariate,linear,cs,Satterthwaite,0.16,-0.00101566192190707,0.112153588645249,0.0845790203839138,0,500,0.344552681946722,0.75413565812365,0.0163951212255354,main,none,Db,,mmrm,BL+cs-Satt
16,C07,CO,null,1,0.7,0,covariate,spline,cs,Satterthwaite,0.164,-0.000971749380498467,0.112276926839523,0.0838442391824192,0,500,0.344552681946722,0.746762861636366,0.0165592270351004,main,none,Db,,mmrm,BL+cs-Satt
16,C07,CO,null,1,0.7,0,covariate,visit,cs,Satterthwaite,0.162,-0.000972952976953484,0.112495053427775,0.0839088255984907,0,500,0.344552681946722,0.745889023932616,0.016477621187538,main,none,Db,,mmrm,BL+cs-Satt
16,C07,CO,null,1,0.7,0,covariate,linear,us,Satterthwaite,0.088,-0.00270886002882818,0.11190820522649,0.10099385858784,0,500,0.344552681946722,0.902470541667964,0.0126693330526907,main,none,Db,,mmrm,BL+us-Satt
16,C07,CO,null,1,0.7,0,covariate,spline,us,Satterthwaite,0.096,-0.00275414307444892,0.111695758512111,0.100007350410994,0,500,0.344552681946722,0.895354951192266,0.0131745208641529,main,none,Db,,mmrm,BL+us-Satt
16,C07,CO,null,1,0.7,0,covariate,visit,us,Satterthwaite,0.086,-0.0027278116036893,0.111633950341008,0.0998779789418404,0,500,0.344552681946722,0.894691790774607,0.0125382614424808,main,none,Db,,mmrm,BL+us-Satt
16,C07,CO,null,1,0.7,0,row,linear,csh,Satterthwaite,0.164,-8.2982699785572e-09,0.0999649719692399,0.0751395456074235,0,500,0.344552681946722,0.751658747331462,0.0165592270351004,main,none,Db,,mmrm,csh-Satt
16,C07,CO,null,1,0.7,0,row,spline,csh,Satterthwaite,0.156,5.69600611619728e-05,0.100211448832345,0.074968791042686,0,500,0.344552681946722,0.748106048921712,0.0162273842624127,main,none,Db,,mmrm,csh-Satt
16,C07,CO,null,1,0.7,0,row,visit,csh,Satterthwaite,0.164,1.58040519637999e-05,0.10037047915882,0.0746564271790682,0,500,0.344552681946722,0.743808615887312,0.0165592270351004,main,none,Db,,mmrm,csh-Satt
16,C07,CO,null,1,0.7,0,row,linear,cs,Satterthwaite,0.158,-0.000380697767336643,0.101760186512808,0.0763595557321695,0,500,0.344552681946722,0.750387340559351,0.0163117135825762,main,none,Db,,mmrm,cs-Satt
16,C07,CO,null,1,0.7,0,row,spline,cs,Satterthwaite,0.158,-0.00026631183395915,0.10213672988872,0.0761553044290746,0,500,0.344552681946722,0.745621134650064,0.0163117135825762,main,none,Db,,mmrm,cs-Satt
16,C07,CO,null,1,0.7,0,row,visit,cs,Satterthwaite,0.158,-0.000287147832060575,0.102282695905126,0.0758318557468974,0,500,0.344552681946722,0.74139476942646,0.0163117135825762,main,none,Db,,mmrm,cs-Satt
16,C07,CO,null,1,0.7,0,row,linear,sp_exp,Satterthwaite,0.028,-0.00110768257805102,0.10216780913737,0.110898289386811,0,500,0.344552681946722,1.08545235845962,0.00737780455149091,main,none,Db,,mmrm,sp_exp-Satt
16,C07,CO,null,1,0.7,0,row,spline,sp_exp,Satterthwaite,0.026,-0.00107467153508562,0.102091540415073,0.111084063637016,0,500,0.344552681946722,1.088082941891,0.00711674082709213,main,none,Db,,mmrm,sp_exp-Satt
16,C07,CO,null,1,0.7,0,row,visit,sp_exp,Satterthwaite,0.026,-0.00108535230457437,0.102411668197787,0.110594053084017,0,500,0.344552681946722,1.07989699836182,0.00711674082709213,main,none,Db,,mmrm,sp_exp-Satt
16,C07,CO,null,1,0.7,0,row,linear,us,Kenward-Roger,0.054,-0.000424518833049131,0.0881331871199402,0.0857261503721424,0,500,0.344552681946722,0.972688645146554,0.0101078187557949,main,none,Db,,mmrm,us-KR
16,C07,CO,null,1,0.7,0,row,linear,us,Satterthwaite,0.072,-0.000424518833049131,0.0881331871199402,0.0765490449766546,0,500,0.344552681946722,0.868560952782511,0.0115599307956406,main,none,Db,,mmrm,us-Satt
16,C07,CO,null,1,0.7,0,row,spline,us,Satterthwaite,0.076,-0.000172382850157264,0.0877687998828856,0.0762828020420203,0,500,0.344552681946722,0.869133475036783,0.0118510759005248,main,none,Db,,mmrm,us-Satt
16,C07,CO,null,1,0.7,0,row,visit,us,Kenward-Roger,0.046,-0.000291941400553546,0.0878427857606582,0.0852307610880889,0,500,0.344552681946722,0.970264778718583,0.00936845771725528,main,none,Db,,mmrm,us-KR
16,C07,CO,null,1,0.7,0,row,visit,us,Satterthwaite,0.078,-0.000291941400553546,0.0878427857606582,0.0761309163559265,0,500,0.344552681946722,0.866672381763455,0.0119929979571415,main,none,Db,,mmrm,us-Satt
1,CS,Hybrid,alt,0,0.8,0.25,covariate,linear,cs,CR2,0.724,-0.134191607512982,0.0497073812914832,0.0504475802936411,0,250,0.00430297648113838,1.01489112849895,0.0282718234289902,followup,none,Db,,mmrm,BL+cs-CR2
1,CS,Hybrid,alt,0,0.8,0.25,covariate,linear,cs,Kenward-Roger,0.716,-0.134191607512982,0.0497073812914832,0.0552637660592843,0,250,0.00430297648113838,1.11178188477117,0.0285197475444647,followup,none,Db,,mmrm,BL+cs-KR
1,CS,Hybrid,alt,0,0.8,0.25,covariate,visit,cs,CR2,0.732,-0.134480326824788,0.0497491215665655,0.050549468262114,0,250,0.00430297648113838,1.01608765482377,0.0280125686076804,followup,none,Db,,mmrm,BL+cs-CR2
1,CS,Hybrid,alt,0,0.8,0.25,covariate,visit,cs,Kenward-Roger,0.764,-0.134480326824788,0.0497491215665655,0.0524875729514214,0,250,0.00430297648113838,1.05504522087273,0.0268554649931816,followup,none,Db,,mmrm,BL+cs-KR
1,CS,Hybrid,alt,0,0.8,0.25,covariate,linear,us,CR2,0.772,-0.134944703899253,0.0508899559525733,0.0459403849135804,0,250,0.00430297648113838,0.902739726408771,0.0265342043408126,followup,none,Db,,mmrm,BL+us-CR2
1,CS,Hybrid,alt,0,0.8,0.25,covariate,linear,us,Kenward-Roger,0.708,-0.134944703899253,0.0508899559525733,0.0532414610366608,0,250,0.00430297648113838,1.04620764628444,0.0287566340172142,followup,none,Db,,mmrm,BL+us-KR
1,CS,Hybrid,alt,0,0.8,0.25,covariate,spline,us,Kenward-Roger,0.704,-0.135431564290379,0.0517233224437927,0.0533720648528259,0,250,0.00430297648113838,1.0318761891374,0.0288710235357183,followup,none,Db,,mmrm,BL+us-KR
1,CS,Hybrid,alt,0,0.8,0.25,covariate,visit,us,CR2,0.772,-0.135391507174055,0.0516113927465837,0.0459316299193735,0,250,0.00430297648113838,0.88995137459091,0.0265342043408126,followup,none,Db,,mmrm,BL+us-CR2
1,CS,Hybrid,alt,0,0.8,0.25,covariate,visit,us,Kenward-Roger,0.704,-0.135391507174055,0.0516113927465837,0.0530481396353941,0,250,0.00430297648113838,1.02783778565839,0.0288710235357183,followup,none,Db,,mmrm,BL+us-KR
1,CS,Hybrid,alt,0,0.8,0.25,row,linear,csh,CR2,0.688,-0.132897723855634,0.054761424190624,0.0523818996756497,0,250,0.00430297648113838,0.956547431880311,0.0293022866001956,followup,none,Db,,mmrm,csh-CR2
1,CS,Hybrid,alt,0,0.8,0.25,row,linear,csh,Kenward-Roger,0.66,-0.132897723855634,0.054761424190624,0.0566216251491334,0,250,0.00430297648113838,1.0339691851701,0.0299599732977184,followup,none,Db,,mmrm,csh-KR
1,CS,Hybrid,alt,0,0.8,0.25,row,visit,csh,CR2,0.7,-0.132878742477231,0.0547313885090863,0.052491247086994,0,250,0.00430297648113838,0.959070261451153,0.0289827534923789,followup,none,Db,,mmrm,csh-CR2
1,CS,Hybrid,alt,0,0.8,0.25,row,visit,csh,Kenward-Roger,0.704,-0.132878742477231,0.0547313885090863,0.0536420064631587,0,250,0.00430297648113838,0.980095844896265,0.0288710235357183,followup,none,Db,,mmrm,csh-KR
1,CS,Hybrid,alt,0,0.8,0.25,row,linear,cs,CR2,0.628,-0.132570347215263,0.0550315528291029,0.0550036719400085,0,250,0.00430297648113838,0.999493365393832,0.0305690039091888,followup,none,Db,,mmrm,cs-CR2
1,CS,Hybrid,alt,0,0.8,0.25,row,linear,cs,Kenward-Roger,0.676,-0.132570347215263,0.0550315528291029,0.0552292381727542,0,250,0.00430297648113838,1.00359221816374,0.029598918899176,followup,none,Db,,mmrm,cs-KR
1,CS,Hybrid,alt,0,0.8,0.25,row,visit,cs,CR2,0.64,-0.132608742720174,0.0546800739464847,0.0549521899224492,0,250,0.00430297648113838,1.00497651075291,0.0303578655376164,followup,none,Db,,mmrm,cs-CR2
1,CS,Hybrid,alt,0,0.8,0.25,row,visit,cs,Kenward-Roger,0.716,-0.132608742720174,0.0546800739464847,0.0525755050617066,0,250,0.00430297648113838,0.961511228261362,0.0285197475444647,followup,none,Db,,mmrm,cs-KR
1,CS,Hybrid,alt,0,0.8,0.25,row,linear,sp_exp,CR2,0.488,-0.131135818006485,0.0658614728442579,0.0631166282637783,0,250,0.00430297648113838,0.958323972089565,0.0316136679301849,followup,none,Db,,mmrm,sp_exp-CR2
1,CS,Hybrid,alt,0,0.8,0.25,row,visit,sp_exp,CR2,0.504,-0.132051434797565,0.0661846787956313,0.0632809714721668,0,250,0.00430297648113838,0.956127197769885,0.0316217646566412,followup,none,Db,,mmrm,sp_exp-CR2
1,CS,Hybrid,alt,0,0.8,0.25,row,linear,us,CR2,0.78,-0.134613478826561,0.0507167063426979,0.0453835562651992,0,250,0.00430297648113838,0.894844313401148,0.0261992366301005,followup,none,Db,,mmrm,us-CR2
1,CS,Hybrid,alt,0,0.8,0.25,row,spline,us,Kenward-Roger,0.716,-0.134720263335028,0.0510526079159577,0.0528058841902398,0,250,0.00430297648113838,1.034342540878,0.0285197475444647,followup,none,Db,,mmrm,us-KR
1,CS,Hybrid,alt,0,0.8,0.25,row,visit,us,CR2,0.788,-0.134778740747553,0.0511880074403603,0.0451264961051136,0,250,0.00430297648113838,0.881583370044066,0.0258500290135234,followup,none,Db,,mmrm,us-CR2
1,CS,Hybrid,alt,0,0.8,0.25,row,visit,us,Kenward-Roger,0.72,-0.135570037910602,0.0516622445887969,0.0531330232089026,0,250,0.00430297648113838,1.02846911960199,0.0283971829588782,followup,sepbm,Db,,mmrm,us-KR-sepbm
2,CS,Hybrid,alt,1,0.8,0.25,covariate,linear,cs,CR2,0.476,-0.0982175863537436,0.0547374969090473,0.0509784436463108,0,250,0.0346291056706903,0.931325810002189,0.0315863261554743,followup,none,Db,,mmrm,BL+cs-CR2
2,CS,Hybrid,alt,1,0.8,0.25,covariate,linear,cs,Kenward-Roger,0.436,-0.0982175863537436,0.0547374969090473,0.0555909664003973,0,250,0.0346291056706903,1.01559204456806,0.0313626529490093,followup,none,Db,,mmrm,BL+cs-KR
2,CS,Hybrid,alt,1,0.8,0.25,covariate,visit,cs,CR2,0.472,-0.0990361146320041,0.0547788010145538,0.0514282372257685,0,250,0.0346291056706903,0.938834663652182,0.031573153152639,followup,none,Db,,mmrm,BL+cs-CR2
2,CS,Hybrid,alt,1,0.8,0.25,covariate,visit,cs,Kenward-Roger,0.492,-0.0990361146320041,0.0547788010145538,0.05208595946999,0,250,0.0346291056706903,0.950841539159493,0.0316187286271918,followup,none,Db,,mmrm,BL+cs-KR
2,CS,Hybrid,alt,1,0.8,0.25,covariate,linear,us,CR2,0.52,-0.0990957053826181,0.0565598746928794,0.046690676839576,0,250,0.0346291056706903,0.825508845150503,0.0315974682530104,followup,none,Db,,mmrm,BL+us-CR2
2,CS,Hybrid,alt,1,0.8,0.25,covariate,linear,us,Kenward-Roger,0.448,-0.0990957053826181,0.0565598746928794,0.0533910304910375,0,250,0.0346291056706903,0.943973634682736,0.0314512956807824,followup,none,Db,,mmrm,BL+us-KR
2,CS,Hybrid,alt,1,0.8,0.25,covariate,spline,us,Kenward-Roger,0.464,-0.0989717885836149,0.0566982593294556,0.0531714481899325,0,250,0.0346291056706903,0.937796835718891,0.0315407038602502,followup,none,Db,,mmrm,BL+us-KR
2,CS,Hybrid,alt,1,0.8,0.25,covariate,visit,us,CR2,0.52,-0.099430103338622,0.0571185491451321,0.0468278166675327,0,250,0.0346291056706903,0.819835541490178,0.0315974682530104,followup,none,Db,,mmrm,BL+us-CR2
2,CS,Hybrid,alt,1,0.8,0.25,covariate,visit,us,Kenward-Roger,0.456,-0.099430103338622,0.0571185491451321,0.0531117151085436,0,250,0.0346291056706903,0.929850563493699,0.0315000952379513,followup,none,Db,,mmrm,BL+us-KR
2,CS,Hybrid,alt,1,0.8,0.25,row,linear,csh,CR2,0.476,-0.104426402020873,0.0589517760415149,0.0527484323113748,0,250,0.0346291056706903,0.894772572657158,0.0315863261554743,followup,none,Db,,mmrm,csh-CR2
2,CS,Hybrid,alt,1,0.8,0.25,row,linear,csh,Kenward-Roger,0.46,-0.104426402020873,0.0589517760415149,0.0568203527393322,0,250,0.0346291056706903,0.963844629537851,0.0315214212877529,followup,none,Db,,mmrm,csh-KR
2,CS,Hybrid,alt,1,0.8,0.25,row,visit,csh,CR2,0.488,-0.105693403784656,0.058144642146766,0.0529154497920883,0,250,0.0346291056706903,0.910065791763266,0.0316136679301849,followup,none,Db,,mmrm,csh-CR2
2,CS,Hybrid,alt,1,0.8,0.25,row,visit,csh,Kenward-Roger,0.516,-0.105693403784656,0.058144642146766,0.053013575053358,0,250,0.0346291056706903,0.911753398009461,0.0316065815930796,followup,none,Db,,mmrm,csh-KR
2,CS,Hybrid,alt,1,0.8,0.25,row,linear,cs,CR2,0.46,-0.104713798518499,0.059628703844522,0.0551005173011609,0,250,0.0346291056706903,0.924060288897641,0.0315214212877529,followup,none,Db,,mmrm,cs-CR2
2,CS,Hybrid,alt,1,0.8,0.25,row,linear,cs,Kenward-Roger,0.48,-0.104713798518499,0.059628703844522,0.0559161176756295,0,250,0.0346291056706903,0.937738271511438,0.0315974682530104,followup,none,Db,,mmrm,cs-KR
2,CS,Hybrid,alt,1,0.8,0.25,row,visit,cs,CR2,0.48,-0.105760577142618,0.0599095464836534,0.0553017516625575,0,250,0.0346291056706903,0.923087469501155,0.0315974682530104,followup,none,Db,,mmrm,cs-CR2
2,CS,Hybrid,alt,1,0.8,0.25,row,visit,cs,Kenward-Roger,0.548,-0.105760577142618,0.0599095464836534,0.0520428959785941,0,250,0.0346291056706903,0.868691202541388,0.0314767215573668,followup,none,Db,,mmrm,cs-KR
2,CS,Hybrid,alt,1,0.8,0.25,row,linear,sp_exp,CR2,0.312,-0.0904290390724008,0.0679786308344434,0.0633850554524367,0,250,0.0346291056706903,0.932426185617154,0.0293022866001956,followup,none,Db,,mmrm,sp_exp-CR2
2,CS,Hybrid,alt,1,0.8,0.25,row,visit,sp_exp,CR2,0.316,-0.0911993187050064,0.0685406207187363,0.0637260030126271,0,250,0.0346291056706903,0.929755265481671,0.0294036732399202,followup,none,Db,,mmrm,sp_exp-CR2
2,CS,Hybrid,alt,1,0.8,0.25,row,linear,us,CR2,0.524,-0.0999665959369806,0.0557757662913784,0.0460348285471224,0,250,0.0346291056706903,0.825355375785098,0.0315863261554743,followup,none,Db,,mmrm,us-CR2
2,CS,Hybrid,alt,1,0.8,0.25,row,spline,us,Kenward-Roger,0.472,-0.101342569888024,0.0558520922610542,0.0528127178295431,0,250,0.0346291056706903,0.945581726512502,0.031573153152639,followup,none,Db,,mmrm,us-KR
2,CS,Hybrid,alt,1,0.8,0.25,row,visit,us,CR2,0.532,-0.101502865825815,0.056243071785387,0.0459766903537734,0,250,0.0346291056706903,0.817464069693986,0.0315579467012669,followup,none,Db,,mmrm,us-CR2
2,CS,Hybrid,alt,1,0.8,0.25,row,visit,us,Kenward-Roger,0.46,-0.0996620475949483,0.0568214003122377,0.0531930900444352,0,250,0.0346291056706903,0.936145356364598,0.0315214212877529,followup,sepbm,Db,,mmrm,us-KR-sepbm
3,CS,Hybrid,null,0,0.8,0,covariate,linear,cs,CR2,0.05,-0.00620106691848861,0.0522799370308276,0.0521933237410642,0,500,0.0999999999999996,0.998343278613507,0.00974679434480896,followup,none,Db,,mmrm,BL+cs-CR2
3,CS,Hybrid,null,0,0.8,0,covariate,linear,cs,Kenward-Roger,0.04,-0.00620106691848861,0.0522799370308276,0.0550868714728356,0,500,0.0999999999999996,1.05369047098035,0.00876356092008266,followup,none,Db,,mmrm,BL+cs-KR
3,CS,Hybrid,null,0,0.8,0,covariate,visit,cs,CR2,0.044,-0.00627630286985251,0.0520734319746567,0.0521466974181713,0,500,0.0999999999999996,1.0014069639879,0.00917213170424411,followup,none,Db,,mmrm,BL+cs-CR2
3,CS,Hybrid,null,0,0.8,0,covariate,visit,cs,Kenward-Roger,0.05,-0.00627630286985251,0.0520734319746567,0.0523087330256721,0,500,0.0999999999999996,1.00451863920031,0.00974679434480896,followup,none,Db,,mmrm,BL+cs-KR
3,CS,Hybrid,null,0,0.8,0,covariate,linear,us,CR2,0.074,-0.00483141469654612,0.054377135133618,0.0481730333044001,0,500,0.0999999999999996,0.885906055661577,0.0117067501895274,followup,none,Db,,mmrm,BL+us-CR2
3,CS,Hybrid,null,0,0.8,0,covariate,linear,us,Kenward-Roger,0.062,-0.00483141469654612,0.054377135133618,0.0539780990632395,0,500,0.0999999999999996,0.992661693754223,0.0107848041243223,followup,none,Db,,mmrm,BL+us-KR
3,CS,Hybrid,null,0,0.8,0,covariate,spline,us,Kenward-Roger,0.06,-0.00503186032415532,0.0547400441323562,0.0540819745021945,0,500,0.0999999999999996,0.987978277317962,0.0106207344378814,followup,none,Db,,mmrm,BL+us-KR
3,CS,Hybrid,null,0,0.8,0,covariate,visit,us,CR2,0.072,-0.00508902843586733,0.0545349823659754,0.0481673731372362,0,500,0.0999999999999996,0.883238080357169,0.0115599307956406,followup,none,Db,,mmrm,BL+us-CR2
3,CS,Hybrid,null,0,0.8,0,covariate,visit,us,Kenward-Roger,0.062,-0.00508902843586733,0.0545349823659754,0.0537484668283135,0,500,0.0999999999999996,0.985577779554715,0.0107848041243223,followup,none,Db,,mmrm,BL+us-KR
3,CS,Hybrid,null,0,0.8,0,row,linear,csh,CR2,0.048,-0.00541971465092339,0.055134480264072,0.054060784133402,0,500,0.0999999999999996,0.980525868285556,0.00955991631762538,followup,none,Db,,mmrm,csh-CR2
3,CS,Hybrid,null,0,0.8,0,row,linear,csh,Kenward-Roger,0.046,-0.00541971465092339,0.055134480264072,0.0563920942327066,0,500,0.0999999999999996,1.02280993604385,0.00936845771725528,followup,none,Db,,mmrm,csh-KR
3,CS,Hybrid,null,0,0.8,0,row,visit,csh,CR2,0.054,-0.00531075752214392,0.0551758371858491,0.0541050744329136,0,500,0.0999999999999996,0.980593629248817,0.0101078187557949,followup,none,Db,,mmrm,csh-CR2
3,CS,Hybrid,null,0,0.8,0,row,visit,csh,Kenward-Roger,0.058,-0.00531075752214392,0.0551758371858491,0.0534247665424564,0,500,0.0999999999999996,0.96826381378692,0.0104533248299285,followup,none,Db,,mmrm,csh-KR
3,CS,Hybrid,null,0,0.8,0,row,linear,cs,CR2,0.044,-0.00580029332132505,0.057049265802785,0.0564358633814641,0,500,0.0999999999999996,0.989247847230123,0.00917213170424411,followup,none,Db,,mmrm,cs-CR2
3,CS,Hybrid,null,0,0.8,0,row,linear,cs,Kenward-Roger,0.058,-0.00580029332132505,0.057049265802785,0.0549973563581678,0,500,0.0999999999999996,0.964032675692788,0.0104533248299285,followup,none,Db,,mmrm,cs-KR
3,CS,Hybrid,null,0,0.8,0,row,visit,cs,CR2,0.048,-0.00578821098617069,0.0567473418497046,0.0563046217346115,0,500,0.0999999999999996,0.992198399067473,0.00955991631762538,followup,none,Db,,mmrm,cs-CR2
3,CS,Hybrid,null,0,0.8,0,row,visit,cs,Kenward-Roger,0.06,-0.00578821098617069,0.0567473418497046,0.0523364145385194,0,500,0.0999999999999996,0.922270767803229,0.0106207344378814,followup,none,Db,,mmrm,cs-KR
3,CS,Hybrid,null,0,0.8,0,row,linear,sp_exp,CR2,0.052,-0.00114306957060671,0.0651814662637201,0.0645460060850618,0,500,0.0999999999999996,0.990250906966602,0.00992935043192655,followup,none,Db,,mmrm,sp_exp-CR2
3,CS,Hybrid,null,0,0.8,0,row,visit,sp_exp,CR2,0.05,-0.00151710203689808,0.0652098988614407,0.0646621346899129,0,500,0.0999999999999996,0.991599984341462,0.00974679434480896,followup,none,Db,,mmrm,sp_exp-CR2
3,CS,Hybrid,null,0,0.8,0,row,linear,us,CR2,0.084,-0.00551620949269541,0.0536047587693117,0.0476063839010136,0,500,0.0999999999999996,0.888099955936521,0.0124051602166195,followup,none,Db,,mmrm,us-CR2
3,CS,Hybrid,null,0,0.8,0,row,spline,us,Kenward-Roger,0.06,-0.00513275154257874,0.0536251354115544,0.0535191232152907,0,500,0.0999999999999996,0.998023087579172,0.0106207344378814,followup,none,Db,,mmrm,us-KR
3,CS,Hybrid,null,0,0.8,0,row,visit,us,CR2,0.076,-0.00544666537890645,0.0536730665187352,0.0474088760732049,0,500,0.0999999999999996,0.883289872335806,0.0118510759005248,followup,none,Db,,mmrm,us-CR2
3,CS,Hybrid,null,0,0.8,0,row,visit,us,Kenward-Roger,0.05,-0.00504999228749984,0.0542413438463268,0.0538405167765836,0,500,0.0999999999999996,0.992610303482177,0.00974679434480896,followup,sepbm,Db,,mmrm,us-KR-sepbm
4,CS,Hybrid,null,1,0.8,0,covariate,linear,cs,CR2,0.05,-0.00113258545287772,0.0536733611195743,0.0528014450892658,0,500,0.0999999999999996,0.983755143853092,0.00974679434480896,followup,none,Db,,mmrm,BL+cs-CR2
4,CS,Hybrid,null,1,0.8,0,covariate,linear,cs,Kenward-Roger,0.048,-0.00113258545287772,0.0536733611195743,0.056093313349738,0,500,0.0999999999999996,1.04508665341029,0.00955991631762538,followup,none,Db,,mmrm,BL+cs-KR
4,CS,Hybrid,null,1,0.8,0,covariate,visit,cs,CR2,0.046,-0.00116923855177066,0.0542783091229302,0.0533097277938716,0,500,0.0999999999999996,0.982155278144997,0.00936845771725528,followup,none,Db,,mmrm,BL+cs-CR2
4,CS,Hybrid,null,1,0.8,0,covariate,visit,cs,Kenward-Roger,0.062,-0.00116923855177066,0.0542783091229302,0.0527188731127155,0,500,0.0999999999999996,0.97126962804455,0.0107848041243223,followup,none,Db,,mmrm,BL+cs-KR
4,CS,Hybrid,null,1,0.8,0,covariate,linear,us,CR2,0.078,-0.00121751934780045,0.0536778090617005,0.0481782889804249,0,500,0.0999999999999996,0.897545742320553,0.0119929979571415,followup,none,Db,,mmrm,BL+us-CR2
4,CS,Hybrid,null,1,0.8,0,covariate,linear,us,Kenward-Roger,0.056,-0.00121751934780045,0.0536778090617005,0.0542279839282236,0,500,0.0999999999999996,1.01024957754685,0.0102824121683582,followup,none,Db,,mmrm,BL+us-KR
4,CS,Hybrid,null,1,0.8,0,covariate,spline,us,Kenward-Roger,0.06,-0.00142471543090261,0.0545648186543943,0.0539925819782654,0,500,0.0999999999999996,0.989512717347174,0.0106207344378814,followup,none,Db,,mmrm,BL+us-KR
4,CS,Hybrid,null,1,0.8,0,covariate,visit,us,CR2,0.076,-0.0015251618900969,0.0545405734555583,0.048452659666947,0,500,0.0999999999999996,0.888378258553296,0.0118510759005248,followup,none,Db,,mmrm,BL+us-CR2
4,CS,Hybrid,null,1,0.8,0,covariate,visit,us,Kenward-Roger,0.064,-0.0015251618900969,0.0545405734555583,0.0539628666248555,0,500,0.0999999999999996,0.98940776023975,0.0109456840809517,followup,none,Db,,mmrm,BL+us-KR
4,CS,Hybrid,null,1,0.8,0,row,linear,csh,CR2,0.06,-0.00135223908332879,0.0573346926856744,0.0539696365154795,0,500,0.0999999999999996,0.94130855137494,0.0106207344378814,followup,none,Db,,mmrm,csh-CR2
4,CS,Hybrid,null,1,0.8,0,row,linear,csh,Kenward-Roger,0.052,-0.00135223908332879,0.0573346926856744,0.057337215463685,0,500,0.0999999999999996,1.0000440008988,0.00992935043192655,followup,none,Db,,mmrm,csh-KR
4,CS,Hybrid,null,1,0.8,0,row,visit,csh,CR2,0.06,-0.00104388853284123,0.0574388138017985,0.0541811011090574,0,500,0.0999999999999996,0.943283774905547,0.0106207344378814,followup,none,Db,,mmrm,csh-CR2
4,CS,Hybrid,null,1,0.8,0,row,visit,csh,Kenward-Roger,0.066,-0.00104388853284123,0.0574388138017985,0.0536969605970628,0,500,0.0999999999999996,0.934854970758143,0.0111035129576184,followup,none,Db,,mmrm,csh-KR
4,CS,Hybrid,null,1,0.8,0,row,linear,cs,CR2,0.058,-0.000164656762607874,0.0576956656549388,0.0563929000571456,0,500,0.0999999999999996,0.977420043897499,0.0104533248299285,followup,none,Db,,mmrm,cs-CR2
4,CS,Hybrid,null,1,0.8,0,row,linear,cs,Kenward-Roger,0.054,-0.000164656762607874,0.0576956656549388,0.0564595694418091,0,500,0.0999999999999996,0.978575579307422,0.0101078187557949,followup,none,Db,,mmrm,cs-KR
4,CS,Hybrid,null,1,0.8,0,row,visit,cs,CR2,0.058,-0.000210762161152879,0.058259139586541,0.0566512525440141,0,500,0.0999999999999996,0.972401119310413,0.0104533248299285,followup,none,Db,,mmrm,cs-CR2
4,CS,Hybrid,null,1,0.8,0,row,visit,cs,Kenward-Roger,0.072,-0.000210762161152879,0.058259139586541,0.0526876673731486,0,500,0.0999999999999996,0.904367413371832,0.0115599307956406,followup,none,Db,,mmrm,cs-KR
4,CS,Hybrid,null,1,0.8,0,row,linear,sp_exp,CR2,0.042,-0.0015329561406703,0.0645663226797582,0.0645595687266971,0,500,0.0999999999999996,0.999895395110318,0.00897061870775924,followup,none,Db,,mmrm,sp_exp-CR2
4,CS,Hybrid,null,1,0.8,0,row,visit,sp_exp,CR2,0.046,-0.00159381858850295,0.0651817790803052,0.06491752842482,0,500,0.0999999999999996,0.995945942881375,0.00936845771725528,followup,none,Db,,mmrm,sp_exp-CR2
4,CS,Hybrid,null,1,0.8,0,row,linear,us,CR2,0.092,-0.00176805994816899,0.054979646080135,0.0472965214144143,0,500,0.0999999999999996,0.860255108690183,0.01292563344676,followup,none,Db,,mmrm,us-CR2
4,CS,Hybrid,null,1,0.8,0,row,spline,us,Kenward-Roger,0.068,-0.00200636227559787,0.0547411802251152,0.053588888275204,0,500,0.0999999999999996,0.978950180738293,0.0112584190719657,followup,none,Db,,mmrm,us-KR
4,CS,Hybrid,null,1,0.8,0,row,visit,us,CR2,0.092,-0.00205862202547346,0.055235102465211,0.0473409295903252,0,500,0.0999999999999996,0.857080506370784,0.01292563344676,followup,none,Db,,mmrm,us-CR2
4,CS,Hybrid,null,1,0.8,0,row,visit,us,Kenward-Roger,0.066,-0.00203725360928508,0.054872202908024,0.0540424631875239,0,500,0.0999999999999996,0.984878687631862,0.0111035129576184,followup,sepbm,Db,,mmrm,us-KR-sepbm
5,CS,CO,alt,0,0.8,0.25,covariate,linear,cs,CR2,0.792,-0.129547571876681,0.0479006575968214,0.0457465862565616,0,250,0.00430297648113788,0.955030443247971,0.0256699045576722,followup,none,Db,,mmrm,BL+cs-CR2
5,CS,CO,alt,0,0.8,0.25,covariate,linear,cs,Kenward-Roger,0.76,-0.129547571876681,0.0479006575968214,0.0495334803940533,0,250,0.00430297648113788,1.03408769063204,0.0270111088258146,followup,none,Db,,mmrm,BL+cs-KR
5,CS,CO,alt,0,0.8,0.25,covariate,visit,cs,CR2,0.796,-0.129437803095976,0.0462990981636545,0.0440772105538709,0,250,0.00430297648113788,0.952010131991559,0.0254859961547513,followup,none,Db,,mmrm,BL+cs-CR2
5,CS,CO,alt,0,0.8,0.25,covariate,visit,cs,Kenward-Roger,0.776,-0.129437803095976,0.0462990981636545,0.0479958670737562,0,250,0.00430297648113788,1.03664799050954,0.0263684660152994,followup,none,Db,,mmrm,BL+cs-KR
5,CS,CO,alt,0,0.8,0.25,covariate,linear,us,CR2,0.804,-0.128017400058772,0.0507010722452086,0.0423695265795218,0,250,0.00430297648113788,0.835673186054281,0.0251064931840351,followup,none,Db,,mmrm,BL+us-CR2
5,CS,CO,alt,0,0.8,0.25,covariate,linear,us,Kenward-Roger,0.732,-0.128017400058772,0.0507010722452086,0.0473064522415256,0,250,0.00430297648113788,0.933046386331527,0.0280125686076804,followup,none,Db,,mmrm,BL+us-KR
5,CS,CO,alt,0,0.8,0.25,covariate,spline,us,Kenward-Roger,0.744,-0.128156256658016,0.0495493914658449,0.0462474483597639,0,250,0.00430297648113788,0.93336057197883,0.0276017390756452,followup,none,Db,,mmrm,BL+us-KR
5,CS,CO,alt,0,0.8,0.25,covariate,visit,us,CR2,0.808,-0.128290695219125,0.0492555956230753,0.0415467149209115,0,250,0.00430297648113788,0.843492285401329,0.0249107205837166,followup,none,Db,,mmrm,BL+us-CR2
5,CS,CO,alt,0,0.8,0.25,covariate,visit,us,Kenward-Roger,0.74,-0.128290695219125,0.0492555956230753,0.0460781939924681,0,250,0.00430297648113788,0.935491560087468,0.0277416654150395,followup,none,Db,,mmrm,BL+us-KR
5,CS,CO,alt,0,0.8,0.25,row,linear,csh,CR2,0.74,-0.128493548655314,0.0485466506033157,0.0465042828804547,0,250,0.00430297648113788,0.957929791293954,0.0277416654150395,followup,none,Db,,mmrm,csh-CR2
5,CS,CO,alt,0,0.8,0.25,row,linear,csh,Kenward-Roger,0.736,-0.128493548655314,0.0485466506033157,0.0504226312044164,0,250,0.00430297648113788,1.03864284307541,0.0278785939387194,followup,none,Db,,mmrm,csh-KR
5,CS,CO,alt,0,0.8,0.25,row,visit,csh,CR2,0.744,-0.128490292953471,0.0471000616237593,0.0450280397625495,0,250,0.00430297648113788,0.956008085981684,0.0276017390756452,followup,none,Db,,mmrm,csh-CR2
5,CS,CO,alt,0,0.8,0.25,row,visit,csh,Kenward-Roger,0.724,-0.128490292953471,0.0471000616237593,0.0493489348109022,0,250,0.00430297648113788,1.0477467143272,0.0282718234289902,followup,none,Db,,mmrm,csh-KR
5,CS,CO,alt,0,0.8,0.25,row,linear,cs,CR2,0.752,-0.129429569804558,0.0470102460528771,0.0463940597664477,0,250,0.00430297648113788,0.986892510927589,0.0273127076651144,followup,none,Db,,mmrm,cs-CR2
5,CS,CO,alt,0,0.8,0.25,row,linear,cs,Kenward-Roger,0.74,-0.129429569804558,0.0470102460528771,0.0501854052499743,0,250,0.00430297648113788,1.06754185446138,0.0277416654150395,followup,none,Db,,mmrm,cs-KR
5,CS,CO,alt,0,0.8,0.25,row,visit,cs,CR2,0.748,-0.128987154058835,0.045446612288584,0.0447531353585703,0,250,0.00430297648113788,0.984740844364587,0.0274587690911301,followup,none,Db,,mmrm,cs-CR2
5,CS,CO,alt,0,0.8,0.25,row,visit,cs,Kenward-Roger,0.744,-0.128987154058835,0.045446612288584,0.0490760226506668,0,250,0.00430297648113788,1.07986096607237,0.0276017390756452,followup,none,Db,,mmrm,cs-KR
5,CS,CO,alt,0,0.8,0.25,row,linear,sp_exp,CR2,0.36,-0.131408809485016,0.0793837845244079,0.0792203027831359,0,250,0.00430297648113788,0.997940615426042,0.0303578655376164,followup,none,Db,,mmrm,sp_exp-CR2
5,CS,CO,alt,0,0.8,0.25,row,visit,sp_exp,CR2,0.368,-0.131108049867883,0.0785547106407005,0.0779889412480006,0,250,0.00430297648113788,0.99279776619269,0.0305008852330551,followup,none,Db,,mmrm,sp_exp-CR2
5,CS,CO,alt,0,0.8,0.25,row,linear,us,CR2,0.82,-0.128684501504912,0.0493683130514683,0.0409275092540069,0,250,0.00430297648113788,0.829023856078259,0.0242981480775799,followup,none,Db,,mmrm,us-CR2
5,CS,CO,alt,0,0.8,0.25,row,spline,us,Kenward-Roger,0.752,-0.12895165532404,0.0484965043122852,0.0456983144961637,0,250,0.00430297648113788,0.942301205915728,0.0273127076651144,followup,none,Db,,mmrm,us-KR
5,CS,CO,alt,0,0.8,0.25,row,visit,us,CR2,0.816,-0.128863326711587,0.0482106811831919,0.0400625289011035,0,250,0.00430297648113788,0.830988650603652,0.0245066521581386,followup,none,Db,,mmrm,us-CR2
5,CS,CO,alt,0,0.8,0.25,row,visit,us,Kenward-Roger,0.736,-0.128763047609667,0.0498444273756512,0.0462809607332117,0,250,0.00430297648113788,0.928508223886625,0.0278785939387194,followup,sepbm,Db,,mmrm,us-KR-sepbm
6,CS,CO,alt,1,0.8,0.25,covariate,linear,cs,CR2,0.752,-0.128685427949922,0.0465118918057275,0.046302559692239,0,250,0.00430297648113986,0.99549938509569,0.0273127076651144,followup,none,Db,,mmrm,BL+cs-CR2
6,CS,CO,alt,1,0.8,0.25,covariate,linear,cs,Kenward-Roger,0.756,-0.128685427949922,0.0465118918057275,0.0503465210315723,0,250,0.00430297648113986,1.08244406058264,0.0271635049284882,followup,none,Db,,mmrm,BL+cs-KR
6,CS,CO,alt,1,0.8,0.25,covariate,visit,cs,CR2,0.76,-0.12852914961856,0.0460536892170178,0.045012467594602,0,250,0.00430297648113986,0.977391135430882,0.0270111088258146,followup,none,Db,,mmrm,BL+cs-CR2
6,CS,CO,alt,1,0.8,0.25,covariate,visit,cs,Kenward-Roger,0.756,-0.12852914961856,0.0460536892170178,0.0489043640222093,0,250,0.00430297648113986,1.06189894563622,0.0271635049284882,followup,none,Db,,mmrm,BL+cs-KR
6,CS,CO,alt,1,0.8,0.25,covariate,linear,us,CR2,0.792,-0.12941893227881,0.0486937142312044,0.0431532629438422,0,250,0.00430297648113986,0.886218347176079,0.0256699045576722,followup,none,Db,,mmrm,BL+us-CR2
6,CS,CO,alt,1,0.8,0.25,covariate,linear,us,Kenward-Roger,0.752,-0.12941893227881,0.0486937142312044,0.0480429792644524,0,250,0.00430297648113986,0.986636160805844,0.0273127076651144,followup,none,Db,,mmrm,BL+us-KR
6,CS,CO,alt,1,0.8,0.25,covariate,spline,us,Kenward-Roger,0.772,-0.128627119670057,0.0481361630735363,0.0470961948070978,0,250,0.00430297648113986,0.978395281218203,0.0265342043408126,followup,none,Db,,mmrm,BL+us-KR
6,CS,CO,alt,1,0.8,0.25,covariate,visit,us,CR2,0.772,-0.128470924896682,0.0482124856577569,0.0424088090315037,0,250,0.00430297648113986,0.879622953534249,0.0265342043408126,followup,none,Db,,mmrm,BL+us-CR2
6,CS,CO,alt,1,0.8,0.25,covariate,visit,us,Kenward-Roger,0.768,-0.128470924896682,0.0482124856577569,0.0470095963032278,0,250,0.00430297648113986,0.975050252271413,0.0266965166267062,followup,none,Db,,mmrm,BL+us-KR
6,CS,CO,alt,1,0.8,0.25,row,linear,csh,CR2,0.704,-0.128350412703298,0.0514538648786238,0.0478995605275766,0,250,0.00430297648113986,0.930922500002059,0.0288710235357183,followup,none,Db,,mmrm,csh-CR2
6,CS,CO,alt,1,0.8,0.25,row,linear,csh,Kenward-Roger,0.696,-0.128350412703298,0.0514538648786238,0.0513300070535528,0,250,0.00430297648113986,0.997592837285144,0.0290918545300914,followup,none,Db,,mmrm,csh-KR
6,CS,CO,alt,1,0.8,0.25,row,visit,csh,CR2,0.728,-0.128075761709309,0.0507308659919338,0.0466649010920499,0,250,0.00430297648113986,0.919852247337342,0.0281436316064576,followup,none,Db,,mmrm,csh-CR2
6,CS,CO,alt,1,0.8,0.25,row,visit,csh,Kenward-Roger,0.712,-0.128075761709309,0.0507308659919338,0.0503243050987912,0,250,0.00430297648113986,0.991985926413965,0.0286395530691385,followup,none,Db,,mmrm,csh-KR
6,CS,CO,alt,1,0.8,0.25,row,linear,cs,CR2,0.724,-0.128783002418125,0.0499770304094775,0.0475335943668327,0,250,0.00430297648113986,0.951108818938922,0.0282718234289902,followup,none,Db,,mmrm,cs-CR2
6,CS,CO,alt,1,0.8,0.25,row,linear,cs,Kenward-Roger,0.708,-0.128783002418125,0.0499770304094775,0.0510760914145158,0,250,0.00430297648113986,1.02199132273433,0.0287566340172142,followup,none,Db,,mmrm,cs-KR
6,CS,CO,alt,1,0.8,0.25,row,visit,cs,CR2,0.736,-0.128632975194935,0.0491668751454965,0.0461910119317845,0,250,0.00430297648113986,0.939474225178929,0.0278785939387194,followup,none,Db,,mmrm,cs-CR2
6,CS,CO,alt,1,0.8,0.25,row,visit,cs,Kenward-Roger,0.716,-0.128632975194935,0.0491668751454965,0.0500483955437541,0,250,0.00430297648113986,1.0179291524151,0.0285197475444647,followup,none,Db,,mmrm,cs-KR
6,CS,CO,alt,1,0.8,0.25,row,linear,sp_exp,CR2,0.3,-0.118622124772392,0.0827520323316822,0.0820817469644915,0,250,0.00430297648113986,0.991900073650106,0.0289827534923789,followup,none,Db,,mmrm,sp_exp-CR2
6,CS,CO,alt,1,0.8,0.25,row,visit,sp_exp,CR2,0.304,-0.118456038372061,0.0803747951823733,0.0816463765145664,0,250,0.00430297648113986,1.01582064786987,0.0290918545300914,followup,none,Db,,mmrm,sp_exp-CR2
6,CS,CO,alt,1,0.8,0.25,row,linear,us,CR2,0.78,-0.129519767188101,0.049612400710671,0.0419336054030039,0,250,0.00430297648113986,0.845224274623433,0.0261992366301005,followup,none,Db,,mmrm,us-CR2
6,CS,CO,alt,1,0.8,0.25,row,spline,us,Kenward-Roger,0.74,-0.128449157940752,0.0488603212691563,0.0465553616185743,0,250,0.00430297648113986,0.952825532237402,0.0277416654150395,followup,none,Db,,mmrm,us-KR
6,CS,CO,alt,1,0.8,0.25,row,visit,us,CR2,0.788,-0.12840509056816,0.0488838670628703,0.0411556060424438,0,250,0.00430297648113986,0.841905694357464,0.0258500290135234,followup,none,Db,,mmrm,us-CR2
6,CS,CO,alt,1,0.8,0.25,row,visit,us,Kenward-Roger,0.752,-0.128422711457682,0.0488826270555887,0.0471943901623745,0,250,0.00430297648113986,0.965463458187419,0.0273127076651144,followup,sepbm,Db,,mmrm,us-KR-sepbm
7,CS,CO,null,0,0.8,0,covariate,linear,cs,CR2,0.052,0.00229726914387147,0.0505367171361463,0.0488839323864104,0,500,0.0999999999999996,0.967295367736624,0.00992935043192655,followup,none,Db,,mmrm,BL+cs-CR2
7,CS,CO,null,0,0.8,0,covariate,linear,cs,Kenward-Roger,0.052,0.00229726914387147,0.0505367171361463,0.0499932533431537,0,500,0.0999999999999996,0.989246159549134,0.00992935043192655,followup,none,Db,,mmrm,BL+cs-KR
7,CS,CO,null,0,0.8,0,covariate,visit,cs,CR2,0.054,0.00214508723280878,0.0480723233403248,0.0472026729852336,0,500,0.0999999999999996,0.981909541818178,0.0101078187557949,followup,none,Db,,mmrm,BL+cs-CR2
7,CS,CO,null,0,0.8,0,covariate,visit,cs,Kenward-Roger,0.054,0.00214508723280878,0.0480723233403248,0.0485059448181965,0,500,0.0999999999999996,1.00902018974207,0.0101078187557949,followup,none,Db,,mmrm,BL+cs-KR
7,CS,CO,null,0,0.8,0,covariate,linear,us,CR2,0.086,0.00291825691441847,0.0531171848824645,0.0457159657482621,0,500,0.0999999999999996,0.860662436260892,0.0125382614424808,followup,none,Db,,mmrm,BL+us-CR2
7,CS,CO,null,0,0.8,0,covariate,linear,us,Kenward-Roger,0.068,0.00291825691441847,0.0531171848824645,0.0508557731290081,0,500,0.0999999999999996,0.95742598636467,0.0112584190719657,followup,none,Db,,mmrm,BL+us-KR
7,CS,CO,null,0,0.8,0,covariate,spline,us,Kenward-Roger,0.062,0.00263181532644377,0.0520819618475046,0.0496442872291653,0,500,0.0999999999999996,0.95319541484484,0.0107848041243223,followup,none,Db,,mmrm,BL+us-KR
7,CS,CO,null,0,0.8,0,covariate,visit,us,CR2,0.078,0.00262148122501364,0.0514423475317861,0.0446491761488579,0,500,0.0999999999999996,0.86794592959175,0.0119929979571415,followup,none,Db,,mmrm,BL+us-CR2
7,CS,CO,null,0,0.8,0,covariate,visit,us,Kenward-Roger,0.062,0.00262148122501364,0.0514423475317861,0.0494422389517868,0,500,0.0999999999999996,0.961119414724154,0.0107848041243223,followup,none,Db,,mmrm,BL+us-KR
7,CS,CO,null,0,0.8,0,row,linear,csh,CR2,0.064,0.0020042347513547,0.0534776930100471,0.0494685306126251,0,500,0.0999999999999996,0.925031126592002,0.0109456840809517,followup,none,Db,,mmrm,csh-CR2
7,CS,CO,null,0,0.8,0,row,linear,csh,Kenward-Roger,0.058,0.0020042347513547,0.0534776930100471,0.0508947412671725,0,500,0.0999999999999996,0.95170038949905,0.0104533248299285,followup,none,Db,,mmrm,csh-KR
7,CS,CO,null,0,0.8,0,row,visit,csh,CR2,0.064,0.0017223588941522,0.0510850689915832,0.0480922453992163,0,500,0.0999999999999996,0.941414905540011,0.0109456840809517,followup,none,Db,,mmrm,csh-CR2
7,CS,CO,null,0,0.8,0,row,visit,csh,Kenward-Roger,0.052,0.0017223588941522,0.0510850689915832,0.0498690962314001,0,500,0.0999999999999996,0.976197100558219,0.00992935043192655,followup,none,Db,,mmrm,csh-KR
7,CS,CO,null,0,0.8,0,row,linear,cs,CR2,0.064,0.00221941379044436,0.052037825597557,0.0494497810753715,0,500,0.0999999999999996,0.95026609024365,0.0109456840809517,followup,none,Db,,mmrm,cs-CR2
7,CS,CO,null,0,0.8,0,row,linear,cs,Kenward-Roger,0.054,0.00221941379044436,0.052037825597557,0.0506277532428813,0,500,0.0999999999999996,0.972902934769397,0.0101078187557949,followup,none,Db,,mmrm,cs-KR
7,CS,CO,null,0,0.8,0,row,visit,cs,CR2,0.06,0.00218013747310425,0.0497258189152325,0.0479558637537749,0,500,0.0999999999999996,0.964405711156314,0.0106207344378814,followup,none,Db,,mmrm,cs-CR2
7,CS,CO,null,0,0.8,0,row,visit,cs,Kenward-Roger,0.056,0.00218013747310425,0.0497258189152325,0.0495717042849748,0,500,0.0999999999999996,0.996900712072326,0.0102824121683582,followup,none,Db,,mmrm,cs-KR
7,CS,CO,null,0,0.8,0,row,linear,sp_exp,CR2,0.064,-0.00126416383952716,0.0873604974268542,0.0805716054129244,0,500,0.0999999999999996,0.922288766503258,0.0109456840809517,followup,none,Db,,mmrm,sp_exp-CR2
7,CS,CO,null,0,0.8,0,row,visit,sp_exp,CR2,0.052,-0.00124823591387878,0.0856519392042345,0.0796256331001657,0,500,0.0999999999999996,0.929641918676245,0.00992935043192655,followup,none,Db,,mmrm,sp_exp-CR2
7,CS,CO,null,0,0.8,0,row,linear,us,CR2,0.092,0.0026197687605002,0.0529216170515351,0.0442366539672751,0,500,0.0999999999999996,0.835890065947861,0.01292563344676,followup,none,Db,,mmrm,us-CR2
7,CS,CO,null,0,0.8,0,row,spline,us,Kenward-Roger,0.062,0.0026427260175777,0.0517186067971616,0.0488814290283401,0,500,0.0999999999999996,0.94514203021847,0.0107848041243223,followup,none,Db,,mmrm,us-KR
7,CS,CO,null,0,0.8,0,row,visit,us,CR2,0.102,0.00243125042687437,0.0513218473997332,0.0432337761550058,0,500,0.0999999999999996,0.842404908347678,0.0135348439222623,followup,none,Db,,mmrm,us-CR2
7,CS,CO,null,0,0.8,0,row,visit,us,Kenward-Roger,0.066,0.00201982962434757,0.0519715930973084,0.0496018011415232,0,500,0.0999999999999996,0.954402168289354,0.0111035129576184,followup,sepbm,Db,,mmrm,us-KR-sepbm
8,CS,CO,null,1,0.8,0,covariate,linear,cs,CR2,0.036,-0.00278065491809205,0.0473738725429765,0.0481801015550406,0,500,0.0999999999999996,1.01701843165413,0.0083311463797007,followup,none,Db,,mmrm,BL+cs-CR2
8,CS,CO,null,1,0.8,0,covariate,linear,cs,Kenward-Roger,0.038,-0.00278065491809205,0.0473738725429765,0.0502218016940895,0,500,0.0999999999999996,1.06011603017105,0.00855055553750749,followup,none,Db,,mmrm,BL+cs-KR
8,CS,CO,null,1,0.8,0,covariate,visit,cs,CR2,0.03,-0.00181271216210322,0.0459906003980829,0.0469364517239625,0,500,0.0999999999999996,1.020566187823,0.00762889244910426,followup,none,Db,,mmrm,BL+cs-CR2
8,CS,CO,null,1,0.8,0,covariate,visit,cs,Kenward-Roger,0.036,-0.00181271216210322,0.0459906003980829,0.0487952095483618,0,500,0.0999999999999996,1.06098222519391,0.0083311463797007,followup,none,Db,,mmrm,BL+cs-KR
8,CS,CO,null,1,0.8,0,covariate,linear,us,CR2,0.068,-0.00186904292349066,0.0503364666809965,0.0453468927459494,0,500,0.0999999999999996,0.900875562707487,0.0112584190719657,followup,none,Db,,mmrm,BL+us-CR2
8,CS,CO,null,1,0.8,0,covariate,linear,us,Kenward-Roger,0.05,-0.00186904292349066,0.0503364666809965,0.0508934261220598,0,500,0.0999999999999996,1.01106473055793,0.00974679434480896,followup,none,Db,,mmrm,BL+us-KR
8,CS,CO,null,1,0.8,0,covariate,spline,us,Kenward-Roger,0.044,-0.000957187596698686,0.0491397266981636,0.0498287655446815,0,500,0.0999999999999996,1.0140220325349,0.00917213170424411,followup,none,Db,,mmrm,BL+us-KR
8,CS,CO,null,1,0.8,0,covariate,visit,us,CR2,0.066,-0.000818892157991571,0.04876312730948,0.0443598466709278,0,500,0.0999999999999996,0.909700610245804,0.0111035129576184,followup,none,Db,,mmrm,BL+us-CR2
8,CS,CO,null,1,0.8,0,covariate,visit,us,Kenward-Roger,0.04,-0.000818892157991571,0.04876312730948,0.0497206178605057,0,500,0.0999999999999996,1.01963554439298,0.00876356092008266,followup,none,Db,,mmrm,BL+us-KR
8,CS,CO,null,1,0.8,0,row,linear,csh,CR2,0.052,-0.00235213885118482,0.0496814426817505,0.0488524096100382,0,500,0.0999999999999996,0.983313023395417,0.00992935043192655,followup,none,Db,,mmrm,csh-CR2
8,CS,CO,null,1,0.8,0,row,linear,csh,Kenward-Roger,0.04,-0.00235213885118482,0.0496814426817505,0.0510943064517901,0,500,0.0999999999999996,1.0284384609982,0.00876356092008266,followup,none,Db,,mmrm,csh-KR
8,CS,CO,null,1,0.8,0,row,visit,csh,CR2,0.04,-0.00136203359394133,0.0477922646623744,0.0475681946518877,0,500,0.0999999999999996,0.995311584163889,0.00876356092008266,followup,none,Db,,mmrm,csh-CR2
8,CS,CO,null,1,0.8,0,row,visit,csh,Kenward-Roger,0.044,-0.00136203359394133,0.0477922646623744,0.0500984227154626,0,500,0.0999999999999996,1.04825379314791,0.00917213170424411,followup,none,Db,,mmrm,csh-KR
8,CS,CO,null,1,0.8,0,row,linear,cs,CR2,0.048,-0.00268269285426656,0.0482969233228276,0.048595572720628,0,500,0.0999999999999996,1.0061836112376,0.00955991631762538,followup,none,Db,,mmrm,cs-CR2
8,CS,CO,null,1,0.8,0,row,linear,cs,Kenward-Roger,0.042,-0.00268269285426656,0.0482969233228276,0.050856211141102,0,500,0.0999999999999996,1.05299070090174,0.00897061870775924,followup,none,Db,,mmrm,cs-KR
8,CS,CO,null,1,0.8,0,row,visit,cs,CR2,0.042,-0.00156197501459713,0.0465480510362293,0.0472375744852607,0,500,0.0999999999999996,1.01481315401358,0.00897061870775924,followup,none,Db,,mmrm,cs-CR2
8,CS,CO,null,1,0.8,0,row,visit,cs,Kenward-Roger,0.042,-0.00156197501459713,0.0465480510362293,0.0498326255675938,0,500,0.0999999999999996,1.07056309465692,0.00897061870775924,followup,none,Db,,mmrm,cs-KR
8,CS,CO,null,1,0.8,0,row,linear,sp_exp,CR2,0.04,0.00032748120839626,0.0856791011075517,0.0806253387637632,0,500,0.0999999999999996,0.941015226835252,0.00876356092008266,followup,none,Db,,mmrm,sp_exp-CR2
8,CS,CO,null,1,0.8,0,row,visit,sp_exp,CR2,0.046,0.00197625059735075,0.0832979743430844,0.079991310336966,0,500,0.0999999999999996,0.960303188256427,0.00936845771725528,followup,none,Db,,mmrm,sp_exp-CR2
8,CS,CO,null,1,0.8,0,row,linear,us,CR2,0.08,-0.00168775394390914,0.0499699281154817,0.0437349902727423,0,500,0.0999999999999996,0.875226199478808,0.0121326007104825,followup,none,Db,,mmrm,us-CR2
8,CS,CO,null,1,0.8,0,row,spline,us,Kenward-Roger,0.048,-0.00104527975987413,0.0486910223816681,0.0491123517759308,0,500,0.0999999999999996,1.00865312276584,0.00955991631762538,followup,none,Db,,mmrm,us-KR
8,CS,CO,null,1,0.8,0,row,visit,us,CR2,0.082,-0.000691657271038254,0.0482154156094621,0.0427587742201964,0,500,0.0999999999999996,0.88682786780345,0.0122699633251286,followup,none,Db,,mmrm,us-CR2
8,CS,CO,null,1,0.8,0,row,visit,us,Kenward-Roger,0.046,-0.000817549778428124,0.0492121484926204,0.0499240775391542,0,500,0.0999999999999996,1.0144665304877,0.00936845771725528,followup,sepbm,Db,,mmrm,us-KR-sepbm
9,C07,Hybrid,alt,0,0.7,0.45,covariate,linear,cs,CR2,0.704,-0.240194093786392,0.0992531486971455,0.087327214133237,0,250,0.0419697506224579,0.879843262199182,0.0288710235357183,followup,none,Db,,mmrm,BL+cs-CR2
9,C07,Hybrid,alt,0,0.7,0.45,covariate,linear,cs,Kenward-Roger,0.752,-0.240194093786392,0.0992531486971455,0.0844629789205319,0,250,0.0419697506224579,0.850985384637585,0.0273127076651144,followup,none,Db,,mmrm,BL+cs-KR
9,C07,Hybrid,alt,0,0.7,0.45,covariate,visit,cs,CR2,0.712,-0.23971033531462,0.0997285285210991,0.0877171171866261,0,250,0.0419697506224579,0.879558923483648,0.0286395530691385,followup,none,Db,,mmrm,BL+cs-CR2
9,C07,Hybrid,alt,0,0.7,0.45,covariate,visit,cs,Kenward-Roger,0.764,-0.23971033531462,0.0997285285210991,0.0829082451906451,0,250,0.0419697506224579,0.831339301001565,0.0268554649931816,followup,none,Db,,mmrm,BL+cs-KR
9,C07,Hybrid,alt,0,0.7,0.45,covariate,linear,us,CR2,0.832,-0.233058386139166,0.0837215173017703,0.0690985433670987,0,250,0.0419697506224579,0.825337924992882,0.0236453800984463,followup,none,Db,,mmrm,BL+us-CR2
9,C07,Hybrid,alt,0,0.7,0.45,covariate,linear,us,Kenward-Roger,0.788,-0.233058386139166,0.0837215173017703,0.081078496276816,0,250,0.0419697506224579,0.968430803571946,0.0258500290135234,followup,none,Db,,mmrm,BL+us-KR
9,C07,Hybrid,alt,0,0.7,0.45,covariate,spline,us,Kenward-Roger,0.796,-0.233007794100059,0.0837970897183074,0.0811167113646145,0,250,0.0419697506224579,0.968013467261174,0.0254859961547513,followup,none,Db,,mmrm,BL+us-KR
9,C07,Hybrid,alt,0,0.7,0.45,covariate,visit,us,CR2,0.832,-0.232802799431415,0.0839268385456556,0.0694492498956094,0,250,0.0419697506224579,0.827497509724848,0.0236453800984463,followup,none,Db,,mmrm,BL+us-CR2
9,C07,Hybrid,alt,0,0.7,0.45,covariate,visit,us,Kenward-Roger,0.792,-0.232802799431415,0.0839268385456556,0.0814039061732069,0,250,0.0419697506224579,0.969938908504504,0.0256699045576722,followup,none,Db,,mmrm,BL+us-KR
9,C07,Hybrid,alt,0,0.7,0.45,row,linear,csh,CR2,0.844,-0.238316802577988,0.0833446911171972,0.072255368745492,0,250,0.0419697506224579,0.866946265886189,0.0229489869057438,followup,none,Db,,mmrm,csh-CR2
9,C07,Hybrid,alt,0,0.7,0.45,row,linear,csh,Kenward-Roger,0.844,-0.238316802577988,0.0833446911171972,0.0766269166276541,0,250,0.0419697506224579,0.919397691688643,0.0229489869057438,followup,none,Db,,mmrm,csh-KR
9,C07,Hybrid,alt,0,0.7,0.45,row,visit,csh,CR2,0.856,-0.238066594400107,0.0830876887382464,0.0724686431535022,0,250,0.0419697506224579,0.872194716858743,0.0222048643319431,followup,none,Db,,mmrm,csh-CR2
9,C07,Hybrid,alt,0,0.7,0.45,row,visit,csh,Kenward-Roger,0.86,-0.238066594400107,0.0830876887382464,0.0747393831475081,0,250,0.0419697506224579,0.899524156737129,0.0219453867589523,followup,none,Db,,mmrm,csh-KR
9,C07,Hybrid,alt,0,0.7,0.45,row,linear,cs,CR2,0.816,-0.240656999459255,0.087110622743129,0.0768194643556131,0,250,0.0419697506224579,0.881861039865799,0.0245066521581386,followup,none,Db,,mmrm,cs-CR2
9,C07,Hybrid,alt,0,0.7,0.45,row,linear,cs,Kenward-Roger,0.84,-0.240656999459255,0.087110622743129,0.0762902939335758,0,250,0.0419697506224579,0.875786345352391,0.0231862027939031,followup,none,Db,,mmrm,cs-KR
9,C07,Hybrid,alt,0,0.7,0.45,row,visit,cs,CR2,0.816,-0.240218332460078,0.0872782987937605,0.077094263132508,0,250,0.0419697506224579,0.883315373901621,0.0245066521581386,followup,none,Db,,mmrm,cs-CR2
9,C07,Hybrid,alt,0,0.7,0.45,row,visit,cs,Kenward-Roger,0.848,-0.240218332460078,0.0872782987937605,0.0744646567457271,0,250,0.0419697506224579,0.853186390831103,0.0227064748474967,followup,none,Db,,mmrm,cs-KR
9,C07,Hybrid,alt,0,0.7,0.45,row,linear,sp_exp,CR2,0.92,-0.235501670775789,0.0714180355613236,0.0663986857849355,0,250,0.0419697506224579,0.929718736493695,0.0171580884716218,followup,none,Db,,mmrm,sp_exp-CR2
9,C07,Hybrid,alt,0,0.7,0.45,row,visit,sp_exp,CR2,0.912,-0.235242142725639,0.0716556668648935,0.0667606232268257,0,250,0.0419697506224579,0.931686580388717,0.0179171426293369,followup,none,Db,,mmrm,sp_exp-CR2
9,C07,Hybrid,alt,0,0.7,0.45,row,linear,us,CR2,0.948,-0.234440366385653,0.0675132764811802,0.0557247310285991,0,250,0.0419697506224579,0.8253892261344,0.0140422220463857,followup,none,Db,,mmrm,us-CR2
9,C07,Hybrid,alt,0,0.7,0.45,row,spline,us,Kenward-Roger,0.948,-0.234382289338926,0.0675462911085329,0.0667519042560561,0,250,0.0419697506224579,0.988239371260216,0.0140422220463857,followup,none,Db,,mmrm,us-KR
9,C07,Hybrid,alt,0,0.7,0.45,row,visit,us,CR2,0.944,-0.234180227627083,0.0672563604410391,0.0559230701462705,0,250,0.0419697506224579,0.831491174656945,0.0145415267424023,followup,none,Db,,mmrm,us-CR2
9,C07,Hybrid,alt,0,0.7,0.45,row,visit,us,Kenward-Roger,0.78,-0.23215369068407,0.0848907143921414,0.0815599786837647,0,250,0.0419697506224579,0.960764428333224,0.0261992366301005,followup,sepbm,Db,,mmrm,us-KR-sepbm
10,C07,Hybrid,alt,1,0.7,0.45,covariate,linear,cs,CR2,0.468,-0.176794052780048,0.0921442636703304,0.0894913267796955,0,250,0.134639915857822,0.971208876331939,0.0315579467012669,followup,none,Db,,mmrm,BL+cs-CR2
10,C07,Hybrid,alt,1,0.7,0.45,covariate,linear,cs,Kenward-Roger,0.576,-0.176794052780048,0.0921442636703304,0.0853962231904647,0,250,0.134639915857822,0.926766570038385,0.0312553355445114,followup,none,Db,,mmrm,BL+cs-KR
10,C07,Hybrid,alt,1,0.7,0.45,covariate,visit,cs,CR2,0.48,-0.176156498842073,0.0932287277645647,0.0897746544931066,0,250,0.134639915857822,0.962950548030851,0.0315974682530104,followup,none,Db,,mmrm,BL+cs-CR2
10,C07,Hybrid,alt,1,0.7,0.45,covariate,visit,cs,Kenward-Roger,0.568,-0.176156498842073,0.0932287277645647,0.0835006019553636,0,250,0.134639915857822,0.895653131363457,0.031328964234395,followup,none,Db,,mmrm,BL+cs-KR
10,C07,Hybrid,alt,1,0.7,0.45,covariate,linear,us,CR2,0.548,-0.159522592161511,0.0854472965069843,0.0712719823989762,0,250,0.134639915857822,0.834104592099653,0.0314767215573668,followup,none,Db,,mmrm,BL+us-CR2
10,C07,Hybrid,alt,1,0.7,0.45,covariate,linear,us,Kenward-Roger,0.504,-0.159522592161511,0.0854472965069843,0.082173488872041,0,250,0.134639915857822,0.961686235038745,0.0316217646566412,followup,none,Db,,mmrm,BL+us-KR
10,C07,Hybrid,alt,1,0.7,0.45,covariate,spline,us,Kenward-Roger,0.508,-0.159201091901169,0.0863537583428766,0.0821676563014734,0,250,0.134639915857822,0.951523800217451,0.0316187286271918,followup,none,Db,,mmrm,BL+us-KR
10,C07,Hybrid,alt,1,0.7,0.45,covariate,visit,us,CR2,0.54,-0.158799503836168,0.086850544038323,0.0712965958649943,0,250,0.134639915857822,0.820911332847086,0.0315214212877529,followup,none,Db,,mmrm,BL+us-CR2
10,C07,Hybrid,alt,1,0.7,0.45,covariate,visit,us,Kenward-Roger,0.484,-0.158799503836168,0.086850544038323,0.0822999629380222,0,250,0.134639915857822,0.947604460620387,0.0316065815930796,followup,none,Db,,mmrm,BL+us-KR
10,C07,Hybrid,alt,1,0.7,0.45,row,linear,csh,CR2,0.7,-0.195791304251277,0.077693548874031,0.0741602442656723,0,250,0.134639915857822,0.954522548402474,0.0289827534923789,followup,none,Db,,mmrm,csh-CR2
10,C07,Hybrid,alt,1,0.7,0.45,row,linear,csh,Kenward-Roger,0.7,-0.195791304251277,0.077693548874031,0.0778017793333292,0,250,0.134639915857822,1.00139304306299,0.0289827534923789,followup,none,Db,,mmrm,csh-KR
10,C07,Hybrid,alt,1,0.7,0.45,row,visit,csh,CR2,0.704,-0.195014371894,0.078683765902344,0.0742238047131764,0,250,0.134639915857822,0.94331789870476,0.0288710235357183,followup,none,Db,,mmrm,csh-CR2
10,C07,Hybrid,alt,1,0.7,0.45,row,visit,csh,Kenward-Roger,0.716,-0.195014371894,0.078683765902344,0.0752182845996627,0,250,0.134639915857822,0.955956844935683,0.0285197475444647,followup,none,Db,,mmrm,csh-KR
10,C07,Hybrid,alt,1,0.7,0.45,row,linear,cs,CR2,0.644,-0.191996512479962,0.0802052260076008,0.0791612782676617,0,250,0.134639915857822,0.986984043410835,0.0302829324867986,followup,none,Db,,mmrm,cs-CR2
10,C07,Hybrid,alt,1,0.7,0.45,row,linear,cs,Kenward-Roger,0.692,-0.191996512479962,0.0802052260076008,0.0774912686552105,0,250,0.134639915857822,0.966162337699378,0.0291983561181105,followup,none,Db,,mmrm,cs-KR
10,C07,Hybrid,alt,1,0.7,0.45,row,visit,cs,CR2,0.628,-0.191281474706155,0.080784763197455,0.0792012057604164,0,250,0.134639915857822,0.980397820401256,0.0305690039091888,followup,none,Db,,mmrm,cs-CR2
10,C07,Hybrid,alt,1,0.7,0.45,row,visit,cs,Kenward-Roger,0.72,-0.191281474706155,0.080784763197455,0.0749236087868303,0,250,0.134639915857822,0.927447278686714,0.0283971829588782,followup,none,Db,,mmrm,cs-KR
10,C07,Hybrid,alt,1,0.7,0.45,row,linear,sp_exp,CR2,0.664,-0.167556424047654,0.072428324704956,0.0695533059982544,0,250,0.134639915857822,0.960305326425632,0.0298733325894518,followup,none,Db,,mmrm,sp_exp-CR2
10,C07,Hybrid,alt,1,0.7,0.45,row,visit,sp_exp,CR2,0.652,-0.166965500793482,0.0734026751389684,0.0697635588891162,0,250,0.134639915857822,0.950422566439677,0.0301261348333967,followup,none,Db,,mmrm,sp_exp-CR2
10,C07,Hybrid,alt,1,0.7,0.45,row,linear,us,CR2,0.868,-0.19622630001145,0.0680424766980443,0.057627027273141,0,250,0.134639915857822,0.846927244122455,0.0214080358744094,followup,none,Db,,mmrm,us-CR2
10,C07,Hybrid,alt,1,0.7,0.45,row,spline,us,Kenward-Roger,0.816,-0.197061629761318,0.0681392615551906,0.0675995383195167,0,250,0.134639915857822,0.992079115280156,0.0245066521581386,followup,none,Db,,mmrm,us-KR
10,C07,Hybrid,alt,1,0.7,0.45,row,visit,us,CR2,0.856,-0.196775932291855,0.0683612064396564,0.0574757154934082,0,250,0.134639915857822,0.840765084275436,0.0222048643319431,followup,none,Db,,mmrm,us-CR2
10,C07,Hybrid,alt,1,0.7,0.45,row,visit,us,Kenward-Roger,0.504,-0.160153059253333,0.0876577621701045,0.0824293808177706,0,250,0.134639915857822,0.940354610671124,0.0316217646566412,followup,sepbm,Db,,mmrm,us-KR-sepbm
11,C07,Hybrid,null,0,0.7,0,covariate,linear,cs,CR2,0.04,0.00337096799767384,0.0903778844027217,0.0928754168466059,0,500,0.154294260548186,1.02763433178802,0.00876356092008266,followup,none,Db,,mmrm,BL+cs-CR2
11,C07,Hybrid,null,0,0.7,0,covariate,linear,cs,Kenward-Roger,0.06,0.00337096799767384,0.0903778844027217,0.0858614658621944,0,500,0.154294260548186,0.950027392537734,0.0106207344378814,followup,none,Db,,mmrm,BL+cs-KR
11,C07,Hybrid,null,0,0.7,0,covariate,visit,cs,CR2,0.036,0.00328467376102599,0.0906609867890886,0.093004476379484,0,500,0.154294260548186,1.02584893098337,0.0083311463797007,followup,none,Db,,mmrm,BL+cs-CR2
11,C07,Hybrid,null,0,0.7,0,covariate,visit,cs,Kenward-Roger,0.066,0.00328467376102599,0.0906609867890886,0.0843744978892162,0,500,0.154294260548186,0.930659381476873,0.0111035129576184,followup,none,Db,,mmrm,BL+cs-KR
11,C07,Hybrid,null,0,0.7,0,covariate,linear,us,CR2,0.076,0.00351878780123133,0.0845302803592588,0.074724694485088,0,500,0.154294260548186,0.883999132234077,0.0118510759005248,followup,none,Db,,mmrm,BL+us-CR2
11,C07,Hybrid,null,0,0.7,0,covariate,linear,us,Kenward-Roger,0.06,0.00351878780123133,0.0845302803592588,0.0837640054497546,0,500,0.154294260548186,0.990934906328862,0.0106207344378814,followup,none,Db,,mmrm,BL+us-KR
11,C07,Hybrid,null,0,0.7,0,covariate,spline,us,Kenward-Roger,0.056,0.00312530080621891,0.0849034413031651,0.0838147322762338,0,500,0.154294260548186,0.987177091879658,0.0102824121683582,followup,none,Db,,mmrm,BL+us-KR
11,C07,Hybrid,null,0,0.7,0,covariate,visit,us,CR2,0.076,0.00301527644576034,0.0851676689496501,0.074892261461104,0,500,0.154294260548186,0.879350842693361,0.0118510759005248,followup,none,Db,,mmrm,BL+us-CR2
11,C07,Hybrid,null,0,0.7,0,covariate,visit,us,Kenward-Roger,0.062,0.00301527644576034,0.0851676689496501,0.0840280273077512,0,500,0.154294260548186,0.986618846612173,0.0107848041243223,followup,none,Db,,mmrm,BL+us-KR
11,C07,Hybrid,null,0,0.7,0,row,linear,csh,CR2,0.054,0.00343073484661746,0.0773572306755816,0.078263767982549,0,500,0.154294260548186,1.01171884385015,0.0101078187557949,followup,none,Db,,mmrm,csh-CR2
11,C07,Hybrid,null,0,0.7,0,row,linear,csh,Kenward-Roger,0.042,0.00343073484661746,0.0773572306755816,0.0780533628367928,0,500,0.154294260548186,1.00899892815619,0.00897061870775924,followup,none,Db,,mmrm,csh-KR
11,C07,Hybrid,null,0,0.7,0,row,visit,csh,CR2,0.05,0.00356109800956867,0.0776018026077333,0.078298026298195,0,500,0.154294260548186,1.00897174636498,0.00974679434480896,followup,none,Db,,mmrm,csh-CR2
11,C07,Hybrid,null,0,0.7,0,row,visit,csh,Kenward-Roger,0.05,0.00356109800956867,0.0776018026077333,0.0762733007435684,0,500,0.154294260548186,0.982880528292876,0.00974679434480896,followup,none,Db,,mmrm,csh-KR
11,C07,Hybrid,null,0,0.7,0,row,linear,cs,CR2,0.042,0.00439898953038719,0.0800462692325474,0.0829929812080813,0,500,0.154294260548186,1.03681260855485,0.00897061870775924,followup,none,Db,,mmrm,cs-CR2
11,C07,Hybrid,null,0,0.7,0,row,linear,cs,Kenward-Roger,0.048,0.00439898953038719,0.0800462692325474,0.0775239541534601,0,500,0.154294260548186,0.968489286218205,0.00955991631762538,followup,none,Db,,mmrm,cs-KR
11,C07,Hybrid,null,0,0.7,0,row,visit,cs,CR2,0.042,0.00437013123376136,0.0803836442317124,0.0830033584821636,0,500,0.154294260548186,1.03259014038851,0.00897061870775924,followup,none,Db,,mmrm,cs-CR2
11,C07,Hybrid,null,0,0.7,0,row,visit,cs,Kenward-Roger,0.062,0.00437013123376136,0.0803836442317124,0.0758016838847024,0,500,0.154294260548186,0.942998847703369,0.0107848041243223,followup,none,Db,,mmrm,cs-KR
11,C07,Hybrid,null,0,0.7,0,row,linear,sp_exp,CR2,0.044,0.00328298173557437,0.0734068997756229,0.0731826448840017,0,500,0.154294260548186,0.99694504341817,0.00917213170424411,followup,none,Db,,mmrm,sp_exp-CR2
11,C07,Hybrid,null,0,0.7,0,row,visit,sp_exp,CR2,0.042,0.00327964525567349,0.0738258522573808,0.073337522709014,0,500,0.154294260548186,0.993385385560273,0.00897061870775924,followup,none,Db,,mmrm,sp_exp-CR2
11,C07,Hybrid,null,0,0.7,0,row,linear,us,CR2,0.082,0.00438167783368894,0.071844382534003,0.0624302263289146,0,500,0.154294260548186,0.868964616675037,0.0122699633251286,followup,none,Db,,mmrm,us-CR2
11,C07,Hybrid,null,0,0.7,0,row,spline,us,Kenward-Roger,0.056,0.00420479142820171,0.0720238073425524,0.0704974345197379,0,500,0.154294260548186,0.978807384958769,0.0102824121683582,followup,none,Db,,mmrm,us-KR
11,C07,Hybrid,null,0,0.7,0,row,visit,us,CR2,0.074,0.00414980725250453,0.0721870416694638,0.0624442222628804,0,500,0.154294260548186,0.865033679435229,0.0117067501895274,followup,none,Db,,mmrm,us-CR2
11,C07,Hybrid,null,0,0.7,0,row,visit,us,Kenward-Roger,0.062,0.00220321315849956,0.0854307488824423,0.0841989535106746,0,500,0.154294260548186,0.985581358142339,0.0107848041243223,followup,sepbm,Db,,mmrm,us-KR-sepbm
12,C07,Hybrid,null,1,0.7,0,covariate,linear,cs,CR2,0.05,3.66067176189955e-06,0.0953664109915471,0.0932510790400512,0,500,0.154294260548186,0.977818899447905,0.00974679434480896,followup,none,Db,,mmrm,BL+cs-CR2
12,C07,Hybrid,null,1,0.7,0,covariate,linear,cs,Kenward-Roger,0.07,3.66067176189955e-06,0.0953664109915471,0.0859431115670762,0,500,0.154294260548186,0.901188486318247,0.0114105214604767,followup,none,Db,,mmrm,BL+cs-KR
12,C07,Hybrid,null,1,0.7,0,covariate,visit,cs,CR2,0.05,7.28598287965167e-05,0.0955446100802934,0.0939639466573686,0,500,0.154294260548186,0.98345627846933,0.00974679434480896,followup,none,Db,,mmrm,BL+cs-CR2
12,C07,Hybrid,null,1,0.7,0,covariate,visit,cs,Kenward-Roger,0.074,7.28598287965167e-05,0.0955446100802934,0.0840831531945763,0,500,0.154294260548186,0.880040780154054,0.0117067501895274,followup,none,Db,,mmrm,BL+cs-KR
12,C07,Hybrid,null,1,0.7,0,covariate,linear,us,CR2,0.09,0.000829242068985229,0.0848983645633294,0.0736505237835264,0,500,0.154294260548186,0.867514046499533,0.0127984374046209,followup,none,Db,,mmrm,BL+us-CR2
12,C07,Hybrid,null,1,0.7,0,covariate,linear,us,Kenward-Roger,0.06,0.000829242068985229,0.0848983645633294,0.0832297104115794,0,500,0.154294260548186,0.980345273312005,0.0106207344378814,followup,none,Db,,mmrm,BL+us-KR
12,C07,Hybrid,null,1,0.7,0,covariate,spline,us,Kenward-Roger,0.062,0.000224298210614355,0.0849365502246555,0.0832437137755595,0,500,0.154294260548186,0.980069399515067,0.0107848041243223,followup,none,Db,,mmrm,BL+us-KR
12,C07,Hybrid,null,1,0.7,0,covariate,visit,us,CR2,0.098,0.000113374592527045,0.0852217248382243,0.0739656107209985,0,500,0.154294260548186,0.867919663224452,0.0132963152790538,followup,none,Db,,mmrm,BL+us-CR2
12,C07,Hybrid,null,1,0.7,0,covariate,visit,us,Kenward-Roger,0.066,0.000113374592527045,0.0852217248382243,0.08331249537683,0,500,0.154294260548186,0.9775969159857,0.0111035129576184,followup,none,Db,,mmrm,BL+us-KR
12,C07,Hybrid,null,1,0.7,0,row,linear,csh,CR2,0.05,0.00059068175191818,0.0812484058294725,0.0788859127638999,0,500,0.154294260548186,0.970922591754834,0.00974679434480896,followup,none,Db,,mmrm,csh-CR2
12,C07,Hybrid,null,1,0.7,0,row,linear,csh,Kenward-Roger,0.048,0.00059068175191818,0.0812484058294725,0.0785109000405851,0,500,0.154294260548186,0.966306959983523,0.00955991631762538,followup,none,Db,,mmrm,csh-KR
12,C07,Hybrid,null,1,0.7,0,row,visit,csh,CR2,0.052,0.000344669247094815,0.080823285369926,0.0792412435279474,0,500,0.154294260548186,0.98042591519588,0.00992935043192655,followup,none,Db,,mmrm,csh-CR2
12,C07,Hybrid,null,1,0.7,0,row,visit,csh,Kenward-Roger,0.056,0.000344669247094815,0.080823285369926,0.0758977008767041,0,500,0.154294260548186,0.939057358647602,0.0102824121683582,followup,none,Db,,mmrm,csh-KR
12,C07,Hybrid,null,1,0.7,0,row,linear,cs,CR2,0.044,0.000290652394983392,0.0848501972394212,0.08348512359472,0,500,0.154294260548186,0.983911956729465,0.00917213170424411,followup,none,Db,,mmrm,cs-CR2
12,C07,Hybrid,null,1,0.7,0,row,linear,cs,Kenward-Roger,0.066,0.000290652394983392,0.0848501972394212,0.0780837020181203,0,500,0.154294260548186,0.920253630027424,0.0111035129576184,followup,none,Db,,mmrm,cs-KR
12,C07,Hybrid,null,1,0.7,0,row,visit,cs,CR2,0.04,0.000325540874036386,0.0847408659191508,0.0839930142231613,0,500,0.154294260548186,0.991174840050572,0.00876356092008266,followup,none,Db,,mmrm,cs-CR2
12,C07,Hybrid,null,1,0.7,0,row,visit,cs,Kenward-Roger,0.068,0.000325540874036386,0.0847408659191508,0.0755281530609085,0,500,0.154294260548186,0.891283706411121,0.0112584190719657,followup,none,Db,,mmrm,cs-KR
12,C07,Hybrid,null,1,0.7,0,row,linear,sp_exp,CR2,0.05,4.73405827853755e-05,0.0742159374289264,0.0722264514463873,0,500,0.154294260548186,0.973193278270663,0.00974679434480896,followup,none,Db,,mmrm,sp_exp-CR2
12,C07,Hybrid,null,1,0.7,0,row,visit,sp_exp,CR2,0.054,-5.73471394386365e-05,0.0743525587248669,0.0727355489308049,0,500,0.154294260548186,0.97825212982857,0.0101078187557949,followup,none,Db,,mmrm,sp_exp-CR2
12,C07,Hybrid,null,1,0.7,0,row,linear,us,CR2,0.1,0.00196098905288162,0.0743706609535991,0.0615767197155043,0,500,0.154294260548186,0.827970585792196,0.0134164078649987,followup,none,Db,,mmrm,us-CR2
12,C07,Hybrid,null,1,0.7,0,row,spline,us,Kenward-Roger,0.066,0.00169178895925035,0.0742722863087262,0.0698253600341029,0,500,0.154294260548186,0.940126708148733,0.0111035129576184,followup,none,Db,,mmrm,us-KR
12,C07,Hybrid,null,1,0.7,0,row,visit,us,CR2,0.098,0.00141179831857881,0.0740221310066899,0.0615847937596854,0,500,0.154294260548186,0.83197812494914,0.0132963152790538,followup,none,Db,,mmrm,us-CR2
12,C07,Hybrid,null,1,0.7,0,row,visit,us,Kenward-Roger,0.058,0.000563067613930106,0.0857144657165152,0.0834993226644089,0,500,0.154294260548186,0.974156718663655,0.0104533248299285,followup,sepbm,Db,,mmrm,us-KR-sepbm
13,C07,CO,alt,0,0.7,0.45,covariate,linear,cs,CR2,0.516,-0.241104121106376,0.112137480138461,0.11107508612853,0,250,0.252543224874427,0.990525968582318,0.0316065815930796,followup,none,Db,,mmrm,BL+cs-CR2
13,C07,CO,alt,0,0.7,0.45,covariate,linear,cs,Kenward-Roger,0.744,-0.241104121106376,0.112137480138461,0.0844810699252643,0,250,0.252543224874427,0.75337050396488,0.0276017390756452,followup,none,Db,,mmrm,BL+cs-KR
13,C07,CO,alt,0,0.7,0.45,covariate,visit,cs,CR2,0.516,-0.240770953713478,0.111853250258847,0.110529025917351,0,250,0.252543224874427,0.988161056219361,0.0316065815930796,followup,none,Db,,mmrm,BL+cs-CR2
13,C07,CO,alt,0,0.7,0.45,covariate,visit,cs,Kenward-Roger,0.74,-0.240770953713478,0.111853250258847,0.0837499941014074,0,250,0.252543224874427,0.748748864316378,0.0277416654150395,followup,none,Db,,mmrm,BL+cs-KR
13,C07,CO,alt,0,0.7,0.45,covariate,linear,us,CR2,0.632,-0.244277469241953,0.109110608073801,0.0986863838402289,0,250,0.252543224874427,0.904461862896763,0.0305008852330551,followup,none,Db,,mmrm,BL+us-CR2
13,C07,CO,alt,0,0.7,0.45,covariate,linear,us,Kenward-Roger,0.608,-0.244277469241953,0.109110608073801,0.109177249571664,0,250,0.252543224874427,1.00061077010787,0.0308762692046821,followup,none,Db,,mmrm,BL+us-KR
13,C07,CO,alt,0,0.7,0.45,covariate,spline,us,Kenward-Roger,0.612,-0.244061945549502,0.108731177614555,0.107650548278073,0,250,0.252543224874427,0.990061458358218,0.0308192147855847,followup,none,Db,,mmrm,BL+us-KR
13,C07,CO,alt,0,0.7,0.45,covariate,visit,us,CR2,0.64,-0.243364403767412,0.109187836855082,0.0967280007463399,0,250,0.252543224874427,0.885886226271897,0.0303578655376164,followup,none,Db,,mmrm,BL+us-CR2
13,C07,CO,alt,0,0.7,0.45,covariate,visit,us,Kenward-Roger,0.6,-0.243364403767412,0.109187836855082,0.107162573308821,0,250,0.252543224874427,0.981451564527749,0.0309838667696593,followup,none,Db,,mmrm,BL+us-KR
13,C07,CO,alt,0,0.7,0.45,row,linear,csh,CR2,0.652,-0.239144653854589,0.0975247859710347,0.0956222920735623,0,250,0.252543224874427,0.980492201253972,0.0301261348333967,followup,none,Db,,mmrm,csh-CR2
13,C07,CO,alt,0,0.7,0.45,row,linear,csh,Kenward-Roger,0.816,-0.239144653854589,0.0975247859710347,0.0760750567425328,0,250,0.252543224874427,0.780058689543061,0.0245066521581386,followup,none,Db,,mmrm,csh-KR
13,C07,CO,alt,0,0.7,0.45,row,visit,csh,CR2,0.652,-0.239332926488551,0.0975603432391461,0.0950085378559935,0,250,0.252543224874427,0.973843825283626,0.0301261348333967,followup,none,Db,,mmrm,csh-CR2
13,C07,CO,alt,0,0.7,0.45,row,visit,csh,Kenward-Roger,0.824,-0.239332926488551,0.0975603432391461,0.0755409063962034,0,250,0.252543224874427,0.774299309413383,0.0240851821666352,followup,none,Db,,mmrm,csh-KR
13,C07,CO,alt,0,0.7,0.45,row,linear,cs,CR2,0.62,-0.240033596445548,0.100740879307236,0.10013120029849,0,250,0.252543224874427,0.993948047575735,0.0306985341669598,followup,none,Db,,mmrm,cs-CR2
13,C07,CO,alt,0,0.7,0.45,row,linear,cs,Kenward-Roger,0.804,-0.240033596445548,0.100740879307236,0.0762486324851197,0,250,0.252543224874427,0.756878766687945,0.0251064931840351,followup,none,Db,,mmrm,cs-KR
13,C07,CO,alt,0,0.7,0.45,row,visit,cs,CR2,0.62,-0.239793814047814,0.100569694586155,0.0996567018016629,0,250,0.252543224874427,0.990921790224689,0.0306985341669598,followup,none,Db,,mmrm,cs-CR2
13,C07,CO,alt,0,0.7,0.45,row,visit,cs,Kenward-Roger,0.828,-0.239793814047814,0.100569694586155,0.0756757357026171,0,250,0.252543224874427,0.752470572909894,0.0238676349896675,followup,none,Db,,mmrm,cs-KR
13,C07,CO,alt,0,0.7,0.45,row,linear,sp_exp,CR2,0.62,-0.237416575580106,0.0931562924360673,0.0988466334239645,0,250,0.252543224874427,1.06108380699889,0.0306985341669598,followup,none,Db,,mmrm,sp_exp-CR2
13,C07,CO,alt,0,0.7,0.45,row,visit,sp_exp,CR2,0.648,-0.236382574817246,0.0952108570389341,0.0980360404053681,0,250,0.252543224874427,1.02967291183272,0.0302056948273004,followup,none,Db,,mmrm,sp_exp-CR2
13,C07,CO,alt,0,0.7,0.45,row,linear,us,CR2,0.836,-0.238863204572974,0.0829223063669818,0.0729783407210322,0,250,0.252543224874427,0.880080932602845,0.0234182834554542,followup,none,Db,,mmrm,us-CR2
13,C07,CO,alt,0,0.7,0.45,row,spline,us,Kenward-Roger,0.804,-0.238506805349021,0.0835351996445024,0.0840426438787434,0,250,0.252543224874427,1.00607461568776,0.0251064931840351,followup,none,Db,,mmrm,us-KR
13,C07,CO,alt,0,0.7,0.45,row,visit,us,CR2,0.84,-0.238087555667366,0.084184126272521,0.0723591519558144,0,250,0.252543224874427,0.859534393949439,0.0231862027939031,followup,none,Db,,mmrm,us-CR2
13,C07,CO,alt,0,0.7,0.45,row,visit,us,Kenward-Roger,0.592,-0.244258428788124,0.110351051366736,0.107628615911379,0,250,0.252543224874427,0.975329320186452,0.0310828570115426,followup,sepbm,Db,,mmrm,us-KR-sepbm
14,C07,CO,alt,1,0.7,0.45,covariate,linear,cs,CR2,0.536,-0.223896306364777,0.114923267384271,0.1061888035862,0,250,0.252543224874427,0.923997428920419,0.0315407038602502,followup,none,Db,,mmrm,BL+cs-CR2
14,C07,CO,alt,1,0.7,0.45,covariate,linear,cs,Kenward-Roger,0.74,-0.223896306364777,0.114923267384271,0.0830600613574739,0,250,0.252543224874427,0.72274364667813,0.0277416654150395,followup,none,Db,,mmrm,BL+cs-KR
14,C07,CO,alt,1,0.7,0.45,covariate,visit,cs,CR2,0.532,-0.223284499801623,0.114703107192695,0.105824175436757,0,250,0.252543224874427,0.922592055496611,0.0315579467012669,followup,none,Db,,mmrm,BL+cs-CR2
14,C07,CO,alt,1,0.7,0.45,covariate,visit,cs,Kenward-Roger,0.752,-0.223284499801623,0.114703107192695,0.0823856471755736,0,250,0.252543224874427,0.718251224329694,0.0273127076651144,followup,none,Db,,mmrm,BL+cs-KR
14,C07,CO,alt,1,0.7,0.45,covariate,linear,us,CR2,0.612,-0.221583963263633,0.110590304882932,0.0936305975888283,0,250,0.252543224874427,0.846643814644899,0.0308192147855847,followup,none,Db,,mmrm,BL+us-CR2
14,C07,CO,alt,1,0.7,0.45,covariate,linear,us,Kenward-Roger,0.54,-0.221583963263633,0.110590304882932,0.105160619310794,0,250,0.252543224874427,0.950902698225799,0.0315214212877529,followup,none,Db,,mmrm,BL+us-KR
14,C07,CO,alt,1,0.7,0.45,covariate,spline,us,Kenward-Roger,0.552,-0.22089893094444,0.109718301009199,0.104053526862343,0,250,0.252543224874427,0.948369833521385,0.0314512956807824,followup,none,Db,,mmrm,BL+us-KR
14,C07,CO,alt,1,0.7,0.45,covariate,visit,us,CR2,0.628,-0.220168714172679,0.108832343795678,0.0926466290888852,0,250,0.252543224874427,0.85127845140246,0.0305690039091888,followup,none,Db,,mmrm,BL+us-CR2
14,C07,CO,alt,1,0.7,0.45,covariate,visit,us,Kenward-Roger,0.572,-0.220168714172679,0.108832343795678,0.103982117302702,0,250,0.252543224874427,0.955433960862938,0.0312931941482489,followup,none,Db,,mmrm,BL+us-KR
14,C07,CO,alt,1,0.7,0.45,row,linear,csh,CR2,0.684,-0.22558180445579,0.09838042017453,0.0908947228817496,0,250,0.252543224874427,0.923910700122032,0.0294036732399202,followup,none,Db,,mmrm,csh-CR2
14,C07,CO,alt,1,0.7,0.45,row,linear,csh,Kenward-Roger,0.808,-0.22558180445579,0.09838042017453,0.0747145126184212,0,250,0.252543224874427,0.759444943270981,0.0249107205837166,followup,none,Db,,mmrm,csh-KR
14,C07,CO,alt,1,0.7,0.45,row,visit,csh,CR2,0.676,-0.225323788309599,0.0986630243219919,0.0905145931304516,0,250,0.252543224874427,0.917411499925772,0.029598918899176,followup,none,Db,,mmrm,csh-CR2
14,C07,CO,alt,1,0.7,0.45,row,visit,csh,Kenward-Roger,0.8,-0.225323788309599,0.0986630243219919,0.0742323158076653,0,250,0.252543224874427,0.752382326791486,0.025298221281347,followup,none,Db,,mmrm,csh-KR
14,C07,CO,alt,1,0.7,0.45,row,linear,cs,CR2,0.624,-0.225200597712701,0.100786519915205,0.0954805485917246,0,250,0.252543224874427,0.947354355245679,0.0306348820790941,followup,none,Db,,mmrm,cs-CR2
14,C07,CO,alt,1,0.7,0.45,row,linear,cs,Kenward-Roger,0.808,-0.225200597712701,0.100786519915205,0.0749798411254092,0,250,0.252543224874427,0.743947119004529,0.0249107205837166,followup,none,Db,,mmrm,cs-KR
14,C07,CO,alt,1,0.7,0.45,row,visit,cs,CR2,0.64,-0.224818980062702,0.100895957501784,0.0951837120904257,0,250,0.252543224874427,0.943384794071086,0.0303578655376164,followup,none,Db,,mmrm,cs-CR2
14,C07,CO,alt,1,0.7,0.45,row,visit,cs,Kenward-Roger,0.792,-0.224818980062702,0.100895957501784,0.0744470760963879,0,250,0.252543224874427,0.737859850282618,0.0256699045576722,followup,none,Db,,mmrm,cs-KR
14,C07,CO,alt,1,0.7,0.45,row,linear,sp_exp,CR2,0.628,-0.223281043276749,0.0941071180865344,0.0945399157791836,0,250,0.252543224874427,1.00459898997493,0.0305690039091888,followup,none,Db,,mmrm,sp_exp-CR2
14,C07,CO,alt,1,0.7,0.45,row,visit,sp_exp,CR2,0.652,-0.222822882912547,0.0933869807267076,0.0942069290512353,0,250,0.252543224874427,1.00878011386756,0.0301261348333967,followup,none,Db,,mmrm,sp_exp-CR2
14,C07,CO,alt,1,0.7,0.45,row,linear,us,CR2,0.848,-0.227956876388844,0.0796490607596041,0.0701629649214688,0,250,0.252543224874427,0.880901347138717,0.0227064748474967,followup,none,Db,,mmrm,us-CR2
14,C07,CO,alt,1,0.7,0.45,row,spline,us,Kenward-Roger,0.788,-0.227568759120931,0.0792110332662726,0.0816047988162468,0,250,0.252543224874427,1.0302201025699,0.0258500290135234,followup,none,Db,,mmrm,us-KR
14,C07,CO,alt,1,0.7,0.45,row,visit,us,CR2,0.844,-0.227413850737562,0.0790500246874657,0.0699024793915545,0,250,0.252543224874427,0.884281563072533,0.0229489869057438,followup,none,Db,,mmrm,us-CR2
14,C07,CO,alt,1,0.7,0.45,row,visit,us,Kenward-Roger,0.528,-0.22072328284101,0.110399641426044,0.104381860475888,0,250,0.252543224874427,0.945490937539076,0.031573153152639,followup,sepbm,Db,,mmrm,us-KR-sepbm
15,C07,CO,null,0,0.7,0,covariate,linear,cs,CR2,0.054,0.000739266011003423,0.114870820009316,0.111631086869672,0,500,0.344552681946722,0.971796726624037,0.0101078187557949,followup,none,Db,,mmrm,BL+cs-CR2
15,C07,CO,null,0,0.7,0,covariate,linear,cs,Kenward-Roger,0.15,0.000739266011003423,0.114870820009316,0.084183900140114,0,500,0.344552681946722,0.732857135809482,0.0159687194226713,followup,none,Db,,mmrm,BL+cs-KR
15,C07,CO,null,0,0.7,0,covariate,visit,cs,CR2,0.048,0.000744935135192805,0.113358441857917,0.111217850155086,0,500,0.344552681946722,0.981116609687406,0.00955991631762538,followup,none,Db,,mmrm,BL+cs-CR2
15,C07,CO,null,0,0.7,0,covariate,visit,cs,Kenward-Roger,0.146,0.000744935135192805,0.113358441857917,0.0834471355408055,0,500,0.344552681946722,0.736135167113519,0.015791390059143,followup,none,Db,,mmrm,BL+cs-KR
15,C07,CO,null,0,0.7,0,covariate,linear,us,CR2,0.082,-0.00137534611494134,0.115875104312619,0.10125726386869,0,500,0.344552681946722,0.873848308222519,0.0122699633251286,followup,none,Db,,mmrm,BL+us-CR2
15,C07,CO,null,0,0.7,0,covariate,linear,us,Kenward-Roger,0.066,-0.00137534611494134,0.115875104312619,0.111256393279012,0,500,0.344552681946722,0.960140609486347,0.0111035129576184,followup,none,Db,,mmrm,BL+us-KR
15,C07,CO,null,0,0.7,0,covariate,spline,us,Kenward-Roger,0.062,-0.00142778010797063,0.11269323190602,0.109855427855976,0,500,0.344552681946722,0.974818327577908,0.0107848041243223,followup,none,Db,,mmrm,BL+us-KR
15,C07,CO,null,0,0.7,0,covariate,visit,us,CR2,0.066,-0.0012771884862645,0.111106161191275,0.0997179046919522,0,500,0.344552681946722,0.897501125255176,0.0111035129576184,followup,none,Db,,mmrm,BL+us-CR2
15,C07,CO,null,0,0.7,0,covariate,visit,us,Kenward-Roger,0.056,-0.0012771884862645,0.111106161191275,0.109469167239281,0,500,0.344552681946722,0.985266398060716,0.0102824121683582,followup,none,Db,,mmrm,BL+us-KR
15,C07,CO,null,0,0.7,0,row,linear,csh,CR2,0.056,0.000864622028123802,0.101423630181122,0.096728904579594,0,500,0.344552681946722,0.953711717938467,0.0102824121683582,followup,none,Db,,mmrm,csh-CR2
15,C07,CO,null,0,0.7,0,row,linear,csh,Kenward-Roger,0.146,0.000864622028123802,0.101423630181122,0.075821364731526,0,500,0.344552681946722,0.747571000920832,0.015791390059143,followup,none,Db,,mmrm,csh-KR
15,C07,CO,null,0,0.7,0,row,visit,csh,CR2,0.058,0.00111740648115289,0.10021522446696,0.0963764817634802,0,500,0.344552681946722,0.961695014665706,0.0104533248299285,followup,none,Db,,mmrm,csh-CR2
15,C07,CO,null,0,0.7,0,row,visit,csh,Kenward-Roger,0.136,0.00111740648115289,0.10021522446696,0.075283692407621,0,500,0.344552681946722,0.751220114588889,0.0153299706457645,followup,none,Db,,mmrm,csh-KR
15,C07,CO,null,0,0.7,0,row,linear,cs,CR2,0.06,0.00121117527428187,0.10441321089131,0.101192812624298,0,500,0.344552681946722,0.969157176189474,0.0106207344378814,followup,none,Db,,mmrm,cs-CR2
15,C07,CO,null,0,0.7,0,row,linear,cs,Kenward-Roger,0.154,0.00121117527428187,0.10441321089131,0.0760290634308932,0,500,0.344552681946722,0.728155592399474,0.016142118820031,followup,none,Db,,mmrm,cs-KR
15,C07,CO,null,0,0.7,0,row,visit,cs,CR2,0.052,0.00133723589774751,0.103211469554388,0.100903774312552,0,500,0.344552681946722,0.977641096945912,0.00992935043192655,followup,none,Db,,mmrm,cs-CR2
15,C07,CO,null,0,0.7,0,row,visit,cs,Kenward-Roger,0.15,0.00133723589774751,0.103211469554388,0.0754425136110977,0,500,0.344552681946722,0.730950871417857,0.0159687194226713,followup,none,Db,,mmrm,cs-KR
15,C07,CO,null,0,0.7,0,row,linear,sp_exp,CR2,0.044,-0.00313830462720675,0.104702690149122,0.101149259549099,0,500,0.344552681946722,0.966061706772174,0.00917213170424411,followup,none,Db,,mmrm,sp_exp-CR2
15,C07,CO,null,0,0.7,0,row,visit,sp_exp,CR2,0.032,-0.00292597866707625,0.102766219874512,0.100781755459614,0,500,0.344552681946722,0.98068952602012,0.00787095928079926,followup,none,Db,,mmrm,sp_exp-CR2
15,C07,CO,null,0,0.7,0,row,linear,us,CR2,0.088,0.00155802672234209,0.0905674760628987,0.0762019760869419,0,500,0.344552681946722,0.841383456838523,0.0126693330526907,followup,none,Db,,mmrm,us-CR2
15,C07,CO,null,0,0.7,0,row,spline,us,Kenward-Roger,0.056,0.00168157097185075,0.0894108253291871,0.0852469492300322,0,500,0.344552681946722,0.9534298438268,0.0102824121683582,followup,none,Db,,mmrm,us-KR
15,C07,CO,null,0,0.7,0,row,visit,us,CR2,0.082,0.00158223854119089,0.0888612960872141,0.0758194387716368,0,500,0.344552681946722,0.853233546101137,0.0122699633251286,followup,none,Db,,mmrm,us-CR2
15,C07,CO,null,0,0.7,0,row,visit,us,Kenward-Roger,0.06,-0.00194434527224653,0.112059733354311,0.109885081171172,0,500,0.344552681946722,0.980593812620778,0.0106207344378814,followup,sepbm,Db,,mmrm,us-KR-sepbm
16,C07,CO,null,1,0.7,0,covariate,linear,cs,CR2,0.054,-0.00101566192190707,0.112153588645249,0.112502648555824,0,500,0.344552681946722,1.00311233831027,0.0101078187557949,followup,none,Db,,mmrm,BL+cs-CR2
16,C07,CO,null,1,0.7,0,covariate,linear,cs,Kenward-Roger,0.158,-0.00101566192190707,0.112153588645249,0.0846270334851011,0,500,0.344552681946722,0.754563759460106,0.0163117135825762,followup,none,Db,,mmrm,BL+cs-KR
16,C07,CO,null,1,0.7,0,covariate,visit,cs,CR2,0.054,-0.000972952976953484,0.112495053427775,0.112236476968347,0,500,0.344552681946722,0.997701441516324,0.0101078187557949,followup,none,Db,,mmrm,BL+cs-CR2
16,C07,CO,null,1,0.7,0,covariate,visit,cs,Kenward-Roger,0.162,-0.000972952976953484,0.112495053427775,0.0839568504336751,0,500,0.344552681946722,0.746315930127343,0.016477621187538,followup,none,Db,,mmrm,BL+cs-KR
16,C07,CO,null,1,0.7,0,covariate,linear,us,CR2,0.086,-0.00270886002882818,0.11190820522649,0.100983962213179,0,500,0.344552681946722,0.902382108700596,0.0125382614424808,followup,none,Db,,mmrm,BL+us-CR2
16,C07,CO,null,1,0.7,0,covariate,linear,us,Kenward-Roger,0.054,-0.00270886002882818,0.11190820522649,0.111268082715013,0,500,0.344552681946722,0.994279932287527,0.0101078187557949,followup,none,Db,,mmrm,BL+us-KR
16,C07,CO,null,1,0.7,0,covariate,spline,us,Kenward-Roger,0.048,-0.00275414307444892,0.111695758512111,0.110139775043879,0,500,0.344552681946722,0.986069448930214,0.00955991631762538,followup,none,Db,,mmrm,BL+us-KR
16,C07,CO,null,1,0.7,0,covariate,visit,us,CR2,0.09,-0.0027278116036893,0.111633950341008,0.0996408217345908,0,500,0.344552681946722,0.892567372472422,0.0127984374046209,followup,none,Db,,mmrm,BL+us-CR2
16,C07,CO,null,1,0.7,0,covariate,visit,us,Kenward-Roger,0.056,-0.0027278116036893,0.111633950341008,0.10997966177589,0,500,0.344552681946722,0.985181133874906,0.0102824121683582,followup,none,Db,,mmrm,BL+us-KR
16,C07,CO,null,1,0.7,0,row,linear,csh,CR2,0.05,-8.2982699785572e-09,0.0999649719692399,0.0975039070865066,0,500,0.344552681946722,0.975380727526332,0.00974679434480896,followup,none,Db,,mmrm,csh-CR2
16,C07,CO,null,1,0.7,0,row,linear,csh,Kenward-Roger,0.154,-8.2982699785572e-09,0.0999649719692399,0.0762394104530299,0,500,0.344552681946722,0.762661249747456,0.016142118820031,followup,none,Db,,mmrm,csh-KR
16,C07,CO,null,1,0.7,0,row,visit,csh,CR2,0.058,1.58040519637999e-05,0.10037047915882,0.0972339502470521,0,500,0.344552681946722,0.968750483826974,0.0104533248299285,followup,none,Db,,mmrm,csh-CR2
16,C07,CO,null,1,0.7,0,row,visit,csh,Kenward-Roger,0.158,1.58040519637999e-05,0.10037047915882,0.0757379137030662,0,500,0.344552681946722,0.754583562196841,0.0163117135825762,followup,none,Db,,mmrm,csh-KR
16,C07,CO,null,1,0.7,0,row,linear,cs,CR2,0.046,-0.000380697767336643,0.101760186512808,0.101919060428008,0,500,0.344552681946722,1.00156125809754,0.00936845771725528,followup,none,Db,,mmrm,cs-CR2
16,C07,CO,null,1,0.7,0,row,linear,cs,Kenward-Roger,0.158,-0.000380697767336643,0.101760186512808,0.0764265502942489,0,500,0.344552681946722,0.751045697863669,0.0163117135825762,followup,none,Db,,mmrm,cs-KR
16,C07,CO,null,1,0.7,0,row,visit,cs,CR2,0.052,-0.000287147832060575,0.102282695905126,0.10181605443731,0,500,0.344552681946722,0.995437728115335,0.00992935043192655,followup,none,Db,,mmrm,cs-CR2
16,C07,CO,null,1,0.7,0,row,visit,cs,Kenward-Roger,0.156,-0.000287147832060575,0.102282695905126,0.0758967460043898,0,500,0.344552681946722,0.7420291901065,0.0162273842624127,followup,none,Db,,mmrm,cs-KR
16,C07,CO,null,1,0.7,0,row,linear,sp_exp,CR2,0.044,-0.00110768257805102,0.10216780913737,0.102116768859792,0,500,0.344552681946722,0.999500427013079,0.00917213170424411,followup,none,Db,,mmrm,sp_exp-CR2
16,C07,CO,null,1,0.7,0,row,visit,sp_exp,CR2,0.034,-0.00108535230457437,0.102411668197787,0.101835287549796,0,500,0.344552681946722,0.99437192403821,0.00810481338464989,followup,none,Db,,mmrm,sp_exp-CR2
16,C07,CO,null,1,0.7,0,row,linear,us,CR2,0.07,-0.000424518833049131,0.0881331871199402,0.076472406563665,0,500,0.344552681946722,0.867691377818822,0.0114105214604767,followup,none,Db,,mmrm,us-CR2
16,C07,CO,null,1,0.7,0,row,spline,us,Kenward-Roger,0.048,-0.000172382850157264,0.0877687998828856,0.0854767631382882,0,500,0.344552681946722,0.973885518001205,0.00955991631762538,followup,none,Db,,mmrm,us-KR
16,C07,CO,null,1,0.7,0,row,visit,us,CR2,0.076,-0.000291941400553546,0.0878427857606582,0.0761013932152646,0,500,0.344552681946722,0.866336291094127,0.0118510759005248,followup,none,Db,,mmrm,us-CR2
16,C07,CO,null,1,0.7,0,row,visit,us,Kenward-Roger,0.052,-0.0026025568131894,0.112005083619324,0.110352966425666,0,500,0.344552681946722,0.985249623139672,0.00992935043192655,followup,sepbm,Db,,mmrm,us-KR-sepbm
1,CS,Hybrid,alt,0,0.8,0.25,row,linear,car1,CR2,0.592,-0.140221606648463,0.0607728307589521,0.0607866698007094,0,250,0.00430297648113838,1.00022771757683,0.0310828570115426,dbc,none,Dbc,0.5,lme,RI+CAR1-CR2-Dbc0.5
1,CS,Hybrid,alt,0,0.8,0.25,row,linear,car1,CR2,0.504,-0.147021191200082,0.0692799428912858,0.0698048088869937,0,250,0.00430297648113838,1.0075760165757,0.0316217646566412,dbc,none,Dbc,1,lme,RI+CAR1-CR2-Dbc1
1,CS,Hybrid,alt,0,0.8,0.25,row,linear,car1,CR2,0.412,-0.15205512876687,0.084704846547783,0.0851872746698757,0,250,0.00430297648113838,1.00569540164175,0.0311291503256995,dbc,none,Dbc,2,lme,RI+CAR1-CR2-Dbc2
1,CS,Hybrid,alt,0,0.8,0.25,row,linear,car1,CR2,0.616,-0.132287966051409,0.0560664069325955,0.0553161257784472,0,250,0.00430297648113838,0.986617991143068,0.0307599739921867,dbc,none,Db,,lme,RI+CAR1-CR2
1,CS,Hybrid,alt,0,0.8,0.25,row,visit,car1,CR2,0.596,-0.139897228930556,0.0599429830778925,0.060514469778694,0,250,0.00430297648113838,1.00953383818184,0.0310344324903807,dbc,none,Dbc,0.5,lme,RI+CAR1-CR2-Dbc0.5
1,CS,Hybrid,alt,0,0.8,0.25,row,visit,car1,CR2,0.512,-0.146742239345558,0.0686179829906463,0.0696022528853668,0,250,0.00430297648113838,1.01434419742205,0.0316136679301849,dbc,none,Dbc,1,lme,RI+CAR1-CR2-Dbc1
1,CS,Hybrid,alt,0,0.8,0.25,row,visit,car1,CR2,0.384,-0.151513119338119,0.0841149826804485,0.0850198388655506,0,250,0.00430297648113838,1.01075737230476,0.0307599739921867,dbc,none,Dbc,2,lme,RI+CAR1-CR2-Dbc2
1,CS,Hybrid,alt,0,0.8,0.25,row,visit,car1,CR2,0.632,-0.132501046974928,0.0551773615175896,0.0551255180010148,0,250,0.00430297648113838,0.999060420521226,0.0305008852330551,dbc,none,Db,,lme,RI+CAR1-CR2
1,CS,Hybrid,alt,0,0.8,0.25,row,linear,us,CR2,0.776,-0.144926838018931,0.0549166813489059,0.0493075469874652,0,250,0.00430297648113838,0.897861010103581,0.0263684660152994,dbc,none,Dbc,0.5,mmrm,us-CR2-Dbc0.5
1,CS,Hybrid,alt,0,0.8,0.25,row,linear,us,CR2,0.728,-0.156806372548939,0.0632559264027755,0.0562734560362948,0,250,0.00430297648113838,0.889615554406388,0.0281436316064576,dbc,none,Dbc,1,mmrm,us-CR2-Dbc1
1,CS,Hybrid,alt,0,0.8,0.25,row,linear,us,CR2,0.604,-0.16806682638806,0.079266550680279,0.0686263790045644,0,250,0.00430297648113838,0.865767192032467,0.0309311493481894,dbc,none,Dbc,2,mmrm,us-CR2-Dbc2
1,CS,Hybrid,alt,0,0.8,0.25,row,linear,us,Kenward-Roger,0.708,-0.144926838018931,0.0549166813489059,0.058413687397835,0,250,0.00430297648113838,1.06367839357792,0.0287566340172142,dbc,none,Dbc,0.5,mmrm,us-KR-Dbc0.5
1,CS,Hybrid,alt,0,0.8,0.25,row,linear,us,Kenward-Roger,0.632,-0.156806372548939,0.0632559264027755,0.0674463173799582,0,250,0.00430297648113838,1.06624503371432,0.0305008852330551,dbc,none,Dbc,1,mmrm,us-KR-Dbc1
1,CS,Hybrid,alt,0,0.8,0.25,row,linear,us,Kenward-Roger,0.564,-0.16806682638806,0.079266550680279,0.0820718067240863,0,250,0.00430297648113838,1.03539016167264,0.0313626529490093,dbc,none,Dbc,2,mmrm,us-KR-Dbc2
1,CS,Hybrid,alt,0,0.8,0.25,row,visit,us,CR2,0.764,-0.144475120321207,0.0552878642457964,0.0489125874952169,0,250,0.00430297648113838,0.884689400874005,0.0268554649931816,dbc,none,Dbc,0.5,mmrm,us-CR2-Dbc0.5
1,CS,Hybrid,alt,0,0.8,0.25,row,visit,us,CR2,0.712,-0.155991677634001,0.0634755896335702,0.0556223302137025,0,250,0.00430297648113838,0.87627906309807,0.0286395530691385,dbc,none,Dbc,1,mmrm,us-CR2-Dbc1
1,CS,Hybrid,alt,0,0.8,0.25,row,visit,us,CR2,0.624,-0.170652443206609,0.0790982082088934,0.0677093805994816,0,250,0.00430297648113838,0.856016616971467,0.0306348820790941,dbc,none,Dbc,2,mmrm,us-CR2-Dbc2
1,CS,Hybrid,alt,0,0.8,0.25,row,visit,us,Kenward-Roger,0.708,-0.144475120321207,0.0552878642457964,0.057252884872761,0,250,0.00430297648113838,1.03554162660776,0.0287566340172142,dbc,none,Dbc,0.5,mmrm,us-KR-Dbc0.5
1,CS,Hybrid,alt,0,0.8,0.25,row,visit,us,Kenward-Roger,0.656,-0.155991677634001,0.0634755896335702,0.064894941305534,0,250,0.00430297648113838,1.02236059058541,0.0300442340558051,dbc,none,Dbc,1,mmrm,us-KR-Dbc1
1,CS,Hybrid,alt,0,0.8,0.25,row,visit,us,Kenward-Roger,0.592,-0.170652443206609,0.0790982082088934,0.078405922606732,0,250,0.00430297648113838,0.991247771373871,0.0310828570115426,dbc,none,Dbc,2,mmrm,us-KR-Dbc2
2,CS,Hybrid,alt,1,0.8,0.25,row,linear,car1,CR2,0.488,-0.115427564983824,0.0663149298655484,0.0605454429176138,0,250,0.0346291056706903,0.912998672250245,0.0316136679301849,dbc,none,Dbc,0.5,lme,RI+CAR1-CR2-Dbc0.5
2,CS,Hybrid,alt,1,0.8,0.25,row,linear,car1,CR2,0.44,-0.128452935614349,0.0747802253220672,0.0690156251473585,0,250,0.0346291056706903,0.922912773398563,0.0313942669925577,dbc,none,Dbc,1,lme,RI+CAR1-CR2-Dbc1
2,CS,Hybrid,alt,1,0.8,0.25,row,linear,car1,CR2,0.388,-0.141593206848711,0.08940689732694,0.083440112100187,0,250,0.0346291056706903,0.933262584821238,0.0308192147855847,dbc,none,Dbc,2,lme,RI+CAR1-CR2-Dbc2
2,CS,Hybrid,alt,1,0.8,0.25,row,linear,car1,CR2,0.464,-0.103284177999784,0.061298011350649,0.0553980103839221,0,250,0.0346291056706903,0.903748900874182,0.0315407038602502,dbc,none,Db,,lme,RI+CAR1-CR2
2,CS,Hybrid,alt,1,0.8,0.25,row,visit,car1,CR2,0.492,-0.116473027450797,0.0656420816681883,0.060333574531537,0,250,0.0346291056706903,0.919129512627509,0.0316187286271918,dbc,none,Dbc,0.5,lme,RI+CAR1-CR2-Dbc0.5
2,CS,Hybrid,alt,1,0.8,0.25,row,visit,car1,CR2,0.456,-0.129276197524799,0.074239533624426,0.0686868353831271,0,250,0.0346291056706903,0.92520564219342,0.0315000952379513,dbc,none,Dbc,1,lme,RI+CAR1-CR2-Dbc1
2,CS,Hybrid,alt,1,0.8,0.25,row,visit,car1,CR2,0.38,-0.14233366950847,0.0890434557280072,0.0830699346093916,0,250,0.0346291056706903,0.932914540773638,0.0306985341669598,dbc,none,Dbc,2,lme,RI+CAR1-CR2-Dbc2
2,CS,Hybrid,alt,1,0.8,0.25,row,visit,car1,CR2,0.484,-0.105578517443937,0.0606621033824134,0.0554048928476305,0,250,0.0346291056706903,0.913336164728059,0.0316065815930796,dbc,none,Db,,lme,RI+CAR1-CR2
2,CS,Hybrid,alt,1,0.8,0.25,row,linear,us,CR2,0.556,-0.11200988326819,0.0606849414404305,0.0496309339431561,0,250,0.0346291056706903,0.817845955934139,0.0314238126267326,dbc,none,Dbc,0.5,mmrm,us-CR2-Dbc0.5
2,CS,Hybrid,alt,1,0.8,0.25,row,linear,us,CR2,0.584,-0.129057559864827,0.0692886381183368,0.0560487803252568,0,250,0.0346291056706903,0.808917332586796,0.0311733219275713,dbc,none,Dbc,1,mmrm,us-CR2-Dbc1
2,CS,Hybrid,alt,1,0.8,0.25,row,linear,us,CR2,0.556,-0.15124885847082,0.0835001017317682,0.067703430660538,0,250,0.0346291056706903,0.810818541012385,0.0314238126267326,dbc,none,Dbc,2,mmrm,us-CR2-Dbc2
2,CS,Hybrid,alt,1,0.8,0.25,row,linear,us,Kenward-Roger,0.492,-0.11200988326819,0.0606849414404305,0.0577934653033791,0,250,0.0346291056706903,0.952352658362706,0.0316187286271918,dbc,none,Dbc,0.5,mmrm,us-KR-Dbc0.5
2,CS,Hybrid,alt,1,0.8,0.25,row,linear,us,Kenward-Roger,0.504,-0.129057559864827,0.0692886381183368,0.0659161214886719,0,250,0.0346291056706903,0.95132655625436,0.0316217646566412,dbc,none,Dbc,1,mmrm,us-KR-Dbc1
2,CS,Hybrid,alt,1,0.8,0.25,row,linear,us,Kenward-Roger,0.468,-0.15124885847082,0.0835001017317682,0.0803183120215462,0,250,0.0346291056706903,0.961894780434604,0.0315579467012669,dbc,none,Dbc,2,mmrm,us-KR-Dbc2
2,CS,Hybrid,alt,1,0.8,0.25,row,visit,us,CR2,0.56,-0.113213538767942,0.0609231080971771,0.049423064698441,0,250,0.0346291056706903,0.811236757973795,0.0313942669925577,dbc,none,Dbc,0.5,mmrm,us-CR2-Dbc0.5
2,CS,Hybrid,alt,1,0.8,0.25,row,visit,us,CR2,0.572,-0.128812077860773,0.0686262278256867,0.0555037531558799,0,250,0.0346291056706903,0.808783389593577,0.0312931941482489,dbc,none,Dbc,1,mmrm,us-CR2-Dbc1
2,CS,Hybrid,alt,1,0.8,0.25,row,visit,us,CR2,0.56,-0.149555741815844,0.081743809952984,0.0667656521408048,0,250,0.0346291056706903,0.816767069937233,0.0313942669925577,dbc,none,Dbc,2,mmrm,us-CR2-Dbc2
2,CS,Hybrid,alt,1,0.8,0.25,row,visit,us,Kenward-Roger,0.508,-0.113213538767942,0.0609231080971771,0.0566724600206907,0,250,0.0346291056706903,0.9302292970722,0.0316187286271918,dbc,none,Dbc,0.5,mmrm,us-KR-Dbc0.5
2,CS,Hybrid,alt,1,0.8,0.25,row,visit,us,Kenward-Roger,0.5,-0.128812077860773,0.0686262278256867,0.0637263408907815,0,250,0.0346291056706903,0.92860037495648,0.0316227766016838,dbc,none,Dbc,1,mmrm,us-KR-Dbc1
2,CS,Hybrid,alt,1,0.8,0.25,row,visit,us,Kenward-Roger,0.484,-0.149555741815844,0.081743809952984,0.0766480805724586,0,250,0.0346291056706903,0.937662198722371,0.0316065815930796,dbc,none,Dbc,2,mmrm,us-KR-Dbc2
3,CS,Hybrid,null,0,0.8,0,row,linear,car1,CR2,0.044,-0.00527505340535488,0.0635748464599946,0.062033190390354,0,500,0.0999999999999996,0.975750534126563,0.00917213170424411,dbc,none,Dbc,0.5,lme,RI+CAR1-CR2-Dbc0.5
3,CS,Hybrid,null,0,0.8,0,row,linear,car1,CR2,0.048,-0.00521814729196354,0.0732900995751273,0.0706446117817908,0,500,0.0999999999999996,0.963903885945405,0.00955991631762538,dbc,none,Dbc,1,lme,RI+CAR1-CR2-Dbc1
3,CS,Hybrid,null,0,0.8,0,row,linear,car1,CR2,0.052,-0.00514737706670515,0.0894436437007291,0.0853376540002748,0,500,0.0999999999999996,0.954094114119583,0.00992935043192655,dbc,none,Dbc,2,lme,RI+CAR1-CR2-Dbc2
3,CS,Hybrid,null,0,0.8,0,row,linear,car1,CR2,0.05,-0.00525097280547064,0.0576867087299815,0.0567785203934284,0,500,0.0999999999999996,0.984256540951155,0.00974679434480896,dbc,none,Db,,lme,RI+CAR1-CR2
3,CS,Hybrid,null,0,0.8,0,row,visit,car1,CR2,0.048,-0.00536014621556916,0.0631128274485242,0.0616789619426947,0,500,0.0999999999999996,0.977280917940194,0.00955991631762538,dbc,none,Dbc,0.5,lme,RI+CAR1-CR2-Dbc0.5
3,CS,Hybrid,null,0,0.8,0,row,visit,car1,CR2,0.048,-0.00508327788452218,0.0730350944918983,0.0703760509802933,0,500,0.0999999999999996,0.963592249313788,0.00955991631762538,dbc,none,Dbc,1,lme,RI+CAR1-CR2-Dbc1
3,CS,Hybrid,null,0,0.8,0,row,visit,car1,CR2,0.054,-0.00481411702814531,0.0894333745071103,0.085102462881536,0,500,0.0999999999999996,0.951573876649035,0.0101078187557949,dbc,none,Dbc,2,lme,RI+CAR1-CR2-Dbc2
3,CS,Hybrid,null,0,0.8,0,row,visit,car1,CR2,0.052,-0.00554583794975698,0.0572593231116298,0.0564622344120379,0,500,0.0999999999999996,0.986079320252566,0.00992935043192655,dbc,none,Db,,lme,RI+CAR1-CR2
3,CS,Hybrid,null,0,0.8,0,row,linear,us,CR2,0.076,-0.00532977217138581,0.0578766020189394,0.0516998387132318,0,500,0.0999999999999996,0.893277022315748,0.0118510759005248,dbc,none,Dbc,0.5,mmrm,us-CR2-Dbc0.5
3,CS,Hybrid,null,0,0.8,0,row,linear,us,CR2,0.064,-0.0049006720814489,0.066132758385989,0.0586049930268505,0,500,0.0999999999999996,0.886171913241512,0.0109456840809517,dbc,none,Dbc,1,mmrm,us-CR2-Dbc1
3,CS,Hybrid,null,0,0.8,0,row,linear,us,CR2,0.072,-0.0039431221729449,0.081351309291524,0.0706238378468535,0,500,0.0999999999999996,0.868134003765958,0.0115599307956406,dbc,none,Dbc,2,mmrm,us-CR2-Dbc2
3,CS,Hybrid,null,0,0.8,0,row,linear,us,Kenward-Roger,0.054,-0.00532977217138581,0.0578766020189394,0.0591524832284298,0,500,0.0999999999999996,1.02204485344653,0.0101078187557949,dbc,none,Dbc,0.5,mmrm,us-KR-Dbc0.5
3,CS,Hybrid,null,0,0.8,0,row,linear,us,Kenward-Roger,0.04,-0.0049006720814489,0.066132758385989,0.0679307411002602,0,500,0.0999999999999996,1.02718747498444,0.00876356092008266,dbc,none,Dbc,1,mmrm,us-KR-Dbc1
3,CS,Hybrid,null,0,0.8,0,row,linear,us,Kenward-Roger,0.042,-0.0039431221729449,0.081351309291524,0.0820248071495897,0,500,0.0999999999999996,1.00827888160536,0.00897061870775924,dbc,none,Dbc,2,mmrm,us-KR-Dbc2
3,CS,Hybrid,null,0,0.8,0,row,visit,us,CR2,0.074,-0.00511358872316844,0.0578347923586235,0.0513302464892015,0,500,0.0999999999999996,0.887532303581407,0.0117067501895274,dbc,none,Dbc,0.5,mmrm,us-CR2-Dbc0.5
3,CS,Hybrid,null,0,0.8,0,row,visit,us,CR2,0.072,-0.00446431095394197,0.0657482530612787,0.057949047017935,0,500,0.0999999999999996,0.881377744955829,0.0115599307956406,dbc,none,Dbc,1,mmrm,us-CR2-Dbc1
3,CS,Hybrid,null,0,0.8,0,row,visit,us,CR2,0.082,-0.00359919696220759,0.0803401101459285,0.0696908190781489,0,500,0.0999999999999996,0.867447392735255,0.0122699633251286,dbc,none,Dbc,2,mmrm,us-CR2-Dbc2
3,CS,Hybrid,null,0,0.8,0,row,visit,us,Kenward-Roger,0.06,-0.00511358872316844,0.0578347923586235,0.0578897399159263,0,500,0.0999999999999996,1.00095007788672,0.0106207344378814,dbc,none,Dbc,0.5,mmrm,us-KR-Dbc0.5
3,CS,Hybrid,null,0,0.8,0,row,visit,us,Kenward-Roger,0.056,-0.00446431095394197,0.0657482530612787,0.0653034817276555,0,500,0.0999999999999996,0.993235237243358,0.0102824121683582,dbc,none,Dbc,1,mmrm,us-KR-Dbc1
3,CS,Hybrid,null,0,0.8,0,row,visit,us,Kenward-Roger,0.046,-0.00359919696220759,0.0803401101459285,0.0784003005799253,0,500,0.0999999999999996,0.975855029791722,0.00936845771725528,dbc,none,Dbc,2,mmrm,us-KR-Dbc2
4,CS,Hybrid,null,1,0.8,0,row,linear,car1,CR2,0.062,-0.000248045639522874,0.0642382130300311,0.0620064961199773,0,500,0.0999999999999996,0.965258733006621,0.0107848041243223,dbc,none,Dbc,0.5,lme,RI+CAR1-CR2-Dbc0.5
4,CS,Hybrid,null,1,0.8,0,row,linear,car1,CR2,0.06,0.000314678842838858,0.0740643379948128,0.070521780547855,0,500,0.0999999999999996,0.952169187724246,0.0106207344378814,dbc,none,Dbc,1,lme,RI+CAR1-CR2-Dbc1
4,CS,Hybrid,null,1,0.8,0,row,linear,car1,CR2,0.056,0.00114599098272681,0.090353369204442,0.08484034500029,0,500,0.0999999999999996,0.938983745125455,0.0102824121683582,dbc,none,Dbc,2,lme,RI+CAR1-CR2-Dbc2
4,CS,Hybrid,null,1,0.8,0,row,linear,car1,CR2,0.052,-0.00063262959064237,0.058140636097052,0.056759057321278,0,500,0.0999999999999996,0.976237295142975,0.00992935043192655,dbc,none,Db,,lme,RI+CAR1-CR2
4,CS,Hybrid,null,1,0.8,0,row,visit,car1,CR2,0.058,-0.00020530997694138,0.0642022915648939,0.0618892104904333,0,500,0.0999999999999996,0.963971985764361,0.0104533248299285,dbc,none,Dbc,0.5,lme,RI+CAR1-CR2-Dbc0.5
4,CS,Hybrid,null,1,0.8,0,row,visit,car1,CR2,0.052,0.00023596076068928,0.0737633590559527,0.070314888023238,0,500,0.0999999999999996,0.953249539109263,0.00992935043192655,dbc,none,Dbc,1,lme,RI+CAR1-CR2-Dbc1
4,CS,Hybrid,null,1,0.8,0,row,visit,car1,CR2,0.056,0.000977998073718941,0.0899075382006903,0.0845663866457189,0,500,0.0999999999999996,0.940592839467488,0.0102824121683582,dbc,none,Dbc,2,lme,RI+CAR1-CR2-Dbc2
4,CS,Hybrid,null,1,0.8,0,row,visit,car1,CR2,0.058,-0.000472690924602729,0.0584591598090681,0.0568015610018555,0,500,0.0999999999999996,0.971645182506446,0.0104533248299285,dbc,none,Db,,lme,RI+CAR1-CR2
4,CS,Hybrid,null,1,0.8,0,row,linear,us,CR2,0.09,-0.00170109339591325,0.0595548077983474,0.0511949998411891,0,500,0.0999999999999996,0.859628327817552,0.0127984374046209,dbc,none,Dbc,0.5,mmrm,us-CR2-Dbc0.5
4,CS,Hybrid,null,1,0.8,0,row,linear,us,CR2,0.094,-0.00151156785349056,0.0680391327352878,0.0579453987962669,0,500,0.0999999999999996,0.851648109944443,0.0130509769749241,dbc,none,Dbc,1,mmrm,us-CR2-Dbc1
4,CS,Hybrid,null,1,0.8,0,row,linear,us,CR2,0.092,-0.0011903892185587,0.083621336435037,0.0697252296258143,0,500,0.0999999999999996,0.833821038963922,0.01292563344676,dbc,none,Dbc,2,mmrm,us-CR2-Dbc2
4,CS,Hybrid,null,1,0.8,0,row,linear,us,Kenward-Roger,0.054,-0.00170109339591325,0.0595548077983474,0.0587009128286351,0,500,0.0999999999999996,0.985662031307303,0.0101078187557949,dbc,none,Dbc,0.5,mmrm,us-KR-Dbc0.5
4,CS,Hybrid,null,1,0.8,0,row,linear,us,Kenward-Roger,0.058,-0.00151156785349056,0.0680391327352878,0.0669866443847724,0,500,0.0999999999999996,0.984531132185205,0.0104533248299285,dbc,none,Dbc,1,mmrm,us-KR-Dbc1
4,CS,Hybrid,null,1,0.8,0,row,linear,us,Kenward-Roger,0.058,-0.0011903892185587,0.083621336435037,0.0814421489465784,0,500,0.0999999999999996,0.973939815107457,0.0104533248299285,dbc,none,Dbc,2,mmrm,us-KR-Dbc2
4,CS,Hybrid,null,1,0.8,0,row,visit,us,CR2,0.096,-0.00204132001167065,0.0595720556956588,0.0510728820013023,0,500,0.0999999999999996,0.857329521449168,0.0131745208641529,dbc,none,Dbc,0.5,mmrm,us-CR2-Dbc0.5
4,CS,Hybrid,null,1,0.8,0,row,visit,us,CR2,0.102,-0.00193395412234847,0.0676198714957485,0.0574517285578801,0,500,0.0999999999999996,0.849627887291864,0.0135348439222623,dbc,none,Dbc,1,mmrm,us-CR2-Dbc1
4,CS,Hybrid,null,1,0.8,0,row,visit,us,CR2,0.09,-0.00168985020359813,0.0824886616967046,0.0688281161388991,0,500,0.0999999999999996,0.83439486983032,0.0127984374046209,dbc,none,Dbc,2,mmrm,us-CR2-Dbc2
4,CS,Hybrid,null,1,0.8,0,row,visit,us,Kenward-Roger,0.072,-0.00204132001167065,0.0595720556956588,0.0576947026446469,0,500,0.0999999999999996,0.968486011954952,0.0115599307956406,dbc,none,Dbc,0.5,mmrm,us-KR-Dbc0.5
4,CS,Hybrid,null,1,0.8,0,row,visit,us,Kenward-Roger,0.068,-0.00193395412234847,0.0676198714957485,0.0649869276716866,0,500,0.0999999999999996,0.961062572793747,0.0112584190719657,dbc,none,Dbc,1,mmrm,us-KR-Dbc1
4,CS,Hybrid,null,1,0.8,0,row,visit,us,Kenward-Roger,0.07,-0.00168985020359813,0.0824886616967046,0.0780614811073633,0,500,0.0999999999999996,0.946329828872492,0.0114105214604767,dbc,none,Dbc,2,mmrm,us-KR-Dbc2
5,CS,CO,alt,0,0.8,0.25,row,linear,car1,CR2,0.74,-0.129959384373298,0.048123972617173,0.0471853523013782,0,250,0.00430297648113788,0.980495784850066,0.0277416654150395,dbc,none,Dbc,0.5,lme,RI+CAR1-CR2-Dbc0.5
5,CS,CO,alt,0,0.8,0.25,row,linear,car1,CR2,0.724,-0.131565327082795,0.0494612784988662,0.0484095391710766,0,250,0.00430297648113788,0.978736107118345,0.0282718234289902,dbc,none,Dbc,1,lme,RI+CAR1-CR2-Dbc1
5,CS,CO,alt,0,0.8,0.25,row,linear,car1,CR2,0.704,-0.1340803309518,0.0525268446843565,0.0512316711153326,0,250,0.00430297648113788,0.975342635240955,0.0288710235357183,dbc,none,Dbc,2,lme,RI+CAR1-CR2-Dbc2
5,CS,CO,alt,0,0.8,0.25,row,linear,car1,CR2,0.736,-0.129530259132889,0.0478518946192678,0.0469424945026478,0,250,0.00430297648113788,0.980995525383986,0.0278785939387194,dbc,none,Db,,lme,RI+CAR1-CR2
5,CS,CO,alt,0,0.8,0.25,row,visit,car1,CR2,0.752,-0.129416357203744,0.0462407607926224,0.0452997477104062,0,250,0.00430297648113788,0.979649705885326,0.0273127076651144,dbc,none,Dbc,0.5,lme,RI+CAR1-CR2-Dbc0.5
5,CS,CO,alt,0,0.8,0.25,row,visit,car1,CR2,0.736,-0.130957585096204,0.0474250925384514,0.0463323268934846,0,250,0.00430297648113788,0.976958070370008,0.0278785939387194,dbc,none,Dbc,1,lme,RI+CAR1-CR2-Dbc1
5,CS,CO,alt,0,0.8,0.25,row,visit,car1,CR2,0.704,-0.133422981293405,0.0504155866072865,0.0490349795592069,0,250,0.00430297648113788,0.972615471900904,0.0288710235357183,dbc,none,Dbc,2,lme,RI+CAR1-CR2-Dbc2
5,CS,CO,alt,0,0.8,0.25,row,visit,car1,CR2,0.748,-0.129038768924925,0.0460162235288431,0.0451063683624096,0,250,0.00430297648113788,0.980227513327703,0.0274587690911301,dbc,none,Db,,lme,RI+CAR1-CR2
5,CS,CO,alt,0,0.8,0.25,row,linear,us,CR2,0.824,-0.1291097521255,0.0496208920161165,0.0411100610217332,0,250,0.00430297648113788,0.82848291014964,0.0240851821666352,dbc,none,Dbc,0.5,mmrm,us-CR2-Dbc0.5
5,CS,CO,alt,0,0.8,0.25,row,linear,us,CR2,0.816,-0.130964281046523,0.0508464550944929,0.0420440624973801,0,250,0.00430297648113788,0.826882865663802,0.0245066521581386,dbc,none,Dbc,1,mmrm,us-CR2-Dbc1
5,CS,CO,alt,0,0.8,0.25,row,linear,us,CR2,0.796,-0.134730586525504,0.0535005379794934,0.0442558632043577,0,250,0.00430297648113788,0.827204078234146,0.0254859961547513,dbc,none,Dbc,2,mmrm,us-CR2-Dbc2
5,CS,CO,alt,0,0.8,0.25,row,linear,us,Kenward-Roger,0.748,-0.1291097521255,0.0496208920161165,0.0468558390954848,0,250,0.00430297648113788,0.944276436632103,0.0274587690911301,dbc,none,Dbc,0.5,mmrm,us-KR-Dbc0.5
5,CS,CO,alt,0,0.8,0.25,row,linear,us,Kenward-Roger,0.744,-0.130964281046523,0.0508464550944929,0.0477844811746742,0,250,0.00430297648113788,0.939779992250623,0.0276017390756452,dbc,none,Dbc,1,mmrm,us-KR-Dbc1
5,CS,CO,alt,0,0.8,0.25,row,linear,us,Kenward-Roger,0.736,-0.134730586525504,0.0535005379794934,0.0501749394670936,0,250,0.00430297648113788,0.937839905204795,0.0278785939387194,dbc,none,Dbc,2,mmrm,us-KR-Dbc2
5,CS,CO,alt,0,0.8,0.25,row,visit,us,CR2,0.812,-0.129302742017647,0.0484363563485579,0.0402152516892456,0,250,0.00430297648113788,0.830269960850244,0.0247108073522497,dbc,none,Dbc,0.5,mmrm,us-CR2-Dbc0.5
5,CS,CO,alt,0,0.8,0.25,row,visit,us,CR2,0.82,-0.131300779413889,0.0495473375652641,0.0410161193181514,0,250,0.00430297648113788,0.827816817889047,0.0242981480775799,dbc,none,Dbc,1,mmrm,us-CR2-Dbc1
5,CS,CO,alt,0,0.8,0.25,row,visit,us,CR2,0.808,-0.135461630639473,0.0520371850802066,0.043034209915466,0,250,0.00430297648113788,0.826989581568181,0.0249107205837166,dbc,none,Dbc,2,mmrm,us-CR2-Dbc2
5,CS,CO,alt,0,0.8,0.25,row,visit,us,Kenward-Roger,0.76,-0.129302742017647,0.0484363563485579,0.0455422391908086,0,250,0.00430297648113788,0.940249073713914,0.0270111088258146,dbc,none,Dbc,0.5,mmrm,us-KR-Dbc0.5
5,CS,CO,alt,0,0.8,0.25,row,visit,us,Kenward-Roger,0.76,-0.131300779413889,0.0495473375652641,0.0463872930753786,0,250,0.00430297648113788,0.93622170947686,0.0270111088258146,dbc,none,Dbc,1,mmrm,us-KR-Dbc1
5,CS,CO,alt,0,0.8,0.25,row,visit,us,Kenward-Roger,0.748,-0.135461630639473,0.0520371850802066,0.0485580507226618,0,250,0.00430297648113788,0.933141380492002,0.0274587690911301,dbc,none,Dbc,2,mmrm,us-KR-Dbc2
6,CS,CO,alt,1,0.8,0.25,row,linear,car1,CR2,0.7,-0.128766918219408,0.0511345069793063,0.048580004448185,0,250,0.00430297648113986,0.950043470016146,0.0289827534923789,dbc,none,Dbc,0.5,lme,RI+CAR1-CR2-Dbc0.5
6,CS,CO,alt,1,0.8,0.25,row,linear,car1,CR2,0.688,-0.131415291631118,0.0525580724946684,0.0497688831291326,0,250,0.00430297648113986,0.946931285088153,0.0293022866001956,dbc,none,Dbc,1,lme,RI+CAR1-CR2-Dbc1
6,CS,CO,alt,1,0.8,0.25,row,linear,car1,CR2,0.664,-0.135436278199035,0.0559820154390442,0.0525412722321439,0,250,0.00430297648113986,0.938538418456071,0.0298733325894518,dbc,none,Dbc,2,lme,RI+CAR1-CR2-Dbc2
6,CS,CO,alt,1,0.8,0.25,row,linear,car1,CR2,0.704,-0.128158995887316,0.0508672530925866,0.0483504243171613,0,250,0.00430297648113986,0.950521629881522,0.0288710235357183,dbc,none,Db,,lme,RI+CAR1-CR2
6,CS,CO,alt,1,0.8,0.25,row,visit,car1,CR2,0.732,-0.128840249344619,0.0498115981230879,0.0468879879101016,0,250,0.00430297648113986,0.941306636945038,0.0280125686076804,dbc,none,Dbc,0.5,lme,RI+CAR1-CR2-Dbc0.5
6,CS,CO,alt,1,0.8,0.25,row,visit,car1,CR2,0.712,-0.131380672867735,0.050963714440213,0.0478225476582545,0,250,0.00430297648113986,0.938364642050502,0.0286395530691385,dbc,none,Dbc,1,lme,RI+CAR1-CR2-Dbc1
6,CS,CO,alt,1,0.8,0.25,row,visit,car1,CR2,0.7,-0.135354848778693,0.0540815894221328,0.0503352020357959,0,250,0.00430297648113986,0.930727121255728,0.0289827534923789,dbc,none,Dbc,2,lme,RI+CAR1-CR2-Dbc2
6,CS,CO,alt,1,0.8,0.25,row,visit,car1,CR2,0.732,-0.128253465956304,0.0496254171519466,0.046713534959187,0,250,0.00430297648113986,0.941322766439549,0.0280125686076804,dbc,none,Db,,lme,RI+CAR1-CR2
6,CS,CO,alt,1,0.8,0.25,row,linear,us,CR2,0.788,-0.130130886031394,0.0498419287827695,0.0421095750688916,0,250,0.00430297648113986,0.844862470158841,0.0258500290135234,dbc,none,Dbc,0.5,mmrm,us-CR2-Dbc0.5
6,CS,CO,alt,1,0.8,0.25,row,linear,us,CR2,0.788,-0.132853073710265,0.0511033953251581,0.0430071792933361,0,250,0.00430297648113986,0.841571856814839,0.0258500290135234,dbc,none,Dbc,1,mmrm,us-CR2-Dbc1
6,CS,CO,alt,1,0.8,0.25,row,linear,us,CR2,0.776,-0.137904063805619,0.0543003402885432,0.0451139011766798,0,250,0.00430297648113986,0.830821702717734,0.0263684660152994,dbc,none,Dbc,2,mmrm,us-CR2-Dbc2
6,CS,CO,alt,1,0.8,0.25,row,linear,us,Kenward-Roger,0.752,-0.130130886031394,0.0498419287827695,0.0475445684311121,0,250,0.00430297648113986,0.953907073667431,0.0273127076651144,dbc,none,Dbc,0.5,mmrm,us-KR-Dbc0.5
6,CS,CO,alt,1,0.8,0.25,row,linear,us,Kenward-Roger,0.752,-0.132853073710265,0.0511033953251581,0.0484839141342956,0,250,0.00430297648113986,0.948741543018906,0.0273127076651144,dbc,none,Dbc,1,mmrm,us-KR-Dbc1
6,CS,CO,alt,1,0.8,0.25,row,linear,us,Kenward-Roger,0.76,-0.137904063805619,0.0543003402885432,0.050914775751835,0,250,0.00430297648113986,0.937651135909686,0.0270111088258146,dbc,none,Dbc,2,mmrm,us-KR-Dbc2
6,CS,CO,alt,1,0.8,0.25,row,visit,us,CR2,0.78,-0.128986392139931,0.0490701927241787,0.0412955829681202,0,250,0.00430297648113986,0.841561458709583,0.0261992366301005,dbc,none,Dbc,0.5,mmrm,us-CR2-Dbc0.5
6,CS,CO,alt,1,0.8,0.25,row,visit,us,CR2,0.788,-0.13162432503026,0.0501188784947586,0.0420225979320574,0,250,0.00430297648113986,0.838458465036325,0.0258500290135234,dbc,none,Dbc,1,mmrm,us-CR2-Dbc1
6,CS,CO,alt,1,0.8,0.25,row,visit,us,CR2,0.788,-0.136755148191719,0.0530062795263642,0.0438609330737694,0,250,0.00430297648113986,0.827466735369607,0.0258500290135234,dbc,none,Dbc,2,mmrm,us-CR2-Dbc2
6,CS,CO,alt,1,0.8,0.25,row,visit,us,Kenward-Roger,0.764,-0.128986392139931,0.0490701927241787,0.0464493181962864,0,250,0.00430297648113986,0.946589275843604,0.0268554649931816,dbc,none,Dbc,0.5,mmrm,us-KR-Dbc0.5
6,CS,CO,alt,1,0.8,0.25,row,visit,us,Kenward-Roger,0.76,-0.13162432503026,0.0501188784947586,0.0472862607677259,0,250,0.00430297648113986,0.943482020904978,0.0270111088258146,dbc,none,Dbc,1,mmrm,us-KR-Dbc1
6,CS,CO,alt,1,0.8,0.25,row,visit,us,Kenward-Roger,0.768,-0.136755148191719,0.0530062795263642,0.0494769711918148,0,250,0.00430297648113986,0.93341716554934,0.0266965166267062,dbc,none,Dbc,2,mmrm,us-KR-Dbc2
7,CS,CO,null,0,0.8,0,row,linear,car1,CR2,0.064,0.00209181668480247,0.0537243339242479,0.0503165928673519,0,500,0.0999999999999996,0.93656987796813,0.0109456840809517,dbc,none,Dbc,0.5,lme,RI+CAR1-CR2-Dbc0.5
7,CS,CO,null,0,0.8,0,row,linear,car1,CR2,0.066,0.00237697192178166,0.0548574152662203,0.051513217437139,0,500,0.0999999999999996,0.939038363130089,0.0111035129576184,dbc,none,Dbc,1,lme,RI+CAR1-CR2-Dbc1
7,CS,CO,null,0,0.8,0,row,linear,car1,CR2,0.07,0.00280385532026272,0.0576987887305699,0.0542493655488469,0,500,0.0999999999999996,0.940216714118031,0.0114105214604767,dbc,none,Dbc,2,lme,RI+CAR1-CR2-Dbc2
7,CS,CO,null,0,0.8,0,row,linear,car1,CR2,0.064,0.00201999380697058,0.0535089474187311,0.0500742128845934,0,500,0.0999999999999996,0.935810089717158,0.0109456840809517,dbc,none,Db,,lme,RI+CAR1-CR2
7,CS,CO,null,0,0.8,0,row,visit,car1,CR2,0.064,0.00211372085033974,0.0510267240523813,0.0486239176208109,0,500,0.0999999999999996,0.952910823177599,0.0109456840809517,dbc,none,Dbc,0.5,lme,RI+CAR1-CR2-Dbc0.5
7,CS,CO,null,0,0.8,0,row,visit,car1,CR2,0.066,0.00238989248597631,0.0519669282760918,0.0496538286455839,0,500,0.0999999999999996,0.955489006042097,0.0111035129576184,dbc,none,Dbc,1,lme,RI+CAR1-CR2-Dbc1
7,CS,CO,null,0,0.8,0,row,visit,car1,CR2,0.066,0.00274836103099511,0.0546886460862872,0.0522939979955477,0,500,0.0999999999999996,0.956213066840945,0.0111035129576184,dbc,none,Dbc,2,lme,RI+CAR1-CR2-Dbc2
7,CS,CO,null,0,0.8,0,row,visit,car1,CR2,0.064,0.00205894347106924,0.050861045153079,0.0484223840082255,0,500,0.0999999999999996,0.952052476752812,0.0109456840809517,dbc,none,Db,,lme,RI+CAR1-CR2
7,CS,CO,null,0,0.8,0,row,linear,us,CR2,0.092,0.00271071461731468,0.0531795354477901,0.0444195750195571,0,500,0.0999999999999996,0.835275724872902,0.01292563344676,dbc,none,Dbc,0.5,mmrm,us-CR2-Dbc0.5
7,CS,CO,null,0,0.8,0,row,linear,us,CR2,0.092,0.0031680594112733,0.05445963533921,0.0453332771693253,0,500,0.0999999999999996,0.832419770844225,0.01292563344676,dbc,none,Dbc,1,mmrm,us-CR2-Dbc1
7,CS,CO,null,0,0.8,0,row,linear,us,CR2,0.096,0.00403558911268629,0.0572984999633603,0.0474895722145515,0,500,0.0999999999999996,0.828810042931644,0.0131745208641529,dbc,none,Dbc,2,mmrm,us-CR2-Dbc2
7,CS,CO,null,0,0.8,0,row,linear,us,Kenward-Roger,0.06,0.00271071461731468,0.0531795354477901,0.0500682245678207,0,500,0.0999999999999996,0.941494207240227,0.0106207344378814,dbc,none,Dbc,0.5,mmrm,us-KR-Dbc0.5
7,CS,CO,null,0,0.8,0,row,linear,us,Kenward-Roger,0.056,0.0031680594112733,0.05445963533921,0.0510447788214885,0,500,0.0999999999999996,0.937295641139505,0.0102824121683582,dbc,none,Dbc,1,mmrm,us-KR-Dbc1
7,CS,CO,null,0,0.8,0,row,linear,us,Kenward-Roger,0.06,0.00403558911268629,0.0572984999633603,0.0535322299295359,0,500,0.0999999999999996,0.934269308337343,0.0106207344378814,dbc,none,Dbc,2,mmrm,us-KR-Dbc2
7,CS,CO,null,0,0.8,0,row,visit,us,CR2,0.1,0.0025060981707073,0.0515319972896792,0.0433811920943711,0,500,0.0999999999999996,0.841830209889021,0.0134164078649987,dbc,none,Dbc,0.5,mmrm,us-CR2-Dbc0.5
7,CS,CO,null,0,0.8,0,row,visit,us,CR2,0.094,0.00287608445336139,0.0526119403262057,0.0441390045344453,0,500,0.0999999999999996,0.838954128298134,0.0130509769749241,dbc,none,Dbc,1,mmrm,us-CR2-Dbc1
7,CS,CO,null,0,0.8,0,row,visit,us,CR2,0.098,0.00361713470367782,0.0552311168233506,0.0460677009624125,0,500,0.0999999999999996,0.834089614913163,0.0132963152790538,dbc,none,Dbc,2,mmrm,us-CR2-Dbc2
7,CS,CO,null,0,0.8,0,row,visit,us,Kenward-Roger,0.06,0.0025060981707073,0.0515319972896792,0.0486783427378512,0,500,0.0999999999999996,0.944623637702481,0.0106207344378814,dbc,none,Dbc,0.5,mmrm,us-KR-Dbc0.5
7,CS,CO,null,0,0.8,0,row,visit,us,Kenward-Roger,0.062,0.00287608445336139,0.0526119403262057,0.0495531324343154,0,500,0.0999999999999996,0.941860956411701,0.0107848041243223,dbc,none,Dbc,1,mmrm,us-KR-Dbc1
7,CS,CO,null,0,0.8,0,row,visit,us,Kenward-Roger,0.06,0.00361713470367782,0.0552311168233506,0.0517831251089404,0,500,0.0999999999999996,0.937571573549053,0.0106207344378814,dbc,none,Dbc,2,mmrm,us-KR-Dbc2
8,CS,CO,null,1,0.8,0,row,linear,car1,CR2,0.056,-0.00253500753115836,0.0499463283775746,0.0495860142189014,0,500,0.0999999999999996,0.992785973055931,0.0102824121683582,dbc,none,Dbc,0.5,lme,RI+CAR1-CR2-Dbc0.5
8,CS,CO,null,1,0.8,0,row,linear,car1,CR2,0.052,-0.00274781051257894,0.0514057134878187,0.0508071699420938,0,500,0.0999999999999996,0.988356478198347,0.00992935043192655,dbc,none,Dbc,1,lme,RI+CAR1-CR2-Dbc1
8,CS,CO,null,1,0.8,0,row,linear,car1,CR2,0.046,-0.00292705542077002,0.0546060627659625,0.053581413268642,0,500,0.0999999999999996,0.981235609281847,0.00936845771725528,dbc,none,Dbc,2,lme,RI+CAR1-CR2-Dbc2
8,CS,CO,null,1,0.8,0,row,linear,car1,CR2,0.05,-0.0024775108582474,0.0496479254855444,0.0493396358760199,0,500,0.0999999999999996,0.993790483559796,0.00974679434480896,dbc,none,Db,,lme,RI+CAR1-CR2
8,CS,CO,null,1,0.8,0,row,visit,car1,CR2,0.046,-0.00149814314080011,0.0476863398086467,0.0479605448615006,0,500,0.0999999999999996,1.00575018032322,0.00936845771725528,dbc,none,Dbc,0.5,lme,RI+CAR1-CR2-Dbc0.5
8,CS,CO,null,1,0.8,0,row,visit,car1,CR2,0.048,-0.00163234106354601,0.0488703420778551,0.048915352397769,0,500,0.0999999999999996,1.00092101503694,0.00955991631762538,dbc,none,Dbc,1,lme,RI+CAR1-CR2-Dbc1
8,CS,CO,null,1,0.8,0,row,visit,car1,CR2,0.042,-0.00172532038225278,0.0516881060508264,0.051385877742221,0,500,0.0999999999999996,0.994152846143981,0.00897061870775924,dbc,none,Dbc,2,lme,RI+CAR1-CR2-Dbc2
8,CS,CO,null,1,0.8,0,row,visit,car1,CR2,0.044,-0.00146541742233675,0.0474639184869741,0.047776390126074,0,500,0.0999999999999996,1.00658335108143,0.00917213170424411,dbc,none,Db,,lme,RI+CAR1-CR2
8,CS,CO,null,1,0.8,0,row,linear,us,CR2,0.08,-0.0017285329519599,0.050269649686488,0.043929024374755,0,500,0.0999999999999996,0.87386772433711,0.0121326007104825,dbc,none,Dbc,0.5,mmrm,us-CR2-Dbc0.5
8,CS,CO,null,1,0.8,0,row,linear,us,CR2,0.086,-0.00190685979103814,0.0517940450981004,0.0448919587948767,0,500,0.0999999999999996,0.866739771142594,0.0125382614424808,dbc,none,Dbc,1,mmrm,us-CR2-Dbc1
8,CS,CO,null,1,0.8,0,row,linear,us,CR2,0.078,-0.00212031247621014,0.0550580891684438,0.0470873873914751,0,500,0.0999999999999996,0.855231049654062,0.0119929979571415,dbc,none,Dbc,2,mmrm,us-CR2-Dbc2
8,CS,CO,null,1,0.8,0,row,linear,us,Kenward-Roger,0.052,-0.0017285329519599,0.050269649686488,0.0501527098648574,0,500,0.0999999999999996,0.997673749024315,0.00992935043192655,dbc,none,Dbc,0.5,mmrm,us-KR-Dbc0.5
8,CS,CO,null,1,0.8,0,row,linear,us,Kenward-Roger,0.054,-0.00190685979103814,0.0517940450981004,0.0511603014189125,0,500,0.0999999999999996,0.987764159412775,0.0101078187557949,dbc,none,Dbc,1,mmrm,us-KR-Dbc1
8,CS,CO,null,1,0.8,0,row,linear,us,Kenward-Roger,0.056,-0.00212031247621014,0.0550580891684438,0.0536745109561241,0,500,0.0999999999999996,0.974870573366852,0.0102824121683582,dbc,none,Dbc,2,mmrm,us-KR-Dbc2
8,CS,CO,null,1,0.8,0,row,visit,us,CR2,0.082,-0.000716177645121633,0.0484540095643866,0.0429094462115538,0,500,0.0999999999999996,0.885570597713589,0.0122699633251286,dbc,none,Dbc,0.5,mmrm,us-CR2-Dbc0.5
8,CS,CO,null,1,0.8,0,row,visit,us,CR2,0.082,-0.000811210752037368,0.0497001364817653,0.0436708378083356,0,500,0.0999999999999996,0.878686476532278,0.0122699633251286,dbc,none,Dbc,1,mmrm,us-CR2-Dbc1
8,CS,CO,null,1,0.8,0,row,visit,us,CR2,0.086,-0.000851029437022778,0.0525399877882908,0.0455494775126793,0,500,0.0999999999999996,0.866948764743157,0.0125382614424808,dbc,none,Dbc,2,mmrm,us-CR2-Dbc2
8,CS,CO,null,1,0.8,0,row,visit,us,Kenward-Roger,0.048,-0.000716177645121633,0.0484540095643866,0.0489656053549231,0,500,0.0999999999999996,1.01055837886557,0.00955991631762538,dbc,none,Dbc,0.5,mmrm,us-KR-Dbc0.5
8,CS,CO,null,1,0.8,0,row,visit,us,Kenward-Roger,0.056,-0.000811210752037368,0.0497001364817653,0.049859129910798,0,500,0.0999999999999996,1.00319905417345,0.0102824121683582,dbc,none,Dbc,1,mmrm,us-KR-Dbc1
8,CS,CO,null,1,0.8,0,row,visit,us,Kenward-Roger,0.052,-0.000851029437022778,0.0525399877882908,0.0521122348727997,0,500,0.0999999999999996,0.991858526552865,0.00992935043192655,dbc,none,Dbc,2,mmrm,us-KR-Dbc2
9,C07,Hybrid,alt,0,0.7,0.45,row,linear,car1,CR2,0.876,-0.258718146007142,0.0806345941973125,0.0735852605841069,0,250,0.0419697506224579,0.912576807964632,0.0208445676376364,dbc,none,Dbc,0.5,lme,RI+CAR1-CR2-Dbc0.5
9,C07,Hybrid,alt,0,0.7,0.45,row,linear,car1,CR2,0.868,-0.273873667936326,0.0897594616972462,0.0820434981640804,0,250,0.0419697506224579,0.914037323895822,0.0214080358744094,dbc,none,Dbc,1,lme,RI+CAR1-CR2-Dbc1
9,C07,Hybrid,alt,0,0.7,0.45,row,linear,car1,CR2,0.836,-0.287749652312906,0.0978264497538665,0.0903730079521372,0,250,0.0419697506224579,0.923809544141873,0.0234182834554542,dbc,none,Dbc,2,lme,RI+CAR1-CR2-Dbc2
9,C07,Hybrid,alt,0,0.7,0.45,row,linear,car1,CR2,0.916,-0.237309469485243,0.071566547564107,0.0658923273379175,0,250,0.0419697506224579,0.920714070759014,0.0175435458217545,dbc,none,Db,,lme,RI+CAR1-CR2
9,C07,Hybrid,alt,0,0.7,0.45,row,visit,car1,CR2,0.88,-0.258005087371123,0.0811223983138952,0.0740627138208475,0,250,0.0419697506224579,0.912974904098237,0.0205523721258642,dbc,none,Dbc,0.5,lme,RI+CAR1-CR2-Dbc0.5
9,C07,Hybrid,alt,0,0.7,0.45,row,visit,car1,CR2,0.868,-0.272986971353065,0.0902218108144556,0.0824795332838157,0,250,0.0419697506224579,0.914186187788203,0.0214080358744094,dbc,none,Dbc,1,lme,RI+CAR1-CR2-Dbc1
9,C07,Hybrid,alt,0,0.7,0.45,row,visit,car1,CR2,0.832,-0.286853484602354,0.0981633955304062,0.0906942629731713,0,250,0.0419697506224579,0.923911224577381,0.0236453800984463,dbc,none,Dbc,2,lme,RI+CAR1-CR2-Dbc2
9,C07,Hybrid,alt,0,0.7,0.45,row,visit,car1,CR2,0.9,-0.237178266016731,0.0719984646278434,0.0663832819972923,0,250,0.0419697506224579,0.92200968924024,0.0189736659610103,dbc,none,Db,,lme,RI+CAR1-CR2
9,C07,Hybrid,alt,0,0.7,0.45,row,linear,us,CR2,0.94,-0.249270545003733,0.0729325644732829,0.0606055872348596,0,250,0.0419697506224579,0.830981162839282,0.0150199866844149,dbc,none,Dbc,0.5,mmrm,us-CR2-Dbc0.5
9,C07,Hybrid,alt,0,0.7,0.45,row,linear,us,CR2,0.912,-0.250949923152643,0.0769974581391725,0.065196333415831,0,250,0.0419697506224579,0.846733580451305,0.0179171426293369,dbc,none,Dbc,1,mmrm,us-CR2-Dbc1
9,C07,Hybrid,alt,0,0.7,0.45,row,linear,us,CR2,0.876,-0.238532009678511,0.0795597183955239,0.0685857895014662,0,250,0.0419697506224579,0.862066770529506,0.0208445676376364,dbc,none,Dbc,2,mmrm,us-CR2-Dbc2
9,C07,Hybrid,alt,0,0.7,0.45,row,linear,us,Kenward-Roger,0.928,-0.249270545003733,0.0729325644732829,0.0727960280458782,0,250,0.0419697506224579,0.998127908590754,0.0163482109112893,dbc,none,Dbc,0.5,mmrm,us-KR-Dbc0.5
9,C07,Hybrid,alt,0,0.7,0.45,row,linear,us,Kenward-Roger,0.892,-0.250949923152643,0.0769974581391725,0.0779964922825775,0,250,0.0419697506224579,1.01297489771155,0.0196301808448114,dbc,none,Dbc,1,mmrm,us-KR-Dbc1
9,C07,Hybrid,alt,0,0.7,0.45,row,linear,us,Kenward-Roger,0.84,-0.238532009678511,0.0795597183955239,0.0809715037275488,0,250,0.0419697506224579,1.01774497648429,0.0231862027939031,dbc,none,Dbc,2,mmrm,us-KR-Dbc2
9,C07,Hybrid,alt,0,0.7,0.45,row,visit,us,CR2,0.94,-0.248417457598229,0.0728234712093633,0.0608049837365855,0,250,0.0419697506224579,0.834964095048075,0.0150199866844149,dbc,none,Dbc,0.5,mmrm,us-CR2-Dbc0.5
9,C07,Hybrid,alt,0,0.7,0.45,row,visit,us,CR2,0.912,-0.250125987049901,0.0771851908843722,0.0653018934028704,0,250,0.0419697506224579,0.84604174265367,0.0179171426293369,dbc,none,Dbc,1,mmrm,us-CR2-Dbc1
9,C07,Hybrid,alt,0,0.7,0.45,row,visit,us,CR2,0.872,-0.238930587530365,0.0798626290523235,0.0686379879020652,0,250,0.0419697506224579,0.859450643142435,0.0211296947446006,dbc,none,Dbc,2,mmrm,us-CR2-Dbc2
9,C07,Hybrid,alt,0,0.7,0.45,row,visit,us,Kenward-Roger,0.92,-0.248417457598229,0.0728234712093633,0.0727261989557026,0,250,0.0419697506224579,0.998664273316758,0.0171580884716218,dbc,none,Dbc,0.5,mmrm,us-KR-Dbc0.5
9,C07,Hybrid,alt,0,0.7,0.45,row,visit,us,Kenward-Roger,0.896,-0.250125987049901,0.0771851908843722,0.0776094237236633,0,250,0.0419697506224579,1.00549629837577,0.0193063720051179,dbc,none,Dbc,1,mmrm,us-KR-Dbc1
9,C07,Hybrid,alt,0,0.7,0.45,row,visit,us,Kenward-Roger,0.848,-0.238930587530365,0.0798626290523235,0.0805293302761702,0,250,0.0419697506224579,1.00834810012841,0.0227064748474967,dbc,none,Dbc,2,mmrm,us-KR-Dbc2
10,C07,Hybrid,alt,1,0.7,0.45,row,linear,car1,CR2,0.724,-0.208109690917028,0.0773641927240857,0.0765250635457567,0,250,0.134639915857822,0.989153519880681,0.0282718234289902,dbc,none,Dbc,0.5,lme,RI+CAR1-CR2-Dbc0.5
10,C07,Hybrid,alt,1,0.7,0.45,row,linear,car1,CR2,0.744,-0.237271338736564,0.0845519439445644,0.0849247439252562,0,250,0.134639915857822,1.00440912370905,0.0276017390756452,dbc,none,Dbc,1,lme,RI+CAR1-CR2-Dbc1
10,C07,Hybrid,alt,1,0.7,0.45,row,linear,car1,CR2,0.776,-0.266407482159703,0.0910964907398613,0.0935095748736737,0,250,0.134639915857822,1.0264893204361,0.0263684660152994,dbc,none,Dbc,2,lme,RI+CAR1-CR2-Dbc2
10,C07,Hybrid,alt,1,0.7,0.45,row,linear,car1,CR2,0.704,-0.177551499347906,0.0706828172922263,0.0690293992627571,0,250,0.134639915857822,0.976607921234471,0.0288710235357183,dbc,none,Db,,lme,RI+CAR1-CR2
10,C07,Hybrid,alt,1,0.7,0.45,row,visit,car1,CR2,0.708,-0.207924943225035,0.0780655771941267,0.0768071512995505,0,250,0.134639915857822,0.983879887399706,0.0287566340172142,dbc,none,Dbc,0.5,lme,RI+CAR1-CR2-Dbc0.5
10,C07,Hybrid,alt,1,0.7,0.45,row,visit,car1,CR2,0.736,-0.236729298413294,0.0849240860822942,0.0851175753396735,0,250,0.134639915857822,1.00227837903598,0.0278785939387194,dbc,none,Dbc,1,lme,RI+CAR1-CR2-Dbc1
10,C07,Hybrid,alt,1,0.7,0.45,row,visit,car1,CR2,0.76,-0.265628106079485,0.0909515470912496,0.0935283174139909,0,250,0.134639915857822,1.02833124234991,0.0270111088258146,dbc,none,Dbc,2,lme,RI+CAR1-CR2-Dbc2
10,C07,Hybrid,alt,1,0.7,0.45,row,visit,car1,CR2,0.692,-0.177998882833245,0.0715890171625618,0.0693543224676978,0,250,0.134639915857822,0.968784392027766,0.0291983561181105,dbc,none,Db,,lme,RI+CAR1-CR2
10,C07,Hybrid,alt,1,0.7,0.45,row,linear,us,CR2,0.896,-0.223361411387393,0.0717877176262218,0.0622122393664543,0,250,0.134639915857822,0.866613975532356,0.0193063720051179,dbc,none,Dbc,0.5,mmrm,us-CR2-Dbc0.5
10,C07,Hybrid,alt,1,0.7,0.45,row,linear,us,CR2,0.904,-0.24257389150822,0.0750592108290933,0.0664443046768315,0,250,0.134639915857822,0.885225196786608,0.0186315860838523,dbc,none,Dbc,1,mmrm,us-CR2-Dbc1
10,C07,Hybrid,alt,1,0.7,0.45,row,linear,us,CR2,0.9,-0.24610272118854,0.0772869486015483,0.0695986223585708,0,250,0.134639915857822,0.90052232127038,0.0189736659610103,dbc,none,Dbc,2,mmrm,us-CR2-Dbc2
10,C07,Hybrid,alt,1,0.7,0.45,row,linear,us,Kenward-Roger,0.852,-0.223361411387393,0.0717877176262218,0.0731953456595523,0,250,0.134639915857822,1.0196082015124,0.0224584950519842,dbc,none,Dbc,0.5,mmrm,us-KR-Dbc0.5
10,C07,Hybrid,alt,1,0.7,0.45,row,linear,us,Kenward-Roger,0.884,-0.24257389150822,0.0750592108290933,0.0778546658913092,0,250,0.134639915857822,1.03724333138249,0.0202528022752408,dbc,none,Dbc,1,mmrm,us-KR-Dbc1
10,C07,Hybrid,alt,1,0.7,0.45,row,linear,us,Kenward-Roger,0.876,-0.24610272118854,0.0772869486015483,0.0805496823515786,0,250,0.134639915857822,1.04221584380115,0.0208445676376364,dbc,none,Dbc,2,mmrm,us-KR-Dbc2
10,C07,Hybrid,alt,1,0.7,0.45,row,visit,us,CR2,0.9,-0.223402086070309,0.0718925983911093,0.062076590665573,0,250,0.134639915857822,0.863462888458484,0.0189736659610103,dbc,none,Dbc,0.5,mmrm,us-CR2-Dbc0.5
10,C07,Hybrid,alt,1,0.7,0.45,row,visit,us,CR2,0.904,-0.242182699641156,0.075142258407178,0.0663444383679735,0,250,0.134639915857822,0.882917811818601,0.0186315860838523,dbc,none,Dbc,1,mmrm,us-CR2-Dbc1
10,C07,Hybrid,alt,1,0.7,0.45,row,visit,us,CR2,0.896,-0.246213880801102,0.0776015331153822,0.0695507606422859,0,250,0.134639915857822,0.896254981700864,0.0193063720051179,dbc,none,Dbc,2,mmrm,us-CR2-Dbc2
10,C07,Hybrid,alt,1,0.7,0.45,row,visit,us,Kenward-Roger,0.856,-0.223402086070309,0.0718925983911093,0.072814153151972,0,250,0.134639915857822,1.01281849288364,0.0222048643319431,dbc,none,Dbc,0.5,mmrm,us-KR-Dbc0.5
10,C07,Hybrid,alt,1,0.7,0.45,row,visit,us,Kenward-Roger,0.888,-0.242182699641156,0.075142258407178,0.0773653809943354,0,250,0.134639915857822,1.02958551731452,0.0199455258140767,dbc,none,Dbc,1,mmrm,us-KR-Dbc1
10,C07,Hybrid,alt,1,0.7,0.45,row,visit,us,Kenward-Roger,0.884,-0.246213880801102,0.0776015331153822,0.0801088625790906,0,250,0.134639915857822,1.03231030835409,0.0202528022752408,dbc,none,Dbc,2,mmrm,us-KR-Dbc2
11,C07,Hybrid,null,0,0.7,0,row,linear,car1,CR2,0.04,0.00381486979140104,0.0794725583296315,0.0809042900129488,0,500,0.154294260548186,1.0180154220955,0.00876356092008266,dbc,none,Dbc,0.5,lme,RI+CAR1-CR2-Dbc0.5
11,C07,Hybrid,null,0,0.7,0,row,linear,car1,CR2,0.04,0.00384959835066174,0.0876948498574904,0.0896469642667562,0,500,0.154294260548186,1.02226030847237,0.00876356092008266,dbc,none,Dbc,1,lme,RI+CAR1-CR2-Dbc1
11,C07,Hybrid,null,0,0.7,0,row,linear,car1,CR2,0.04,0.00459176995513732,0.0961906608810849,0.0983344774930652,0,500,0.154294260548186,1.02228715960929,0.00876356092008266,dbc,none,Dbc,2,lme,RI+CAR1-CR2-Dbc2
11,C07,Hybrid,null,0,0.7,0,row,linear,car1,CR2,0.04,0.00407854502990081,0.0715424823685118,0.0727095197921785,0,500,0.154294260548186,1.01631250950527,0.00876356092008266,dbc,none,Db,,lme,RI+CAR1-CR2
11,C07,Hybrid,null,0,0.7,0,row,visit,car1,CR2,0.04,0.00390225953664565,0.0798926477161921,0.0811134894498605,0,500,0.154294260548186,1.01528102733565,0.00876356092008266,dbc,none,Dbc,0.5,lme,RI+CAR1-CR2-Dbc0.5
11,C07,Hybrid,null,0,0.7,0,row,visit,car1,CR2,0.042,0.00404903393325855,0.0880651066095498,0.0898332879618862,0,500,0.154294260548186,1.02007811516286,0.00897061870775924,dbc,none,Dbc,1,lme,RI+CAR1-CR2-Dbc1
11,C07,Hybrid,null,0,0.7,0,row,visit,car1,CR2,0.042,0.00498622270142216,0.0966078244260211,0.0984087344123045,0,500,0.154294260548186,1.01864145059661,0.00897061870775924,dbc,none,Dbc,2,lme,RI+CAR1-CR2-Dbc2
11,C07,Hybrid,null,0,0.7,0,row,visit,car1,CR2,0.046,0.00412150827629828,0.0720856457111804,0.0729316437686361,0,500,0.154294260548186,1.01173601275412,0.00936845771725528,dbc,none,Db,,lme,RI+CAR1-CR2
11,C07,Hybrid,null,0,0.7,0,row,linear,us,CR2,0.082,0.00399734658935602,0.077883067846787,0.067747767928098,0,500,0.154294260548186,0.869865168400565,0.0122699633251286,dbc,none,Dbc,0.5,mmrm,us-CR2-Dbc0.5
11,C07,Hybrid,null,0,0.7,0,row,linear,us,CR2,0.084,0.00378224237501504,0.0827763391183481,0.0723674969111822,0,500,0.154294260548186,0.874253412049499,0.0124051602166195,dbc,none,Dbc,1,mmrm,us-CR2-Dbc1
11,C07,Hybrid,null,0,0.7,0,row,linear,us,CR2,0.082,0.00402367856764221,0.0856863028755857,0.0753260686283202,0,500,0.154294260548186,0.879091127758094,0.0122699633251286,dbc,none,Dbc,2,mmrm,us-CR2-Dbc2
11,C07,Hybrid,null,0,0.7,0,row,linear,us,Kenward-Roger,0.062,0.00399734658935602,0.077883067846787,0.0768108012438373,0,500,0.154294260548186,0.986232352774558,0.0107848041243223,dbc,none,Dbc,0.5,mmrm,us-KR-Dbc0.5
11,C07,Hybrid,null,0,0.7,0,row,linear,us,Kenward-Roger,0.058,0.00378224237501504,0.0827763391183481,0.0820325545805701,0,500,0.154294260548186,0.991014527270715,0.0104533248299285,dbc,none,Dbc,1,mmrm,us-KR-Dbc1
11,C07,Hybrid,null,0,0.7,0,row,linear,us,Kenward-Roger,0.066,0.00402367856764221,0.0856863028755857,0.0848238628164064,0,500,0.154294260548186,0.989934913396467,0.0111035129576184,dbc,none,Dbc,2,mmrm,us-KR-Dbc2
11,C07,Hybrid,null,0,0.7,0,row,visit,us,CR2,0.082,0.00391098183138363,0.0781262537191915,0.0677513727406919,0,500,0.154294260548186,0.867203654538589,0.0122699633251286,dbc,none,Dbc,0.5,mmrm,us-CR2-Dbc0.5
11,C07,Hybrid,null,0,0.7,0,row,visit,us,CR2,0.084,0.00393234743736506,0.082919496121388,0.0723164007424047,0,500,0.154294260548186,0.872127836335846,0.0124051602166195,dbc,none,Dbc,1,mmrm,us-CR2-Dbc1
11,C07,Hybrid,null,0,0.7,0,row,visit,us,CR2,0.082,0.00431603736463172,0.0857557501701512,0.0752438138091684,0,500,0.154294260548186,0.877420040753819,0.0122699633251286,dbc,none,Dbc,2,mmrm,us-CR2-Dbc2
11,C07,Hybrid,null,0,0.7,0,row,visit,us,Kenward-Roger,0.06,0.00391098183138363,0.0781262537191915,0.0766933819268117,0,500,0.154294260548186,0.981659535378082,0.0106207344378814,dbc,none,Dbc,0.5,mmrm,us-KR-Dbc0.5
11,C07,Hybrid,null,0,0.7,0,row,visit,us,Kenward-Roger,0.062,0.00393234743736506,0.082919496121388,0.0815994391540947,0,500,0.154294260548186,0.984080258213811,0.0107848041243223,dbc,none,Dbc,1,mmrm,us-KR-Dbc1
11,C07,Hybrid,null,0,0.7,0,row,visit,us,Kenward-Roger,0.07,0.00431603736463172,0.0857557501701512,0.0843535132952328,0,500,0.154294260548186,0.983648479872939,0.0114105214604767,dbc,none,Dbc,2,mmrm,us-KR-Dbc2
12,C07,Hybrid,null,1,0.7,0,row,linear,car1,CR2,0.052,0.000780879543142855,0.0818274877832928,0.0809251494681459,0,500,0.154294260548186,0.988972674835911,0.00992935043192655,dbc,none,Dbc,0.5,lme,RI+CAR1-CR2-Dbc0.5
12,C07,Hybrid,null,1,0.7,0,row,linear,car1,CR2,0.046,0.00131173376469261,0.0908012232325309,0.090266479784814,0,500,0.154294260548186,0.994110834318305,0.00936845771725528,dbc,none,Dbc,1,lme,RI+CAR1-CR2-Dbc1
12,C07,Hybrid,null,1,0.7,0,row,linear,car1,CR2,0.056,0.00150938802072105,0.100370226600255,0.0995993891035881,0,500,0.154294260548186,0.992320058220681,0.0102824121683582,dbc,none,Dbc,2,lme,RI+CAR1-CR2-Dbc2
12,C07,Hybrid,null,1,0.7,0,row,linear,car1,CR2,0.056,0.000308837424737703,0.0736725395793107,0.0721903979488183,0,500,0.154294260548186,0.979882034215791,0.0102824121683582,dbc,none,Db,,lme,RI+CAR1-CR2
12,C07,Hybrid,null,1,0.7,0,row,visit,car1,CR2,0.05,0.000924022428056988,0.0818708765342151,0.0815230000469333,0,500,0.154294260548186,0.99575091287637,0.00974679434480896,dbc,none,Dbc,0.5,lme,RI+CAR1-CR2-Dbc0.5
12,C07,Hybrid,null,1,0.7,0,row,visit,car1,CR2,0.044,0.00160664330188709,0.0905485980519582,0.0906737812455757,0,500,0.154294260548186,1.00138249731427,0.00917213170424411,dbc,none,Dbc,1,lme,RI+CAR1-CR2-Dbc1
12,C07,Hybrid,null,1,0.7,0,row,visit,car1,CR2,0.05,0.00197466446284522,0.0997997878474647,0.0997119269788676,0,500,0.154294260548186,0.999119628703706,0.00974679434480896,dbc,none,Dbc,2,lme,RI+CAR1-CR2-Dbc2
12,C07,Hybrid,null,1,0.7,0,row,visit,car1,CR2,0.0541082164328657,0.00025863828847752,0.0739562722392398,0.0729031416467135,1,500,0.154294260548186,0.98576009092076,0.0101274955950964,dbc,none,Db,,lme,RI+CAR1-CR2
12,C07,Hybrid,null,1,0.7,0,row,linear,us,CR2,0.098,0.00238205964351147,0.0812082487017621,0.0671366919702842,0,500,0.154294260548186,0.826722568748455,0.0132963152790538,dbc,none,Dbc,0.5,mmrm,us-CR2-Dbc0.5
12,C07,Hybrid,null,1,0.7,0,row,linear,us,CR2,0.104,0.00262917274934817,0.0872219380452025,0.0719348826129989,0,500,0.154294260548186,0.824733825287382,0.013651666564929,dbc,none,Dbc,1,mmrm,us-CR2-Dbc1
12,C07,Hybrid,null,1,0.7,0,row,linear,us,CR2,0.098,0.00241336704357084,0.0905131256020207,0.0748697432457389,0,500,0.154294260548186,0.827170012611602,0.0132963152790538,dbc,none,Dbc,2,mmrm,us-CR2-Dbc2
12,C07,Hybrid,null,1,0.7,0,row,linear,us,Kenward-Roger,0.064,0.00238205964351147,0.0812082487017621,0.0761905313242088,0,500,0.154294260548186,0.938211727776805,0.0109456840809517,dbc,none,Dbc,0.5,mmrm,us-KR-Dbc0.5
12,C07,Hybrid,null,1,0.7,0,row,linear,us,Kenward-Roger,0.06,0.00262917274934817,0.0872219380452025,0.0813613824001627,0,500,0.154294260548186,0.932808697256846,0.0106207344378814,dbc,none,Dbc,1,mmrm,us-KR-Dbc1
12,C07,Hybrid,null,1,0.7,0,row,linear,us,Kenward-Roger,0.064,0.00241336704357084,0.0905131256020207,0.0842286577279796,0,500,0.154294260548186,0.930568435989346,0.0109456840809517,dbc,none,Dbc,2,mmrm,us-KR-Dbc2
12,C07,Hybrid,null,1,0.7,0,row,visit,us,CR2,0.098,0.00216036606151661,0.0806679985734941,0.0670900128349258,0,500,0.154294260548186,0.831680641906619,0.0132963152790538,dbc,none,Dbc,0.5,mmrm,us-CR2-Dbc0.5
12,C07,Hybrid,null,1,0.7,0,row,visit,us,CR2,0.104,0.00279958864866839,0.0865543929966713,0.0717888099018776,0,500,0.154294260548186,0.829406889892215,0.013651666564929,dbc,none,Dbc,1,mmrm,us-CR2-Dbc1
12,C07,Hybrid,null,1,0.7,0,row,visit,us,CR2,0.094,0.00283596803416025,0.0900416337274472,0.0746878237003307,0,500,0.154294260548186,0.829480992386344,0.0130509769749241,dbc,none,Dbc,2,mmrm,us-CR2-Dbc2
12,C07,Hybrid,null,1,0.7,0,row,visit,us,Kenward-Roger,0.066,0.00216036606151661,0.0806679985734941,0.0756934633519354,0,500,0.154294260548186,0.93833322619221,0.0111035129576184,dbc,none,Dbc,0.5,mmrm,us-KR-Dbc0.5
12,C07,Hybrid,null,1,0.7,0,row,visit,us,Kenward-Roger,0.064,0.00279958864866839,0.0865543929966713,0.0807169719992945,0,500,0.154294260548186,0.932557773265174,0.0109456840809517,dbc,none,Dbc,1,mmrm,us-KR-Dbc1
12,C07,Hybrid,null,1,0.7,0,row,visit,us,Kenward-Roger,0.06,0.00283596803416025,0.0900416337274472,0.083657178382101,0,500,0.154294260548186,0.929094407986068,0.0106207344378814,dbc,none,Dbc,2,mmrm,us-KR-Dbc2
13,C07,CO,alt,0,0.7,0.45,row,linear,car1,CR2,0.684,-0.24018707629868,0.0914664363799858,0.0912505927198749,0,250,0.252543224874427,0.997640187279035,0.0294036732399202,dbc,none,Dbc,0.5,lme,RI+CAR1-CR2-Dbc0.5
13,C07,CO,alt,0,0.7,0.45,row,linear,car1,CR2,0.688,-0.244265272723243,0.0934154238532661,0.0932115117728661,0,250,0.252543224874427,0.997817147618789,0.0293022866001956,dbc,none,Dbc,1,lme,RI+CAR1-CR2-Dbc1
13,C07,CO,alt,0,0.7,0.45,row,linear,car1,CR2,0.676,-0.247848427551757,0.0964969772067221,0.0958678925605646,0,250,0.252543224874427,0.993480783912952,0.029598918899176,dbc,none,Dbc,2,lme,RI+CAR1-CR2-Dbc2
13,C07,CO,alt,0,0.7,0.45,row,linear,car1,CR2,0.688,-0.239042534828887,0.0910208130636419,0.0907812100933611,0,250,0.252543224874427,0.997367602395363,0.0293022866001956,dbc,none,Db,,lme,RI+CAR1-CR2
13,C07,CO,alt,0,0.7,0.45,row,visit,car1,CR2,0.7,-0.239607869784133,0.0921570489305102,0.0905751939042576,0,250,0.252543224874427,0.982835224818826,0.0289827534923789,dbc,none,Dbc,0.5,lme,RI+CAR1-CR2-Dbc0.5
13,C07,CO,alt,0,0.7,0.45,row,visit,car1,CR2,0.688,-0.243641086724083,0.0938655046222848,0.0924051483360903,0,250,0.252543224874427,0.984442034461211,0.0293022866001956,dbc,none,Dbc,1,lme,RI+CAR1-CR2-Dbc1
13,C07,CO,alt,0,0.7,0.45,row,visit,car1,CR2,0.688,-0.247164915029626,0.0967856358157062,0.0950336989111642,0,250,0.252543224874427,0.981898792214602,0.0293022866001956,dbc,none,Dbc,2,lme,RI+CAR1-CR2-Dbc2
13,C07,CO,alt,0,0.7,0.45,row,visit,car1,CR2,0.7,-0.238471175249589,0.0917707599159145,0.0901411777938327,0,250,0.252543224874427,0.982242904781709,0.0289827534923789,dbc,none,Db,,lme,RI+CAR1-CR2
13,C07,CO,alt,0,0.7,0.45,row,linear,us,CR2,0.836,-0.239419368699675,0.0830252219265686,0.0732004126013775,0,250,0.252543224874427,0.88166476286109,0.0234182834554542,dbc,none,Dbc,0.5,mmrm,us-CR2-Dbc0.5
13,C07,CO,alt,0,0.7,0.45,row,linear,us,CR2,0.836,-0.240381095698339,0.0833003850008509,0.073997755902834,0,250,0.252543224874427,0.888324296485282,0.0234182834554542,dbc,none,Dbc,1,mmrm,us-CR2-Dbc1
13,C07,CO,alt,0,0.7,0.45,row,linear,us,CR2,0.82,-0.235971236792867,0.0830939334048458,0.0744457067659009,0,250,0.252543224874427,0.895922285965096,0.0242981480775799,dbc,none,Dbc,2,mmrm,us-CR2-Dbc2
13,C07,CO,alt,0,0.7,0.45,row,linear,us,Kenward-Roger,0.808,-0.239419368699675,0.0830252219265686,0.0848038391184648,0,250,0.252543224874427,1.02142261291959,0.0249107205837166,dbc,none,Dbc,0.5,mmrm,us-KR-Dbc0.5
13,C07,CO,alt,0,0.7,0.45,row,linear,us,Kenward-Roger,0.808,-0.240381095698339,0.0833003850008509,0.0857996020966443,0,250,0.252543224874427,1.03000246752482,0.0249107205837166,dbc,none,Dbc,1,mmrm,us-KR-Dbc1
13,C07,CO,alt,0,0.7,0.45,row,linear,us,Kenward-Roger,0.796,-0.235971236792867,0.0830939334048458,0.0866528776621245,0,250,0.252543224874427,1.04283037414945,0.0254859961547513,dbc,none,Dbc,2,mmrm,us-KR-Dbc2
13,C07,CO,alt,0,0.7,0.45,row,visit,us,CR2,0.84,-0.238715058320623,0.0842764384804368,0.0725647042730003,0,250,0.252543224874427,0.861031927563536,0.0231862027939031,dbc,none,Dbc,0.5,mmrm,us-CR2-Dbc0.5
13,C07,CO,alt,0,0.7,0.45,row,visit,us,CR2,0.836,-0.240056312114471,0.0845175144985745,0.073321457342216,0,250,0.252543224874427,0.86752973957194,0.0234182834554542,dbc,none,Dbc,1,mmrm,us-CR2-Dbc1
13,C07,CO,alt,0,0.7,0.45,row,visit,us,CR2,0.812,-0.236280608794594,0.0843758730997083,0.0738577349332167,0,250,0.252543224874427,0.875341874636815,0.0247108073522497,dbc,none,Dbc,2,mmrm,us-CR2-Dbc2
13,C07,CO,alt,0,0.7,0.45,row,visit,us,Kenward-Roger,0.8,-0.238715058320623,0.0842764384804368,0.0839205484268379,0,250,0.252543224874427,0.995777110898184,0.025298221281347,dbc,none,Dbc,0.5,mmrm,us-KR-Dbc0.5
13,C07,CO,alt,0,0.7,0.45,row,visit,us,Kenward-Roger,0.792,-0.240056312114471,0.0845175144985745,0.0848742358723372,0,250,0.252543224874427,1.0042206798896,0.0256699045576722,dbc,none,Dbc,1,mmrm,us-KR-Dbc1
13,C07,CO,alt,0,0.7,0.45,row,visit,us,Kenward-Roger,0.788,-0.236280608794594,0.0843758730997083,0.0856147009533102,0,250,0.252543224874427,1.01468225226112,0.0258500290135234,dbc,none,Dbc,2,mmrm,us-KR-Dbc2
14,C07,CO,alt,1,0.7,0.45,row,linear,car1,CR2,0.716,-0.226117363924247,0.0895381859599113,0.0867904211063022,0,250,0.252543224874427,0.969311810104804,0.0285197475444647,dbc,none,Dbc,0.5,lme,RI+CAR1-CR2-Dbc0.5
14,C07,CO,alt,1,0.7,0.45,row,linear,car1,CR2,0.72,-0.232007467233868,0.0920419598733367,0.0886043352704641,0,250,0.252543224874427,0.962651549275969,0.0283971829588782,dbc,none,Dbc,1,lme,RI+CAR1-CR2-Dbc1
14,C07,CO,alt,1,0.7,0.45,row,linear,car1,CR2,0.736,-0.239295038121009,0.0954358747443957,0.090957749265796,0,250,0.252543224874427,0.953077126493644,0.0278785939387194,dbc,none,Dbc,2,lme,RI+CAR1-CR2-Dbc2
14,C07,CO,alt,1,0.7,0.45,row,linear,car1,CR2,0.724,-0.224630452127857,0.0889524717896937,0.0863514347357747,0,250,0.252543224874427,0.97075924927563,0.0282718234289902,dbc,none,Db,,lme,RI+CAR1-CR2
14,C07,CO,alt,1,0.7,0.45,row,visit,car1,CR2,0.72,-0.225702471751225,0.0892576055087395,0.0865128915429035,0,250,0.252543224874427,0.969249522769606,0.0283971829588782,dbc,none,Dbc,0.5,lme,RI+CAR1-CR2-Dbc0.5
14,C07,CO,alt,1,0.7,0.45,row,visit,car1,CR2,0.724,-0.23156770068763,0.0916043680040409,0.0881632340293263,0,250,0.252543224874427,0.962434826529638,0.0282718234289902,dbc,none,Dbc,1,lme,RI+CAR1-CR2-Dbc1
14,C07,CO,alt,1,0.7,0.45,row,visit,car1,CR2,0.744,-0.238873551357997,0.0948405883930721,0.0904053453608111,0,250,0.252543224874427,0.953234758372873,0.0276017390756452,dbc,none,Dbc,2,lme,RI+CAR1-CR2-Dbc2
14,C07,CO,alt,1,0.7,0.45,row,visit,car1,CR2,0.72,-0.224222353264822,0.0887101978163633,0.0861154096561806,0,250,0.252543224874427,0.970749832329829,0.0283971829588782,dbc,none,Db,,lme,RI+CAR1-CR2
14,C07,CO,alt,1,0.7,0.45,row,linear,us,CR2,0.852,-0.228913266221534,0.0799359670258244,0.0703956349269987,0,250,0.252543224874427,0.880650319827324,0.0224584950519842,dbc,none,Dbc,0.5,mmrm,us-CR2-Dbc0.5
14,C07,CO,alt,1,0.7,0.45,row,linear,us,CR2,0.844,-0.232040511756004,0.0810909767852494,0.0712529608568702,0,250,0.252543224874427,0.878679277049124,0.0229489869057438,dbc,none,Dbc,1,mmrm,us-CR2-Dbc1
14,C07,CO,alt,1,0.7,0.45,row,linear,us,CR2,0.82,-0.232145651370564,0.0820868467665777,0.0718658873255906,0,250,0.252543224874427,0.875486026768071,0.0242981480775799,dbc,none,Dbc,2,mmrm,us-CR2-Dbc2
14,C07,CO,alt,1,0.7,0.45,row,linear,us,Kenward-Roger,0.796,-0.228913266221534,0.0799359670258244,0.0821522110522107,0,250,0.252543224874427,1.0277252419511,0.0254859961547513,dbc,none,Dbc,0.5,mmrm,us-KR-Dbc0.5
14,C07,CO,alt,1,0.7,0.45,row,linear,us,Kenward-Roger,0.796,-0.232040511756004,0.0810909767852494,0.0830984624412888,0,250,0.252543224874427,1.0247559683657,0.0254859961547513,dbc,none,Dbc,1,mmrm,us-KR-Dbc1
14,C07,CO,alt,1,0.7,0.45,row,linear,us,Kenward-Roger,0.796,-0.232145651370564,0.0820868467665777,0.0839045422123523,0,250,0.252543224874427,1.02214356522846,0.0254859961547513,dbc,none,Dbc,2,mmrm,us-KR-Dbc2
14,C07,CO,alt,1,0.7,0.45,row,visit,us,CR2,0.844,-0.22839528356121,0.0793256632162685,0.0701185458529547,0,250,0.252543224874427,0.883932677143687,0.0229489869057438,dbc,none,Dbc,0.5,mmrm,us-CR2-Dbc0.5
14,C07,CO,alt,1,0.7,0.45,row,visit,us,CR2,0.852,-0.231680574206434,0.0804517360546467,0.0709265311671879,0,250,0.252543224874427,0.88160348856874,0.0224584950519842,dbc,none,Dbc,1,mmrm,us-CR2-Dbc1
14,C07,CO,alt,1,0.7,0.45,row,visit,us,CR2,0.84,-0.232189866767766,0.0815420793037717,0.0715949904153054,0,250,0.252543224874427,0.878012812851999,0.0231862027939031,dbc,none,Dbc,2,mmrm,us-CR2-Dbc2
14,C07,CO,alt,1,0.7,0.45,row,visit,us,Kenward-Roger,0.784,-0.22839528356121,0.0793256632162685,0.0816304660431715,0,250,0.252543224874427,1.02905494556811,0.0260264480865138,dbc,none,Dbc,0.5,mmrm,us-KR-Dbc0.5
14,C07,CO,alt,1,0.7,0.45,row,visit,us,Kenward-Roger,0.792,-0.231680574206434,0.0804517360546467,0.0825329960627092,0,250,0.252543224874427,1.02586967180732,0.0256699045576722,dbc,none,Dbc,1,mmrm,us-KR-Dbc1
14,C07,CO,alt,1,0.7,0.45,row,visit,us,Kenward-Roger,0.792,-0.232189866767766,0.0815420793037717,0.08323101609833,0,250,0.252543224874427,1.02071245679506,0.0256699045576722,dbc,none,Dbc,2,mmrm,us-KR-Dbc2
15,C07,CO,null,0,0.7,0,row,linear,car1,CR2,0.052,-0.000444730022970031,0.0967681261337277,0.0933627253518694,0,500,0.344552681946722,0.96480865220897,0.00992935043192655,dbc,none,Dbc,0.5,lme,RI+CAR1-CR2-Dbc0.5
15,C07,CO,null,0,0.7,0,row,linear,car1,CR2,0.052,-0.000554401799583923,0.0989635159429524,0.0953538501354724,0,500,0.344552681946722,0.963525287343663,0.00992935043192655,dbc,none,Dbc,1,lme,RI+CAR1-CR2-Dbc1
15,C07,CO,null,0,0.7,0,row,linear,car1,CR2,0.062,-0.000847498186480062,0.101882490893094,0.0979446462489383,0,500,0.344552681946722,0.961349152247491,0.0107848041243223,dbc,none,Dbc,2,lme,RI+CAR1-CR2-Dbc2
15,C07,CO,null,0,0.7,0,row,linear,car1,CR2,0.05,-0.00042892539269943,0.096227886470448,0.0928758842430803,0,500,0.344552681946722,0.965165999687657,0.00974679434480896,dbc,none,Db,,lme,RI+CAR1-CR2
15,C07,CO,null,0,0.7,0,row,visit,car1,CR2,0.042,-0.0002722581103943,0.0951745981357874,0.0929873732924123,0,500,0.344552681946722,0.97701881714011,0.00897061870775924,dbc,none,Dbc,0.5,lme,RI+CAR1-CR2-Dbc0.5
15,C07,CO,null,0,0.7,0,row,visit,car1,CR2,0.052,-0.000380001471902744,0.0972195554845451,0.0948575754061106,0,500,0.344552681946722,0.975704681361045,0.00992935043192655,dbc,none,Dbc,1,lme,RI+CAR1-CR2-Dbc1
15,C07,CO,null,0,0.7,0,row,visit,car1,CR2,0.058,-0.000672229933977834,0.100055859646434,0.0974324295617411,0,500,0.344552681946722,0.973780345359449,0.0104533248299285,dbc,none,Dbc,2,lme,RI+CAR1-CR2-Dbc2
15,C07,CO,null,0,0.7,0,row,visit,car1,CR2,0.042,-0.000257391540418664,0.0946741082627467,0.0925346675575376,0,500,0.344552681946722,0.977402050629603,0.00897061870775924,dbc,none,Db,,lme,RI+CAR1-CR2
15,C07,CO,null,0,0.7,0,row,linear,us,CR2,0.088,0.00156273851261564,0.0908197997488659,0.0764378876686537,0,500,0.344552681946722,0.841643428856033,0.0126693330526907,dbc,none,Dbc,0.5,mmrm,us-CR2-Dbc0.5
15,C07,CO,null,0,0.7,0,row,linear,us,CR2,0.09,0.00158015044506853,0.0916476035747297,0.0772625003975296,0,500,0.344552681946722,0.843038959927954,0.0127984374046209,dbc,none,Dbc,1,mmrm,us-CR2-Dbc1
15,C07,CO,null,0,0.7,0,row,linear,us,CR2,0.086,0.0016770249682868,0.0918262928679137,0.0776606525212245,0,500,0.344552681946722,0.845734376241612,0.0125382614424808,dbc,none,Dbc,2,mmrm,us-CR2-Dbc2
15,C07,CO,null,0,0.7,0,row,linear,us,Kenward-Roger,0.056,0.00156273851261564,0.0908197997488659,0.0858697225138791,0,500,0.344552681946722,0.945495616058671,0.0102824121683582,dbc,none,Dbc,0.5,mmrm,us-KR-Dbc0.5
15,C07,CO,null,0,0.7,0,row,linear,us,Kenward-Roger,0.062,0.00158015044506853,0.0916476035747297,0.0868080754529577,0,500,0.344552681946722,0.94719416620833,0.0107848041243223,dbc,none,Dbc,1,mmrm,us-KR-Dbc1
15,C07,CO,null,0,0.7,0,row,linear,us,Kenward-Roger,0.058,0.0016770249682868,0.0918262928679137,0.0874856082253288,0,500,0.344552681946722,0.952729392562665,0.0104533248299285,dbc,none,Dbc,2,mmrm,us-KR-Dbc2
15,C07,CO,null,0,0.7,0,row,visit,us,CR2,0.08,0.00157767897352021,0.0891241534979461,0.0760452234342553,0,500,0.344552681946722,0.853250442777083,0.0121326007104825,dbc,none,Dbc,0.5,mmrm,us-CR2-Dbc0.5
15,C07,CO,null,0,0.7,0,row,visit,us,CR2,0.084,0.00154060429239462,0.0900693771525889,0.0768572105187989,0,500,0.344552681946722,0.853311224619586,0.0124051602166195,dbc,none,Dbc,1,mmrm,us-CR2-Dbc1
15,C07,CO,null,0,0.7,0,row,visit,us,CR2,0.086,0.00150734656109142,0.0906198699637375,0.0773788643612985,0,500,0.344552681946722,0.853884080745895,0.0125382614424808,dbc,none,Dbc,2,mmrm,us-CR2-Dbc2
15,C07,CO,null,0,0.7,0,row,visit,us,Kenward-Roger,0.052,0.00157767897352021,0.0891241534979461,0.0851684267773385,0,500,0.344552681946722,0.955615547914306,0.00992935043192655,dbc,none,Dbc,0.5,mmrm,us-KR-Dbc0.5
15,C07,CO,null,0,0.7,0,row,visit,us,Kenward-Roger,0.052,0.00154060429239462,0.0900693771525889,0.0860669991279282,0,500,0.344552681946722,0.955563387344401,0.00992935043192655,dbc,none,Dbc,1,mmrm,us-KR-Dbc1
15,C07,CO,null,0,0.7,0,row,visit,us,Kenward-Roger,0.054,0.00150734656109142,0.0906198699637375,0.0866245799972536,0,500,0.344552681946722,0.955911546020948,0.0101078187557949,dbc,none,Dbc,2,mmrm,us-KR-Dbc2
16,C07,CO,null,1,0.7,0,row,linear,car1,CR2,0.048,-0.000170590560097666,0.0936528956253333,0.0939669771950089,0,500,0.344552681946722,1.00335367708151,0.00955991631762538,dbc,none,Dbc,0.5,lme,RI+CAR1-CR2-Dbc0.5
16,C07,CO,null,1,0.7,0,row,linear,car1,CR2,0.052,-0.000227907578179866,0.0959986590940354,0.0961515483776947,0,500,0.344552681946722,1.00159261895012,0.00992935043192655,dbc,none,Dbc,1,lme,RI+CAR1-CR2-Dbc1
16,C07,CO,null,1,0.7,0,row,linear,car1,CR2,0.052,-0.000184075282265702,0.0994888536500775,0.0990770479918551,0,500,0.344552681946722,0.995860785976379,0.00992935043192655,dbc,none,Dbc,2,lme,RI+CAR1-CR2-Dbc2
16,C07,CO,null,1,0.7,0,row,linear,car1,CR2,0.046,-0.00013926965452505,0.0931053449813748,0.0934421892841812,0,500,0.344552681946722,1.00361788362283,0.00936845771725528,dbc,none,Db,,lme,RI+CAR1-CR2
16,C07,CO,null,1,0.7,0,row,visit,car1,CR2,0.056,-0.000127211086580184,0.0941081479645594,0.0938290674343224,0,500,0.344552681946722,0.997034470061592,0.0102824121683582,dbc,none,Dbc,0.5,lme,RI+CAR1-CR2-Dbc0.5
16,C07,CO,null,1,0.7,0,row,visit,car1,CR2,0.052,-0.000177791369975183,0.0963580730025938,0.0958663897126456,0,500,0.344552681946722,0.994897331644075,0.00992935043192655,dbc,none,Dbc,1,lme,RI+CAR1-CR2-Dbc1
16,C07,CO,null,1,0.7,0,row,visit,car1,CR2,0.056,-0.000108010009315126,0.0997679946695659,0.0986747266372215,0,500,0.344552681946722,0.989041896291839,0.0102824121683582,dbc,none,Dbc,2,lme,RI+CAR1-CR2-Dbc2
16,C07,CO,null,1,0.7,0,row,visit,car1,CR2,0.056,-9.69516486302869e-05,0.0935832260291455,0.0933402789229961,0,500,0.344552681946722,0.997403946022616,0.0102824121683582,dbc,none,Db,,lme,RI+CAR1-CR2
16,C07,CO,null,1,0.7,0,row,linear,us,CR2,0.07,-0.000411333171957533,0.0884825718496752,0.0767214776456069,0,500,0.344552681946722,0.867080104497307,0.0114105214604767,dbc,none,Dbc,0.5,mmrm,us-CR2-Dbc0.5
16,C07,CO,null,1,0.7,0,row,linear,us,CR2,0.072,-0.000294998827851338,0.0898786262964177,0.0776137029267328,0,500,0.344552681946722,0.863539042872824,0.0115599307956406,dbc,none,Dbc,1,mmrm,us-CR2-Dbc1
16,C07,CO,null,1,0.7,0,row,linear,us,CR2,0.086,5.58097960725989e-05,0.0912885650581968,0.078083384299345,0,500,0.344552681946722,0.855346825197291,0.0125382614424808,dbc,none,Dbc,2,mmrm,us-CR2-Dbc2
16,C07,CO,null,1,0.7,0,row,linear,us,Kenward-Roger,0.056,-0.000411333171957533,0.0884825718496752,0.0859837622758936,0,500,0.344552681946722,0.971759302181825,0.0102824121683582,dbc,none,Dbc,0.5,mmrm,us-KR-Dbc0.5
16,C07,CO,null,1,0.7,0,row,linear,us,Kenward-Roger,0.054,-0.000294998827851338,0.0898786262964177,0.086918721609822,0,500,0.344552681946722,0.967067757835617,0.0101078187557949,dbc,none,Dbc,1,mmrm,us-KR-Dbc1
16,C07,CO,null,1,0.7,0,row,linear,us,Kenward-Roger,0.068,5.58097960725989e-05,0.0912885650581968,0.0875514861339732,0,500,0.344552681946722,0.95906301165057,0.0112584190719657,dbc,none,Dbc,2,mmrm,us-KR-Dbc2
16,C07,CO,null,1,0.7,0,row,visit,us,CR2,0.078,-0.00028247882995327,0.0881775721745473,0.076336656849869,0,500,0.344552681946722,0.865715112894703,0.0119929979571415,dbc,none,Dbc,0.5,mmrm,us-CR2-Dbc0.5
16,C07,CO,null,1,0.7,0,row,visit,us,CR2,0.084,-0.000195939868582613,0.0895226904182321,0.0771917176715961,0,500,0.344552681946722,0.862258688953291,0.0124051602166195,dbc,none,Dbc,1,mmrm,us-CR2-Dbc1
16,C07,CO,null,1,0.7,0,row,visit,us,CR2,0.088,7.94442883113451e-05,0.0909523852097994,0.0777399555681367,0,500,0.344552681946722,0.854732455765886,0.0126693330526907,dbc,none,Dbc,2,mmrm,us-CR2-Dbc2
16,C07,CO,null,1,0.7,0,row,visit,us,Kenward-Roger,0.048,-0.00028247882995327,0.0881775721745473,0.0854783862516301,0,500,0.344552681946722,0.969389201172673,0.00955991631762538,dbc,none,Dbc,0.5,mmrm,us-KR-Dbc0.5
16,C07,CO,null,1,0.7,0,row,visit,us,Kenward-Roger,0.056,-0.000195939868582613,0.0895226904182321,0.0863681092444026,0,500,0.344552681946722,0.964762216605736,0.0102824121683582,dbc,none,Dbc,1,mmrm,us-KR-Dbc1
16,C07,CO,null,1,0.7,0,row,visit,us,Kenward-Roger,0.068,7.94442883113451e-05,0.0909523852097994,0.0868967017605263,0,500,0.344552681946722,0.955408718090044,0.0112584190719657,dbc,none,Dbc,2,mmrm,us-KR-Dbc2
