pattern,n_on,switches,d,structure,t_half,info,power
11000000,2,1,0.5,CS,0.5,0.0661469184273078,0.573458109229354
11000000,2,1,0.5,CS,1,0.0555067014241985,0.486815808405495
11000000,2,1,0.5,CS,2,0.0461881946106497,0.386746859372581
11000000,2,1,0.5,nug0.2,0.5,0.0257968181720826,0.260706869371
11000000,2,1,0.5,nug0.2,1,0.0215925868118329,0.219206012021921
11000000,2,1,0.5,nug0.2,2,0.0180035872859772,0.176517233109736
11000000,2,1,0.5,nug0.5,0.5,0.0229753667819922,0.23691302002386
11000000,2,1,0.5,nug0.5,1,0.0192277332174801,0.199915430734978
11000000,2,1,0.5,nug0.5,2,0.0160341042066803,0.162030153167716
11000000,2,1,1,CS,0.5,0.0732452230117226,0.62169902461537
11000000,2,1,1,CS,1,0.0661469184273078,0.573458109229354
11000000,2,1,1,CS,2,0.0555067014241985,0.486815808405495
11000000,2,1,1,nug0.2,0.5,0.0209176669008981,0.220721374215419
11000000,2,1,1,nug0.2,1,0.0188121084611826,0.201838211180584
11000000,2,1,1,nug0.2,2,0.0157396994596355,0.171632613378306
11000000,2,1,1,nug0.5,0.5,0.0211709108234276,0.222868753883433
11000000,2,1,1,nug0.5,1,0.0190402379777781,0.20375611706433
11000000,2,1,1,nug0.5,2,0.0159307840828275,0.173175037384468
11000000,2,1,1.5,CS,0.5,0.0754403046365348,0.635416986850707
11000000,2,1,1.5,CS,1,0.0708564679907409,0.606158083971268
11000000,2,1,1.5,CS,2,0.0619511265332313,0.54168994876282
11000000,2,1,1.5,nug0.2,0.5,0.018986826227323,0.204465385524486
11000000,2,1,1.5,nug0.2,1,0.0177750642914687,0.193920344520954
11000000,2,1,1.5,nug0.2,2,0.0154711295685822,0.172715652667101
11000000,2,1,1.5,nug0.5,0.5,0.0201036286312629,0.213926949958251
11000000,2,1,1.5,nug0.5,1,0.0188217956248671,0.202755403433058
11000000,2,1,1.5,nug0.5,2,0.0163836061396315,0.180271982459084
11000000,2,1,2,CS,0.5,0.0763330601642272,0.640849714095404
11000000,2,1,2,CS,1,0.0732452230117226,0.62169902461537
11000000,2,1,2,CS,2,0.0661469184273078,0.573458109229354
11000000,2,1,2,nug0.2,0.5,0.0182003203582261,0.19782726424112
11000000,2,1,2,nug0.2,1,0.0174227192284474,0.191149044640578
11000000,2,1,2,nug0.2,2,0.0156646843039854,0.175465994859288
11000000,2,1,2,nug0.5,0.5,0.0196243644171556,0.209882522468129
11000000,2,1,2,nug0.5,1,0.0187870071409006,0.202675277360793
11000000,2,1,2,nug0.5,2,0.0168931074591498,0.185736565810467
11000000,2,1,2.5,CS,0.5,0.0767388837620018,0.643292156990554
11000000,2,1,2.5,CS,1,0.0746055882539227,0.630261786421171
11000000,2,1,2.5,CS,2,0.0689345089802219,0.593159234256571
11000000,2,1,2.5,nug0.2,0.5,0.0179372224017495,0.195606375149902
11000000,2,1,2.5,nug0.2,1,0.0174090267973947,0.191099716135483
11000000,2,1,2.5,nug0.2,2,0.0160228413378492,0.178943720786135
11000000,2,1,2.5,nug0.5,0.5,0.0194674313733266,0.208556473208477
11000000,2,1,2.5,nug0.5,1,0.0188950070832836,0.203660453629026
11000000,2,1,2.5,nug0.5,2,0.0173922489761379,0.190445695966302
11000000,2,1,3,CS,0.5,0.0769327061302826,0.644452766744379
11000000,2,1,3,CS,1,0.0754403046365348,0.635416986850707
11000000,2,1,3,CS,2,0.0708564679907409,0.606158083971268
11000000,2,1,3,nug0.2,0.5,0.0179408972098325,0.195638212608297
11000000,2,1,3,nug0.2,1,0.0175716545596106,0.192498508001343
11000000,2,1,3,nug0.2,2,0.0164488770233556,0.182752703691309
11000000,2,1,3,nug0.5,0.5,0.019486848915777,0.208721828213685
11000000,2,1,3,nug0.5,1,0.0190863910572043,0.20530834656542
11000000,2,1,3,nug0.5,2,0.0178683767133471,0.194707287310909
11000000,2,1,4,CS,0.5,0.0770743147049593,0.645298321067425
11000000,2,1,4,CS,1,0.0763330601642272,0.640849714095404
11000000,2,1,4,CS,2,0.0732452230117226,0.62169902461537
11000000,2,1,4,nug0.2,0.5,0.0183137143614088,0.198790700891617
11000000,2,1,4,nug0.2,1,0.0181266137375209,0.197204033671326
11000000,2,1,4,nug0.2,2,0.0173521098029873,0.190553306557321
11000000,2,1,4,nug0.5,0.5,0.019772446159582,0.211142260454042
11000000,2,1,4,nug0.5,1,0.0195707361739818,0.209428100426526
11000000,2,1,4,nug0.5,2,0.0187356264005009,0.202240698151275
10100000,2,3,0.5,CS,0.5,0.0451938669477647,0.422438311084428
10100000,2,3,0.5,CS,1,0.0292389821610011,0.29000795550118
10100000,2,3,0.5,CS,2,0.0186985066979249,0.19349750942564
10100000,2,3,0.5,nug0.2,0.5,0.0226445474395838,0.235510683502471
10100000,2,3,0.5,nug0.2,1,0.0145344478946108,0.166231457821944
10100000,2,3,0.5,nug0.2,2,0.00926003273561613,0.118991443138494
10100000,2,3,0.5,nug0.5,0.5,0.0177514511346846,0.194035797904403
10100000,2,3,0.5,nug0.5,1,0.0113743028475247,0.140062824624923
10100000,2,3,0.5,nug0.5,2,0.00724086169196892,0.103506946443765
10100000,2,3,1,CS,0.5,0.0619517400534628,0.547376012020859
10100000,2,3,1,CS,1,0.0451938669477647,0.422438311084428
10100000,2,3,1,CS,2,0.0292389821610011,0.29000795550118
10100000,2,3,1,nug0.2,0.5,0.0236347075057809,0.243875446065672
10100000,2,3,1,nug0.2,1,0.0170525161027879,0.188134432113381
10100000,2,3,1,nug0.2,2,0.0109237875831482,0.136361223267342
10100000,2,3,1,nug0.5,0.5,0.0212123261042834,0.223314110050753
10100000,2,3,1,nug0.5,1,0.0152941581755331,0.173330588244931
10100000,2,3,1,nug0.5,2,0.00979136963443436,0.12709411724067
10100000,2,3,1.5,CS,0.5,0.0696434282023013,0.599092672043661
10100000,2,3,1.5,CS,1,0.0552943859424698,0.499628186163189
10100000,2,3,1.5,CS,2,0.0381329402315059,0.365404062577403
10100000,2,3,1.5,nug0.2,0.5,0.0237404340251679,0.244801452254745
10100000,2,3,1.5,nug0.2,1,0.0186597787817916,0.201679913581675
10100000,2,3,1.5,nug0.2,2,0.0127154423468544,0.151722199710766
10100000,2,3,1.5,nug0.5,0.5,0.0224053112056662,0.233466060950835
10100000,2,3,1.5,nug0.5,1,0.0176052420414079,0.192765708378665
10100000,2,3,1.5,nug0.5,2,0.0119927388148502,0.145717602887544
10100000,2,3,2,CS,0.5,0.0734002721255905,0.622925523272311
10100000,2,3,2,CS,1,0.0619517400534628,0.547376012020859
10100000,2,3,2,CS,2,0.0451938669477647,0.422438311084428
10100000,2,3,2,nug0.2,0.5,0.0237724769081179,0.245085213334358
10100000,2,3,2,nug0.2,1,0.0198990691559451,0.212177444579481
10100000,2,3,2,nug0.2,2,0.0143419092878089,0.165343958847906
10100000,2,3,2,nug0.5,0.5,0.0229302353718356,0.23793411581134
10100000,2,3,2,nug0.5,1,0.0191913733038916,0.206182288240924
10100000,2,3,2,nug0.5,2,0.0138290520270545,0.161052845866248
10100000,2,3,2.5,CS,0.5,0.0752642074184224,0.634392210634455
10100000,2,3,2.5,CS,1,0.0664921287146238,0.578370185080782
10100000,2,3,2.5,CS,2,0.0507960654021598,0.465920898757854
10100000,2,3,2.5,nug0.2,0.5,0.0238093732395005,0.245401835136487
10100000,2,3,2.5,nug0.2,1,0.0208994053230857,0.220673712657789
10100000,2,3,2.5,nug0.2,2,0.0157838609180162,0.177427048982308
10100000,2,3,2.5,nug0.5,0.5,0.0231927170663051,0.240166092763723
10100000,2,3,2.5,nug0.5,1,0.0203565513543835,0.216069480519665
10100000,2,3,2.5,nug0.5,2,0.0153717941832098,0.173963662743381
10100000,2,3,3,CS,0.5,0.0761933321745569,0.640018626605429
10100000,2,3,3,CS,1,0.0696434282023013,0.599092672043661
10100000,2,3,3,CS,2,0.0552943859424698,0.499628186163189
10100000,2,3,3,nug0.2,0.5,0.0238535214829021,0.245777543598165
10100000,2,3,3,nug0.2,1,0.0216976503093555,0.227458732725134
10100000,2,3,3,nug0.2,2,0.0170465510479157,0.188050273339537
10100000,2,3,3,nug0.5,0.5,0.0233367098535452,0.241389587395597
10100000,2,3,3,nug0.5,1,0.0212265356062546,0.223460442691171
10100000,2,3,3,nug0.5,2,0.0166747066932212,0.18491502898294
10100000,2,3,4,CS,0.5,0.0768890931619385,0.644192785316834
10100000,2,3,4,CS,1,0.0734002721255905,0.622925523272311
10100000,2,3,4,CS,2,0.0619517400534628,0.547376012020859
10100000,2,3,4,nug0.2,0.5,0.02392894039928,0.2464181248169
10100000,2,3,4,nug0.2,1,0.0227839721278419,0.236692225947215
10100000,2,3,4,nug0.2,2,0.0190684953846512,0.205141902577098
10100000,2,3,4,nug0.5,0.5,0.0234692451141835,0.242515192142549
10100000,2,3,4,nug0.5,1,0.0223457700436866,0.232971662133421
10100000,2,3,4,nug0.5,2,0.0187003910720667,0.202026333200189
11100000,3,1,0.5,CS,0.5,0.0790805886048332,0.653370900107731
11100000,3,1,0.5,CS,1,0.0655561128852444,0.551998849612087
11100000,3,1,0.5,CS,2,0.0550057373290441,0.439911380817896
11100000,3,1,0.5,nug0.2,0.5,0.0266958869603635,0.267577801654459
11100000,3,1,0.5,nug0.2,1,0.0220761234459406,0.220667198145912
11100000,3,1,0.5,nug0.2,2,0.0185917561586614,0.176881828257097
11100000,3,1,0.5,nug0.5,0.5,0.0253944205251288,0.256642376855534
11100000,3,1,0.5,nug0.5,1,0.0209987166368286,0.211980097826165
11100000,3,1,0.5,nug0.5,2,0.0176860336550697,0.170388522529818
11100000,3,1,1,CS,0.5,0.0889962371687575,0.711183871174718
11100000,3,1,1,CS,1,0.0790805886048332,0.653370900107731
11100000,3,1,1,CS,2,0.0655561128852444,0.551998849612087
11100000,3,1,1,nug0.2,0.5,0.0218753746786652,0.228781100431303
11100000,3,1,1,nug0.2,1,0.0193250141671246,0.205627389879556
11100000,3,1,1,nug0.2,2,0.0159758431558,0.17171799306272
11100000,3,1,1,nug0.5,0.5,0.023429117879971,0.241960252554857
11100000,3,1,1,nug0.5,1,0.0207003383133641,0.217171647705215
11100000,3,1,1,nug0.5,2,0.0171137911709212,0.180795073190031
11100000,3,1,1.5,CS,0.5,0.0921530156970529,0.727426010210393
11100000,3,1,1.5,CS,1,0.0855943459688345,0.692581551052891
11100000,3,1,1.5,CS,2,0.073548319787358,0.615697923875151
11100000,3,1,1.5,nug0.2,0.5,0.0200744330831206,0.213669279094233
11100000,3,1,1.5,nug0.2,1,0.0185559091537242,0.200359393778575
11100000,3,1,1.5,nug0.2,2,0.0158533608173157,0.175013422064995
11100000,3,1,1.5,nug0.5,0.5,0.0223554556492556,0.233021839724911
11100000,3,1,1.5,nug0.5,1,0.0206675002593326,0.218200283331009
11100000,3,1,1.5,nug0.5,2,0.0176604673753406,0.189914902584864
11100000,3,1,2,CS,0.5,0.0934405494440063,0.73378675427502
11100000,3,1,2,CS,1,0.0889962371687575,0.711183871174718
11100000,3,1,2,CS,2,0.0790805886048332,0.653370900107731
11100000,3,1,2,nug0.2,0.5,0.0194674422079083,0.208550810102959
11100000,3,1,2,nug0.2,1,0.0184756480324079,0.199988681748947
11100000,3,1,2,nug0.2,2,0.0163169549143939,0.180470390986817
11100000,3,1,2,nug0.5,0.5,0.0219768499979661,0.229836182527931
11100000,3,1,2,nug0.5,1,0.0208597091500368,0.220169825135612
11100000,3,1,2,nug0.5,2,0.0184261764236044,0.198094720498626
11100000,3,1,2.5,CS,0.5,0.0940261964411438,0.736631425324237
11100000,3,1,2.5,CS,1,0.0909506051917936,0.721349960185986
11100000,3,1,2.5,CS,2,0.0829002174045164,0.676970655361289
11100000,3,1,2.5,nug0.2,0.5,0.0194211311987451,0.208163724755735
11100000,3,1,2.5,nug0.2,1,0.0187378990272271,0.202309012843331
11100000,3,1,2.5,nug0.2,2,0.0169837023541526,0.186764533900879
11100000,3,1,2.5,nug0.5,0.5,0.021983033350349,0.229894570449072
11100000,3,1,2.5,nug0.5,1,0.0212115269138659,0.223268344577032
11100000,3,1,2.5,nug0.5,2,0.0192293864159636,0.20565016686488
11100000,3,1,3,CS,0.5,0.0943059726274997,0.737979843581266
11100000,3,1,3,CS,1,0.0921530156970529,0.727426010210393
11100000,3,1,3,CS,2,0.0855943459688345,0.692581551052891
11100000,3,1,3,nug0.2,0.5,0.0196660975666773,0.210240582484653
11100000,3,1,3,nug0.2,1,0.0191821818885781,0.206109724122996
11100000,3,1,3,nug0.2,2,0.0177301069801497,0.19339738946628
11100000,3,1,3,nug0.5,0.5,0.0221993111744268,0.231732074784594
11100000,3,1,3,nug0.5,1,0.0216543951761601,0.227071237173656
11100000,3,1,3,nug0.5,2,0.020018445664504,0.212711589289596
11100000,3,1,4,CS,0.5,0.0945104071197194,0.738960867830228
11100000,3,1,4,CS,1,0.0934405494440063,0.73378675427502
11100000,3,1,4,CS,2,0.0889962371687575,0.711183871174718
11100000,3,1,4,nug0.2,0.5,0.0205542497522144,0.21777117711862
11100000,3,1,4,nug0.2,1,0.0203030656047398,0.215633712954694
11100000,3,1,4,nug0.2,2,0.0192694679232095,0.206701702982289
11100000,3,1,4,nug0.5,0.5,0.0229134866457112,0.237796293975232
11100000,3,1,4,nug0.5,1,0.0226341283409798,0.235416425058884
11100000,3,1,4,nug0.5,2,0.0214842505567709,0.225464381665523
10010000,2,3,0.5,CS,0.5,0.0431393814967876,0.405965413755105
10010000,2,3,0.5,CS,1,0.026985074161241,0.26889235070274
10010000,2,3,0.5,CS,2,0.0174219665710719,0.178721122836798
10010000,2,3,0.5,nug0.2,0.5,0.027677569045705,0.278105688903985
10010000,2,3,0.5,nug0.2,1,0.0172195600718953,0.187266783272562
10010000,2,3,0.5,nug0.2,2,0.0110938751622975,0.130335259582952
10010000,2,3,0.5,nug0.5,0.5,0.0189655167423759,0.204239301714309
10010000,2,3,0.5,nug0.5,1,0.0117635714861308,0.142293473278453
10010000,2,3,0.5,nug0.5,2,0.00756994447172712,0.104064806358085
10010000,2,3,1,CS,0.5,0.0612765282272158,0.542706797425371
10010000,2,3,1,CS,1,0.0431393814967876,0.405965413755105
10010000,2,3,1,CS,2,0.026985074161241,0.26889235070274
10010000,2,3,1,nug0.2,0.5,0.0306605604952502,0.303348200868449
10010000,2,3,1,nug0.2,1,0.0213795756856072,0.224698720436074
10010000,2,3,1,nug0.2,2,0.0132720710918244,0.154639129431088
10010000,2,3,1,nug0.5,0.5,0.0242001842709439,0.248702433404302
10010000,2,3,1,nug0.5,1,0.016840881079788,0.186290829867019
10010000,2,3,1,nug0.5,2,0.0104380252389247,0.131515987737341
10010000,2,3,1.5,CS,0.5,0.0694644725173056,0.597942770243489
10010000,2,3,1.5,CS,1,0.0540474201875015,0.490469167722096
10010000,2,3,1.5,CS,2,0.0357705576468813,0.345242529103782
10010000,2,3,1.5,nug0.2,0.5,0.0307678036045391,0.304257808124353
10010000,2,3,1.5,nug0.2,1,0.0237200444360542,0.244641066103903
10010000,2,3,1.5,nug0.2,2,0.015534253047639,0.174965052435479
10010000,2,3,1.5,nug0.5,0.5,0.0258604680110824,0.262795182926783
10010000,2,3,1.5,nug0.5,1,0.0199136823269464,0.212336401247952
10010000,2,3,1.5,nug0.5,2,0.0130243431994382,0.154014140100639
10010000,2,3,2,CS,0.5,0.0733546554270758,0.622643162360645
10010000,2,3,2,CS,1,0.0612765282272158,0.542706797425371
10010000,2,3,2,CS,2,0.0431393814967876,0.405965413755105
10010000,2,3,2,nug0.2,0.5,0.0301977668634319,0.299470809021112
10010000,2,3,2,nug0.2,1,0.0250338769002375,0.255777572729889
10010000,2,3,2,nug0.2,2,0.0174255617937774,0.191222758378777
10010000,2,3,2,nug0.5,0.5,0.0262964736892665,0.266499980288617
10010000,2,3,2,nug0.5,1,0.0217847485105149,0.228196353475097
10010000,2,3,2,nug0.5,2,0.0151486103249286,0.17205565872845
10010000,2,3,2.5,CS,0.5,0.0752527095468775,0.634322373315289
10010000,2,3,2.5,CS,1,0.0661414365938805,0.576046772022357
10010000,2,3,2.5,CS,2,0.0491582432923076,0.453407941360501
10010000,2,3,2.5,nug0.2,0.5,0.0294512465911265,0.293183009147175
10010000,2,3,2.5,nug0.2,1,0.0257314723874205,0.261695468946726
10010000,2,3,2.5,nug0.2,2,0.0189139765287179,0.20386770948143
10010000,2,3,2.5,nug0.5,0.5,0.0262528817328409,0.266133622786672
10010000,2,3,2.5,nug0.5,1,0.0229275491410574,0.237898857954684
10010000,2,3,2.5,nug0.5,2,0.0168400902762672,0.186341944693597
10010000,2,3,3,CS,0.5,0.0761904467261191,0.640001266469665
10010000,2,3,3,CS,1,0.0694644725173056,0.597942770243489
10010000,2,3,3,CS,2,0.0540474201875015,0.490469167722096
10010000,2,3,3,nug0.2,0.5,0.0286895319982248,0.286754804528443
10010000,2,3,3,nug0.2,1,0.0260389506266082,0.264308410823093
10010000,2,3,3,nug0.2,2,0.0200519672334301,0.213508692938006
10010000,2,3,3,nug0.5,0.5,0.0260179682280666,0.264143126314707
10010000,2,3,3,nug0.5,1,0.0236082235670599,0.243683360865572
10010000,2,3,3,nug0.5,2,0.0181696880970786,0.197569922673238
10010000,2,3,4,CS,0.5,0.076888912322715,0.644191705068809
10010000,2,3,4,CS,1,0.0733546554270758,0.622643162360645
10010000,2,3,4,CS,2,0.0612765282272158,0.542706797425371
10010000,2,3,4,nug0.2,0.5,0.0273263376120758,0.275227826039824
10010000,2,3,4,nug0.2,1,0.0260061841306402,0.264039234547314
10010000,2,3,4,nug0.2,2,0.0215431639033787,0.226145861502427
10010000,2,3,4,nug0.5,0.5,0.0254054049017038,0.25894854475235
10010000,2,3,4,nug0.5,1,0.0241757501081423,0.248509372685522
10010000,2,3,4,nug0.5,2,0.0200204094441121,0.213228722043714
11010000,3,3,0.5,CS,0.5,0.0589955762270573,0.524590896348707
11010000,3,3,0.5,CS,1,0.0413038160195243,0.378991789983526
11010000,3,3,0.5,CS,2,0.0304229592265423,0.268106692129826
11010000,3,3,0.5,nug0.2,0.5,0.0251924094988903,0.255969653731418
11010000,3,3,0.5,nug0.2,1,0.0175041263516287,0.185972747964288
11010000,3,3,0.5,nug0.2,2,0.0128705775834663,0.138450196110152
11010000,3,3,0.5,nug0.5,0.5,0.0214720278229303,0.224543876760955
11010000,3,3,0.5,nug0.5,1,0.0149068159075854,0.164976067547816
11010000,3,3,0.5,nug0.5,2,0.0109587333317668,0.124794479068469
11010000,3,3,1,CS,0.5,0.0780471450566429,0.650955979932802
11010000,3,3,1,CS,1,0.0589955762270573,0.524590896348707
11010000,3,3,1,CS,2,0.0413038160195243,0.378991789983526
11010000,3,3,1,nug0.2,0.5,0.0251715072817952,0.256899295765081
11010000,3,3,1,nug0.2,1,0.0187809811495798,0.201849388159492
11010000,3,3,1,nug0.2,2,0.0130307980887554,0.14992682674818
11010000,3,3,1,nug0.5,0.5,0.0243549512282673,0.249971468519356
11010000,3,3,1,nug0.5,1,0.0181681128991322,0.196692298061564
11010000,3,3,1,nug0.5,2,0.0126038612467879,0.146518176718065
11010000,3,3,1.5,CS,0.5,0.0865482138965155,0.69872057096981
11010000,3,3,1.5,CS,1,0.0705225404894564,0.604358587947805
11010000,3,3,1.5,CS,2,0.0510297122848024,0.462942916344747
11010000,3,3,1.5,nug0.2,0.5,0.0250742568837905,0.256131662735921
11010000,3,3,1.5,nug0.2,1,0.0201847487794519,0.214438802893321
11010000,3,3,1.5,nug0.2,2,0.0144179287397626,0.164244180938801
11010000,3,3,1.5,nug0.5,0.5,0.0253373101944768,0.258363358574052
11010000,3,3,1.5,nug0.5,1,0.0203975590152012,0.216241506766553
11010000,3,3,1.5,nug0.5,2,0.0145707262486003,0.165506196876348
11010000,3,3,2,CS,0.5,0.0906110433035496,0.719785485652191
11010000,3,3,2,CS,1,0.0780471450566429,0.650955979932802
11010000,3,3,2,CS,2,0.0589955762270573,0.524590896348707
11010000,3,3,2,nug0.2,0.5,0.0251627993785262,0.256889139112109
11010000,3,3,2,nug0.2,1,0.0214612086060318,0.225410509691087
11010000,3,3,2,nug0.2,2,0.015998172961685,0.178484572401983
11010000,3,3,2,nug0.5,0.5,0.0258501467207594,0.262719220692794
11010000,3,3,2,nug0.5,1,0.0220497135716286,0.230404731603259
11010000,3,3,2,nug0.5,2,0.0164392288474034,0.182177928952591
11010000,3,3,2.5,CS,0.5,0.0926050992348843,0.729717547857987
11010000,3,3,2.5,CS,1,0.0830943525645881,0.679924337009497
11010000,3,3,2.5,CS,2,0.065389198837365,0.570134152159746
11010000,3,3,2.5,nug0.2,0.5,0.0253730031015657,0.258673444655905
11010000,3,3,2.5,nug0.2,1,0.022595768111603,0.2350797648902
11010000,3,3,2.5,nug0.2,2,0.0175430267656311,0.191909241624422
11010000,3,3,2.5,nug0.5,0.5,0.0262056115089543,0.265733898476455
11010000,3,3,2.5,nug0.5,1,0.023339417477201,0.241393475146079
11010000,3,3,2.5,nug0.5,2,0.0181233647078513,0.196801814625915
11010000,3,3,3,CS,0.5,0.0935938821916698,0.734544429420466
11010000,3,3,3,CS,1,0.0865482138965155,0.69872057096981
11010000,3,3,3,CS,2,0.0705225404894564,0.604358587947805
11010000,3,3,3,nug0.2,0.5,0.0256447973313474,0.260979023447645
11010000,3,3,3,nug0.2,1,0.0235814265218155,0.243460605519942
11010000,3,3,3,nug0.2,2,0.018977464449264,0.20422019087809
11010000,3,3,3,nug0.5,0.5,0.026493171890212,0.268171243507261
11010000,3,3,3,nug0.5,1,0.0243632451084479,0.250097692375816
11010000,3,3,3,nug0.5,2,0.0196096499059877,0.209569197075324
11010000,3,3,4,CS,0.5,0.0943320998563677,0.738106031508325
11010000,3,3,4,CS,1,0.0906110433035496,0.719785485652191
11010000,3,3,4,CS,2,0.0780471450566429,0.650955979932802
11010000,3,3,4,nug0.2,0.5,0.026228815402815,0.265930847799621
11010000,3,3,4,nug0.2,1,0.0251197155102176,0.256523596832568
11010000,3,3,4,nug0.2,2,0.0214243243494754,0.225097545660656
11010000,3,3,4,nug0.5,0.5,0.0269609487627462,0.272134083845837
11010000,3,3,4,nug0.5,1,0.0258217106845112,0.262478094510638
11010000,3,3,4,nug0.5,2,0.0220253643092824,0.230198073282853
10110000,3,3,0.5,CS,0.5,0.0529269781862847,0.481889862186891
10110000,3,3,0.5,CS,1,0.030532240541626,0.300365973766756
10110000,3,3,0.5,CS,2,0.0167013274639528,0.178554758347656
10110000,3,3,0.5,nug0.2,0.5,0.0259474383933845,0.263415509099842
10110000,3,3,0.5,nug0.2,1,0.0147968458284497,0.168166136114067
10110000,3,3,0.5,nug0.2,2,0.00804388132989856,0.110137227779336
10110000,3,3,0.5,nug0.5,0.5,0.0206277800058215,0.218289230994606
10110000,3,3,0.5,nug0.5,1,0.0117367353502019,0.142846380305201
10110000,3,3,0.5,nug0.5,2,0.00637267606180839,0.0973066488772831
10110000,3,3,1,CS,0.5,0.0763743416891431,0.641092570590485
10110000,3,3,1,CS,1,0.0529269781862847,0.481889862186891
10110000,3,3,1,CS,2,0.030532240541626,0.300365973766756
10110000,3,3,1,nug0.2,0.5,0.0282358110515042,0.28291122395718
10110000,3,3,1,nug0.2,1,0.0192605906595693,0.206706272242938
10110000,3,3,1,nug0.2,2,0.0109524930366282,0.136410222583695
10110000,3,3,1,nug0.5,0.5,0.0258114740088282,0.26238326618714
10110000,3,3,1,nug0.5,1,0.0175929857899201,0.192607843604152
10110000,3,3,1,nug0.5,2,0.00999715592279403,0.128603886237626
10110000,3,3,1.5,CS,0.5,0.0861148882751719,0.696417822321505
10110000,3,3,1.5,CS,1,0.067293839617719,0.583707996263855
10110000,3,3,1.5,CS,2,0.0428593825979195,0.403259429740825
10110000,3,3,1.5,nug0.2,0.5,0.0281659354218245,0.282327944232229
10110000,3,3,1.5,nug0.2,1,0.0217096395353057,0.227553777375242
10110000,3,3,1.5,nug0.2,2,0.0135886821536133,0.158823541324308
10110000,3,3,1.5,nug0.5,0.5,0.0271668389988383,0.273875002839483
10110000,3,3,1.5,nug0.5,1,0.0209346333922716,0.220977173447658
10110000,3,3,1.5,nug0.5,2,0.013099748746005,0.154751434224648
10110000,3,3,2,CS,0.5,0.0905010554289752,0.719230959921917
10110000,3,3,2,CS,1,0.0763743416891431,0.641092570590485
10110000,3,3,2,CS,2,0.0529269781862847,0.481889862186891
10110000,3,3,2,nug0.2,0.5,0.0278790772836477,0.279904122472547
10110000,3,3,2,nug0.2,1,0.0232773420000862,0.240877302948523
10110000,3,3,2,nug0.2,2,0.0158526664942997,0.177944749937564
10110000,3,3,2,nug0.5,0.5,0.027561492826091,0.277217341994234
10110000,3,3,2,nug0.5,1,0.0230109383903741,0.238615370378524
10110000,3,3,2,nug0.5,2,0.0156698798882243,0.176408348652996
10110000,3,3,2.5,CS,0.5,0.0925774088007969,0.729581559733828
10110000,3,3,2.5,CS,1,0.082239601844571,0.675180405933474
10110000,3,3,2.5,CS,2,0.0609424147608773,0.540307485051621
10110000,3,3,2.5,nug0.2,0.5,0.0276695663139647,0.278132338082416
10110000,3,3,2.5,nug0.2,1,0.0243851452997251,0.250286547429167
10110000,3,3,2.5,nug0.2,2,0.0177806879691426,0.194247729370888
10110000,3,3,2.5,nug0.5,0.5,0.0276857869567827,0.278269574797858
10110000,3,3,2.5,nug0.5,1,0.0243994888126496,0.250408296022685
10110000,3,3,2.5,nug0.5,2,0.0177912173662992,0.194336681337743
10110000,3,3,3,CS,0.5,0.0935869362189802,0.734510761561534
10110000,3,3,3,CS,1,0.0861148882751719,0.696417822321505
10110000,3,3,3,CS,2,0.067293839617719,0.583707996263855
10110000,3,3,3,nug0.2,0.5,0.0275564702671201,0.277175533979478
10110000,3,3,3,nug0.2,1,0.0252097886728272,0.257286675682769
10110000,3,3,3,nug0.2,2,0.01941759190904,0.208115751166811
10110000,3,3,3,nug0.5,0.5,0.0277346942634014,0.278683492394576
10110000,3,3,3,nug0.5,1,0.0253732311067536,0.25867323267704
10110000,3,3,3,nug0.5,2,0.0195442336577712,0.20918861151965
10110000,3,3,4,CS,0.5,0.0943316646598418,0.738103942649176
10110000,3,3,4,CS,1,0.0905010554289752,0.719230959921917
10110000,3,3,4,CS,2,0.0763743416891431,0.641092570590485
10110000,3,3,4,nug0.2,0.5,0.0275230719304654,0.276892955594465
10110000,3,3,4,nug0.2,1,0.0263265797776106,0.266758772933495
10110000,3,3,4,nug0.2,2,0.0219753125685227,0.229822744138442
10110000,3,3,4,nug0.5,0.5,0.027800778969258,0.27924258461227
10110000,3,3,4,nug0.5,1,0.0265925442716809,0.269012600516485
10110000,3,3,4,nug0.5,2,0.0221983197097767,0.231715949994699
11110000,4,1,0.5,CS,0.5,0.0807795599369031,0.661216925216743
11110000,4,1,0.5,CS,1,0.0662756779781194,0.549111992329653
11110000,4,1,0.5,CS,2,0.0564594873257826,0.437003302899923
11110000,4,1,0.5,nug0.2,0.5,0.0261025011876695,0.261405310104827
11110000,4,1,0.5,nug0.2,1,0.0213931797658323,0.211612797629545
11110000,4,1,0.5,nug0.2,2,0.018314806942126,0.170034423733732
11110000,4,1,0.5,nug0.5,0.5,0.0252948124575458,0.25464921702069
11110000,4,1,0.5,nug0.5,1,0.0207309647313456,0.206381872842788
11110000,4,1,0.5,nug0.5,2,0.0177491624150109,0.16613322931031
11110000,4,1,1,CS,0.5,0.092957699598211,0.730881487617306
11110000,4,1,1,CS,1,0.0807795599369031,0.661216925216743
11110000,4,1,1,CS,2,0.0662756779781194,0.549111992329653
11110000,4,1,1,nug0.2,0.5,0.0218486699207085,0.228438170618597
11110000,4,1,1,nug0.2,1,0.0188620981627186,0.20086487008359
11110000,4,1,1,nug0.2,2,0.0154574730682302,0.16501432255908
11110000,4,1,1,nug0.5,0.5,0.0237688931964732,0.24471661832755
11110000,4,1,1,nug0.5,1,0.020523353727322,0.214729968310183
11110000,4,1,1,nug0.5,2,0.01681925560702,0.175636801805216
11110000,4,1,1.5,CS,0.5,0.0970650682203934,0.75088489050833
11110000,4,1,1.5,CS,1,0.0886349028227552,0.708067259084968
11110000,4,1,1.5,CS,2,0.0745656948052362,0.618110091541383
11110000,4,1,1.5,nug0.2,0.5,0.0202678628539015,0.21529006451648
11110000,4,1,1.5,nug0.2,1,0.0183962470788708,0.19874060092405
11110000,4,1,1.5,nug0.2,2,0.015390859759902,0.169850863063579
11110000,4,1,1.5,nug0.5,0.5,0.022884778694092,0.237494117112344
11110000,4,1,1.5,nug0.5,1,0.020775702583949,0.218810565646676
11110000,4,1,1.5,nug0.5,2,0.0173846486236992,0.186102422271248
11110000,4,1,2,CS,0.5,0.0987548797303405,0.75867960762627
11110000,4,1,2,CS,1,0.092957699598211,0.730881487617306
11110000,4,1,2,CS,2,0.0807795599369031,0.661216925216743
11110000,4,1,2,nug0.2,0.5,0.0197878488979598,0.211261900975659
11110000,4,1,2,nug0.2,1,0.0185406555847113,0.20043826032113
11110000,4,1,2,nug0.2,2,0.0160015587499454,0.1770907495043
11110000,4,1,2,nug0.5,0.5,0.0226195885052845,0.235288498487773
11110000,4,1,2,nug0.5,1,0.0211973799164362,0.222918913736681
11110000,4,1,2,nug0.5,2,0.0182987737398143,0.196171507103691
11110000,4,1,2.5,CS,0.5,0.0995249689041214,0.762152047051742
11110000,4,1,2.5,CS,1,0.0954929438987082,0.743410062153378
11110000,4,1,2.5,CS,2,0.0853147292909986,0.689180465834177
11110000,4,1,2.5,nug0.2,0.5,0.0198448356684378,0.21175329953372
11110000,4,1,2.5,nug0.2,1,0.0189770773467033,0.204291600133918
11110000,4,1,2.5,nug0.2,2,0.0168405104754011,0.185127638124742
11110000,4,1,2.5,nug0.5,0.5,0.0227201558069896,0.236151879610298
11110000,4,1,2.5,nug0.5,1,0.0217292818116893,0.22761418000944
11110000,4,1,2.5,nug0.5,2,0.0192874144841557,0.205642920967805
11110000,4,1,3,CS,0.5,0.0998931146484856,0.763794793265597
11110000,4,1,3,CS,1,0.0970650682203934,0.75088489050833
11110000,4,1,3,CS,2,0.0886349028227552,0.708067259084968
11110000,4,1,3,nug0.2,0.5,0.0201871652566469,0.214657418772538
11110000,4,1,3,nug0.2,1,0.0195685391974435,0.209363694226175
11110000,4,1,3,nug0.2,2,0.0177605437979988,0.193390867610967
11110000,4,1,3,nug0.5,0.5,0.0230255337868548,0.238747009064909
11110000,4,1,3,nug0.5,1,0.0223218304599372,0.232715584899165
11110000,4,1,3,nug0.5,2,0.0202637550538188,0.214487601093638
11110000,4,1,4,CS,0.5,0.100162220743566,0.764988608556878
11110000,4,1,4,CS,1,0.0987548797303405,0.75867960762627
11110000,4,1,4,CS,2,0.092957699598211,0.730881487617306
11110000,4,1,4,nug0.2,0.5,0.0212656807253945,0.223807307370101
11110000,4,1,4,nug0.2,1,0.020941535681193,0.221045229850022
11110000,4,1,4,nug0.2,2,0.0196229338459206,0.209587861500225
11110000,4,1,4,nug0.5,0.5,0.0239098489178482,0.246256017589595
11110000,4,1,4,nug0.5,1,0.0235463525580028,0.243157082772907
11110000,4,1,4,nug0.5,2,0.0220670545726419,0.230289219491425
10001000,2,3,0.5,CS,0.5,0.0425679263168678,0.401282333860844
10001000,2,3,0.5,CS,1,0.0263079401311627,0.26229273137763
10001000,2,3,0.5,CS,2,0.0170405345150699,0.174018011136486
10001000,2,3,0.5,nug0.2,0.5,0.0331826547703458,0.32431899435418
10001000,2,3,0.5,nug0.2,1,0.0204404262166288,0.213377060152284
10001000,2,3,0.5,nug0.2,2,0.0132242054421087,0.145117620024504
10001000,2,3,0.5,nug0.5,0.5,0.0202440065554871,0.215011102513926
10001000,2,3,0.5,nug0.5,1,0.0124142652472264,0.147151732301731
10001000,2,3,0.5,nug0.5,2,0.00801855199960554,0.106563322002001
10001000,2,3,1,CS,0.5,0.061148571719377,0.541816344039253
10001000,2,3,1,CS,1,0.0425679263168678,0.401282333860844
10001000,2,3,1,CS,2,0.0263079401311627,0.26229273137763
10001000,2,3,1,nug0.2,0.5,0.0374768482287739,0.360105502397031
10001000,2,3,1,nug0.2,1,0.0258919338169265,0.262913805677061
10001000,2,3,1,nug0.2,2,0.0159089146895419,0.175805165755048
10001000,2,3,1,nug0.5,0.5,0.0265531044362196,0.268663350238515
10001000,2,3,1,nug0.5,1,0.0182812087519718,0.198398720527614
10001000,2,3,1,nug0.5,2,0.011202993841716,0.137314788921855
10001000,2,3,1.5,CS,0.5,0.069444882207263,0.597816687666032
10001000,2,3,1.5,CS,1,0.0537526604997201,0.488277857371698
10001000,2,3,1.5,CS,2,0.0350787885538071,0.339165515624588
10001000,2,3,1.5,nug0.2,0.5,0.0367924393586771,0.354472670678472
10001000,2,3,1.5,nug0.2,1,0.0282543296256922,0.28307731491821
10001000,2,3,1.5,nug0.2,2,0.0182731025044472,0.197796840473736
10001000,2,3,1.5,nug0.5,0.5,0.0282899326619857,0.283365394915539
10001000,2,3,1.5,nug0.5,1,0.0216804717154986,0.227327517087503
10001000,2,3,1.5,nug0.5,2,0.0139891864846878,0.161892064756811
10001000,2,3,2,CS,0.5,0.0733519825838116,0.622626611240613
10001000,2,3,2,CS,1,0.061148571719377,0.541816344039253
10001000,2,3,2,CS,2,0.0425679263168678,0.401282333860844
10001000,2,3,2,nug0.2,0.5,0.0350084553638666,0.3397187032218
10001000,2,3,2,nug0.2,1,0.0289848319372779,0.289231716338219
10001000,2,3,2,nug0.2,2,0.0199708463614975,0.212696715768821
10001000,2,3,2,nug0.5,0.5,0.0284215938040622,0.284486877083743
10001000,2,3,2,nug0.5,1,0.0235037407856663,0.242793908956714
10001000,2,3,2,nug0.5,2,0.0161661099572749,0.180560908277857
10001000,2,3,2.5,CS,0.5,0.0752523614767373,0.634320258951111
10001000,2,3,2.5,CS,1,0.0660902373502927,0.575706474865489
10001000,2,3,2.5,CS,2,0.0487345926010024,0.450117863776653
10001000,2,3,2.5,nug0.2,0.5,0.0331216614022766,0.324005074669339
10001000,2,3,2.5,nug0.2,1,0.0289289051994688,0.288757625274141
10001000,2,3,2.5,nug0.2,2,0.0211113257492241,0.222485020238547
10001000,2,3,2.5,nug0.5,0.5,0.0279802828949709,0.280759522095857
10001000,2,3,2.5,nug0.5,1,0.0244219515180793,0.250586918617881
10001000,2,3,2.5,nug0.5,2,0.0177999700448494,0.194436851096957
10001000,2,3,3,CS,0.5,0.0761904023459133,0.64000099945213
10001000,2,3,3,CS,1,0.069444882207263,0.597816687666032
10001000,2,3,3,CS,2,0.0537526604997201,0.488277857371698
10001000,2,3,3,nug0.2,0.5,0.0314230217597083,0.309777927353367
10001000,2,3,3,nug0.2,1,0.0285189046633867,0.285300283167918
10001000,2,3,3,nug0.2,2,0.0218571528005026,0.228827321168965
10001000,2,3,3,nug0.5,0.5,0.0273673336336251,0.275574533018145
10001000,2,3,3,nug0.5,1,0.0248284569318876,0.254041455466576
10001000,2,3,3,nug0.5,2,0.0190118722727206,0.204698696720102
10001000,2,3,4,CS,0.5,0.0768889116190717,0.64419170086557
10001000,2,3,4,CS,1,0.0733519825838116,0.622626611240613
10001000,2,3,4,CS,2,0.061148571719377,0.541816344039253
10001000,2,3,4,nug0.2,0.5,0.0287894175731633,0.287598733719662
10001000,2,3,4,nug0.2,1,0.0273995211247,0.275842847622501
10001000,2,3,4,nug0.2,2,0.0226543999409994,0.235582708386213
10001000,2,3,4,nug0.5,0.5,0.0261784480376633,0.265503888573297
10001000,2,3,4,nug0.5,1,0.0249113760194724,0.254752942101854
10001000,2,3,4,nug0.5,2,0.020588045703692,0.218045296585366
11001000,3,3,0.5,CS,0.5,0.0565321562912025,0.505231959657331
11001000,3,3,0.5,CS,1,0.038952282705565,0.354353586333421
11001000,3,3,0.5,CS,2,0.0292205213962237,0.250528121313804
11001000,3,3,0.5,nug0.2,0.5,0.0300063614946088,0.29542230548533
11001000,3,3,0.5,nug0.2,1,0.0205640472503985,0.207415076507279
11001000,3,3,0.5,nug0.2,2,0.0154120374245453,0.152244156283257
11001000,3,3,0.5,nug0.5,0.5,0.0229534737153244,0.236198436127619
11001000,3,3,0.5,nug0.5,1,0.0157082591234966,0.168770915927489
11001000,3,3,0.5,nug0.5,2,0.0117698478815076,0.127110557533937
11001000,3,3,1,CS,0.5,0.0771268035436258,0.64540505908197
11001000,3,3,1,CS,1,0.0565321562912025,0.505231959657331
11001000,3,3,1,CS,2,0.038952282705565,0.354353586333421
11001000,3,3,1,nug0.2,0.5,0.0314393138171425,0.309769768116217
11001000,3,3,1,nug0.2,1,0.0227736240399863,0.234685128118626
11001000,3,3,1,nug0.2,2,0.0155846166305346,0.167793900172859
11001000,3,3,1,nug0.5,0.5,0.0275379417476761,0.276888356201218
11001000,3,3,1,nug0.5,1,0.0199276860230786,0.210758123735478
11001000,3,3,1,nug0.5,2,0.0136292917717507,0.152402690879945
11001000,3,3,1.5,CS,0.5,0.0862941849655234,0.69735999673391
11001000,3,3,1.5,CS,1,0.0689005285232022,0.593501281182587
11001000,3,3,1.5,CS,2,0.0483631238844374,0.439377907119938
11001000,3,3,1.5,nug0.2,0.5,0.0313222121138795,0.308917483416411
11001000,3,3,1.5,nug0.2,1,0.0247190542778664,0.252670743887173
11001000,3,3,1.5,nug0.2,2,0.0171544984401618,0.185549986949017
11001000,3,3,1.5,nug0.5,0.5,0.0289511085671605,0.288950574068538
11001000,3,3,1.5,nug0.5,1,0.0228364170267799,0.236718791510273
11001000,3,3,1.5,nug0.5,2,0.0158403936802254,0.174734949399556
11001000,3,3,2,CS,0.5,0.09054551157257,0.719453973553075
11001000,3,3,2,CS,1,0.0771268035436258,0.64540505908197
11001000,3,3,2,CS,2,0.0565321562912025,0.505231959657331
11001000,3,3,2,nug0.2,0.5,0.0309090352675136,0.305458146892634
11001000,3,3,2,nug0.2,1,0.0260781641844736,0.264529270170113
11001000,3,3,2,nug0.2,2,0.0188642834241568,0.201835489097804
11001000,3,3,2,nug0.5,0.5,0.0293448030144677,0.292284574239993
11001000,3,3,2,nug0.5,1,0.0247522452487012,0.253287668061718
11001000,3,3,2,nug0.5,2,0.017899081567619,0.193750087283093
11001000,3,3,2.5,CS,0.5,0.0925885246561495,0.729636020090109
11001000,3,3,2.5,CS,1,0.0826036505579549,0.677165853461274
11001000,3,3,2.5,CS,2,0.0633324881916555,0.55535464169369
11001000,3,3,2.5,nug0.2,0.5,0.0304648023848899,0.301723276355342
11001000,3,3,2.5,nug0.2,1,0.0269813200068551,0.272268376347309
11001000,3,3,2.5,nug0.2,2,0.0204143442070751,0.215790978071168
11001000,3,3,2.5,nug0.5,0.5,0.0293725799509487,0.292520468072092
11001000,3,3,2.5,nug0.5,1,0.0260106548741247,0.264044390483114
11001000,3,3,2.5,nug0.5,2,0.0196754205746275,0.209553375728804
11001000,3,3,3,CS,0.5,0.0935897184431653,0.734524231642323
11001000,3,3,3,CS,1,0.0862941849655234,0.69735999673391
11001000,3,3,3,CS,2,0.0689005285232022,0.593501281182587
11001000,3,3,3,nug0.2,0.5,0.03005323261801,0.298258333599989
11001000,3,3,3,nug0.2,1,0.0275603090642272,0.277195163232863
11001000,3,3,3,nug0.2,2,0.021733007554241,0.227369433976797
11001000,3,3,3,nug0.5,0.5,0.0292643846584715,0.291607962762587
11001000,3,3,3,nug0.5,1,0.0268350905547433,0.271055479051283
11001000,3,3,3,nug0.5,2,0.0211579018401137,0.222498153271303
11001000,3,3,4,CS,0.5,0.0943318387851679,0.738104778178674
11001000,3,3,4,CS,1,0.09054551157257,0.719453973553075
11001000,3,3,4,CS,2,0.0771268035436258,0.64540505908197
11001000,3,3,4,nug0.2,0.5,0.0293844322833117,0.29262078876736
11001000,3,3,4,nug0.2,1,0.0281240959143235,0.281974990950662
11001000,3,3,4,nug0.2,2,0.0237179736669146,0.24451249357855
11001000,3,3,4,nug0.5,0.5,0.0289588702114025,0.289029545849887
11001000,3,3,4,nug0.5,1,0.0277162659169814,0.278525810276373
11001000,3,3,4,nug0.5,2,0.0233725201052071,0.241580901414957
10101000,3,5,0.5,CS,0.5,0.0417846846671517,0.394921132170907
10101000,3,5,0.5,CS,1,0.0226029480116745,0.232138398290836
10101000,3,5,0.5,CS,2,0.0127553057257545,0.143572119452475
10101000,3,5,0.5,nug0.2,0.5,0.0268781601569702,0.271220966963142
10101000,3,5,0.5,nug0.2,1,0.014443344740305,0.164227351620082
10101000,3,5,0.5,nug0.2,2,0.00812825873227591,0.108606147536135
10101000,3,5,0.5,nug0.5,0.5,0.0183804897689816,0.199205556709536
10101000,3,5,0.5,nug0.5,1,0.00983996291385883,0.126643946906376
10101000,3,5,0.5,nug0.5,2,0.00552904374237197,0.0894193537049129
10101000,3,5,1,CS,0.5,0.067712232809115,0.586514810910186
10101000,3,5,1,CS,1,0.0417846846671517,0.394921132170907
10101000,3,5,1,CS,2,0.0226029480116745,0.232138398290836
10101000,3,5,1,nug0.2,0.5,0.0343075933883863,0.333897133989138
10101000,3,5,1,nug0.2,1,0.0208861877510297,0.220417975454192
10101000,3,5,1,nug0.2,2,0.0111937605558517,0.13761369911669
10101000,3,5,1,nug0.5,0.5,0.0269734982301232,0.272240289200164
10101000,3,5,1,nug0.5,1,0.0163729067783256,0.182272305964531
10101000,3,5,1,nug0.5,2,0.00875745003705159,0.117931311101872
10101000,3,5,1.5,CS,0.5,0.0810808915573017,0.668638663953502
10101000,3,5,1.5,CS,1,0.0567849759245084,0.51062191338304
10101000,3,5,1.5,CS,2,0.0326087445196742,0.318729265264023
10101000,3,5,1.5,nug0.2,0.5,0.0367720789896102,0.354319291866876
10101000,3,5,1.5,nug0.2,1,0.0253866244150795,0.258780377915392
10101000,3,5,1.5,nug0.2,2,0.0143787140526858,0.165183145202201
10101000,3,5,1.5,nug0.5,0.5,0.0306899074638005,0.303615961043465
10101000,3,5,1.5,nug0.5,1,0.0211462988221184,0.222786711285812
10101000,3,5,1.5,nug0.5,2,0.0119549492782494,0.145052098579544
10101000,3,5,2,CS,0.5,0.0878142307666703,0.705411600121017
10101000,3,5,2,CS,1,0.067712232809115,0.586514810910186
10101000,3,5,2,CS,2,0.0417846846671517,0.394921132170907
10101000,3,5,2,nug0.2,0.5,0.037400208326449,0.359494905436275
10101000,3,5,2,nug0.2,1,0.0284784277475629,0.284971644719335
10101000,3,5,2,nug0.2,2,0.0172968470530381,0.190056586754425
10101000,3,5,2,nug0.5,0.5,0.0322277140565887,0.31652639161484
10101000,3,5,2,nug0.5,1,0.0245084095168666,0.251337081659399
10101000,3,5,2,nug0.5,2,0.0148618934402206,0.169581580095271
10101000,3,5,2.5,CS,0.5,0.091192001957851,0.722707660634626
10101000,3,5,2.5,CS,1,0.0755258469203973,0.6359821570447
10101000,3,5,2.5,CS,2,0.0498454878118154,0.458624995932016
10101000,3,5,2.5,nug0.2,0.5,0.0372612068727377,0.358351489578221
10101000,3,5,2.5,nug0.2,1,0.0305485864025022,0.30242723316518
10101000,3,5,2.5,nug0.2,2,0.0198338866063249,0.211625032379441
10101000,3,5,2.5,nug0.5,0.5,0.0327596361738315,0.320979716604674
10101000,3,5,2.5,nug0.5,1,0.0268353726820125,0.271069211833822
10101000,3,5,2.5,nug0.5,2,0.0173997203052731,0.19103303473438
10101000,3,5,3,CS,0.5,0.09288377277208,0.731084698508834
10101000,3,5,3,CS,1,0.0810808915573017,0.668638663953502
10101000,3,5,3,CS,2,0.0567849759245084,0.51062191338304
10101000,3,5,3,nug0.2,0.5,0.0367959604317577,0.354517994565439
10101000,3,5,3,nug0.2,1,0.0318698825551616,0.313526243344619
10101000,3,5,3,nug0.2,2,0.02196765168349,0.229757978017601
10101000,3,5,3,nug0.5,0.5,0.032819853301394,0.321483532565442
10101000,3,5,3,nug0.5,1,0.0284103806378164,0.284395253434115
10101000,3,5,3,nug0.5,2,0.0195613331317866,0.209346202850425
10101000,3,5,4,CS,0.5,0.0941539155985162,0.737249661797293
10101000,3,5,4,CS,1,0.0878142307666703,0.705411600121017
10101000,3,5,4,CS,2,0.067712232809115,0.586514810910186
10101000,3,5,4,nug0.2,0.5,0.0355768726280339,0.344439269168877
10101000,3,5,4,nug0.2,1,0.0330375388564404,0.32330283016987
10101000,3,5,4,nug0.2,2,0.0251292989289999,0.256606092657474
10101000,3,5,4,nug0.5,0.5,0.0324081357158378,0.318038212494838
10101000,3,5,4,nug0.5,1,0.0300879185793987,0.298549894278806
10101000,3,5,4,nug0.5,2,0.0228690340288059,0.237418806201053
11101000,4,3,0.5,CS,0.5,0.0621944775339782,0.542426528627396
11101000,4,3,0.5,CS,1,0.0453380372136574,0.396471291370178
11101000,4,3,0.5,CS,2,0.0360630332247817,0.291347550830446
11101000,4,3,0.5,nug0.2,0.5,0.0252988844613555,0.25416004633864
11101000,4,3,0.5,nug0.2,1,0.0183554756666606,0.186332400279512
11101000,4,3,0.5,nug0.2,2,0.0146021461722894,0.143085883528114
11101000,4,3,0.5,nug0.5,0.5,0.0220999361909047,0.227449184538364
11101000,4,3,0.5,nug0.5,1,0.0160280610086167,0.16828575092217
11101000,4,3,0.5,nug0.5,2,0.012750706930292,0.130764199581301
11101000,4,3,1,CS,0.5,0.0822933440430536,0.674815280751534
11101000,4,3,1,CS,1,0.0621944775339782,0.542426528627396
11101000,4,3,1,CS,2,0.0453380372136574,0.396471291370178
11101000,4,3,1,nug0.2,0.5,0.0251839856621642,0.256667491859693
11101000,4,3,1,nug0.2,1,0.0188027048904513,0.199972151627801
11101000,4,3,1,nug0.2,2,0.0136311072483615,0.14985572258385
11101000,4,3,1,nug0.5,0.5,0.024904329388869,0.254298525870236
11101000,4,3,1,nug0.5,1,0.0185928171884113,0.198227342852982
11101000,4,3,1,nug0.5,2,0.0134785947651746,0.148689285386076
11101000,4,3,1.5,CS,0.5,0.0915499886282112,0.724389390914
11101000,4,3,1.5,CS,1,0.0741865958002997,0.625823576449642
11101000,4,3,1.5,CS,2,0.0543445851518453,0.479457185995331
11101000,4,3,1.5,nug0.2,0.5,0.0251998611027428,0.257137139804632
11101000,4,3,1.5,nug0.2,1,0.020164826250804,0.213534560357603
11101000,4,3,1.5,nug0.2,2,0.0146158897958606,0.162970377981267
11101000,4,3,1.5,nug0.5,0.5,0.0259774918905523,0.263730757994557
11101000,4,3,1.5,nug0.5,1,0.0207901188470395,0.218810989824333
11101000,4,3,1.5,nug0.5,2,0.0150709285197767,0.166643226186188
11101000,4,3,2,CS,0.5,0.0959641894572585,0.74583193609167
11101000,4,3,2,CS,1,0.0822933440430536,0.674815280751534
11101000,4,3,2,CS,2,0.0621944775339782,0.542426528627396
11101000,4,3,2,nug0.2,0.5,0.0253832540786968,0.258746527366948
11101000,4,3,2,nug0.2,1,0.021538030131848,0.225769050086364
11101000,4,3,2,nug0.2,2,0.0160682818204727,0.177301969833093
11101000,4,3,2,nug0.5,0.5,0.0265659189916493,0.268773025153453
11101000,4,3,2,nug0.5,1,0.0225455039213021,0.23430708152058
11101000,4,3,2,nug0.5,2,0.016823455213296,0.183548207716951
11101000,4,3,2.5,CS,0.5,0.0981223673567964,0.755827395742721
11101000,4,3,2.5,CS,1,0.0877870554736449,0.705012440889786
11101000,4,3,2.5,CS,2,0.0687664446716163,0.589861705367436
11101000,4,3,2.5,nug0.2,0.5,0.025683880976876,0.261307285480606
11101000,4,3,2.5,nug0.2,1,0.0227904712031063,0.236606397313236
11101000,4,3,2.5,nug0.2,2,0.0176146894066572,0.191411927204237
11101000,4,3,2.5,nug0.5,0.5,0.0269930626286177,0.272402650350271
11101000,4,3,2.5,nug0.5,1,0.0239557058719884,0.246493302562346
11101000,4,3,2.5,nug0.5,2,0.0185196893138725,0.198990617070777
11101000,4,3,3,CS,0.5,0.099190094025916,0.760657021003072
11101000,4,3,3,CS,1,0.0915499886282112,0.724389390914
11101000,4,3,3,CS,2,0.0741865958002997,0.625823576449642
11101000,4,3,3,nug0.2,0.5,0.0260478114683964,0.264395667331824
11101000,4,3,3,nug0.2,1,0.0238942467399962,0.246059011920554
11101000,4,3,3,nug0.2,2,0.0191153935385645,0.204687492999997
11101000,4,3,3,nug0.5,0.5,0.0273527797925741,0.275450850720215
11101000,4,3,3,nug0.5,1,0.0250940628434196,0.256239749592898
11101000,4,3,3,nug0.5,2,0.0200797680506837,0.212817069504828
11101000,4,3,4,CS,0.5,0.0999861513814925,0.764208735471651
11101000,4,3,4,CS,1,0.0959641894572585,0.74583193609167
11101000,4,3,4,CS,2,0.0822933440430536,0.674815280751534
11101000,4,3,4,nug0.2,0.5,0.0268225651500813,0.270961953848853
11101000,4,3,4,nug0.2,1,0.0256602262992221,0.261095666716928
11101000,4,3,4,nug0.2,2,0.0217739419379149,0.227768029068929
11101000,4,3,4,nug0.5,0.5,0.0279653270132723,0.280634278275642
11101000,4,3,4,nug0.5,1,0.0267548204643037,0.270373351086957
11101000,4,3,4,nug0.5,2,0.0227064558203209,0.23567132474335
10011000,3,3,0.5,CS,0.5,0.0504635582504299,0.462572815684346
10011000,3,3,0.5,CS,1,0.0281807072276667,0.278077428313672
10011000,3,3,0.5,CS,2,0.0154988896336342,0.165010875058673
10011000,3,3,0.5,nug0.2,0.5,0.0354701126861048,0.342852662320136
10011000,3,3,0.5,nug0.2,1,0.01968073928642,0.207194865515072
10011000,3,3,0.5,nug0.2,2,0.0107894983174569,0.128823871442676
10011000,3,3,0.5,nug0.5,0.5,0.0231256272730662,0.239103945086392
10011000,3,3,0.5,nug0.5,1,0.0127639851509944,0.150092391828769
10011000,3,3,0.5,nug0.5,2,0.00697941105775856,0.100220779660533
10011000,3,3,1,CS,0.5,0.0754540001761261,0.635487432571476
10011000,3,3,1,CS,1,0.0504635582504299,0.462572815684346
10011000,3,3,1,CS,2,0.0281807072276667,0.278077428313672
10011000,3,3,1,nug0.2,0.5,0.040550867062703,0.38518773709691
10011000,3,3,1,nug0.2,1,0.0267916098693408,0.270137899384209
10011000,3,3,1,nug0.2,2,0.0148104773379406,0.166865538775427
10011000,3,3,1,nug0.5,0.5,0.0310230644794169,0.306376492956769
10011000,3,3,1,nug0.5,1,0.0204291048238246,0.216269256579695
10011000,3,3,1,nug0.5,2,0.011262752736548,0.137878534018244
10011000,3,3,1.5,CS,0.5,0.0858608593441799,0.695052611586319
10011000,3,3,1.5,CS,1,0.0656718276514648,0.572721359183676
10011000,3,3,1.5,CS,2,0.0401927941975545,0.380420863046273
10011000,3,3,1.5,nug0.2,0.5,0.0395098584034808,0.376766765508573
10011000,3,3,1.5,nug0.2,1,0.0298660111832363,0.296543814632184
10011000,3,3,1.5,nug0.2,2,0.0180201689388627,0.195330817053477
10011000,3,3,1.5,nug0.5,0.5,0.0328034899512314,0.321340387303314
10011000,3,3,1.5,nug0.5,1,0.0247546796331402,0.253310248025762
10011000,3,3,1.5,nug0.5,2,0.014906082217102,0.169261420355524
10011000,3,3,2,CS,0.5,0.0904355236979956,0.718899130537701
10011000,3,3,2,CS,1,0.0754540001761261,0.635487432571476
10011000,3,3,2,CS,2,0.0504635582504299,0.462572815684346
10011000,3,3,2,nug0.2,0.5,0.0374741460473595,0.360102545063742
10011000,3,3,2,nug0.2,1,0.0309684275174798,0.305917334242893
10011000,3,3,2,nug0.2,2,0.0203927401937202,0.215961576885893
10011000,3,3,2,nug0.5,0.5,0.0327298320761322,0.32072936449608
10011000,3,3,2,nug0.5,1,0.0270247010410754,0.272636376060664
10011000,3,3,2,nug0.5,2,0.0177715477166285,0.193821288463664
10011000,3,3,2.5,CS,0.5,0.092560834222062,0.729500011453624
10011000,3,3,2.5,CS,1,0.0817488998379378,0.672405208396532
10011000,3,3,2.5,CS,2,0.0588857041151679,0.525396053668371
10011000,3,3,2.5,nug0.2,0.5,0.03554335907054,0.344161239327901
10011000,3,3,2.5,nug0.2,1,0.0311632501229307,0.307581442736635
10011000,3,3,2.5,nug0.2,2,0.0221107124379706,0.230766342229816
10011000,3,3,2.5,nug0.5,0.5,0.0321353545719109,0.315752975982004
10011000,3,3,2.5,nug0.5,1,0.0281629811221788,0.28229165400846
10011000,3,3,2.5,nug0.5,2,0.0199642191720494,0.212573187988243
10011000,3,3,3,CS,0.5,0.0935827724704756,0.734490562482761
10011000,3,3,3,CS,1,0.0858608593441799,0.695052611586319
10011000,3,3,3,CS,2,0.0656718276514648,0.572721359183676
10011000,3,3,3,nug0.2,0.5,0.0339329736788201,0.330776922498266
10011000,3,3,3,nug0.2,1,0.0309650490184424,0.305924933930913
10011000,3,3,3,nug0.2,2,0.0233565077930627,0.241446846920536
10011000,3,3,3,nug0.5,0.5,0.0314519558609121,0.310021150777677
10011000,3,3,3,nug0.5,1,0.0286945929294244,0.286792188409688
10011000,3,3,3,nug0.5,2,0.0216315656561278,0.226809133845499
10011000,3,3,4,CS,0.5,0.094331403588642,0.738102689314394
10011000,3,3,4,CS,1,0.0904355236979956,0.718899130537701
10011000,3,3,4,CS,2,0.0754540001761261,0.635487432571476
10011000,3,3,4,nug0.2,0.5,0.0316357301902052,0.311563659778491
10011000,3,3,4,nug0.2,1,0.0302427493508213,0.299853267121532
10011000,3,3,4,nug0.2,2,0.0249599900294492,0.255134460777947
10011000,3,3,4,nug0.5,0.5,0.0302863487688269,0.300221528798222
10011000,3,3,4,nug0.5,1,0.0289510081555579,0.288962034082004
10011000,3,3,4,nug0.5,2,0.0238883477752213,0.24603974616219
11011000,4,3,0.5,CS,0.5,0.0571515506135747,0.509634225658724
11011000,4,3,0.5,CS,1,0.0359944010659882,0.33430754328563
11011000,4,3,0.5,CS,2,0.0236649159838983,0.216826517231853
11011000,4,3,0.5,nug0.2,0.5,0.0278860017742894,0.277604032307755
11011000,4,3,0.5,nug0.2,1,0.0174047015184504,0.183935470201184
11011000,4,3,0.5,nug0.2,2,0.011396646230283,0.127534000425274
11011000,4,3,0.5,nug0.5,0.5,0.0222757796918521,0.230445969797468
11011000,4,3,0.5,nug0.5,1,0.0138792629988895,0.155736403981295
11011000,4,3,0.5,nug0.5,2,0.00908118068523989,0.111234626959224
11011000,4,3,1,CS,0.5,0.0809466871296965,0.66742440984681
11011000,4,3,1,CS,1,0.0571515506135747,0.509634225658724
11011000,4,3,1,CS,2,0.0359944010659882,0.33430754328563
11011000,4,3,1,nug0.2,0.5,0.0300649405871888,0.298045065281551
11011000,4,3,1,nug0.2,1,0.0209142868726774,0.218999235748185
11011000,4,3,1,nug0.2,2,0.0130255355218173,0.148962615775286
11011000,4,3,1,nug0.5,0.5,0.0274737486930068,0.276185960978736
11011000,4,3,1,nug0.5,1,0.019097470335091,0.203747132746318
11011000,4,3,1,nug0.5,2,0.0118874048872883,0.13997210530063
11011000,4,3,1.5,CS,0.5,0.0912048379130092,0.722686854468771
11011000,4,3,1.5,CS,1,0.0715582270410183,0.610185311840945
11011000,4,3,1.5,CS,2,0.0474374609521344,0.433155017543163
11011000,4,3,1.5,nug0.2,0.5,0.0301758198854909,0.299228141737153
11011000,4,3,1.5,nug0.2,1,0.0233521000485385,0.240876885756046
11011000,4,3,1.5,nug0.2,2,0.0152469283231986,0.170215386310554
11011000,4,3,1.5,nug0.5,0.5,0.0290184657581326,0.289471877937754
11011000,4,3,1.5,nug0.5,1,0.0224506557160441,0.233245375576135
11011000,4,3,1.5,nug0.5,2,0.0146542397487576,0.165346712278202
11011000,4,3,2,CS,0.5,0.0958769642894116,0.745424689498017
11011000,4,3,2,CS,1,0.0809466871296965,0.66742440984681
11011000,4,3,2,CS,2,0.0571515506135747,0.509634225658724
11011000,4,3,2,nug0.2,0.5,0.029972827227877,0.2975666367037
11011000,4,3,2,nug0.2,1,0.0250285271202437,0.255483906616896
11011000,4,3,2,nug0.2,2,0.0173854937130559,0.189413990381571
11011000,4,3,2,nug0.5,0.5,0.0295118842365069,0.293681505990008
11011000,4,3,2,nug0.5,1,0.024641738365581,0.25220518930763
11011000,4,3,2,nug0.5,2,0.0171149120317013,0.18715312229813
11011000,4,3,2.5,CS,0.5,0.0981004510962014,0.755727856340118
11011000,4,3,2.5,CS,1,0.0871034542817543,0.70148537095636
11011000,4,3,2.5,CS,2,0.0651151772049913,0.567128562488083
11011000,4,3,2.5,nug0.2,0.5,0.0297654851426645,0.295830356242367
11011000,4,3,2.5,nug0.2,1,0.0262098691396295,0.265649298530221
11011000,4,3,2.5,nug0.2,2,0.0192873368563429,0.206108571623708
11011000,4,3,2.5,nug0.5,0.5,0.0296623587952375,0.294961054833475
11011000,4,3,2.5,nug0.5,1,0.0261187355108061,0.264877130445371
11011000,4,3,2.5,nug0.5,2,0.0192198250900329,0.205539802987869
11011000,4,3,3,CS,0.5,0.0991846016514531,0.760632417702136
11011000,4,3,3,CS,1,0.0912048379130092,0.722686854468771
11011000,4,3,3,CS,2,0.0715582270410183,0.610185311840945
11011000,4,3,3,nug0.2,0.5,0.0296046391089177,0.294477032690382
11011000,4,3,3,nug0.2,1,0.027056570646171,0.272886555664211
11011000,4,3,3,nug0.2,2,0.0209236325852277,0.220322691940278
11011000,4,3,3,nug0.5,0.5,0.029693571471606,0.295226794387899
11011000,4,3,3,nug0.5,1,0.0271380603026108,0.27357642853975
11011000,4,3,3,nug0.5,2,0.0209870326654644,0.220858995132307
11011000,4,3,4,CS,0.5,0.099985807495955,0.764207210885549
11011000,4,3,4,CS,1,0.0958769642894116,0.745424689498017
11011000,4,3,4,CS,2,0.0809466871296965,0.66742440984681
11011000,4,3,4,nug0.2,0.5,0.0294187081412879,0.292909856955397
11011000,4,3,4,nug0.2,1,0.0281196430801616,0.28192551198451
11011000,4,3,4,nug0.2,2,0.0234738330633579,0.242301736284829
11011000,4,3,4,nug0.5,0.5,0.0296715471411117,0.295041928823047
11011000,4,3,4,nug0.5,1,0.0283616418021318,0.283971045058041
11011000,4,3,4,nug0.5,2,0.0236767991143498,0.244023064607123
10111000,4,3,0.5,CS,0.5,0.0547315923657849,0.493132455698954
10111000,4,3,0.5,CS,1,0.030128261204418,0.292586066660629
10111000,4,3,0.5,CS,2,0.0153024238082211,0.163804835215557
10111000,4,3,0.5,nug0.2,0.5,0.0289251117739231,0.28711470806621
10111000,4,3,0.5,nug0.2,1,0.0157418782473525,0.173616683762109
10111000,4,3,0.5,nug0.2,2,0.0079421276448506,0.107543759292302
10111000,4,3,0.5,nug0.5,0.5,0.0221542615848967,0.230059163924727
10111000,4,3,0.5,nug0.5,1,0.0120212114267929,0.143333899096043
10111000,4,3,0.5,nug0.5,2,0.00605450841372302,0.0935128791339241
10111000,4,3,1,CS,0.5,0.0806123296266732,0.665564466777182
10111000,4,3,1,CS,1,0.0547315923657849,0.493132455698954
10111000,4,3,1,CS,2,0.030128261204418,0.292586066660629
10111000,4,3,1,nug0.2,0.5,0.0318279312708976,0.312885620040428
10111000,4,3,1,nug0.2,1,0.0212633287942431,0.222544386654672
10111000,4,3,1,nug0.2,2,0.0115332759023362,0.139397172393001
10111000,4,3,1,nug0.5,0.5,0.0283156187196699,0.283331574695364
10111000,4,3,1,nug0.5,1,0.0188950893214874,0.202597728663699
10111000,4,3,1,nug0.5,2,0.0102381163633488,0.1289938939423
10111000,4,3,1.5,CS,0.5,0.0911617552092022,0.722473625679576
10111000,4,3,1.5,CS,1,0.0706438690805412,0.604600412274072
10111000,4,3,1.5,CS,2,0.0436020006849977,0.405864374502739
10111000,4,3,1.5,nug0.2,0.5,0.0313269789961808,0.308909160044138
10111000,4,3,1.5,nug0.2,1,0.0239326588148043,0.245922517975127
10111000,4,3,1.5,nug0.2,2,0.014507177769039,0.165184123198202
10111000,4,3,1.5,nug0.5,0.5,0.0296676864108639,0.294949418271435
10111000,4,3,1.5,nug0.5,1,0.0226561430377666,0.235109439227229
10111000,4,3,1.5,nug0.5,2,0.0137266922322719,0.158735516471919
10111000,4,3,2,CS,0.5,0.0958715144720573,0.74539922378316
10111000,4,3,2,CS,1,0.0806123296266732,0.665564466777182
10111000,4,3,2,CS,2,0.0547315923657849,0.493132455698954
10111000,4,3,2,nug0.2,0.5,0.0305390845091593,0.302334177468388
10111000,4,3,2,nug0.2,1,0.0253927857593391,0.258600704292352
10111000,4,3,2,nug0.2,2,0.0169284698793144,0.186088446221391
10111000,4,3,2,nug0.5,0.5,0.0298518075334404,0.29654708179494
10111000,4,3,2,nug0.5,1,0.0248184250979078,0.25373223684338
10111000,4,3,2,nug0.5,2,0.0165424554238401,0.182856055714417
10111000,4,3,2.5,CS,0.5,0.0980997662656143,0.755724745337718
10111000,4,3,2.5,CS,1,0.0869829800050912,0.700859571990067
10111000,4,3,2.5,CS,2,0.0636186201614906,0.557470878490632
10111000,4,3,2.5,nug0.2,0.5,0.0299092297872096,0.297041737998658
10111000,4,3,2.5,nug0.2,1,0.0262980270492554,0.266403250875679
10111000,4,3,2.5,nug0.2,2,0.0189091842381644,0.203158647022164
10111000,4,3,2.5,nug0.5,0.5,0.029751330901175,0.295711061293931
10111000,4,3,2.5,nug0.5,1,0.0261586864495749,0.265222675116577
10111000,4,3,2.5,nug0.5,2,0.0188082650526352,0.20230773646825
10111000,4,3,3,CS,0.5,0.0991845158347092,0.760632033263265
10111000,4,3,3,CS,1,0.0911617552092022,0.722473625679576
10111000,4,3,3,CS,2,0.0706438690805412,0.604600412274072
10111000,4,3,3,nug0.2,0.5,0.0294716089946513,0.293355239148597
10111000,4,3,3,nug0.2,1,0.0269210214044368,0.271740577982531
10111000,4,3,3,nug0.2,2,0.0205452948273796,0.217236665953361
10111000,4,3,3,nug0.5,0.5,0.0296097766230909,0.294520349703813
10111000,4,3,3,nug0.5,1,0.0270475611583626,0.272811999251218
10111000,4,3,3,nug0.5,2,0.0206424821536214,0.218059032299107
10111000,4,3,4,CS,0.5,0.0999858061526537,0.764207204930122
10111000,4,3,4,CS,1,0.0958715144720573,0.74539922378316
10111000,4,3,4,CS,2,0.0806123296266732,0.665564466777182
10111000,4,3,4,nug0.2,0.5,0.0290328300262195,0.289653843659998
10111000,4,3,4,nug0.2,1,0.0277486203590826,0.278787928198153
10111000,4,3,4,nug0.2,2,0.0230616154864926,0.238833017199819
10111000,4,3,4,nug0.5,0.5,0.0294250145432543,0.292963049267331
10111000,4,3,4,nug0.5,1,0.0281239572188921,0.281962090581885
10111000,4,3,4,nug0.5,2,0.0233750453486181,0.241491616114071
11111000,5,1,0.5,CS,0.5,0.0721886603103213,0.605716417996878
11111000,5,1,0.5,CS,1,0.0590288835911758,0.488119002380832
11111000,5,1,0.5,CS,2,0.0515187217668275,0.387787282667934
11111000,5,1,0.5,nug0.2,0.5,0.0243196800941608,0.244414225177828
11111000,5,1,0.5,nug0.2,1,0.0199084302500413,0.19492173701159
11111000,5,1,0.5,nug0.2,2,0.0174622910404705,0.158423666851962
11111000,5,1,0.5,nug0.5,0.5,0.0231329517902078,0.234573632214408
11111000,5,1,0.5,nug0.5,1,0.0189375597367049,0.187515502313504
11111000,5,1,0.5,nug0.5,2,0.0166127166484636,0.152874635484997
11111000,5,1,1,CS,0.5,0.0855470777531681,0.692314569862339
11111000,5,1,1,CS,1,0.0721886603103213,0.605716417996878
11111000,5,1,1,CS,2,0.0590288835911758,0.488119002380832
11111000,5,1,1,nug0.2,0.5,0.020978829125318,0.220827916818469
11111000,5,1,1,nug0.2,1,0.0176001569459639,0.188826399737047
11111000,5,1,1,nug0.2,2,0.0144103637418969,0.15327947016188
11111000,5,1,1,nug0.5,0.5,0.0224700819456702,0.233450642989155
11111000,5,1,1,nug0.5,1,0.0188536660632983,0.199157847391498
11111000,5,1,1,nug0.5,2,0.0154361585754595,0.160986909929024
11111000,5,1,1.5,CS,0.5,0.0905693064022543,0.719395133838484
11111000,5,1,1.5,CS,1,0.0805335966824968,0.662562031632382
11111000,5,1,1.5,CS,2,0.0662251322145503,0.557847712934195
11111000,5,1,1.5,nug0.2,0.5,0.0197046297724195,0.21047626553098
11111000,5,1,1.5,nug0.2,1,0.0174071500431102,0.189892039515502
11111000,5,1,1.5,nug0.2,2,0.0142627758523462,0.158552315285055
11111000,5,1,1.5,nug0.5,0.5,0.021944500536941,0.229468380398805
11111000,5,1,1.5,nug0.5,1,0.0193897762873829,0.206528006906468
11111000,5,1,1.5,nug0.5,2,0.0158889134328677,0.171509284975024
11111000,5,1,2,CS,0.5,0.0926883531422073,0.730088730798129
11111000,5,1,2,CS,1,0.0855470777531681,0.692314569862339
11111000,5,1,2,CS,2,0.0721886603103213,0.605716417996878
11111000,5,1,2,nug0.2,0.5,0.01929850190365,0.207107428737819
11111000,5,1,2,nug0.2,1,0.0177163893345144,0.193276510140394
11111000,5,1,2,nug0.2,2,0.0148589702688218,0.16634661216435
11111000,5,1,2,nug0.5,0.5,0.0217865995562266,0.228207450062281
11111000,5,1,2,nug0.5,1,0.0200040985539107,0.212584331490992
11111000,5,1,2,nug0.5,2,0.0167809998002624,0.18209072736385
11111000,5,1,2.5,CS,0.5,0.0936598943931904,0.73485569730657
11111000,5,1,2.5,CS,1,0.0886215222156881,0.709192423474928
11111000,5,1,2.5,CS,2,0.0768890086059724,0.638977054707782
11111000,5,1,2.5,nug0.2,0.5,0.0193393727129713,0.207468277901306
11111000,5,1,2.5,nug0.2,1,0.0182253509914484,0.197848731057378
11111000,5,1,2.5,nug0.2,2,0.0157051543127146,0.174845830974432
11111000,5,1,2.5,nug0.5,0.5,0.0218907265290115,0.229107767823407
11111000,5,1,2.5,nug0.5,1,0.0206325709016884,0.218216698591104
11111000,5,1,2.5,nug0.5,2,0.0177835212720196,0.192118878326216
11111000,5,1,3,CS,0.5,0.0941252196879596,0.737109456157332
11111000,5,1,3,CS,1,0.0905693064022543,0.719395133838484
11111000,5,1,3,CS,2,0.0805335966824968,0.662562031632382
11111000,5,1,3,nug0.2,0.5,0.0196253301396759,0.209894416641281
11111000,5,1,3,nug0.2,1,0.0188285239364316,0.20305938842873
11111000,5,1,3,nug0.2,2,0.0166318820959388,0.183404862667787
11111000,5,1,3,nug0.5,0.5,0.0221534101278039,0.231341600879662
11111000,5,1,3,nug0.5,1,0.0212560689552875,0.223627836946593
11111000,5,1,3,nug0.5,2,0.0187803239106551,0.201408083474397
11111000,5,1,4,CS,0.5,0.0944656610226743,0.738746451292907
11111000,5,1,4,CS,1,0.0926883531422073,0.730088730798129
11111000,5,1,4,CS,2,0.0855470777531681,0.692314569862339
11111000,5,1,4,nug0.2,0.5,0.0205437255284252,0.217681865307728
11111000,5,1,4,nug0.2,1,0.0201270172563635,0.214128211616571
11111000,5,1,4,nug0.2,2,0.0184780856164776,0.199697321274465
11111000,5,1,4,nug0.5,0.5,0.0229017826289145,0.237696866934891
11111000,5,1,4,nug0.5,1,0.0224383138605576,0.233739789351866
11111000,5,1,4,nug0.5,2,0.0206034606922016,0.217652445149551
10000100,2,3,0.5,CS,0.5,0.0431393814967876,0.405965413755105
10000100,2,3,0.5,CS,1,0.026985074161241,0.26889235070274
10000100,2,3,0.5,CS,2,0.0174219665710719,0.178721122836798
10000100,2,3,0.5,nug0.2,0.5,0.0369801061113391,0.355918018971525
10000100,2,3,0.5,nug0.2,1,0.0230822101494343,0.236226874132636
10000100,2,3,0.5,nug0.2,2,0.0148896939304165,0.159205687325914
10000100,2,3,0.5,nug0.5,0.5,0.0212554322917929,0.223645537719027
10000100,2,3,0.5,nug0.5,1,0.013194434272645,0.154001831372927
10000100,2,3,0.5,nug0.5,2,0.00849331612656657,0.11089132329131
10000100,2,3,1,CS,0.5,0.0612765282272157,0.542706797425371
10000100,2,3,1,CS,1,0.0431393814967876,0.405965413755105
10000100,2,3,1,CS,2,0.026985074161241,0.26889235070274
10000100,2,3,1,nug0.2,0.5,0.0407668454426487,0.386962036162417
10000100,2,3,1,nug0.2,1,0.0285164273507267,0.285195849352244
10000100,2,3,1,nug0.2,2,0.0177466577453561,0.191650720516661
10000100,2,3,1,nug0.5,0.5,0.0275720651946133,0.277286954728032
10000100,2,3,1,nug0.5,1,0.0192074974258279,0.206287610965592
10000100,2,3,1,nug0.5,2,0.0119146661438163,0.143526353805248
10000100,2,3,1.5,CS,0.5,0.0694644725173056,0.597942770243489
10000100,2,3,1.5,CS,1,0.0540474201875015,0.490469167722096
10000100,2,3,1.5,CS,2,0.0357705576468813,0.345242529103782
10000100,2,3,1.5,nug0.2,0.5,0.0389959478180796,0.372562304693451
10000100,2,3,1.5,nug0.2,1,0.0301220500542853,0.298833688547228
10000100,2,3,1.5,nug0.2,2,0.019770651794052,0.210642346469126
10000100,2,3,1.5,nug0.5,0.5,0.0290842038424608,0.290073337318848
10000100,2,3,1.5,nug0.5,1,0.0224131693249983,0.233544854665095
10000100,2,3,1.5,nug0.5,2,0.0146717575132577,0.167745773711439
10000100,2,3,2,CS,0.5,0.0733546554270758,0.622643162360645
10000100,2,3,2,CS,1,0.0612765282272157,0.542706797425371
10000100,2,3,2,CS,2,0.0431393814967876,0.405965413755105
10000100,2,3,2,nug0.2,0.5,0.0363417283283659,0.350762643663848
10000100,2,3,2,nug0.2,1,0.0301598362533878,0.29913408968851
10000100,2,3,2,nug0.2,2,0.021027142376517,0.221709031201928
10000100,2,3,2,nug0.5,0.5,0.0289612644635778,0.289045050192571
10000100,2,3,2,nug0.5,1,0.0240035929084983,0.24703365441195
10000100,2,3,2,nug0.5,2,0.0167030528556347,0.185129149218419
10000100,2,3,2.5,CS,0.5,0.0752527095468775,0.634322373315289
10000100,2,3,2.5,CS,1,0.0661414365938805,0.576046772022357
10000100,2,3,2.5,CS,2,0.0491582432923076,0.453407941360501
10000100,2,3,2.5,nug0.2,0.5,0.0338790067546377,0.330325680462601
10000100,2,3,2.5,nug0.2,1,0.0296170203513885,0.294561243491042
10000100,2,3,2.5,nug0.2,2,0.0217931124939245,0.228281240745987
10000100,2,3,2.5,nug0.5,0.5,0.0283145377701033,0.283585419960948
10000100,2,3,2.5,nug0.5,1,0.0247346826257092,0.253239536866901
10000100,2,3,2.5,nug0.5,2,0.0181763509832586,0.197626638351199
10000100,2,3,3,CS,0.5,0.0761904467261191,0.640001266469665
10000100,2,3,3,CS,1,0.0694644725173056,0.597942770243489
10000100,2,3,3,CS,2,0.0540474201875015,0.490469167722096
10000100,2,3,3,nug0.2,0.5,0.0318294192940757,0.313188137509617
10000100,2,3,3,nug0.2,1,0.0288973586906613,0.288496108576738
10000100,2,3,3,nug0.2,2,0.0222681970436689,0.232314007560121
10000100,2,3,3,nug0.5,0.5,0.0275588764939344,0.277195614004013
10000100,2,3,3,nug0.5,1,0.0250100712864925,0.255582053797467
10000100,2,3,3,nug0.5,2,0.0192549713818063,0.206754845359466
10000100,2,3,4,CS,0.5,0.076888912322715,0.644191705068809
10000100,2,3,4,CS,1,0.0733546554270758,0.622643162360645
10000100,2,3,4,CS,2,0.0612765282272157,0.542706797425371
10000100,2,3,4,nug0.2,0.5,0.0288778576428137,0.288345544113278
10000100,2,3,4,nug0.2,1,0.0274848637888917,0.276565099995244
10000100,2,3,4,nug0.2,2,0.0227740072256615,0.236594587525607
10000100,2,3,4,nug0.5,0.5,0.0262240912950944,0.265890787177853
10000100,2,3,4,nug0.5,1,0.0249558240346632,0.255130072173968
10000100,2,3,4,nug0.5,2,0.0206692400110833,0.218730682012078
11000100,3,3,0.5,CS,0.5,0.0565321562912025,0.505231959657331
11000100,3,3,0.5,CS,1,0.038952282705565,0.354353586333421
11000100,3,3,0.5,CS,2,0.0292205213962237,0.250528121313804
11000100,3,3,0.5,nug0.2,0.5,0.0347489482413021,0.334833308218226
11000100,3,3,0.5,nug0.2,1,0.023837051420992,0.233663606994359
11000100,3,3,0.5,nug0.2,2,0.0178680328009402,0.169434863404521
11000100,3,3,0.5,nug0.5,0.5,0.0245557337049487,0.249680501498283
11000100,3,3,0.5,nug0.5,1,0.0168101717801159,0.177495876051229
11000100,3,3,0.5,nug0.5,2,0.0125962039245678,0.132770997170841
11000100,3,3,1,CS,0.5,0.0771268035436258,0.64540505908197
11000100,3,3,1,CS,1,0.0565321562912025,0.505231959657331
11000100,3,3,1,CS,2,0.038952282705565,0.354353586333421
11000100,3,3,1,nug0.2,0.5,0.0362348017676149,0.349723026343289
11000100,3,3,1,nug0.2,1,0.0262796159595805,0.264177092781944
11000100,3,3,1,nug0.2,2,0.0179965233398088,0.186921880061992
11000100,3,3,1,nug0.5,0.5,0.0296889380516709,0.295049771471289
11000100,3,3,1,nug0.5,1,0.0214960709495971,0.223938229148881
11000100,3,3,1,nug0.5,2,0.0147065862720662,0.160868192769614
11000100,3,3,1.5,CS,0.5,0.0862941849655234,0.697359996733911
11000100,3,3,1.5,CS,1,0.0689005285232022,0.593501281182587
11000100,3,3,1.5,CS,2,0.0483631238844374,0.439377907119938
11000100,3,3,1.5,nug0.2,0.5,0.0353200127391117,0.342294075754603
11000100,3,3,1.5,nug0.2,1,0.0278975381650469,0.279556920061275
11000100,3,3,1.5,nug0.2,2,0.0193759932735584,0.20390873629308
11000100,3,3,1.5,nug0.5,0.5,0.0309765819539264,0.306013741948181
11000100,3,3,1.5,nug0.5,1,0.0244445096285228,0.25034503489691
11000100,3,3,1.5,nug0.5,2,0.0169627840493031,0.183969832942122
11000100,3,3,2,CS,0.5,0.09054551157257,0.719453973553075
11000100,3,3,2,CS,1,0.0771268035436258,0.64540505908197
11000100,3,3,2,CS,2,0.0565321562912025,0.505231959657331
11000100,3,3,2,nug0.2,0.5,0.0340305135159614,0.33158762587303
11000100,3,3,2,nug0.2,1,0.0287260561468159,0.286928521319875
11000100,3,3,2,nug0.2,2,0.0207937779806278,0.21803402277489
11000100,3,3,2,nug0.5,0.5,0.0310338972998867,0.306507654344755
11000100,3,3,2,nug0.5,1,0.0261840317619795,0.2654262939123
11000100,3,3,2,nug0.5,2,0.0189413779189917,0.202481887852666
11000100,3,3,2.5,CS,0.5,0.0925885246561495,0.729636020090109
11000100,3,3,2.5,CS,1,0.0826036505579549,0.677165853461274
11000100,3,3,2.5,CS,2,0.0633324881916555,0.55535464169369
11000100,3,3,2.5,nug0.2,0.5,0.0328241799365886,0.321519399936809
11000100,3,3,2.5,nug0.2,1,0.0290789633594521,0.29000258947114
11000100,3,3,2.5,nug0.2,2,0.0220123442695728,0.229294252327813
11000100,3,3,2.5,nug0.5,0.5,0.0307024216169165,0.3037224217281
11000100,3,3,2.5,nug0.5,1,0.027192526699333,0.274056553678693
11000100,3,3,2.5,nug0.5,2,0.0205751712603433,0.217149235025267
11000100,3,3,3,CS,0.5,0.0935897184431653,0.734524231642323
11000100,3,3,3,CS,1,0.0862941849655234,0.697359996733911
11000100,3,3,3,CS,2,0.0689005285232022,0.593501281182587
11000100,3,3,3,nug0.2,0.5,0.0318032750156111,0.31296916360943
11000100,3,3,3,nug0.2,1,0.0291695393916659,0.29079418905939
11000100,3,3,3,nug0.2,2,0.0230097707582427,0.238187828350657
11000100,3,3,3,nug0.5,0.5,0.0302783839182259,0.300154401788063
11000100,3,3,3,nug0.5,1,0.0277673172877529,0.278946536649285
11000100,3,3,3,nug0.5,2,0.0218971993988854,0.228760444759485
11000100,3,3,4,CS,0.5,0.0943318387851679,0.738104778178674
11000100,3,3,4,CS,1,0.09054551157257,0.719453973553075
11000100,3,3,4,CS,2,0.0771268035436258,0.64540505908197
11000100,3,3,4,nug0.2,0.5,0.0303182491417307,0.300490089048533
11000100,3,3,4,nug0.2,1,0.0290190567527915,0.289535729277634
11000100,3,3,4,nug0.2,2,0.0244762100597727,0.250946057706836
11000100,3,3,4,nug0.5,0.5,0.0295188881195512,0.293754808575863
11000100,3,3,4,nug0.5,1,0.0282529525089348,0.28306431216225
11000100,3,3,4,nug0.5,2,0.0238271313392044,0.245438785135897
10100100,3,5,0.5,CS,0.5,0.040303591527069,0.382466844174034
10100100,3,5,0.5,CS,1,0.0214457765481558,0.220683506290339
10100100,3,5,0.5,CS,2,0.0122346140978314,0.137252170009097
10100100,3,5,0.5,nug0.2,0.5,0.0318074612937078,0.312357670021767
10100100,3,5,0.5,nug0.2,1,0.0168618221584459,0.182827644320432
10100100,3,5,0.5,nug0.2,2,0.00960520914374742,0.117837550321685
10100100,3,5,0.5,nug0.5,0.5,0.0192396006865323,0.206211242578024
10100100,3,5,0.5,nug0.5,1,0.0101434206454453,0.128248258604803
10100100,3,5,0.5,nug0.5,2,0.00576555100676738,0.0900686139288882
10100100,3,5,1,CS,0.5,0.0670050893583464,0.581828313713641
10100100,3,5,1,CS,1,0.040303591527069,0.382466844174034
10100100,3,5,1,CS,2,0.0214457765481558,0.220683506290339
10100100,3,5,1,nug0.2,0.5,0.0425923790675699,0.401704744858592
10100100,3,5,1,nug0.2,1,0.0253589691547261,0.258018836662408
10100100,3,5,1,nug0.2,2,0.0134054177607978,0.15456516073888
10100100,3,5,1,nug0.5,0.5,0.0296392992148953,0.294764528052258
10100100,3,5,1,nug0.5,1,0.0175522540259626,0.19197329451985
10100100,3,5,1,nug0.5,2,0.00924702338246164,0.121093224066726
10100100,3,5,1.5,CS,0.5,0.0808590550167483,0.667376622264381
10100100,3,5,1.5,CS,1,0.0556602664565818,0.502306747635064
10100100,3,5,1.5,CS,2,0.0311458303003399,0.305511455606633
10100100,3,5,1.5,nug0.2,0.5,0.0455481993222823,0.425240933964103
10100100,3,5,1.5,nug0.2,1,0.0309836079768544,0.306016081432603
10100100,3,5,1.5,nug0.2,2,0.0171476088378467,0.187802836099954
10100100,3,5,1.5,nug0.5,0.5,0.0340662395017751,0.331887100630609
10100100,3,5,1.5,nug0.5,1,0.0230845650303942,0.239193755380518
10100100,3,5,1.5,nug0.5,2,0.0127313447228815,0.1510496342349
10100100,3,5,2,CS,0.5,0.0877530635882153,0.705091722109199
10100100,3,5,2,CS,1,0.0670050893583464,0.581828313713641
10100100,3,5,2,CS,2,0.040303591527069,0.382466844174034
10100100,3,5,2,nug0.2,0.5,0.045453533684033,0.424493428791544
10100100,3,5,2,nug0.2,1,0.0343304163534533,0.334080940413818
10100100,3,5,2,nug0.2,2,0.0203698613564771,0.215768005419905
10100100,3,5,2,nug0.5,0.5,0.0356137760347471,0.344744589182887
10100100,3,5,2,nug0.5,1,0.0268309200316012,0.271027633517019
10100100,3,5,2,nug0.5,2,0.0158706990843422,0.177832717818176
10100100,3,5,2.5,CS,0.5,0.0911759940458743,0.722627544213838
10100100,3,5,2.5,CS,1,0.0751197475077372,0.633514504245146
10100100,3,5,2.5,CS,2,0.0485096024209055,0.448113702447406
10100100,3,5,2.5,nug0.2,0.5,0.0442105721929174,0.41464225734409
10100100,3,5,2.5,nug0.2,1,0.0360965178755726,0.348741163015866
10100100,3,5,2.5,nug0.2,2,0.0229686934101783,0.238099442715284
10100100,3,5,2.5,nug0.5,0.5,0.0358533873780404,0.34672928314676
10100100,3,5,2.5,nug0.5,1,0.0292262421978563,0.291286167034019
10100100,3,5,2.5,nug0.5,2,0.0185492631764308,0.200647601968637
10100100,3,5,3,CS,0.5,0.0928796811699686,0.731064674488861
10100100,3,5,3,CS,1,0.0808590550167483,0.667376622264381
10100100,3,5,3,CS,2,0.0556602664565818,0.502306747635064
10100100,3,5,3,nug0.2,0.5,0.0426086179184971,0.401842235483382
10100100,3,5,3,nug0.2,1,0.0368299973766386,0.354798436214089
10100100,3,5,3,nug0.2,2,0.0249803752735885,0.255283341918725
10100100,3,5,3,nug0.5,0.5,0.0355204040591099,0.343971232145189
10100100,3,5,3,nug0.5,1,0.0306722966065329,0.303469100136167
10100100,3,5,3,nug0.5,2,0.0207612443142227,0.219477041550868
10100100,3,5,4,CS,0.5,0.094153655669954,0.737248411151683
10100100,3,5,4,CS,1,0.0877530635882153,0.705091722109199
10100100,3,5,4,CS,2,0.0670050893583464,0.581828313713641
10100100,3,5,4,nug0.2,0.5,0.0394643600372973,0.376403090802919
10100100,3,5,4,nug0.2,1,0.0366312322403287,0.353158483987371
10100100,3,5,4,nug0.2,2,0.0276046377057096,0.277577908419962
10100100,3,5,4,nug0.5,0.5,0.0343336198522218,0.334113858278694
10100100,3,5,4,nug0.5,1,0.0318566105993217,0.31341612265755
10100100,3,5,4,nug0.5,2,0.0239772932531664,0.246823985771647
11100100,4,3,0.5,CS,0.5,0.060154797081329,0.525773745235038
11100100,4,3,0.5,CS,1,0.0437092929814113,0.37747247217353
11100100,4,3,0.5,CS,2,0.0353203314976584,0.278386014839013
11100100,4,3,0.5,nug0.2,0.5,0.0294556249334579,0.287234027255788
11100100,4,3,0.5,nug0.2,1,0.0213333049302353,0.205979071066883
11100100,4,3,0.5,nug0.2,2,0.0172422233163569,0.157023966651753
11100100,4,3,0.5,nug0.5,0.5,0.0235459453527337,0.238235778771278
11100100,4,3,0.5,nug0.5,1,0.0170426821249112,0.173245151062012
11100100,4,3,0.5,nug0.5,2,0.013774753154649,0.134531388782024
11100100,4,3,1,CS,0.5,0.0813430186892495,0.669234106813935
11100100,4,3,1,CS,1,0.060154797081329,0.525773745235038
11100100,4,3,1,CS,2,0.0437092929814113,0.37747247217353
11100100,4,3,1,nug0.2,0.5,0.0302285625184165,0.299113873344483
11100100,4,3,1,nug0.2,1,0.0221105565627905,0.226323358446468
11100100,4,3,1,nug0.2,2,0.0160013474449789,0.16536470470961
11100100,4,3,1,nug0.5,0.5,0.027624054113955,0.277170788725372
11100100,4,3,1,nug0.5,1,0.0201943825589691,0.210440599895049
11100100,4,3,1,nug0.5,2,0.0146117048104156,0.154896894228134
11100100,4,3,1.5,CS,0.5,0.0912550537514087,0.722894359191232
11100100,4,3,1.5,CS,1,0.0726603806337386,0.615617696338181
11100100,4,3,1.5,CS,2,0.0523097935899001,0.460237526252652
11100100,4,3,1.5,nug0.2,0.5,0.030194578639618,0.2993538272661
11100100,4,3,1.5,nug0.2,1,0.0237513027138968,0.243430444030492
11100100,4,3,1.5,nug0.2,2,0.0169441342541667,0.180125744980474
11100100,4,3,1.5,nug0.5,0.5,0.0290365453567881,0.289593219507448
11100100,4,3,1.5,nug0.5,1,0.0228351784588654,0.235703426606748
11100100,4,3,1.5,nug0.5,2,0.0162878487959392,0.174863283522335
11100100,4,3,2,CS,0.5,0.0958832708674714,0.745449461316668
11100100,4,3,2,CS,1,0.0813430186892495,0.669234106813935
11100100,4,3,2,CS,2,0.060154797081329,0.525773745235038
11100100,4,3,2,nug0.2,0.5,0.0299750691996789,0.297581836109941
11100100,4,3,2,nug0.2,1,0.0251661320499302,0.256386428562571
11100100,4,3,2,nug0.2,2,0.0183879963895755,0.195505114899123
11100100,4,3,2,nug0.5,0.5,0.029514093651711,0.293696495301653
11100100,4,3,2,nug0.5,1,0.0247773223477176,0.253094443291245
11100100,4,3,2,nug0.5,2,0.0181024231476381,0.193148443055158
11100100,4,3,2.5,CS,0.5,0.0981012409605743,0.755730881664589
11100100,4,3,2.5,CS,1,0.0872447992324494,0.702094420383691
11100100,4,3,2.5,CS,2,0.0669416536271417,0.576531864510002
11100100,4,3,2.5,nug0.2,0.5,0.0297657586243988,0.295832221008298
11100100,4,3,2.5,nug0.2,1,0.0262579669870681,0.265969621188671
11100100,4,3,2.5,nug0.2,2,0.0198865965522856,0.209854270386815
11100100,4,3,2.5,nug0.5,0.5,0.0296626313819862,0.29496291379235
11100100,4,3,2.5,nug0.5,1,0.0261666746761599,0.265196408406885
11100100,4,3,2.5,nug0.5,2,0.0198170750283548,0.209272417992793
11100100,4,3,3,CS,0.5,0.0991847004723897,0.760632791493181
11100100,4,3,3,CS,1,0.0912550537514087,0.722894359191232
11100100,4,3,3,CS,2,0.0726603806337386,0.615617696338181
11100100,4,3,3,nug0.2,0.5,0.0296046728274561,0.294477263269532
11100100,4,3,3,nug0.2,1,0.0270734917207581,0.273000347130639
11100100,4,3,3,nug0.2,2,0.021283155652693,0.22261690988568
11100100,4,3,3,nug0.5,0.5,0.0296936052858434,0.295227025590042
11100100,4,3,3,nug0.5,1,0.0271550296796843,0.273690538081619
11100100,4,3,3,nug0.5,2,0.0213475970021545,0.223160063108838
11100100,4,3,4,CS,0.5,0.0999858090410079,0.76420721667532
11100100,4,3,4,CS,1,0.0958832708674714,0.745449461316668
11100100,4,3,4,CS,2,0.0813430186892495,0.669234106813935
11100100,4,3,4,nug0.2,0.5,0.0294187086617024,0.292909860522117
11100100,4,3,4,nug0.2,1,0.0281217538010457,0.28193985700692
11100100,4,3,4,nug0.2,2,0.0236032949373121,0.24315054640777
11100100,4,3,4,nug0.5,0.5,0.0296715476657532,0.295041932417371
11100100,4,3,4,nug0.5,1,0.0283637697168585,0.283985503096663
11100100,4,3,4,nug0.5,2,0.0238073270726188,0.244878943275291
10010100,3,5,0.5,CS,0.5,0.040303591527069,0.382466844174034
10010100,3,5,0.5,CS,1,0.0214457765481558,0.220683506290339
10010100,3,5,0.5,CS,2,0.0122346140978314,0.137252170009097
10010100,3,5,0.5,nug0.2,0.5,0.036313836742687,0.349824195671057
10010100,3,5,0.5,nug0.2,1,0.019288894577885,0.202834023740787
10010100,3,5,0.5,nug0.2,2,0.0109964300238206,0.12807374941001
10010100,3,5,0.5,nug0.5,0.5,0.0201866278618568,0.214217874961891
10010100,3,5,0.5,nug0.5,1,0.0106471040794162,0.132284346631909
10010100,3,5,0.5,nug0.5,2,0.00605283387131506,0.0921193539272493
10010100,3,5,1,CS,0.5,0.0670050893583464,0.581828313713641
10010100,3,5,1,CS,1,0.040303591527069,0.382466844174034
10010100,3,5,1,CS,2,0.0214457765481558,0.220683506290339
10010100,3,5,1,nug0.2,0.5,0.0486885718077471,0.449777366313221
10010100,3,5,1,nug0.2,1,0.0290623077751795,0.289301147574066
10010100,3,5,1,nug0.2,2,0.0153880244471252,0.170737711183635
10010100,3,5,1,nug0.5,0.5,0.0313463009061335,0.309128263680257
10010100,3,5,1,nug0.5,1,0.0185762562242548,0.20060908128499
10010100,3,5,1,nug0.5,2,0.0097908637553166,0.125429787548751
10010100,3,5,1.5,CS,0.5,0.0808590550167483,0.667376622264381
10010100,3,5,1.5,CS,1,0.0556602664565818,0.502306747635064
10010100,3,5,1.5,CS,2,0.0311458303003399,0.305511455606633
10010100,3,5,1.5,nug0.2,0.5,0.050950188422498,0.467148050383843
10010100,3,5,1.5,nug0.2,1,0.0347209288620362,0.337258018312445
10010100,3,5,1.5,nug0.2,2,0.0192479122628285,0.205429475663512
10010100,3,5,1.5,nug0.5,0.5,0.0358426400466991,0.346640175213383
10010100,3,5,1.5,nug0.5,1,0.0243026929589866,0.249533210000914
10010100,3,5,1.5,nug0.5,2,0.0134103728308275,0.156664967880787
10010100,3,5,2,CS,0.5,0.0877530635882153,0.705091722109199
10010100,3,5,2,CS,1,0.0670050893583464,0.581828313713641
10010100,3,5,2,CS,2,0.040303591527069,0.382466844174034
10010100,3,5,2,nug0.2,0.5,0.0496090327876771,0.456883885681013
10010100,3,5,2,nug0.2,1,0.037508955549056,0.360383556116909
10010100,3,5,2,nug0.2,2,0.0222852156159052,0.231984507560085
10010100,3,5,2,nug0.5,0.5,0.037137131203979,0.357329564352979
10010100,3,5,2,nug0.5,1,0.0279894950273977,0.28083338438772
10010100,3,5,2,nug0.5,2,0.0165639380493023,0.183655445573115
10010100,3,5,2.5,CS,0.5,0.0911759940458743,0.722627544213838
10010100,3,5,2.5,CS,1,0.0751197475077372,0.633514504245146
10010100,3,5,2.5,CS,2,0.0485096024209055,0.448113702447406
10010100,3,5,2.5,nug0.2,0.5,0.0472161314536592,0.438337837492793
10010100,3,5,2.5,nug0.2,1,0.0385727226713547,0.36911857893554
10010100,3,5,2.5,nug0.2,2,0.0245671454887735,0.251659772608856
10010100,3,5,2.5,nug0.5,0.5,0.037048729682072,0.356601604631101
10010100,3,5,2.5,nug0.5,1,0.0302075598183645,0.299558110258474
10010100,3,5,2.5,nug0.5,2,0.0191791227199195,0.205975211979468
10010100,3,5,3,CS,0.5,0.0928796811699686,0.731064674488861
10010100,3,5,3,CS,1,0.0808590550167483,0.667376622264381
10010100,3,5,3,CS,2,0.0556602664565818,0.502306747635064
10010100,3,5,3,nug0.2,0.5,0.0447195750399835,0.418685343001666
10010100,3,5,3,nug0.2,1,0.0386662266536272,0.36988355965289
10010100,3,5,3,nug0.2,2,0.0262418757046989,0.265979750037992
10010100,3,5,3,nug0.5,0.5,0.0364160472213545,0.351382173549078
10010100,3,5,3,nug0.5,1,0.0314496813044591,0.310001822432543
10010100,3,5,3,nug0.5,2,0.0212929391795584,0.223987416203366
10010100,3,5,4,CS,0.5,0.094153655669954,0.737248411151683
10010100,3,5,4,CS,1,0.0877530635882153,0.705091722109199
10010100,3,5,4,CS,2,0.0670050893583464,0.581828313713641
10010100,3,5,4,nug0.2,0.5,0.0404709356337943,0.384590300052309
10010100,3,5,4,nug0.2,1,0.0375683722901365,0.360878305536953
10010100,3,5,4,nug0.2,2,0.0283176357912445,0.283607526741349
10010100,3,5,4,nug0.5,0.5,0.0348043051873834,0.338028295400511
10010100,3,5,4,nug0.5,1,0.0322944737383688,0.317085901422632
10010100,3,5,4,nug0.5,2,0.0243095752832613,0.249644704622693
11010100,4,5,0.5,CS,0.5,0.0465156822647198,0.426793524840209
11010100,4,5,0.5,CS,1,0.02877695999333,0.268806088249377
11010100,4,5,0.5,CS,2,0.0200939890680156,0.181519864252009
11010100,4,5,0.5,nug0.2,0.5,0.0289172474530084,0.284322250515998
11010100,4,5,0.5,nug0.2,1,0.0178011655006586,0.18246868574438
11010100,4,5,0.5,nug0.2,2,0.0124074109566727,0.129259031188797
11010100,4,5,0.5,nug0.5,0.5,0.0202302291116417,0.211854957754355
11010100,4,5,0.5,nug0.5,1,0.0124232178474355,0.140950759779759
11010100,4,5,0.5,nug0.5,2,0.00865121323237954,0.104474961364127
11010100,4,5,1,CS,0.5,0.0723395856443718,0.615581372218035
11010100,4,5,1,CS,1,0.0465156822647198,0.426793524840209
11010100,4,5,1,CS,2,0.02877695999333,0.268806088249377
11010100,4,5,1,nug0.2,0.5,0.0354861193576867,0.343133532259948
11010100,4,5,1,nug0.2,1,0.0225337908084502,0.231070887295815
11010100,4,5,1,nug0.2,2,0.0138467496678606,0.151853100022899
11010100,4,5,1,nug0.5,0.5,0.0284149436562262,0.283969622395248
11010100,4,5,1,nug0.5,1,0.0180006422016666,0.1933082910904
11010100,4,5,1,nug0.5,2,0.0110471495679693,0.13048411305051
11010100,4,5,1.5,CS,0.5,0.0861846263015913,0.69667935968249
11010100,4,5,1.5,CS,1,0.0612407589310487,0.540462979229385
11010100,4,5,1.5,CS,2,0.0378695021946032,0.352702327924879
11010100,4,5,1.5,nug0.2,0.5,0.0380146195292139,0.364447053175486
11010100,4,5,1.5,nug0.2,1,0.0266263747854772,0.268064317089444
11010100,4,5,1.5,nug0.2,2,0.0162761165792921,0.176497809391257
11010100,4,5,1.5,nug0.5,0.5,0.0322093605801087,0.316287121896027
11010100,4,5,1.5,nug0.5,1,0.0225215265644413,0.233402920734807
11010100,4,5,1.5,nug0.5,2,0.0137482702073344,0.156068844101396
11010100,4,5,2,CS,0.5,0.0932058970295031,0.73263586187636
11010100,4,5,2,CS,1,0.0723395856443718,0.615581372218035
11010100,4,5,2,CS,2,0.0465156822647198,0.426793524840209
11010100,4,5,2,nug0.2,0.5,0.0387371889642794,0.370444342278965
11010100,4,5,2,nug0.2,1,0.029676260406037,0.294599133002847
11010100,4,5,2,nug0.2,2,0.0188076555645292,0.200013314790741
11010100,4,5,2,nug0.5,0.5,0.033820379193247,0.329820123142071
11010100,4,5,2,nug0.5,1,0.0258793646789108,0.262538155443932
11010100,4,5,2,nug0.5,2,0.016380406143084,0.179882098370203
11010100,4,5,2.5,CS,0.5,0.0967271435479549,0.749410566144322
11010100,4,5,2.5,CS,1,0.0804078011946987,0.664515833030759
11010100,4,5,2.5,CS,2,0.0543446412525893,0.489207088869383
11010100,4,5,2.5,nug0.2,0.5,0.0386425959645622,0.369685985293449
11010100,4,5,2.5,nug0.2,1,0.0317832674100349,0.312600001969775
11010100,4,5,2.5,nug0.2,2,0.0211451296872936,0.22100707165854
11010100,4,5,2.5,nug0.5,0.5,0.0343838679667558,0.334527859837702
11010100,4,5,2.5,nug0.5,1,0.0282585979349894,0.282930700013834
11010100,4,5,2.5,nug0.5,2,0.0187789591715054,0.201137737252679
11010100,4,5,3,CS,0.5,0.0984888219289917,0.757495601350191
11010100,4,5,3,CS,1,0.0861846263015913,0.69667935968249
11010100,4,5,3,CS,2,0.0612407589310487,0.540462979229385
11010100,4,5,3,nug0.2,0.5,0.0381843796720051,0.365935774732148
11010100,4,5,3,nug0.2,1,0.0331395372773044,0.32406778693326
11010100,4,5,3,nug0.2,2,0.0231782975548157,0.238951364518195
11010100,4,5,3,nug0.5,0.5,0.0344479294154524,0.335064096779057
11010100,4,5,3,nug0.5,1,0.0298815386872183,0.296730630270459
11010100,4,5,3,nug0.5,2,0.0208795012188378,0.219536799113432
11010100,4,5,4,CS,0.5,0.0998101866523487,0.763427357025807
11010100,4,5,4,CS,1,0.0932058970295031,0.73263586187636
11010100,4,5,4,CS,2,0.0723395856443718,0.615581372218035
11010100,4,5,4,nug0.2,0.5,0.036937824286609,0.355687733801624
11010100,4,5,4,nug0.2,1,0.0343356081239546,0.334111896838268
11010100,4,5,4,nug0.2,2,0.026276823596801,0.265901962972452
11010100,4,5,4,nug0.5,0.5,0.0340121215230944,0.331436483990129
11010100,4,5,4,nug0.5,1,0.0316092768104936,0.311324295925179
11010100,4,5,4,nug0.5,2,0.0241747729107281,0.24809999504521
10110100,4,5,0.5,CS,0.5,0.042041293682306,0.394459855413282
10110100,4,5,0.5,CS,1,0.0212343481831008,0.216892304670219
10110100,4,5,0.5,CS,2,0.0109343088737552,0.127356934617858
10110100,4,5,0.5,nug0.2,0.5,0.0294995996674118,0.29140555363251
10110100,4,5,0.5,nug0.2,1,0.0148111336331809,0.164582556110776
10110100,4,5,0.5,nug0.2,2,0.00760508026973505,0.103100483941921
10110100,4,5,0.5,nug0.5,0.5,0.0191897849216113,0.204715624498181
10110100,4,5,0.5,nug0.5,1,0.0095879047061966,0.122882945531998
10110100,4,5,0.5,nug0.5,2,0.00491172671466719,0.0838883454252592
10110100,4,5,1,CS,0.5,0.0710542877717516,0.607701541297712
10110100,4,5,1,CS,1,0.042041293682306,0.394459855413282
10110100,4,5,1,CS,2,0.0212343481831008,0.216892304670219
10110100,4,5,1,nug0.2,0.5,0.0392539110590343,0.374299424686288
10110100,4,5,1,nug0.2,1,0.0229183239954099,0.23608015899117
10110100,4,5,1,nug0.2,2,0.0114710056900173,0.137797151896753
10110100,4,5,1,nug0.5,0.5,0.0295503936066816,0.293706690457057
10110100,4,5,1,nug0.5,1,0.0171836052674647,0.187901795362721
10110100,4,5,1,nug0.5,2,0.00857742215479481,0.114945831807192
10110100,4,5,1.5,CS,0.5,0.0858465883650937,0.694892846774482
10110100,4,5,1.5,CS,1,0.0587969936429123,0.524026575470089
10110100,4,5,1.5,CS,2,0.0319705933155444,0.309982526712982
10110100,4,5,1.5,nug0.2,0.5,0.0419581133773062,0.396530452994063
10110100,4,5,1.5,nug0.2,1,0.0283194431130714,0.282886134003351
10110100,4,5,1.5,nug0.2,2,0.0151864521037289,0.170194323238245
10110100,4,5,1.5,nug0.5,0.5,0.0338258068824129,0.329812672832495
10110100,4,5,1.5,nug0.5,1,0.0227692632506343,0.235958308741467
10110100,4,5,1.5,nug0.5,2,0.0121796016689414,0.14551565896212
10110100,4,5,2,CS,0.5,0.0931195279780657,0.732217159218716
10110100,4,5,2,CS,1,0.0710542877717516,0.607701541297712
10110100,4,5,2,CS,2,0.042041293682306,0.394459855413282
10110100,4,5,2,nug0.2,0.5,0.0421600882413102,0.39821945683056
10110100,4,5,2,nug0.2,1,0.0317537347742491,0.312221383315497
10110100,4,5,2,nug0.2,2,0.0184817153210561,0.198774208549538
10110100,4,5,2,nug0.5,0.5,0.0353713877557998,0.342719074592952
10110100,4,5,2,nug0.5,1,0.0265948741658911,0.268745735807728
10110100,4,5,2,nug0.5,2,0.0154460625579911,0.173400098904658
10110100,4,5,2.5,CS,0.5,0.0967053323009556,0.749309549045944
10110100,4,5,2.5,CS,1,0.0797449576177595,0.660774596641402
10110100,4,5,2.5,CS,2,0.0510162760091037,0.465855358786266
10110100,4,5,2.5,nug0.2,0.5,0.0414630883934918,0.392616433613797
10110100,4,5,2.5,nug0.2,1,0.0338320273637425,0.329781614711518
10110100,4,5,2.5,nug0.2,2,0.0212733636338351,0.222925308377445
10110100,4,5,2.5,nug0.5,0.5,0.035731735706897,0.345718147836592
10110100,4,5,2.5,nug0.5,1,0.0291237745125876,0.290284643370058
10110100,4,5,2.5,nug0.5,2,0.0182807881920426,0.197691012478119
10110100,4,5,3,CS,0.5,0.0984833425580903,0.757470810909258
10110100,4,5,3,CS,1,0.0858465883650937,0.694892846774482
10110100,4,5,3,CS,2,0.0587969936429123,0.524026575470089
10110100,4,5,3,nug0.2,0.5,0.0404735043296884,0.384610067731495
10110100,4,5,3,nug0.2,1,0.0349932525655206,0.339525069845965
10110100,4,5,3,nug0.2,2,0.0235641934342433,0.242688667709278
10110100,4,5,3,nug0.5,0.5,0.0355817039862623,0.344478319052934
10110100,4,5,3,nug0.5,1,0.0307427414750296,0.30399592339039
10110100,4,5,3,nug0.5,2,0.020672905575323,0.21821643445114
10110100,4,5,4,CS,0.5,0.0998098429685621,0.763425829490031
10110100,4,5,4,CS,1,0.0931195279780657,0.732217159218716
10110100,4,5,4,CS,2,0.0710542877717516,0.607701541297712
10110100,4,5,4,nug0.2,0.5,0.038439414673566,0.368026950374541
10110100,4,5,4,nug0.2,1,0.0357001781222557,0.345443940952625
10110100,4,5,4,nug0.2,2,0.0268443190737278,0.270856634468462
10110100,4,5,4,nug0.5,0.5,0.0347942796454696,0.337944928797652
10110100,4,5,4,nug0.5,1,0.0323061003950687,0.317168040576937
10110100,4,5,4,nug0.5,2,0.0242713168446682,0.249059369456102
11110100,5,3,0.5,CS,0.5,0.0561669662120782,0.491626875921282
11110100,5,3,0.5,CS,1,0.0424971039193592,0.357958074736605
11110100,5,3,0.5,CS,2,0.0358601009948763,0.272204688718163
11110100,5,3,0.5,nug0.2,0.5,0.0240520167574984,0.239332288272493
11110100,5,3,0.5,nug0.2,1,0.0181721087537063,0.176983171343687
11110100,5,3,0.5,nug0.2,2,0.0153452082297429,0.140466935323643
11110100,5,3,0.5,nug0.5,0.5,0.0205067018316118,0.210350156479753
11110100,5,3,0.5,nug0.5,1,0.0154910668315968,0.157392562473462
11110100,5,3,0.5,nug0.5,2,0.0130821539781516,0.126526187278462
11110100,5,3,1,CS,0.5,0.0753300309933961,0.632785335778678
11110100,5,3,1,CS,1,0.0561669662120782,0.491626875921282
11110100,5,3,1,CS,2,0.0424971039193592,0.357958074736605
11110100,5,3,1,nug0.2,0.5,0.0242742590426404,0.248219893523441
11110100,5,3,1,nug0.2,1,0.0179408829783926,0.18946144219704
11110100,5,3,1,nug0.2,2,0.0135512681480209,0.143353425356051
11110100,5,3,1,nug0.5,0.5,0.023486518188777,0.241564971060196
11110100,5,3,1,nug0.5,1,0.0173563684201088,0.18471877773253
11110100,5,3,1,nug0.5,2,0.0131094279785735,0.140173593340094
11110100,5,3,1.5,CS,0.5,0.0850893093003519,0.690541189827912
11110100,5,3,1.5,CS,1,0.0672340869915753,0.578154347960477
11110100,5,3,1.5,CS,2,0.0495306315512944,0.431452911904058
11110100,5,3,1.5,nug0.2,0.5,0.0246300075777663,0.252155034587508
11110100,5,3,1.5,nug0.2,1,0.0192455958807793,0.204351207290902
11110100,5,3,1.5,nug0.2,2,0.0140914891295122,0.154597010527654
11110100,5,3,1.5,nug0.5,0.5,0.0248884918432006,0.254346699341679
11110100,5,3,1.5,nug0.5,1,0.0194484858768384,0.20604666359218
11110100,5,3,1.5,nug0.5,2,0.0142404032739448,0.155751947738831
11110100,5,3,2,CS,0.5,0.0898819905893365,0.716015120128532
11110100,5,3,2,CS,1,0.0753300309933961,0.632785335778678
11110100,5,3,2,CS,2,0.0561669662120782,0.491626875921282
11110100,5,3,2,nug0.2,0.5,0.0249474042003676,0.255015868451494
11110100,5,3,2,nug0.2,1,0.0206950538410729,0.217988754208768
11110100,5,3,2,nug0.2,2,0.0152863194466231,0.16798451661316
11110100,5,3,2,nug0.5,0.5,0.0256290062330503,0.260797128994618
11110100,5,3,2,nug0.5,1,0.0212627379462132,0.222780670919497
11110100,5,3,2,nug0.5,2,0.0157071349790145,0.171377793746603
11110100,5,3,2.5,CS,0.5,0.0922435454583089,0.72791966767652
11110100,5,3,2.5,CS,1,0.0810655334783267,0.667724589373088
11110100,5,3,2.5,CS,2,0.0620934865552264,0.539840841856913
11110100,5,3,2.5,nug0.2,0.5,0.0252669993666195,0.25776339805377
11110100,5,3,2.5,nug0.2,1,0.0220210262937623,0.229782481017572
11110100,5,3,2.5,nug0.2,2,0.016682415562114,0.181652106924096
11110100,5,3,2.5,nug0.5,0.5,0.0260962177260008,0.26479547939908
11110100,5,3,2.5,nug0.5,1,0.0227460433589166,0.235925070346459
11110100,5,3,2.5,nug0.5,2,0.01723395391072,0.186196578804207
11110100,5,3,3,CS,0.5,0.0934141852623233,0.733668016514362
11110100,5,3,3,CS,1,0.0850893093003519,0.690541189827912
11110100,5,3,3,CS,2,0.0672340869915753,0.578154347960477
11110100,5,3,3,nug0.2,0.5,0.0255919679336037,0.260528328407072
11110100,5,3,3,nug0.2,1,0.0231631428727577,0.239713391966254
11110100,5,3,3,nug0.2,2,0.0180945837256221,0.194743547027818
11110100,5,3,3,nug0.5,0.5,0.0264386410519565,0.267706433310393
11110100,5,3,3,nug0.5,1,0.0239313551484249,0.246229866756162
11110100,5,3,3,nug0.5,2,0.0186973039401705,0.199772117450139
11110100,5,3,4,CS,0.5,0.0942874135874017,0.7378912160977
11110100,5,3,4,CS,1,0.0898819905893365,0.716015120128532
11110100,5,3,4,CS,2,0.0753300309933961,0.632785335778678
11110100,5,3,4,nug0.2,0.5,0.0262154623608063,0.265817498399955
11110100,5,3,4,nug0.2,1,0.0249046807018526,0.254653399810963
11110100,5,3,4,nug0.2,2,0.0206594748665633,0.217688501048809
11110100,5,3,4,nug0.5,0.5,0.0269472332445016,0.27201775734758
11110100,5,3,4,nug0.5,1,0.0256008077377875,0.260558014437979
11110100,5,3,4,nug0.5,2,0.0212392499367562,0.222582363784825
10001100,3,3,0.5,CS,0.5,0.05046355825043,0.462572815684347
10001100,3,3,0.5,CS,1,0.0281807072276667,0.278077428313672
10001100,3,3,0.5,CS,2,0.0154988896336342,0.165010875058673
10001100,3,3,0.5,nug0.2,0.5,0.0433745131111272,0.407176644088954
10001100,3,3,0.5,nug0.2,1,0.02414818458293,0.244451260862171
10001100,3,3,0.5,nug0.2,2,0.0132609247549792,0.147716862541426
10001100,3,3,0.5,nug0.5,0.5,0.0249806280090931,0.2548158955614
10001100,3,3,0.5,nug0.5,1,0.0137987191953671,0.158556901205725
10001100,3,3,0.5,nug0.5,2,0.00754813668181572,0.104444588214758
10001100,3,3,1,CS,0.5,0.0754540001761261,0.635487432571476
10001100,3,3,1,CS,1,0.05046355825043,0.462572815684347
10001100,3,3,1,CS,2,0.0281807072276667,0.278077428313672
10001100,3,3,1,nug0.2,0.5,0.0491421251715887,0.453232194254368
10001100,3,3,1,nug0.2,1,0.0325649202708866,0.318692163160804
10001100,3,3,1,nug0.2,2,0.0180463599717088,0.193611348730476
10001100,3,3,1,nug0.5,0.5,0.0338529126942759,0.330064605496371
10001100,3,3,1,nug0.5,1,0.0223144441685192,0.232232094874759
10001100,3,3,1,nug0.5,2,0.0123120138846113,0.146406473456138
10001100,3,3,1.5,CS,0.5,0.0858608593441799,0.695052611586319
10001100,3,3,1.5,CS,1,0.0656718276514648,0.572721359183676
10001100,3,3,1.5,CS,2,0.0401927941975545,0.380420863046273
10001100,3,3,1.5,nug0.2,0.5,0.0461329733618458,0.429840439691681
10001100,3,3,1.5,nug0.2,1,0.0349309053072484,0.338925263302938
10001100,3,3,1.5,nug0.2,2,0.0211183929864912,0.221421727111257
10001100,3,3,1.5,nug0.5,0.5,0.035444002063903,0.343331227107567
10001100,3,3,1.5,nug0.5,1,0.0267651111235752,0.270350060195498
10001100,3,3,1.5,nug0.5,2,0.0161294424308384,0.179477901662285
10001100,3,3,2,CS,0.5,0.0904355236979956,0.718899130537701
10001100,3,3,2,CS,1,0.0754540001761261,0.635487432571476
10001100,3,3,2,CS,2,0.05046355825043,0.462572815684347
10001100,3,3,2,nug0.2,0.5,0.0421700981053834,0.398317319370856
10001100,3,3,2,nug0.2,1,0.0348785846818445,0.338599406050202
10001100,3,3,2,nug0.2,2,0.0229986941535118,0.238028606832229
10001100,3,3,2,nug0.5,0.5,0.0348481483122097,0.338391276201262
10001100,3,3,2,nug0.5,1,0.0287847272898631,0.287519492406777
10001100,3,3,2,nug0.5,2,0.0189404634889969,0.20368423957767
10001100,3,3,2.5,CS,0.5,0.092560834222062,0.729500011453624
10001100,3,3,2.5,CS,1,0.0817488998379378,0.672405208396532
10001100,3,3,2.5,CS,2,0.0588857041151678,0.525396053668371
10001100,3,3,2.5,nug0.2,0.5,0.038798107471573,0.370962421961415
10001100,3,3,2.5,nug0.2,1,0.0340310349711268,0.331577932290218
10001100,3,3,2.5,nug0.2,2,0.024165996873516,0.248198778608142
10001100,3,3,2.5,nug0.5,0.5,0.0337344916559452,0.329121971475937
10001100,3,3,2.5,nug0.5,1,0.0295704718177311,0.294175278745778
10001100,3,3,2.5,nug0.5,2,0.0209707097373171,0.221100500164749
10001100,3,3,3,CS,0.5,0.0935827724704756,0.734490562482761
10001100,3,3,3,CS,1,0.0858608593441799,0.695052611586319
10001100,3,3,3,CS,2,0.0656718276514648,0.572721359183676
10001100,3,3,3,nug0.2,0.5,0.0361811225068481,0.349440737759878
10001100,3,3,3,nug0.2,1,0.0330232796799913,0.323177996110715
10001100,3,3,3,nug0.2,2,0.024921920910237,0.254728790712086
10001100,3,3,3,nug0.5,0.5,0.0326263595144177,0.319864826522834
10001100,3,3,3,nug0.5,1,0.0297691990164276,0.295859249955943
10001100,3,3,3,nug0.5,2,0.0224477343435433,0.233734482445212
10001100,3,3,4,CS,0.5,0.094331403588642,0.738102689314394
10001100,3,3,4,CS,1,0.0904355236979956,0.718899130537701
10001100,3,3,4,CS,2,0.0754540001761261,0.635487432571476
10001100,3,3,4,nug0.2,0.5,0.0327207653643248,0.320654770291398
10001100,3,3,4,nug0.2,1,0.0312815510569552,0.308589108593017
10001100,3,3,4,nug0.2,2,0.0258221517099438,0.262446954621614
10001100,3,3,4,nug0.5,0.5,0.0308994327140359,0.305379419213092
10001100,3,3,4,nug0.5,1,0.0295378839442872,0.293913840629805
10001100,3,3,4,nug0.5,2,0.0243751645642172,0.250171783513488
11001100,4,3,0.5,CS,0.5,0.0551118701609256,0.492924850080718
11001100,4,3,0.5,CS,1,0.0343656568337422,0.316476147731288
11001100,4,3,0.5,CS,2,0.022922214256775,0.205888048412557
11001100,4,3,0.5,nug0.2,0.5,0.038638992044068,0.365129341048642
11001100,4,3,0.5,nug0.2,1,0.0239763855424517,0.233619326035961
11001100,4,3,0.5,nug0.2,2,0.015957014289694,0.156463070071196
11001100,4,3,0.5,nug0.5,0.5,0.0253136730325569,0.254921433368298
11001100,4,3,0.5,nug0.5,1,0.0156461407301263,0.167510341727308
11001100,4,3,0.5,nug0.5,2,0.0103943632641317,0.118018400975427
11001100,4,3,1,CS,0.5,0.0799963617758924,0.661793397643919
11001100,4,3,1,CS,1,0.0551118701609256,0.492924850080718
11001100,4,3,1,CS,2,0.0343656568337422,0.316476147731288
11001100,4,3,1,nug0.2,0.5,0.0433674793093024,0.407354676615412
11001100,4,3,1,nug0.2,1,0.0295520317789373,0.290328070682862
11001100,4,3,1,nug0.2,2,0.0182886231499494,0.188349171469614
11001100,4,3,1,nug0.5,0.5,0.0330941385897727,0.323305073320616
11001100,4,3,1,nug0.5,1,0.022483059233184,0.231220539603662
11001100,4,3,1,nug0.5,2,0.0138850120588703,0.153726051841738
11001100,4,3,1.5,CS,0.5,0.0909099030362066,0.721187315445115
11001100,4,3,1.5,CS,1,0.0700320118744572,0.599859128014606
11001100,4,3,1.5,CS,2,0.0454026693901892,0.414247108324551
11001100,4,3,1.5,nug0.2,0.5,0.0424804061686202,0.400714631653296
11001100,4,3,1.5,nug0.2,1,0.0323518494084673,0.316311984596452
11001100,4,3,1.5,nug0.2,2,0.0207274426438603,0.213928240432072
11001100,4,3,1.5,nug0.5,0.5,0.0350765685820824,0.340202964635435
11001100,4,3,1.5,nug0.5,1,0.0266669872293769,0.268572411506104
11001100,4,3,1.5,nug0.5,2,0.0170550688796263,0.183748951461481
11001100,4,3,2,CS,0.5,0.0957960456996246,0.745041893636847
11001100,4,3,2,CS,1,0.0799963617758924,0.661793397643919
11001100,4,3,2,CS,2,0.0551118701609256,0.492924850080718
11001100,4,3,2,nug0.2,0.5,0.0403776016777831,0.383812744203989
11001100,4,3,2,nug0.2,1,0.0333919047949485,0.325788969469126
11001100,4,3,2,nug0.2,2,0.0226873441306014,0.232930852837183
11001100,4,3,2,nug0.5,0.5,0.0350592879294321,0.34012794125489
11001100,4,3,2,nug0.5,1,0.0289668630783132,0.28867273730902
11001100,4,3,2,nug0.5,2,0.0196552072765157,0.207570917378971
11001100,4,3,2.5,CS,0.5,0.0980793246999793,0.755631321035076
11001100,4,3,2.5,CS,1,0.0865611980405588,0.698551550768539
11001100,4,3,2.5,CS,2,0.0632903861605167,0.553659212693189
11001100,4,3,2.5,nug0.2,0.5,0.0382522946737568,0.366489232731774
11001100,4,3,2.5,nug0.2,1,0.0335044415904219,0.327009527925624
11001100,4,3,2.5,nug0.2,2,0.0241502563586869,0.246591406449693
11001100,4,3,2.5,nug0.5,0.5,0.0344149733654925,0.334786758304303
11001100,4,3,2.5,nug0.5,1,0.0301287918805197,0.298716679167068
11001100,4,3,2.5,nug0.5,2,0.0216975749477442,0.225925381886992
11001100,4,3,3,CS,0.5,0.0991792080979267,0.760608186830468
11001100,4,3,3,CS,1,0.0909099030362066,0.721187315445115
11001100,4,3,3,CS,2,0.0700320118744572,0.599859128014606
11001100,4,3,3,nug0.2,0.5,0.0364140535529582,0.351364734409946
11001100,4,3,3,nug0.2,1,0.0331876773345002,0.324474897767111
11001100,4,3,3,nug0.2,2,0.0252198059720988,0.256353035770567
11001100,4,3,3,nug0.5,0.5,0.0336358253444457,0.328298322083019
11001100,4,3,3,nug0.5,1,0.030647880360111,0.303185802866199
11001100,4,3,3,nug0.5,2,0.023275948619631,0.239923258778999
11001100,4,3,4,CS,0.5,0.0999854651554704,0.764205692083798
11001100,4,3,4,CS,1,0.0957960456996246,0.745041893636847
11001100,4,3,4,CS,2,0.0799963617758924,0.661793397643919
11001100,4,3,4,nug0.2,0.5,0.0337198643789244,0.329000214744297
11001100,4,3,4,nug0.2,1,0.0322082043163668,0.31634654073099
11001100,4,3,4,nug0.2,2,0.0265980271531455,0.26866485104081
11001100,4,3,4,nug0.5,0.5,0.0322659219863754,0.316847120992835
11001100,4,3,4,nug0.5,1,0.0308173753193242,0.304672973873701
11001100,4,3,4,nug0.5,2,0.0254433038082524,0.258889994973639
10101100,4,5,0.5,CS,0.5,0.042041293682306,0.394459855413282
10101100,4,5,0.5,CS,1,0.0212343481831008,0.216892304670219
10101100,4,5,0.5,CS,2,0.0109343088737552,0.127356934617858
10101100,4,5,0.5,nug0.2,0.5,0.0345092464976716,0.333104116552997
10101100,4,5,0.5,nug0.2,1,0.0173676352178575,0.185306251317733
10101100,4,5,0.5,nug0.2,2,0.00892788027848645,0.112676054219088
10101100,4,5,0.5,nug0.5,0.5,0.0203933921586849,0.214828935613452
10101100,4,5,0.5,nug0.5,1,0.01019506251267,0.127674909672853
10101100,4,5,0.5,nug0.5,2,0.00522416838879615,0.0860961269098452
10101100,4,5,1,CS,0.5,0.0710542877717516,0.607701541297712
10101100,4,5,1,CS,1,0.042041293682306,0.394459855413282
10101100,4,5,1,CS,2,0.0212343481831008,0.216892304670219
10101100,4,5,1,nug0.2,0.5,0.0462039980289776,0.4299810960757
10101100,4,5,1,nug0.2,1,0.0270543337431315,0.270890924111422
10101100,4,5,1,nug0.2,2,0.0135676815876632,0.15456720199813
10101100,4,5,1,nug0.5,0.5,0.0318010564286556,0.312617929468697
10101100,4,5,1,nug0.5,1,0.0185096211466569,0.199008233781572
10101100,4,5,1,nug0.5,2,0.00924510209178744,0.120184849299665
10101100,4,5,1.5,CS,0.5,0.0858465883650937,0.694892846774482
10101100,4,5,1.5,CS,1,0.0587969936429123,0.524026575470089
10101100,4,5,1.5,CS,2,0.0319705933155444,0.309982526712982
10101100,4,5,1.5,nug0.2,0.5,0.0484124056832988,0.447557870216113
10101100,4,5,1.5,nug0.2,1,0.0327457413691638,0.320030205977362
10101100,4,5,1.5,nug0.2,2,0.0175952650235597,0.190139840683862
10101100,4,5,1.5,nug0.5,0.5,0.036261662265872,0.35003191100963
10101100,4,5,1.5,nug0.5,1,0.024428567085623,0.250006083676144
10101100,4,5,1.5,nug0.5,2,0.0130769638623414,0.152850487495677
10101100,4,5,2,CS,0.5,0.0931195279780657,0.732217159218716
10101100,4,5,2,CS,1,0.0710542877717516,0.607701541297712
10101100,4,5,2,CS,2,0.042041293682306,0.394459855413282
10101100,4,5,2,nug0.2,0.5,0.0474216961921378,0.439922655473461
10101100,4,5,2,nug0.2,1,0.0357643780881433,0.34562931188421
10101100,4,5,2,nug0.2,2,0.0208507069296814,0.218675169339834
10101100,4,5,2,nug0.5,0.5,0.0375564107393689,0.360762949838576
10101100,4,5,2,nug0.5,1,0.0282533758218475,0.282767344846457
10101100,4,5,2,nug0.5,2,0.0164205680272538,0.18152535517119
10101100,4,5,2.5,CS,0.5,0.0967053323009556,0.749309549045944
10101100,4,5,2.5,CS,1,0.0797449576177595,0.660774596641402
10101100,4,5,2.5,CS,2,0.0510162760091037,0.465855358786266
10101100,4,5,2.5,nug0.2,0.5,0.0455110077055391,0.42494304253924
10101100,4,5,2.5,nug0.2,1,0.0371635432686038,0.357382921970604
10101100,4,5,2.5,nug0.2,2,0.023397234648083,0.240870562056204
10101100,4,5,2.5,nug0.5,0.5,0.0375296212687639,0.360555971415037
10101100,4,5,2.5,nug0.5,1,0.0305996170511583,0.302715556027495
10101100,4,5,2.5,nug0.5,2,0.0192177082950364,0.205580921250477
10101100,4,5,3,CS,0.5,0.0984833425580903,0.757470810909258
10101100,4,5,3,CS,1,0.0858465883650937,0.694892846774482
10101100,4,5,3,CS,2,0.0587969936429123,0.524026575470089
10101100,4,5,3,nug0.2,0.5,0.0434959486469018,0.408945331141667
10101100,4,5,3,nug0.2,1,0.037622385393373,0.361246217511546
10101100,4,5,3,nug0.2,2,0.0253566554280716,0.257859839745383
10101100,4,5,3,nug0.5,0.5,0.0369941724701398,0.356151212446213
10101100,4,5,3,nug0.5,1,0.0319694444562812,0.314294627213457
10101100,4,5,3,nug0.5,2,0.0215065019428092,0.225269016901124
10101100,4,5,4,CS,0.5,0.0998098429685621,0.763425829490031
10101100,4,5,4,CS,1,0.0931195279780657,0.732217159218716
10101100,4,5,4,CS,2,0.0710542877717516,0.607701541297712
10101100,4,5,4,nug0.2,0.5,0.0400526345313193,0.381192670640391
10101100,4,5,4,nug0.2,1,0.0372028717000278,0.357854061366226
10101100,4,5,4,nug0.2,2,0.0279849038944618,0.280499880645249
10101100,4,5,4,nug0.5,0.5,0.0356055990616693,0.344677245416244
10101100,4,5,4,nug0.5,1,0.0330613823643845,0.323486869839164
10101100,4,5,4,nug0.5,2,0.0248435028054989,0.253910268088813
11101100,5,3,0.5,CS,0.5,0.0522491601107409,0.466223581159575
11101100,5,3,0.5,CS,1,0.0350994757861337,0.311437346042234
11101100,5,3,0.5,CS,2,0.0258718299471119,0.215835336772542
11101100,5,3,0.5,nug0.2,0.5,0.0277298080260884,0.271585884925525
11101100,5,3,0.5,nug0.2,1,0.0185356569545101,0.184252167038196
11101100,5,3,0.5,nug0.2,2,0.0136313071747053,0.134376879471922
11101100,5,3,0.5,nug0.5,0.5,0.0212116502375794,0.217797599908181
11101100,5,3,0.5,nug0.5,1,0.0141599906050758,0.151248419591336
11101100,5,3,0.5,nug0.5,2,0.0104069690828154,0.113662216645178
11101100,5,3,1,CS,0.5,0.0742986188929564,0.626797893253028
11101100,5,3,1,CS,1,0.0522491601107409,0.466223581159575
11101100,5,3,1,CS,2,0.0350994757861337,0.311437346042234
11101100,5,3,1,nug0.2,0.5,0.0302543910433897,0.298809634122823
11101100,5,3,1,nug0.2,1,0.0210454407382657,0.216427770512346
11101100,5,3,1,nug0.2,2,0.0140485641850867,0.150415377675968
11101100,5,3,1,nug0.5,0.5,0.0264977447961294,0.267186737019568
11101100,5,3,1,nug0.5,1,0.018415369740606,0.194794921995663
11101100,5,3,1,nug0.5,2,0.0122863672180405,0.137298703438772
11101100,5,3,1.5,CS,0.5,0.0848262133417224,0.689146538397111
11101100,5,3,1.5,CS,1,0.0652108798950038,0.565680336938636
11101100,5,3,1.5,CS,2,0.0441234010288428,0.396269114459776
11101100,5,3,1.5,nug0.2,0.5,0.0307641221534074,0.304007383548302
11101100,5,3,1.5,nug0.2,1,0.0233731121966335,0.239473326782387
11101100,5,3,1.5,nug0.2,2,0.0156569264190721,0.169046474118464
11101100,5,3,1.5,nug0.5,0.5,0.0284342743720028,0.284378858343512
11101100,5,3,1.5,nug0.5,1,0.0215921702720234,0.224508090301893
11101100,5,3,1.5,nug0.5,2,0.0144578212734973,0.159539178210979
11101100,5,3,2,CS,0.5,0.0898156313442797,0.715680616807854
11101100,5,3,2,CS,1,0.0742986188929564,0.626797893253028
11101100,5,3,2,CS,2,0.0522491601107409,0.466223581159575
11101100,5,3,2,nug0.2,0.5,0.0306452596753573,0.303188984302844
11101100,5,3,2,nug0.2,1,0.0250922911062465,0.255316190230646
11101100,5,3,2,nug0.2,2,0.017432638446517,0.186739123363733
11101100,5,3,2,nug0.5,0.5,0.0290940150328813,0.290119533300997
11101100,5,3,2,nug0.5,1,0.0238157953324984,0.244525730944902
11101100,5,3,2,nug0.5,2,0.0165406630354635,0.179443941807947
11101100,5,3,2.5,CS,0.5,0.0922268866453242,0.727837844503735
11101100,5,3,2.5,CS,1,0.0805434983899583,0.664845757051454
11101100,5,3,2.5,CS,2,0.05927200472861,0.521935220234904
11101100,5,3,2.5,nug0.2,0.5,0.0303380923183349,0.300644598560179
11101100,5,3,2.5,nug0.2,1,0.0262800272455524,0.26591736797564
11101100,5,3,2.5,nug0.2,2,0.0190928357995118,0.202396071560999
11101100,5,3,2.5,nug0.5,0.5,0.0292502823127263,0.291476873760808
11101100,5,3,2.5,nug0.5,1,0.025334125328333,0.257910355134854
11101100,5,3,2.5,nug0.5,2,0.0184015622222021,0.196648620503592
11101100,5,3,3,CS,0.5,0.0934100121869342,0.733647786686081
11101100,5,3,3,CS,1,0.0848262133417224,0.689146538397111
11101100,5,3,3,CS,2,0.0652108798950038,0.565680336938636
11101100,5,3,3,nug0.2,0.5,0.029991587077276,0.297736070313608
11101100,5,3,3,nug0.2,1,0.0270677500905402,0.272827671146839
11101100,5,3,3,nug0.2,2,0.0205484287515284,0.215744666660899
11101100,5,3,3,nug0.5,0.5,0.0292043096768251,0.291098163071652
11101100,5,3,3,nug0.5,1,0.0263552119620617,0.266796052144717
11101100,5,3,3,nug0.5,2,0.0200044412496685,0.211180771423215
11101100,5,3,4,CS,0.5,0.0942871523845721,0.737889962324167
11101100,5,3,4,CS,1,0.0898156313442797,0.715680616807854
11101100,5,3,4,CS,2,0.0742986188929564,0.626797893253028
11101100,5,3,4,nug0.2,0.5,0.0293695207762357,0.292494824528427
11101100,5,3,4,nug0.2,1,0.0278834701585408,0.279892990699586
11101100,5,3,4,nug0.2,2,0.022820129031637,0.236106974780784
11101100,5,3,4,nug0.5,0.5,0.0289441682604304,0.288905248780675
11101100,5,3,4,nug0.5,1,0.0274790405374603,0.276471886811229
11101100,5,3,4,nug0.5,2,0.0224875802511348,0.233295253277646
10011100,4,3,0.5,CS,0.5,0.0526919119131357,0.476437951765887
10011100,4,3,0.5,CS,1,0.0284995169721719,0.27583982769701
10011100,4,3,0.5,CS,2,0.0145597220810977,0.154807728804237
10011100,4,3,0.5,nug0.2,0.5,0.0412446341651569,0.387416790868382
10011100,4,3,0.5,nug0.2,1,0.0221956972105457,0.224243198833725
10011100,4,3,0.5,nug0.2,2,0.0113056766906305,0.130487906879459
10011100,4,3,0.5,nug0.5,0.5,0.025241799873547,0.255200247443854
10011100,4,3,0.5,nug0.5,1,0.013488836719235,0.153607407269981
10011100,4,3,0.5,nug0.5,2,0.00684266657433128,0.0978572029866303
10011100,4,3,1,CS,0.5,0.0796620042728691,0.659921283744124
10011100,4,3,1,CS,1,0.0526919119131357,0.476437951765887
10011100,4,3,1,CS,2,0.0284995169721719,0.27583982769701
10011100,4,3,1,nug0.2,0.5,0.046546153273602,0.432561117040088
10011100,4,3,1,nug0.2,1,0.030442000936316,0.298767261073719
10011100,4,3,1,nug0.2,2,0.0163047954756976,0.176277005658243
10011100,4,3,1,nug0.5,0.5,0.034125380573797,0.331942637735085
10011100,4,3,1,nug0.5,1,0.0222251796205532,0.229846648025837
10011100,4,3,1,nug0.5,2,0.0118611636254132,0.140618855272016
10011100,4,3,1.5,CS,0.5,0.0908668203323996,0.720973524897775
10011100,4,3,1.5,CS,1,0.0691176539139801,0.594235480901288
10011100,4,3,1.5,CS,2,0.0415672091230525,0.387264927737408
10011100,4,3,1.5,nug0.2,0.5,0.0439797228094135,0.412707369207077
10011100,4,3,1.5,nug0.2,1,0.0330634869840714,0.322454274800922
10011100,4,3,1.5,nug0.2,2,0.0196060092602629,0.206381005187369
10011100,4,3,1.5,nug0.5,0.5,0.0356957725019414,0.345338938638537
10011100,4,3,1.5,nug0.5,1,0.0267807046465192,0.269708682107546
10011100,4,3,1.5,nug0.5,2,0.0158418507163446,0.17520809093089
10011100,4,3,2,CS,0.5,0.0957905958822703,0.745016407864575
10011100,4,3,2,CS,1,0.0796620042728691,0.659921283744124
10011100,4,3,2,CS,2,0.0526919119131357,0.476437951765887
10011100,4,3,2,nug0.2,0.5,0.0406411529274953,0.385950876198317
10011100,4,3,2,nug0.2,1,0.0334647699512599,0.326440846420667
10011100,4,3,2,nug0.2,2,0.0217900886782584,0.226190811151451
10011100,4,3,2,nug0.5,0.5,0.0351821146738872,0.341147539367443
10011100,4,3,2,nug0.5,1,0.0289414609178686,0.288498176374047
10011100,4,3,2,nug0.5,2,0.0188161480953424,0.201240170999242
10011100,4,3,2.5,CS,0.5,0.0980786398693922,0.755628209369408
10011100,4,3,2.5,CS,1,0.0864407237638957,0.697922980440016
10011100,4,3,2.5,CS,2,0.061793829117016,0.543956081937198
10011100,4,3,2.5,nug0.2,0.5,0.0378327189926834,0.363046573111285
10011100,4,3,2.5,nug0.2,1,0.0330863398809876,0.323529485043088
10011100,4,3,2.5,nug0.2,2,0.02328650358994,0.239665197577443
10011100,4,3,2.5,nug0.5,0.5,0.034201576490311,0.333010499805337
10011100,4,3,2.5,nug0.5,1,0.0298968665953403,0.296773031828653
10011100,4,3,2.5,nug0.5,2,0.0210223212445108,0.220559898201085
10011100,4,3,3,CS,0.5,0.0991791222811829,0.760607802370319
10011100,4,3,3,CS,1,0.0908668203323996,0.720973524897775
10011100,4,3,3,CS,2,0.0691176539139801,0.594235480901288
10011100,4,3,3,nug0.2,0.5,0.0356759898598779,0.345259457149257
10011100,4,3,3,nug0.2,1,0.0324963936732599,0.318697475386871
10011100,4,3,3,nug0.2,2,0.024361100858279,0.249259291755639
10011100,4,3,3,nug0.5,0.5,0.0332388250015987,0.324984383959041
10011100,4,3,3,nug0.5,1,0.0302697076086779,0.300006089645263
10011100,4,3,3,nug0.5,2,0.0226793772703092,0.235032518743817
10011100,4,3,4,CS,0.5,0.099985463812169,0.76420568612835
10011100,4,3,4,CS,1,0.0957905958822703,0.745016407864575
10011100,4,3,4,CS,2,0.0796620042728691,0.659921283744124
10011100,4,3,4,nug0.2,0.5,0.0328767689808346,0.321959494301838
10011100,4,3,4,nug0.2,1,0.0313997663020224,0.309566388172882
10011100,4,3,4,nug0.2,2,0.0258126111396983,0.262053302564502
10011100,4,3,4,nug0.5,0.5,0.0317785505022501,0.312761803503979
10011100,4,3,4,nug0.5,1,0.0303493463379666,0.300735658382201
10011100,4,3,4,nug0.5,2,0.0249444276000594,0.254698873023173
11011100,5,3,0.5,CS,0.5,0.0503505536553253,0.453527493725845
11011100,5,3,0.5,CS,1,0.0302978050709915,0.280077007768184
11011100,5,3,0.5,CS,2,0.0186522667450608,0.174188436784001
11011100,5,3,0.5,nug0.2,0.5,0.0309085869536702,0.298863873267282
11011100,5,3,0.5,nug0.2,1,0.0184790713387677,0.187301377814068
11011100,5,3,0.5,nug0.2,2,0.0113303283018841,0.123649013219145
11011100,5,3,0.5,nug0.5,0.5,0.0218287477936298,0.223716110626734
11011100,5,3,0.5,nug0.5,1,0.0130113819742804,0.145126023309956
11011100,5,3,0.5,nug0.5,2,0.00796286615255716,0.101078168573915
11011100,5,3,1,CS,0.5,0.074042179665098,0.625295031173638
11011100,5,3,1,CS,1,0.0503505536553253,0.453527493725845
11011100,5,3,1,CS,2,0.0302978050709915,0.280077007768184
11011100,5,3,1,nug0.2,0.5,0.0347461285911767,0.336331738023202
11011100,5,3,1,nug0.2,1,0.0233635540690661,0.236434685919379
11011100,5,3,1,nug0.2,2,0.0139333055670367,0.152174676173294
11011100,5,3,1,nug0.5,0.5,0.0284641555198396,0.283813736279767
11011100,5,3,1,nug0.5,1,0.019105445847598,0.201193911384629
11011100,5,3,1,nug0.5,2,0.0113778562043256,0.132713058682845
11011100,5,3,1.5,CS,0.5,0.084793364373776,0.688971984042856
11011100,5,3,1.5,CS,1,0.0645045907369152,0.561246817620787
11011100,5,3,1.5,CS,2,0.0410676612341546,0.37563833022336
11011100,5,3,1.5,nug0.2,0.5,0.0346784758891626,0.336728891161164
11011100,5,3,1.5,nug0.2,1,0.0260782650070719,0.262409031719647
11011100,5,3,1.5,nug0.2,2,0.0164053712513699,0.176400536023856
11011100,5,3,1.5,nug0.5,0.5,0.0304119289720554,0.301049369371201
11011100,5,3,1.5,nug0.5,1,0.0228476158951857,0.235240386468248
11011100,5,3,1.5,nug0.5,2,0.014358691286017,0.159980965663526
11011100,5,3,2,CS,0.5,0.0898114849911588,0.7156597032013
11011100,5,3,2,CS,1,0.074042179665098,0.625295031173638
11011100,5,3,2,CS,2,0.0503505536553253,0.453527493725845
11011100,5,3,2,nug0.2,0.5,0.0337392771366475,0.329105288162142
11011100,5,3,2,nug0.2,1,0.0275402819712876,0.276029500649811
11011100,5,3,2,nug0.2,2,0.0184804982554018,0.196038543670174
11011100,5,3,2,nug0.5,0.5,0.0307675686692406,0.304217703889837
11011100,5,3,2,nug0.5,1,0.0251014738660069,0.255438497279436
11011100,5,3,2,nug0.5,2,0.0168323568543725,0.182475287973847
11011100,5,3,2.5,CS,0.5,0.0922263660904509,0.727835287305649
11011100,5,3,2.5,CS,1,0.0804514438180178,0.664335644541013
11011100,5,3,2.5,CS,2,0.0581088858274138,0.514374685360787
11011100,5,3,2.5,nug0.2,0.5,0.0326877745170528,0.320365487193796
11011100,5,3,2.5,nug0.2,1,0.0282897450788175,0.282912249368257
11011100,5,3,2.5,nug0.2,2,0.0201598744479065,0.211632584284537
11011100,5,3,2.5,nug0.5,0.5,0.0305745682577471,0.302634651189536
11011100,5,3,2.5,nug0.5,1,0.0264534884327841,0.267395777972343
11011100,5,3,2.5,nug0.5,2,0.0188424916273142,0.200644160990597
11011100,5,3,3,CS,0.5,0.0934099469836431,0.733647470588023
11011100,5,3,3,CS,1,0.084793364373776,0.688971984042856
11011100,5,3,3,CS,2,0.0645045907369152,0.561246817620787
11011100,5,3,3,nug0.2,0.5,0.0317381306972254,0.312419628530722
11011100,5,3,3,nug0.2,1,0.0286370403328955,0.286093443689649
11011100,5,3,3,nug0.2,2,0.0215055132271304,0.223953950785022
11011100,5,3,3,nug0.5,0.5,0.0302162679992116,0.299628420714522
11011100,5,3,3,nug0.5,1,0.0272598364502963,0.274455406807503
11011100,5,3,3,nug0.5,2,0.0204648722025032,0.215209344509212
11011100,5,3,4,CS,0.5,0.0942871513642495,0.737889957426608
11011100,5,3,4,CS,1,0.0898114849911588,0.7156597032013
11011100,5,3,4,CS,2,0.074042179665098,0.625295031173638
11011100,5,3,4,nug0.2,0.5,0.0303028781110231,0.300360502963295
11011100,5,3,4,nug0.2,1,0.0287695557502545,0.287380850072889
11011100,5,3,4,nug0.2,2,0.0234631862011368,0.241586428063502
11011100,5,3,4,nug0.5,0.5,0.0295039101003946,0.293628317025839
11011100,5,3,4,nug0.5,1,0.0280098668310209,0.280961915169789
11011100,5,3,4,nug0.5,2,0.0228405746207965,0.236320937340004
10111100,5,3,0.5,CS,0.5,0.0494168496825697,0.44718699805254
10111100,5,3,0.5,CS,1,0.0271332986265261,0.258820673052386
10111100,5,3,0.5,CS,2,0.0135042991442223,0.143683977980151
10111100,5,3,0.5,nug0.2,0.5,0.031431832630506,0.303725037658496
10111100,5,3,0.5,nug0.2,1,0.0171260344768314,0.179139783569606
10111100,5,3,0.5,nug0.2,2,0.00847749220592664,0.10772009577415
10111100,5,3,0.5,nug0.5,0.5,0.0217456077552064,0.223428985623342
10111100,5,3,0.5,nug0.5,1,0.011799572260674,0.137522207928845
10111100,5,3,0.5,nug0.5,2,0.00582400393754705,0.0892052264892774
10111100,5,3,1,CS,0.5,0.0739781588752516,0.624918946271051
10111100,5,3,1,CS,1,0.0494168496825697,0.44718699805254
10111100,5,3,1,CS,2,0.0271332986265261,0.258820673052386
10111100,5,3,1,nug0.2,0.5,0.0349815528068987,0.338296095343671
10111100,5,3,1,nug0.2,1,0.0230897224655407,0.234589167946099
10111100,5,3,1,nug0.2,2,0.0125360834888245,0.14322095266908
10111100,5,3,1,nug0.5,0.5,0.028549619735723,0.284545581664174
10111100,5,3,1,nug0.5,1,0.0188075607883233,0.199085747767542
10111100,5,3,1,nug0.5,2,0.0101925868167076,0.125163592196506
10111100,5,3,1.5,CS,0.5,0.0847892588479563,0.688950161271739
10111100,5,3,1.5,CS,1,0.0642560256044506,0.559676608007437
10111100,5,3,1.5,CS,2,0.0393099733100456,0.36350659421359
10111100,5,3,1.5,nug0.2,0.5,0.034140501575271,0.332255708359869
10111100,5,3,1.5,nug0.2,1,0.0255673490609631,0.258185201069264
10111100,5,3,1.5,nug0.2,2,0.0154279376569508,0.169312099041237
10111100,5,3,1.5,nug0.5,0.5,0.0301508131989134,0.298852945112291
10111100,5,3,1.5,nug0.5,1,0.0225586480957946,0.232872581636639
10111100,5,3,1.5,nug0.5,2,0.0135980044890785,0.154585794997678
10111100,5,3,2,CS,0.5,0.0898112258483862,0.715658396072974
10111100,5,3,2,CS,1,0.0739781588752516,0.624918946271051
10111100,5,3,2,CS,2,0.0494168496825697,0.44718699805254
10111100,5,3,2,nug0.2,0.5,0.0327548105815354,0.320883958262953
10111100,5,3,2,nug0.2,1,0.0267075602027853,0.269016346557898
10111100,5,3,2,nug0.2,2,0.017584260135999,0.188984518717469
10111100,5,3,2,nug0.5,0.5,0.0302493500224175,0.299857773818122
10111100,5,3,2,nug0.5,1,0.0246537588451755,0.251664732919667
10111100,5,3,2,nug0.5,2,0.0162219535351104,0.177769167685596
10111100,5,3,2.5,CS,0.5,0.0922263498231433,0.72783520739299
10111100,5,3,2.5,CS,1,0.0804351778984407,0.664245431157755
10111100,5,3,2.5,CS,2,0.0576240465108297,0.51119127252189
10111100,5,3,2.5,nug0.2,0.5,0.0315260999629198,0.310630693837901
10111100,5,3,2.5,nug0.2,1,0.0272743037019576,0.274338472858138
10111100,5,3,2.5,nug0.2,2,0.0192636720967413,0.204292915647794
10111100,5,3,2.5,nug0.5,0.5,0.0299298421954047,0.297206505221495
10111100,5,3,2.5,nug0.5,1,0.0258878667960652,0.262611098061237
10111100,5,3,2.5,nug0.5,2,0.0182777457063122,0.196072026361596
10111100,5,3,3,CS,0.5,0.0934099459648419,0.733647465648989
10111100,5,3,3,CS,1,0.0847892588479563,0.688950161271739
10111100,5,3,3,CS,2,0.0642560256044506,0.559676608007437
10111100,5,3,3,nug0.2,0.5,0.0305636316791759,0.302552161259709
10111100,5,3,3,nug0.2,1,0.0275727175957394,0.277101888582489
10111100,5,3,3,nug0.2,2,0.0206174209298301,0.216548481061185
10111100,5,3,3,nug0.5,0.5,0.0295407927632958,0.293936532116756
10111100,5,3,3,nug0.5,1,0.0266473167624846,0.269272245332945
10111100,5,3,3,nug0.5,2,0.019921188672501,0.210700217255035
10111100,5,3,4,CS,0.5,0.0942871513602639,0.737889957407477
10111100,5,3,4,CS,1,0.0898112258483862,0.715658396072974
10111100,5,3,4,CS,2,0.0739781588752516,0.624918946271051
10111100,5,3,4,nug0.2,0.5,0.0293196313099865,0.29207395907081
10111100,5,3,4,nug0.2,1,0.0278345703505943,0.279479622895015
10111100,5,3,4,nug0.2,2,0.0226760121664377,0.234939334765833
10111100,5,3,4,nug0.5,0.5,0.0289138640778077,0.288649398123955
10111100,5,3,4,nug0.5,1,0.0274487838864316,0.276216027565399
10111100,5,3,4,nug0.5,2,0.0223602026033957,0.23226857483626
11111100,6,1,0.5,CS,0.5,0.0543658568138779,0.476149275294282
11111100,6,1,0.5,CS,1,0.0450422668302588,0.371473588308858
11111100,6,1,0.5,CS,2,0.0406854060831123,0.298485568895741
11111100,6,1,0.5,nug0.2,0.5,0.0211485990943594,0.214425548382216
11111100,6,1,0.5,nug0.2,1,0.0175680717076628,0.170366738458945
11111100,6,1,0.5,nug0.2,2,0.0159236750392957,0.141961695307665
11111100,6,1,0.5,nug0.5,0.5,0.0188323772115505,0.19566530723901
11111100,6,1,0.5,nug0.5,1,0.0156469154175858,0.15658242085474
11111100,6,1,0.5,nug0.5,2,0.0141856698553634,0.13144592213453
11111100,6,1,1,CS,0.5,0.0666358748707198,0.57699001111233
11111100,6,1,1,CS,1,0.0543658568138779,0.476149275294282
11111100,6,1,1,CS,2,0.0450422668302588,0.371473588308858
11111100,6,1,1,nug0.2,0.5,0.018955687991616,0.203163052864629
11111100,6,1,1,nug0.2,1,0.0154160734222109,0.168174186264737
11111100,6,1,1,nug0.2,2,0.0128120077059493,0.136453602374908
11111100,6,1,1,nug0.5,0.5,0.0191855371281058,0.205097203127523
11111100,6,1,1,nug0.5,1,0.015603228481997,0.169673068329995
11111100,6,1,1,nug0.5,2,0.0129673525390877,0.137549353123525
11111100,6,1,1.5,CS,0.5,0.0722413334308488,0.615248068840014
11111100,6,1,1.5,CS,1,0.0616247012665107,0.539100699347275
11111100,6,1,1.5,CS,2,0.0498561547973367,0.430225577424239
11111100,6,1,1.5,nug0.2,0.5,0.0181392774514103,0.197126645774376
11111100,6,1,1.5,nug0.2,1,0.0153879116460312,0.171913399731537
11111100,6,1,1.5,nug0.2,2,0.0124440043656032,0.140792553125731
11111100,6,1,1.5,nug0.5,0.5,0.0192071088551513,0.206152910784869
11111100,6,1,1.5,nug0.5,1,0.0162955137248098,0.179420908117507
11111100,6,1,1.5,nug0.5,2,0.0131780348154326,0.146386811948323
11111100,6,1,2,CS,0.5,0.0747851190163602,0.631376825011114
11111100,6,1,2,CS,1,0.0666358748707198,0.57699001111233
11111100,6,1,2,CS,2,0.0543658568138779,0.476149275294282
11111100,6,1,2,nug0.2,0.5,0.0178095201042211,0.194488263352366
11111100,6,1,2,nug0.2,1,0.0157844857475889,0.176564867030074
11111100,6,1,2,nug0.2,2,0.0128344801308464,0.147605230686885
11111100,6,1,2,nug0.5,0.5,0.0192035583669685,0.206279466400432
11111100,6,1,2,nug0.5,1,0.0170222011312542,0.186923984119269
11111100,6,1,2,nug0.5,2,0.0138419473195162,0.15560720382398
11111100,6,1,2.5,CS,0.5,0.0759804169795819,0.638713630131615
11111100,6,1,2.5,CS,1,0.0699944797803606,0.600384627064787
11111100,6,1,2.5,CS,2,0.0583035627317942,0.511663533727169
11111100,6,1,2.5,nug0.2,0.5,0.0177490011171451,0.194007564701574
11111100,6,1,2.5,nug0.2,1,0.0162799701790873,0.181238485271186
11111100,6,1,2.5,nug0.2,2,0.0134925188567164,0.155047501163415
11111100,6,1,2.5,nug0.5,0.5,0.0192634613474136,0.206819735804305
11111100,6,1,2.5,nug0.5,1,0.0176710560187452,0.19294123762031
11111100,6,1,2.5,nug0.5,2,0.0146472685415329,0.164436914533389
11111100,6,1,3,CS,0.5,0.0765576477896234,0.642203466590254
11111100,6,1,3,CS,1,0.0722413334308488,0.615248068840014
11111100,6,1,3,CS,2,0.0616247012665107,0.539100699347275
11111100,6,1,3,nug0.2,0.5,0.0178479299889982,0.194850506006728
11111100,6,1,3,nug0.2,1,0.0167863011368495,0.185715269483874
11111100,6,1,3,nug0.2,2,0.0142382312012341,0.16243389345685
11111100,6,1,3,nug0.5,0.5,0.0193860272768614,0.207865518114206
11111100,6,1,3,nug0.5,1,0.0182344724451748,0.197930679616403
11111100,6,1,3,nug0.5,2,0.0154688145941922,0.17258179848696
11111100,6,1,4,CS,0.5,0.076981364134471,0.644743534898288
11111100,6,1,4,CS,1,0.0747851190163602,0.631376825011114
11111100,6,1,4,CS,2,0.0666358748707198,0.57699001111233
11111100,6,1,4,nug0.2,0.5,0.0182902275126672,0.198591930454999
11111100,6,1,4,nug0.2,1,0.0177373688038651,0.193878758230012
11111100,6,1,4,nug0.2,2,0.0157204339459674,0.176029701592786
11111100,6,1,4,nug0.5,0.5,0.0197471260615642,0.210927530005902
11111100,6,1,4,nug0.5,1,0.0191510586106648,0.205834946583018
11111100,6,1,4,nug0.5,2,0.0169755827382819,0.186533236031272
10000010,2,3,0.5,CS,0.5,0.0451938669477647,0.422438311084428
10000010,2,3,0.5,CS,1,0.0292389821610011,0.29000795550118
10000010,2,3,0.5,CS,2,0.0186985066979249,0.193497509425639
10000010,2,3,0.5,nug0.2,0.5,0.0374004849724317,0.35949482332252
10000010,2,3,0.5,nug0.2,1,0.0241304117429789,0.246953264992334
10000010,2,3,0.5,nug0.2,2,0.0154113678647408,0.167238787908294
10000010,2,3,0.5,nug0.5,0.5,0.0220051183084642,0.230081803499975
10000010,2,3,0.5,nug0.5,1,0.0141208648209096,0.162788562245562
10000010,2,3,0.5,nug0.5,2,0.00899558947249567,0.116951945304728
10000010,2,3,1,CS,0.5,0.0619517400534627,0.547376012020858
10000010,2,3,1,CS,1,0.0451938669477647,0.422438311084428
10000010,2,3,1,CS,2,0.0292389821610011,0.29000795550118
10000010,2,3,1,nug0.2,0.5,0.0385675771160902,0.369010608147339
10000010,2,3,1,nug0.2,1,0.0279460445327756,0.280468734965828
10000010,2,3,1,nug0.2,2,0.0179706168583023,0.194995826858143
10000010,2,3,1,nug0.5,0.5,0.0270976519671304,0.273241440506123
10000010,2,3,1,nug0.5,1,0.0195704351854464,0.209428495192017
10000010,2,3,1,nug0.5,2,0.0125478061859734,0.149741097907653
10000010,2,3,1.5,CS,0.5,0.0696434282023013,0.599092672043661
10000010,2,3,1.5,CS,1,0.0552943859424698,0.499628186163189
10000010,2,3,1.5,CS,2,0.0381329402315059,0.365404062577403
10000010,2,3,1.5,nug0.2,0.5,0.0361386620232396,0.349066837441649
10000010,2,3,1.5,nug0.2,1,0.0284819254158411,0.284944757597916
10000010,2,3,1.5,nug0.2,2,0.0194706708927651,0.20852170329724
10000010,2,3,1.5,nug0.5,0.5,0.0280895881454063,0.281666254782214
10000010,2,3,1.5,nug0.5,1,0.0220992010034534,0.230837313741366
10000010,2,3,1.5,nug0.5,2,0.0150760162027271,0.171450887075924
10000010,2,3,2,CS,0.5,0.0734002721255904,0.62292552327231
10000010,2,3,2,CS,1,0.0619517400534627,0.547376012020858
10000010,2,3,2,CS,2,0.0451938669477647,0.422438311084428
10000010,2,3,2,nug0.2,0.5,0.0336211976169096,0.3281711799108
10000010,2,3,2,nug0.2,1,0.0281892142646019,0.28247537771027
10000010,2,3,2,nug0.2,2,0.0203651496492377,0.216165451787317
10000010,2,3,2,nug0.5,0.5,0.0278480963032783,0.279637596884474
10000010,2,3,2,nug0.5,1,0.0233264211052219,0.241258418480022
10000010,2,3,2,nug0.5,2,0.0168286018450502,0.186245701654782
10000010,2,3,2.5,CS,0.5,0.0752642074184224,0.634392210634455
10000010,2,3,2.5,CS,1,0.0664921287146238,0.578370185080782
10000010,2,3,2.5,CS,2,0.0507960654021598,0.465920898757853
10000010,2,3,2.5,nug0.2,0.5,0.0315362595030013,0.310727367516267
10000010,2,3,2.5,nug0.2,1,0.0277086118379887,0.278430032533334
10000010,2,3,2.5,nug0.2,2,0.0209620777499806,0.221203399767179
10000010,2,3,2.5,nug0.5,0.5,0.0272588937829085,0.274655568103034
10000010,2,3,2.5,nug0.5,1,0.0239376231830395,0.246462919952937
10000010,2,3,2.5,nug0.5,2,0.018092162453433,0.196893131787109
10000010,2,3,3,CS,0.5,0.0761933321745568,0.640018626605429
10000010,2,3,3,CS,1,0.0696434282023013,0.599092672043661
10000010,2,3,3,CS,2,0.0552943859424698,0.499628186163189
10000010,2,3,3,nug0.2,0.5,0.0298983282784231,0.296952991596093
10000010,2,3,3,nug0.2,1,0.0272113087175449,0.274235725253631
10000010,2,3,3,nug0.2,2,0.0214041074283692,0.224938208421642
10000010,2,3,3,nug0.5,0.5,0.0266286489488337,0.269318893879522
10000010,2,3,3,nug0.5,1,0.0242281673547307,0.248941801153545
10000010,2,3,3,nug0.5,2,0.0190451649200666,0.204941542553341
10000010,2,3,4,CS,0.5,0.0768890931619385,0.644192785316834
10000010,2,3,4,CS,1,0.0734002721255904,0.62292552327231
10000010,2,3,4,CS,2,0.0619517400534627,0.547376012020858
10000010,2,3,4,nug0.2,0.5,0.0276357745733731,0.277846611335504
10000010,2,3,4,nug0.2,1,0.0263182126059274,0.266683585114088
10000010,2,3,4,nug0.2,2,0.0220393358830975,0.230332447234517
10000010,2,3,4,nug0.5,0.5,0.0255718060368181,0.260359995616668
10000010,2,3,4,nug0.5,1,0.0243501861847733,0.249989482034789
10000010,2,3,4,nug0.5,2,0.0203846055973214,0.216293380068626
11000010,3,3,0.5,CS,0.5,0.0589955762270573,0.524590896348707
11000010,3,3,0.5,CS,1,0.0413038160195243,0.378991789983526
11000010,3,3,0.5,CS,2,0.0304229592265423,0.268106692129826
11000010,3,3,0.5,nug0.2,0.5,0.0376139109744915,0.359643841320457
11000010,3,3,0.5,nug0.2,1,0.0262073803127291,0.257055193960636
11000010,3,3,0.5,nug0.2,2,0.0192821979866153,0.185137770615527
11000010,3,3,0.5,nug0.5,0.5,0.0260556254982685,0.263255810379433
11000010,3,3,0.5,nug0.5,1,0.0181073805775533,0.190871219597858
11000010,3,3,0.5,nug0.5,2,0.0133147281526151,0.141642580321362
11000010,3,3,1,CS,0.5,0.0780471450566429,0.650955979932802
11000010,3,3,1,CS,1,0.0589955762270573,0.524590896348707
11000010,3,3,1,CS,2,0.0413038160195243,0.378991789983526
11000010,3,3,1,nug0.2,0.5,0.0369667428376613,0.355837993411812
11000010,3,3,1,nug0.2,1,0.0276612900119245,0.276792325403012
11000010,3,3,1,nug0.2,2,0.0192301112322232,0.2000055409066
11000010,3,3,1,nug0.5,0.5,0.0301778904111369,0.299232597332321
11000010,3,3,1,nug0.5,1,0.0225438867320072,0.233596985582388
11000010,3,3,1,nug0.5,2,0.0156546707401526,0.171004421941058
11000010,3,3,1.5,CS,0.5,0.0865482138965155,0.69872057096981
11000010,3,3,1.5,CS,1,0.0705225404894564,0.604358587947805
11000010,3,3,1.5,CS,2,0.0510297122848024,0.462942916344747
11000010,3,3,1.5,nug0.2,0.5,0.0348821609347887,0.338665385647027
11000010,3,3,1.5,nug0.2,1,0.0281342414206733,0.281795452334106
11000010,3,3,1.5,nug0.2,2,0.0201369238908619,0.211830685756308
11000010,3,3,1.5,nug0.5,0.5,0.030808102479805,0.304602635853156
11000010,3,3,1.5,nug0.5,1,0.0248284186828063,0.25381309949987
11000010,3,3,1.5,nug0.5,2,0.0177558439102341,0.191944328062404
11000010,3,3,2,CS,0.5,0.0906110433035496,0.719785485652191
11000010,3,3,2,CS,1,0.0780471450566429,0.650955979932802
11000010,3,3,2,CS,2,0.0589955762270573,0.524590896348707
11000010,3,3,2,nug0.2,0.5,0.0330633210490011,0.323517452181276
11000010,3,3,2,nug0.2,1,0.0282329335611963,0.282825263524754
11000010,3,3,2,nug0.2,2,0.0210809208294146,0.221241812060916
11000010,3,3,2,nug0.5,0.5,0.0305349400977586,0.302312349762126
11000010,3,3,2,nug0.5,1,0.0260640523282866,0.264467159445775
11000010,3,3,2,nug0.5,2,0.0194511628449649,0.207494509849289
11000010,3,3,2.5,CS,0.5,0.0926050992348843,0.729717547857988
11000010,3,3,2.5,CS,1,0.0830943525645881,0.679924337009497
11000010,3,3,2.5,CS,2,0.065389198837365,0.570134152159746
11000010,3,3,2.5,nug0.2,0.5,0.0316638606655459,0.311799390050572
11000010,3,3,2.5,nug0.2,1,0.028217922199181,0.28274717909697
11000010,3,3,2.5,nug0.2,2,0.0219352514798736,0.229037129906401
11000010,3,3,2.5,nug0.5,0.5,0.0300608340809251,0.298322138052791
11000010,3,3,2.5,nug0.5,1,0.0267845413756191,0.270618019019821
11000010,3,3,2.5,nug0.5,2,0.0208144051466706,0.219545981775638
11000010,3,3,3,CS,0.5,0.0935938821916698,0.734544429420466
11000010,3,3,3,CS,1,0.0865482138965155,0.69872057096981
11000010,3,3,3,CS,2,0.0705225404894564,0.604358587947805
11000010,3,3,3,nug0.2,0.5,0.0306278970297652,0.303095838786633
11000010,3,3,3,nug0.2,1,0.0281751622480928,0.282400302696067
11000010,3,3,3,nug0.2,2,0.0226947805677961,0.235717861221306
11000010,3,3,3,nug0.5,0.5,0.0296029715293112,0.294463759191252
11000010,3,3,3,nug0.5,1,0.0272300128276667,0.274404368979518
11000010,3,3,3,nug0.5,2,0.0219294043292101,0.229226458833814
11000010,3,3,4,CS,0.5,0.0943320998563677,0.738106031508325
11000010,3,3,4,CS,1,0.0906110433035496,0.719785485652191
11000010,3,3,4,CS,2,0.0780471450566429,0.650955979932802
11000010,3,3,4,nug0.2,0.5,0.0293346055988619,0.292200465332044
11000010,3,3,4,nug0.2,1,0.0280979630344903,0.281754508621463
11000010,3,3,4,nug0.2,2,0.023975134647923,0.24674807111285
11000010,3,3,4,nug0.5,0.5,0.0289286372697663,0.288774303660407
11000010,3,3,4,nug0.5,1,0.0277086206178674,0.278461591290595
11000010,3,3,4,nug0.5,2,0.0236415411461692,0.243916624542585
10100010,3,5,0.5,CS,0.5,0.0417846846671517,0.394921132170907
10100010,3,5,0.5,CS,1,0.0226029480116745,0.232138398290836
10100010,3,5,0.5,CS,2,0.0127553057257545,0.143572119452475
10100010,3,5,0.5,nug0.2,0.5,0.035264145345821,0.341583510445357
10100010,3,5,0.5,nug0.2,1,0.0190203693642032,0.2021992037141
10100010,3,5,0.5,nug0.2,2,0.0107206013387507,0.128082364778353
10100010,3,5,0.5,nug0.5,0.5,0.0204600097420437,0.216805922692155
10100010,3,5,0.5,nug0.5,1,0.0109632902240931,0.135740780192725
10100010,3,5,0.5,nug0.5,2,0.00616256681191536,0.0940614138051196
10100010,3,5,1,CS,0.5,0.067712232809115,0.586514810910186
10100010,3,5,1,CS,1,0.0417846846671517,0.394921132170907
10100010,3,5,1,CS,2,0.0226029480116745,0.232138398290836
10100010,3,5,1,nug0.2,0.5,0.0452011738194055,0.422499525578437
10100010,3,5,1,nug0.2,1,0.0276393358237323,0.277659749058514
10100010,3,5,1,nug0.2,2,0.0148573843949374,0.167642434284204
10100010,3,5,1,nug0.5,0.5,0.0305969842606998,0.30283575962865
10100010,3,5,1,nug0.5,1,0.0185994137759213,0.20105605256695
10100010,3,5,1,nug0.5,2,0.00995812541078371,0.127598259118057
10100010,3,5,1.5,CS,0.5,0.0810808915573017,0.668638663953502
10100010,3,5,1.5,CS,1,0.0567849759245084,0.51062191338304
10100010,3,5,1.5,CS,2,0.0326087445196741,0.318729265264023
10100010,3,5,1.5,nug0.2,0.5,0.0468562088297819,0.435521337679105
10100010,3,5,1.5,nug0.2,1,0.032453648708589,0.318408418706493
10100010,3,5,1.5,nug0.2,2,0.0184381887163278,0.199244388127261
10100010,3,5,1.5,nug0.5,0.5,0.0345708654189899,0.336085986313938
10100010,3,5,1.5,nug0.5,1,0.0238500852816932,0.245740277138589
10100010,3,5,1.5,nug0.5,2,0.0134993958483187,0.157858101593887
10100010,3,5,2,CS,0.5,0.0878142307666703,0.705411600121017
10100010,3,5,2,CS,1,0.067712232809115,0.586514810910186
10100010,3,5,2,CS,2,0.0417846846671517,0.394921132170907
10100010,3,5,2,nug0.2,0.5,0.0458303970384813,0.427465709914291
10100010,3,5,2,nug0.2,1,0.0349706657177444,0.339410203775837
10100010,3,5,2,nug0.2,2,0.0212955457488748,0.223888566319095
10100010,3,5,2,nug0.5,0.5,0.0357713989439623,0.346049890056621
10100010,3,5,2,nug0.5,1,0.0272271784939028,0.274388334141955
10100010,3,5,2,nug0.5,2,0.0165285736502731,0.183582636052908
10100010,3,5,2.5,CS,0.5,0.091192001957851,0.722707660634626
10100010,3,5,2.5,CS,1,0.0755258469203972,0.6359821570447
10100010,3,5,2.5,CS,2,0.0498454878118154,0.458624995932016
10100010,3,5,2.5,nug0.2,0.5,0.0440288057655214,0.413195593390802
10100010,3,5,2.5,nug0.2,1,0.0361427659746232,0.349122050532354
10100010,3,5,2.5,nug0.2,2,0.0235134579819818,0.242846164552589
10100010,3,5,2.5,nug0.5,0.5,0.0357818308203544,0.346136806760815
10100010,3,5,2.5,nug0.5,1,0.0293276026078589,0.292140015092517
10100010,3,5,2.5,nug0.5,2,0.0190327606571706,0.20483936328762
10100010,3,5,3,CS,0.5,0.09288377277208,0.731084698508834
10100010,3,5,3,CS,1,0.0810808915573017,0.668638663953502
10100010,3,5,3,CS,2,0.0567849759245084,0.51062191338304
10100010,3,5,3,nug0.2,0.5,0.0421349985542217,0.398036367014263
10100010,3,5,3,nug0.2,1,0.0365212513203226,0.352249284710048
10100010,3,5,3,nug0.2,2,0.0252114264838853,0.25729414125421
10100010,3,5,3,nug0.5,0.5,0.0353143798606409,0.342262977570036
10100010,3,5,3,nug0.5,1,0.0305803530962078,0.302694369951157
10100010,3,5,3,nug0.5,2,0.0210700721453918,0.22213989623372
10100010,3,5,4,CS,0.5,0.0941539155985162,0.737249661797293
10100010,3,5,4,CS,1,0.0878142307666703,0.705411600121017
10100010,3,5,4,CS,2,0.067712232809115,0.586514810910186
10100010,3,5,4,nug0.2,0.5,0.0388443931549979,0.371341221836331
10100010,3,5,4,nug0.2,1,0.0360805608801359,0.348608453719497
10100010,3,5,4,nug0.2,2,0.0274645986449471,0.276398023317652
10100010,3,5,4,nug0.5,0.5,0.0340382714912426,0.331654413375224
10100010,3,5,4,nug0.5,1,0.0316051585050137,0.311306419499043
10100010,3,5,4,nug0.5,2,0.0240312678775717,0.247286792418237
11100010,4,3,0.5,CS,0.5,0.0621944775339782,0.542426528627396
11100010,4,3,0.5,CS,1,0.0453380372136574,0.396471291370178
11100010,4,3,0.5,CS,2,0.0360630332247817,0.291347550830446
11100010,4,3,0.5,nug0.2,0.5,0.0330411117657925,0.318487575750362
11100010,4,3,0.5,nug0.2,1,0.0239962172916573,0.230484364335596
11100010,4,3,0.5,nug0.2,2,0.0190891664820757,0.173398469925912
11100010,4,3,0.5,nug0.5,0.5,0.0253419272018828,0.254519379187266
11100010,4,3,0.5,nug0.5,1,0.0183868045381871,0.186576181388726
11100010,4,3,0.5,nug0.5,2,0.0146270678212896,0.143252547678557
11100010,4,3,1,CS,0.5,0.0822933440430536,0.674815280751534
11100010,4,3,1,CS,1,0.0621944775339782,0.542426528627396
11100010,4,3,1,CS,2,0.0453380372136574,0.396471291370178
11100010,4,3,1,nug0.2,0.5,0.0325330936939208,0.318586833012666
11100010,4,3,1,nug0.2,1,0.0243272593171271,0.246047172075042
11100010,4,3,1,nug0.2,2,0.0176483644484334,0.180835809608965
11100010,4,3,1,nug0.5,0.5,0.0289456426451953,0.28846457643197
11100010,4,3,1,nug0.5,1,0.0216283147438347,0.223513275681918
11100010,4,3,1,nug0.5,2,0.0156850891219812,0.165638111416669
11100010,4,3,1.5,CS,0.5,0.0915499886282112,0.724389390914
11100010,4,3,1.5,CS,1,0.0741865958002997,0.625823576449642
11100010,4,3,1.5,CS,2,0.0543445851518453,0.479457185995331
11100010,4,3,1.5,nug0.2,0.5,0.0314698093001543,0.310089632905777
11100010,4,3,1.5,nug0.2,1,0.0252117061976713,0.256160883101171
11100010,4,3,1.5,nug0.2,2,0.0182917591015988,0.192787895906148
11100010,4,3,1.5,nug0.5,0.5,0.0298031998377498,0.296073697734985
11100010,4,3,1.5,nug0.5,1,0.0238690359685553,0.244819272301648
11100010,4,3,1.5,nug0.5,2,0.0173131296456731,0.184819664795991
11100010,4,3,2,CS,0.5,0.0959641894572585,0.74583193609167
11100010,4,3,2,CS,1,0.0822933440430536,0.674815280751534
11100010,4,3,2,CS,2,0.0621944775339782,0.542426528627396
11100010,4,3,2,nug0.2,0.5,0.0305708088328586,0.302599110372099
11100010,4,3,2,nug0.2,1,0.0259597774604825,0.26323663723414
11100010,4,3,2,nug0.2,2,0.0193850820275682,0.204816786206231
11100010,4,3,2,nug0.5,0.5,0.0298828406144028,0.296806638434482
11100010,4,3,2,nug0.5,1,0.0253729765206286,0.258268176154235
11100010,4,3,2,nug0.5,2,0.018944560383696,0.201151772671597
11100010,4,3,2.5,CS,0.5,0.0981223673567964,0.755827395742721
11100010,4,3,2.5,CS,1,0.0877870554736449,0.705012440889786
11100010,4,3,2.5,CS,2,0.0687664446716163,0.589861705367436
11100010,4,3,2.5,nug0.2,0.5,0.0299166497613974,0.297104030839033
11100010,4,3,2.5,nug0.2,1,0.0265590832200625,0.268563366019802
11100010,4,3,2.5,nug0.2,2,0.020543204693692,0.215976155096059
11100010,4,3,2.5,nug0.5,0.5,0.0297587129236318,0.295773056342657
11100010,4,3,2.5,nug0.5,1,0.0264184006873655,0.267371990984217
11100010,4,3,2.5,nug0.5,2,0.0204338019797399,0.215056707769269
11100010,4,3,3,CS,0.5,0.099190094025916,0.760657021003072
11100010,4,3,3,CS,1,0.0915499886282112,0.724389390914
11100010,4,3,3,CS,2,0.0741865958002997,0.625823576449642
11100010,4,3,3,nug0.2,0.5,0.0294733957581868,0.293370281162645
11100010,4,3,3,nug0.2,1,0.0270443620892433,0.272768525252037
11100010,4,3,3,nug0.2,2,0.0216482865219975,0.226056944021596
11100010,4,3,3,nug0.5,0.5,0.0296115715057219,0.2945354557919
11100010,4,3,3,nug0.5,1,0.0271714643156707,0.273844470002386
11100010,4,3,3,nug0.5,2,0.0217505478236502,0.226920654372699
11100010,4,3,4,CS,0.5,0.0999861513814925,0.764208735471651
11100010,4,3,4,CS,1,0.0959641894572585,0.74583193609167
11100010,4,3,4,CS,2,0.0822933440430536,0.674815280751534
11100010,4,3,4,nug0.2,0.5,0.0290329381879825,0.289654756255475
11100010,4,3,4,nug0.2,1,0.0277775316272021,0.279030664065832
11100010,4,3,4,nug0.2,2,0.0235780055031349,0.243058848558367
11100010,4,3,4,nug0.5,0.5,0.0294251241217379,0.2929639731049
11100010,4,3,4,nug0.5,1,0.0281532478650189,0.282207867682782
11100010,4,3,4,nug0.5,2,0.0238982558475,0.245773222400473
10010010,3,5,0.5,CS,0.5,0.040303591527069,0.382466844174034
10010010,3,5,0.5,CS,1,0.0214457765481558,0.220683506290339
10010010,3,5,0.5,CS,2,0.0122346140978314,0.137252170009097
10010010,3,5,0.5,nug0.2,0.5,0.0402322073122665,0.381887912190929
10010010,3,5,0.5,nug0.2,1,0.0214071191426731,0.220363194321195
10010010,3,5,0.5,nug0.2,2,0.012212407099824,0.13708702041604
10010010,3,5,0.5,nug0.5,0.5,0.0208936157576671,0.220200341796022
10010010,3,5,0.5,nug0.5,1,0.0110233923855508,0.135306614705284
10010010,3,5,0.5,nug0.5,2,0.00626751631145025,0.093654862645622
10010010,3,5,1,CS,0.5,0.0670050893583464,0.581828313713641
10010010,3,5,1,CS,1,0.040303591527069,0.382466844174034
10010010,3,5,1,CS,2,0.0214457765481558,0.220683506290339
10010010,3,5,1,nug0.2,0.5,0.0545436436135464,0.494154258361512
10010010,3,5,1,nug0.2,1,0.0326369599845575,0.319293920509176
10010010,3,5,1,nug0.2,2,0.0173078568110868,0.186496189192663
10010010,3,5,1,nug0.5,0.5,0.0327614098331307,0.320988730548312
10010010,3,5,1,nug0.5,1,0.0194262554231135,0.207788569039657
10010010,3,5,1,nug0.5,2,0.0102426614181513,0.129042620155199
10010010,3,5,1.5,CS,0.5,0.0808590550167483,0.667376622264381
10010010,3,5,1.5,CS,1,0.0556602664565818,0.502306747635064
10010010,3,5,1.5,CS,2,0.0311458303003399,0.305511455606633
10010010,3,5,1.5,nug0.2,0.5,0.056700727323295,0.510022477586483
10010010,3,5,1.5,nug0.2,1,0.0387142764475796,0.370193611644056
10010010,3,5,1.5,nug0.2,2,0.0214998275527138,0.224387697533714
10010010,3,5,1.5,nug0.5,0.5,0.0375155212893641,0.360443875129606
10010010,3,5,1.5,nug0.5,1,0.0254511536418677,0.259276448897433
10010010,3,5,1.5,nug0.5,2,0.014051236558774,0.161978116881821
10010010,3,5,2,CS,0.5,0.0877530635882153,0.705091722109199
10010010,3,5,2,CS,1,0.0670050893583464,0.581828313713641
10010010,3,5,2,CS,2,0.040303591527069,0.382466844174034
10010010,3,5,2,nug0.2,0.5,0.0546237043241352,0.494755301447936
10010010,3,5,2,nug0.2,1,0.0413537117824518,0.391730463971555
10010010,3,5,2,nug0.2,2,0.0246087957164353,0.251667328986079
10010010,3,5,2,nug0.5,0.5,0.0388038557449267,0.371009254334338
10010010,3,5,2,nug0.5,1,0.0292581430573774,0.291549846633463
10010010,3,5,2,nug0.5,2,0.0173238023528998,0.190049001662307
10010010,3,5,2.5,CS,0.5,0.0911759940458743,0.722627544213838
10010010,3,5,2.5,CS,1,0.0751197475077372,0.633514504245146
10010010,3,5,2.5,CS,2,0.0485096024209055,0.448113702447406
10010010,3,5,2.5,nug0.2,0.5,0.0514060894987889,0.470615223522428
10010010,3,5,2.5,nug0.2,1,0.0420295001421126,0.397187337976075
10010010,3,5,2.5,nug0.2,2,0.0268035577905878,0.270611245320985
10010010,3,5,2.5,nug0.5,0.5,0.0385913091786753,0.369270569141267
10010010,3,5,2.5,nug0.5,1,0.0314746072835639,0.310211335474532
10010010,3,5,2.5,nug0.5,2,0.0199930626780505,0.212866601534753
10010010,3,5,3,CS,0.5,0.0928796811699685,0.731064674488861
10010010,3,5,3,CS,1,0.0808590550167483,0.667376622264381
10010010,3,5,3,CS,2,0.0556602664565818,0.502306747635064
10010010,3,5,3,nug0.2,0.5,0.0481598632024335,0.445687411264655
10010010,3,5,3,nug0.2,1,0.0416611379221048,0.394218761470918
10010010,3,5,3,nug0.2,2,0.0283027153839311,0.283420904605707
10010010,3,5,3,nug0.5,0.5,0.0377899665607985,0.362699778256155
10010010,3,5,3,nug0.5,1,0.0326425749194393,0.320000274205199
10010010,3,5,3,nug0.5,2,0.0221093576850151,0.230915740818286
10010010,3,5,4,CS,0.5,0.0941536556699539,0.737248411151682
10010010,3,5,4,CS,1,0.0877530635882153,0.705091722109199
10010010,3,5,4,CS,2,0.0670050893583464,0.581828313713641
10010010,3,5,4,nug0.2,0.5,0.0427440718027647,0.40292899092252
10010010,3,5,4,nug0.2,1,0.03968522193943,0.378202372300825
10010010,3,5,4,nug0.2,2,0.0299294433322384,0.297209908616853
10010010,3,5,4,nug0.5,0.5,0.0358284159003033,0.346522743744974
10010010,3,5,4,nug0.5,1,0.0332472767629527,0.325055495012186
10010010,3,5,4,nug0.5,2,0.0250328876330965,0.255783293766222
11010010,4,5,0.5,CS,0.5,0.0465156822647198,0.426793524840209
11010010,4,5,0.5,CS,1,0.02877695999333,0.268806088249377
11010010,4,5,0.5,CS,2,0.0200939890680156,0.181519864252009
11010010,4,5,0.5,nug0.2,0.5,0.0327036765686209,0.315704083175643
11010010,4,5,0.5,nug0.2,1,0.020153493411582,0.200858410192943
11010010,4,5,0.5,nug0.2,2,0.0140524762569417,0.140286810230162
11010010,4,5,0.5,nug0.5,0.5,0.0213089336131564,0.220848661022303
11010010,4,5,0.5,nug0.5,1,0.0130895958456934,0.146045365734185
11010010,4,5,0.5,nug0.5,2,0.0091162783546195,0.107511166063988
11010010,4,5,1,CS,0.5,0.0723395856443718,0.615581372218035
11010010,4,5,1,CS,1,0.0465156822647198,0.426793524840209
11010010,4,5,1,CS,2,0.02877695999333,0.268806088249377
11010010,4,5,1,nug0.2,0.5,0.0399926098386413,0.380104288120562
11010010,4,5,1,nug0.2,1,0.0254341126936906,0.255288944755868
11010010,4,5,1,nug0.2,2,0.0156416798803397,0.165695343995784
11010010,4,5,1,nug0.5,0.5,0.0301131111904913,0.298274433104418
11010010,4,5,1,nug0.5,1,0.0190873206705415,0.202339207072221
11010010,4,5,1,nug0.5,2,0.0117176168246632,0.135574462816446
11010010,4,5,1.5,CS,0.5,0.0861846263015913,0.69667935968249
11010010,4,5,1.5,CS,1,0.0612407589310487,0.540462979229385
11010010,4,5,1.5,CS,2,0.0378695021946032,0.352702327924879
11010010,4,5,1.5,nug0.2,0.5,0.0421318400648168,0.397907254159588
11010010,4,5,1.5,nug0.2,1,0.0295461996922426,0.29263695711154
11010010,4,5,1.5,nug0.2,2,0.0180783884419766,0.191159684497478
11010010,4,5,1.5,nug0.5,0.5,0.0339671376962027,0.330971943018399
11010010,4,5,1.5,nug0.5,1,0.0237629463822097,0.243890626717769
11010010,4,5,1.5,nug0.5,2,0.0145120371911993,0.16222207803348
11010010,4,5,2,CS,0.5,0.0932058970295031,0.73263586187636
11010010,4,5,2,CS,1,0.0723395856443718,0.615581372218035
11010010,4,5,2,CS,2,0.0465156822647198,0.426793524840209
11010010,4,5,2,nug0.2,0.5,0.0422014617586411,0.398549840665991
11010010,4,5,2,nug0.2,1,0.0323567914685416,0.317091473717804
11010010,4,5,2,nug0.2,2,0.0205249895564693,0.214311482356406
11010010,4,5,2,nug0.5,0.5,0.0354063534001497,0.343006865822457
11010010,4,5,2,nug0.5,1,0.027103130544502,0.27289060985678
11010010,4,5,2,nug0.5,2,0.0171620476723294,0.186352747333283
11010010,4,5,2.5,CS,0.5,0.0967271435479549,0.749410566144322
11010010,4,5,2.5,CS,1,0.0804078011946987,0.664515833030759
11010010,4,5,2.5,CS,2,0.0543446412525893,0.489207088869383
11010010,4,5,2.5,nug0.2,0.5,0.0414730210225117,0.392696343331023
11010010,4,5,2.5,nug0.2,1,0.0341288488318143,0.332196310525281
11010010,4,5,2.5,nug0.2,2,0.0227227313271539,0.234277892109884
11010010,4,5,2.5,nug0.5,0.5,0.0357403473592091,0.345789210451121
11010010,4,5,2.5,nug0.5,1,0.0293806740957271,0.292399917702017
11010010,4,5,2.5,nug0.5,2,0.0195316468992314,0.207451756377547
11010010,4,5,3,CS,0.5,0.0984888219289917,0.757495601350191
11010010,4,5,3,CS,1,0.0861846263015913,0.69667935968249
11010010,4,5,3,CS,2,0.0612407589310487,0.540462979229385
11010010,4,5,3,nug0.2,0.5,0.040475902187861,0.38462948977414
11010010,4,5,3,nug0.2,1,0.0351392716333681,0.340718102003741
11010010,4,5,3,nug0.2,2,0.0245914772522966,0.25088930704109
11010010,4,5,3,nug0.5,0.5,0.0355838228590772,0.34449584585744
11010010,4,5,3,nug0.5,1,0.0308716305750666,0.305062280564655
11010010,4,5,3,nug0.5,2,0.0215776272446987,0.225430611117153
11010010,4,5,4,CS,0.5,0.0998101866523487,0.763427357025807
11010010,4,5,4,CS,1,0.0932058970295031,0.73263586187636
11010010,4,5,4,CS,2,0.0723395856443718,0.615581372218035
11010010,4,5,4,nug0.2,0.5,0.0384395560761017,0.368028108103511
11010010,4,5,4,nug0.2,1,0.0357354563582378,0.345733955223126
11010010,4,5,4,nug0.2,2,0.0273571875174993,0.275037913326661
11010010,4,5,4,nug0.5,0.5,0.0347944081252025,0.33794599599347
11010010,4,5,4,nug0.5,1,0.0323381407687641,0.31743437313692
11010010,4,5,4,nug0.5,2,0.0247364743375573,0.25285934699573
10110010,4,5,0.5,CS,0.5,0.042041293682306,0.394459855413282
10110010,4,5,0.5,CS,1,0.0212343481831008,0.216892304670219
10110010,4,5,0.5,CS,2,0.0109343088737552,0.127356934617858
10110010,4,5,0.5,nug0.2,0.5,0.0345785584040797,0.333676938417538
10110010,4,5,0.5,nug0.2,1,0.017403091552222,0.185594739355005
10110010,4,5,0.5,nug0.2,2,0.00894624733822635,0.112809611473419
10110010,4,5,0.5,nug0.5,0.5,0.020408501073894,0.214955980796277
10110010,4,5,0.5,nug0.5,1,0.0102026885678826,0.127735202694886
10110010,4,5,0.5,nug0.5,2,0.00522809380209435,0.0861239011126038
10110010,4,5,1,CS,0.5,0.0710542877717516,0.607701541297712
10110010,4,5,1,CS,1,0.042041293682306,0.394459855413282
10110010,4,5,1,CS,2,0.0212343481831008,0.216892304670219
10110010,4,5,1,nug0.2,0.5,0.0465750837936768,0.432893077799248
10110010,4,5,1,nug0.2,1,0.0272758427197077,0.272752220993466
10110010,4,5,1,nug0.2,2,0.013680203365944,0.155471522760508
10110010,4,5,1,nug0.5,0.5,0.0319104249783687,0.31353422428873
10110010,4,5,1,nug0.5,1,0.0185741205405277,0.199549185425302
10110010,4,5,1,nug0.5,2,0.00927760034991653,0.12044039697208
10110010,4,5,1.5,CS,0.5,0.0858465883650937,0.694892846774482
10110010,4,5,1.5,CS,1,0.0587969936429123,0.524026575470089
10110010,4,5,1.5,CS,2,0.0319705933155444,0.309982526712982
10110010,4,5,1.5,nug0.2,0.5,0.0491457230277731,0.453227271129178
10110010,4,5,1.5,nug0.2,1,0.0332498451207957,0.324234150248096
10110010,4,5,1.5,nug0.2,2,0.0178702134640538,0.192424078737187
10110010,4,5,1.5,nug0.5,0.5,0.0365167377577567,0.352138747866499
10110010,4,5,1.5,nug0.5,1,0.024602479046301,0.251478080194144
10110010,4,5,1.5,nug0.5,2,0.0131710943487252,0.153621488262799
10110010,4,5,2,CS,0.5,0.0931195279780657,0.732217159218716
10110010,4,5,2,CS,1,0.0710542877717516,0.607701541297712
10110010,4,5,2,CS,2,0.042041293682306,0.394459855413282
10110010,4,5,2,nug0.2,0.5,0.0484252195521662,0.447725579096149
10110010,4,5,2,nug0.2,1,0.0365305292967853,0.351958982635992
10110010,4,5,2,nug0.2,2,0.0213041527046964,0.22249040553057
10110010,4,5,2,nug0.5,0.5,0.0379456392776328,0.363960505801943
10110010,4,5,2,nug0.5,1,0.0285490054579489,0.285263012760557
10110010,4,5,2,nug0.5,2,0.0165944152004018,0.182977091234941
10110010,4,5,2.5,CS,0.5,0.0967053323009556,0.749309549045944
10110010,4,5,2.5,CS,1,0.0797449576177595,0.660774596641402
10110010,4,5,2.5,CS,2,0.0510162760091037,0.465855358786266
10110010,4,5,2.5,nug0.2,0.5,0.0466546493823071,0.433939614626592
10110010,4,5,2.5,nug0.2,1,0.0381057126047219,0.365124174424245
10110010,4,5,2.5,nug0.2,2,0.023998834300009,0.245954506673471
10110010,4,5,2.5,nug0.5,0.5,0.0380098284845068,0.364500726507849
10110010,4,5,2.5,nug0.5,1,0.0309939786267743,0.306030268216919
10110010,4,5,2.5,nug0.5,2,0.0194682380695634,0.207692558371486
10110010,4,5,3,CS,0.5,0.0984833425580903,0.757470810909258
10110010,4,5,3,CS,1,0.0858465883650937,0.694892846774482
10110010,4,5,3,CS,2,0.0587969936429123,0.524026575470089
10110010,4,5,3,nug0.2,0.5,0.0446689117517149,0.418282389603473
10110010,4,5,3,nug0.2,1,0.0386433109938052,0.369618389227748
10110010,4,5,3,nug0.2,2,0.0260535319579031,0.263753658598595
10110010,4,5,3,nug0.5,0.5,0.0375178714084701,0.360462514492258
10110010,4,5,3,nug0.5,1,0.0324243907781205,0.318105550461853
10110010,4,5,3,nug0.5,2,0.0218158288036441,0.227886994695513
10110010,4,5,4,CS,0.5,0.0998098429685621,0.763425829490031
10110010,4,5,4,CS,1,0.0931195279780657,0.732217159218716
10110010,4,5,4,CS,2,0.0710542877717516,0.607701541297712
10110010,4,5,4,nug0.2,0.5,0.0410868677250291,0.389580361080919
10110010,4,5,4,nug0.2,1,0.0381664351103561,0.365772006657263
10110010,4,5,4,nug0.2,2,0.0287167318267308,0.286678370859884
10110010,4,5,4,nug0.5,0.5,0.0361106297008859,0.348857851750927
10110010,4,5,4,nug0.5,1,0.0335315764918863,0.327413350936706
10110010,4,5,4,nug0.5,2,0.0251998226782186,0.256930292681747
11110010,5,3,0.5,CS,0.5,0.0561669662120782,0.491626875921282
11110010,5,3,0.5,CS,1,0.0424971039193592,0.357958074736605
11110010,5,3,0.5,CS,2,0.0358601009948763,0.272204688718163
11110010,5,3,0.5,nug0.2,0.5,0.027712221180202,0.269283694420158
11110010,5,3,0.5,nug0.2,1,0.0209409222893261,0.197400170890285
11110010,5,3,0.5,nug0.2,2,0.0176819808535516,0.155031323257859
11110010,5,3,0.5,nug0.5,0.5,0.0220592145066213,0.223030436741748
11110010,5,3,0.5,nug0.5,1,0.0166650054423991,0.165946090234284
11110010,5,3,0.5,nug0.5,2,0.0140731121900327,0.132609632549465
11110010,5,3,1,CS,0.5,0.0753300309933961,0.632785335778678
11110010,5,3,1,CS,1,0.0561669662120782,0.491626875921282
11110010,5,3,1,CS,2,0.0424971039193592,0.357958074736605
11110010,5,3,1,nug0.2,0.5,0.027860661473473,0.278476187208801
11110010,5,3,1,nug0.2,1,0.0206040220017804,0.211144295207391
11110010,5,3,1,nug0.2,2,0.0155646510975195,0.157927506321007
11110010,5,3,1,nug0.5,0.5,0.0254691096658226,0.258310319639138
11110010,5,3,1,nug0.5,1,0.0188277770860467,0.196669941433291
11110010,5,3,1,nug0.5,2,0.014221723748869,0.148191651951227
11110010,5,3,1.5,CS,0.5,0.0850893093003519,0.690541189827912
11110010,5,3,1.5,CS,1,0.0672340869915753,0.578154347960477
11110010,5,3,1.5,CS,2,0.0495306315512944,0.431452911904058
11110010,5,3,1.5,nug0.2,0.5,0.0278164337263495,0.279137140547726
11110010,5,3,1.5,nug0.2,1,0.0217480296594981,0.225292112614439
11110010,5,3,1.5,nug0.2,2,0.0159287185693321,0.16889342340684
11110010,5,3,1.5,nug0.5,0.5,0.0268295079259723,0.270790107006219
11110010,5,3,1.5,nug0.5,1,0.0209726440827735,0.218797731699034
11110010,5,3,1.5,nug0.5,2,0.015359324652238,0.164452043246231
11110010,5,3,2,CS,0.5,0.0898819905893365,0.716015120128532
11110010,5,3,2,CS,1,0.0753300309933961,0.632785335778678
11110010,5,3,2,CS,2,0.0561669662120782,0.491626875921282
11110010,5,3,2,nug0.2,0.5,0.0276769573315227,0.278143783532979
11110010,5,3,2,nug0.2,1,0.0229691388657565,0.237193790595318
11110010,5,3,2,nug0.2,2,0.0169725508197109,0.18160840336295
11110010,5,3,2,nug0.5,0.5,0.027361618634458,0.275475692386754
11110010,5,3,2,nug0.5,1,0.0227063199439513,0.234973373368305
11110010,5,3,2,nug0.5,2,0.0167776045157397,0.180029839779179
11110010,5,3,2.5,CS,0.5,0.0922435454583089,0.72791966767652
11110010,5,3,2.5,CS,1,0.0810655334783267,0.667724589373088
11110010,5,3,2.5,CS,2,0.0620934865552264,0.539840841856913
11110010,5,3,2.5,nug0.2,0.5,0.0275630603367806,0.277219459045319
11110010,5,3,2.5,nug0.2,1,0.0240289233198914,0.246794721419787
11110010,5,3,2.5,nug0.2,2,0.0182102333925399,0.194255361051459
11110010,5,3,2.5,nug0.5,0.5,0.0275792202165845,0.277356197537502
11110010,5,3,2.5,nug0.5,1,0.0240430591139296,0.246914478918692
11110010,5,3,2.5,nug0.5,2,0.0182209933903063,0.19434427584953
11110010,5,3,3,CS,0.5,0.0934141852623233,0.733668016514362
11110010,5,3,3,CS,1,0.0850893093003519,0.690541189827912
11110010,5,3,3,CS,2,0.0672340869915753,0.578154347960477
11110010,5,3,3,nug0.2,0.5,0.0275020012856506,0.27671178115656
11110010,5,3,3,nug0.2,1,0.0248963466480419,0.254413294347274
11110010,5,3,3,nug0.2,2,0.0194546515858976,0.206098195561575
11110010,5,3,3,nug0.5,0.5,0.0276798827674001,0.278216948293223
11110010,5,3,3,nug0.5,1,0.0250577915171271,0.255781991473035
11110010,5,3,3,nug0.5,2,0.0195813832956271,0.207157500227155
11110010,5,3,4,CS,0.5,0.0942874135874017,0.7378912160977
11110010,5,3,4,CS,1,0.0898819905893365,0.716015120128532
11110010,5,3,4,CS,2,0.0753300309933961,0.632785335778678
11110010,5,3,4,nug0.2,0.5,0.0275092147663464,0.276775516524107
11110010,5,3,4,nug0.2,1,0.0261354505922494,0.265090573692024
11110010,5,3,4,nug0.2,2,0.0216846173977751,0.226343069646636
11110010,5,3,4,nug0.5,0.5,0.0277867859571549,0.279124043606498
11110010,5,3,4,nug0.5,1,0.0263995299899389,0.26732847992984
11110010,5,3,4,nug0.5,2,0.0219046279725505,0.228201200259494
10001010,3,5,0.5,CS,0.5,0.0417846846671517,0.394921132170907
10001010,3,5,0.5,CS,1,0.0226029480116745,0.232138398290836
10001010,3,5,0.5,CS,2,0.0127553057257545,0.143572119452475
10001010,3,5,0.5,nug0.2,0.5,0.0406519456877575,0.385769124344114
10001010,3,5,0.5,nug0.2,1,0.021979089253663,0.22691820076249
10001010,3,5,0.5,nug0.2,2,0.0124006344189333,0.140860504761777
10001010,3,5,0.5,nug0.5,0.5,0.0214929542106051,0.225562542256066
10001010,3,5,0.5,nug0.5,1,0.011522040148803,0.14028512453346
10001010,3,5,0.5,nug0.5,2,0.00647786355264606,0.0963802521489774
10001010,3,5,1,CS,0.5,0.067712232809115,0.586514810910186
10001010,3,5,1,CS,1,0.0417846846671517,0.394921132170907
10001010,3,5,1,CS,2,0.0226029480116745,0.232138398290836
10001010,3,5,1,nug0.2,0.5,0.0520385382367138,0.47540610309268
10001010,3,5,1,nug0.2,1,0.0319084367072426,0.313607317874682
10001010,3,5,1,nug0.2,2,0.0171847448663696,0.186918885112514
10001010,3,5,1,nug0.5,0.5,0.0323978825780123,0.317952270086967
10001010,3,5,1,nug0.5,1,0.0197084185393931,0.21043939764299
10001010,3,5,1,nug0.5,2,0.0105570530861666,0.13244480202052
10001010,3,5,1.5,CS,0.5,0.0810808915573017,0.668638663953502
10001010,3,5,1.5,CS,1,0.0567849759245084,0.51062191338304
10001010,3,5,1.5,CS,2,0.0326087445196742,0.318729265264023
10001010,3,5,1.5,nug0.2,0.5,0.0525732780917211,0.479437422307713
10001010,3,5,1.5,nug0.2,1,0.0364806562218934,0.351904008948646
10001010,3,5,1.5,nug0.2,2,0.0207626453450818,0.218868762502995
10001010,3,5,1.5,nug0.5,0.5,0.0363959569367022,0.351214499573398
10001010,3,5,1.5,nug0.5,1,0.0251239215286942,0.256551748189504
10001010,3,5,1.5,nug0.5,2,0.0142282931006109,0.163928480872155
10001010,3,5,2,CS,0.5,0.0878142307666703,0.705411600121017
10001010,3,5,2,CS,1,0.067712232809115,0.586514810910186
10001010,3,5,2,CS,2,0.0417846846671517,0.394921132170907
10001010,3,5,2,nug0.2,0.5,0.050054766880753,0.46030540700528
10001010,3,5,2,nug0.2,1,0.0382341627192493,0.366344927885398
10001010,3,5,2,nug0.2,2,0.0233135068172206,0.241005809015528
10001010,3,5,2,nug0.5,0.5,0.0373073346284951,0.358730637684209
10001010,3,5,2,nug0.5,1,0.0284070551365113,0.284368534570416
10001010,3,5,2,nug0.5,2,0.0172530031384811,0.189686833510742
10001010,3,5,2.5,CS,0.5,0.091192001957851,0.722707660634626
10001010,3,5,2.5,CS,1,0.0755258469203973,0.6359821570447
10001010,3,5,2.5,CS,2,0.0498454878118154,0.458624995932016
10001010,3,5,2.5,nug0.2,0.5,0.047008254150944,0.436712930814891
10001010,3,5,2.5,nug0.2,1,0.03861011405822,0.369423002941143
10001010,3,5,2.5,nug0.2,2,0.0251410955588439,0.2566590956655
10001010,3,5,2.5,nug0.5,0.5,0.0369720896444892,0.35596999040079
10001010,3,5,2.5,nug0.5,1,0.0303099141174447,0.300418512010636
10001010,3,5,2.5,nug0.5,2,0.0196772306390867,0.210297597788083
10001010,3,5,3,CS,0.5,0.09288377277208,0.731084698508834
10001010,3,5,3,CS,1,0.0810808915573017,0.668638663953502
10001010,3,5,3,CS,2,0.0567849759245084,0.51062191338304
10001010,3,5,3,nug0.2,0.5,0.0441980461966304,0.4145427602644
10001010,3,5,3,nug0.2,1,0.0383204286812559,0.367050302557197
10001010,3,5,3,nug0.2,2,0.0264687401869388,0.267955068488533
10001010,3,5,3,nug0.5,0.5,0.0361994898745214,0.349592597938804
10001010,3,5,3,nug0.5,1,0.0313506661377302,0.309169171209121
10001010,3,5,3,nug0.5,2,0.0216061607614594,0.226689459636394
10001010,3,5,4,CS,0.5,0.0941539155985162,0.737249661797293
10001010,3,5,4,CS,1,0.0878142307666703,0.705411600121017
10001010,3,5,4,CS,2,0.067712232809115,0.586514810910186
10001010,3,5,4,nug0.2,0.5,0.0398191978498732,0.379293719107469
10001010,3,5,4,nug0.2,1,0.0369886756536652,0.356106139013071
10001010,3,5,4,nug0.2,2,0.0281621935210686,0.282298856611366
10001010,3,5,4,nug0.5,0.5,0.0345008377170697,0.335505243215202
10001010,3,5,4,nug0.5,1,0.0320357561461327,0.314917821003768
10001010,3,5,4,nug0.5,2,0.0243612726502555,0.25008817782139
11001010,4,5,0.5,CS,0.5,0.0465156822647198,0.426793524840209
11001010,4,5,0.5,CS,1,0.02877695999333,0.268806088249377
11001010,4,5,0.5,CS,2,0.0200939890680156,0.181519864252009
11001010,4,5,0.5,nug0.2,0.5,0.038227202247197,0.360902610365807
11001010,4,5,0.5,nug0.2,1,0.0235940107973616,0.227909276182826
11001010,4,5,0.5,nug0.2,2,0.0164608346749374,0.15659683289383
11001010,4,5,0.5,nug0.5,0.5,0.0226411119016958,0.231966891752158
11001010,4,5,0.5,nug0.5,1,0.0139131157240366,0.152363090424158
11001010,4,5,0.5,nug0.5,2,0.00969115484663804,0.111277474607782
11001010,4,5,1,CS,0.5,0.0723395856443717,0.615581372218035
11001010,4,5,1,CS,1,0.0465156822647198,0.426793524840209
11001010,4,5,1,CS,2,0.02877695999333,0.268806088249377
11001010,4,5,1,nug0.2,0.5,0.0470660892080488,0.436506840105956
11001010,4,5,1,nug0.2,1,0.0300044336561801,0.293357250944108
11001010,4,5,1,nug0.2,2,0.01847606944344,0.187733640192616
11001010,4,5,1,nug0.5,0.5,0.0324049770447447,0.317494384604384
11001010,4,5,1,nug0.5,1,0.0205558890129665,0.214569046573654
11001010,4,5,1,nug0.5,2,0.0126243542909313,0.142486776190588
11001010,4,5,1.5,CS,0.5,0.0861846263015913,0.69667935968249
11001010,4,5,1.5,CS,1,0.0612407589310487,0.540462979229385
11001010,4,5,1.5,CS,2,0.0378695021946032,0.352702327924879
11001010,4,5,1.5,nug0.2,0.5,0.0486114086010253,0.449076019160606
11001010,4,5,1.5,nug0.2,1,0.0341558291351855,0.331123928018567
11001010,4,5,1.5,nug0.2,2,0.0209308156264012,0.214481126422134
11001010,4,5,1.5,nug0.5,0.5,0.0364127607424513,0.351260697699548
11001010,4,5,1.5,nug0.5,1,0.0254923038831314,0.258495738632469
11001010,4,5,1.5,nug0.5,2,0.0155770469108277,0.17083072946811
11001010,4,5,2,CS,0.5,0.0932058970295031,0.732635861876359
11001010,4,5,2,CS,1,0.0723395856443717,0.615581372218035
11001010,4,5,2,CS,2,0.0465156822647198,0.426793524840209
11001010,4,5,2,nug0.2,0.5,0.0474679691495878,0.440281002515879
11001010,4,5,2,nug0.2,1,0.0364402892609889,0.351018371293491
11001010,4,5,2,nug0.2,2,0.0231471446044658,0.236192138348052
11001010,4,5,2,nug0.5,0.5,0.0375934494670336,0.361065217061694
11001010,4,5,2,nug0.5,1,0.0287922428886957,0.287151840598033
11001010,4,5,2,nug0.5,2,0.0182419731852356,0.195312278037074
11001010,4,5,2.5,CS,0.5,0.0967271435479548,0.749410566144322
11001010,4,5,2.5,CS,1,0.0804078011946987,0.664515833030759
11001010,4,5,2.5,CS,2,0.0543446412525893,0.489207088869383
11001010,4,5,2.5,nug0.2,0.5,0.0455218632673082,0.425028435592307
11001010,4,5,2.5,nug0.2,1,0.0374883435601517,0.359993379844749
11001010,4,5,2.5,nug0.2,2,0.0249864276918993,0.253326543958123
11001010,4,5,2.5,nug0.5,0.5,0.0375386490965146,0.360629941003071
11001010,4,5,2.5,nug0.5,1,0.0308690785337432,0.304927377382208
11001010,4,5,2.5,nug0.5,2,0.0205309045018679,0.215844061794985
11001010,4,5,3,CS,0.5,0.0984888219289917,0.757495601350191
11001010,4,5,3,CS,1,0.0861846263015913,0.69667935968249
11001010,4,5,3,CS,2,0.0612407589310487,0.540462979229385
11001010,4,5,3,nug0.2,0.5,0.0434985173909498,0.408965811270177
11001010,4,5,3,nug0.2,1,0.0377789164002278,0.362512257333507
11001010,4,5,3,nug0.2,2,0.0264594360316337,0.266656438886015
11001010,4,5,3,nug0.5,0.5,0.0369963722034494,0.356169308917123
11001010,4,5,3,nug0.5,1,0.0321032944628539,0.315398586513343
11001010,4,5,3,nug0.5,2,0.0224466592858338,0.232770479856579
11001010,4,5,4,CS,0.5,0.0998101866523487,0.763427357025807
11001010,4,5,4,CS,1,0.0932058970295031,0.732635861876359
11001010,4,5,4,CS,2,0.0723395856443717,0.615581372218035
11001010,4,5,4,nug0.2,0.5,0.0400527816205615,0.381193866031629
11001010,4,5,4,nug0.2,1,0.0372395756852377,0.358154034341246
11001010,4,5,4,nug0.2,2,0.0285188244204944,0.284845981747445
11001010,4,5,4,nug0.5,0.5,0.0356057304265191,0.344678333396385
11001010,4,5,4,nug0.5,1,0.0330941453654788,0.323758610052067
11001010,4,5,4,nug0.5,2,0.0253192967072316,0.257796111550731
10101010,4,7,0.5,CS,0.5,0.0344043230222092,0.331663272443854
10101010,4,7,0.5,CS,1,0.0167282672402777,0.17864399585322
10101010,4,7,0.5,CS,2,0.00889156906183049,0.110589830198061
10101010,4,7,0.5,nug0.2,0.5,0.0350534649864534,0.337016785280364
10101010,4,7,0.5,nug0.2,1,0.0170492608621212,0.181224696816181
10101010,4,7,0.5,nug0.2,2,0.00906339882829646,0.111803321759738
10101010,4,7,0.5,nug0.5,0.5,0.0179105811858442,0.19366342327793
10101010,4,7,0.5,nug0.5,1,0.00863949951845997,0.114680275524566
10101010,4,7,0.5,nug0.5,2,0.00457669821151572,0.0806072088844353
10101010,4,7,1,CS,0.5,0.0637465424041605,0.559324858615587
10101010,4,7,1,CS,1,0.0344043230222092,0.331663272443854
10101010,4,7,1,CS,2,0.0167282672402777,0.17864399585322
10101010,4,7,1,nug0.2,0.5,0.0545058057814685,0.493368510909952
10101010,4,7,1,nug0.2,1,0.0292893730594048,0.289139814123439
10101010,4,7,1,nug0.2,2,0.0142060254348077,0.158457619256707
10101010,4,7,1,nug0.5,0.5,0.0316955742988888,0.311692973093313
10101010,4,7,1,nug0.5,1,0.0168515588887274,0.184820365504922
10101010,4,7,1,nug0.5,2,0.00812452088614524,0.110698718047059
10101010,4,7,1.5,CS,0.5,0.0812189858588978,0.669326339006899
10101010,4,7,1.5,CS,1,0.0506205573212996,0.463358818724169
10101010,4,7,1.5,CS,2,0.0255268802076213,0.255386230852904
10101010,4,7,1.5,nug0.2,0.5,0.0613395103219971,0.543078993559026
10101010,4,7,1.5,nug0.2,1,0.0379280049616276,0.362747357033002
10101010,4,7,1.5,nug0.2,2,0.0190077134891522,0.20116139610861
10101010,4,7,1.5,nug0.5,0.5,0.0388388410222233,0.37121269882633
10101010,4,7,1.5,nug0.5,1,0.0238021580824545,0.24459369584483
10101010,4,7,1.5,nug0.5,2,0.0118467929145394,0.142347354595217
10101010,4,7,2,CS,0.5,0.0905548610560484,0.719482931806645
10101010,4,7,2,CS,1,0.0637465424041605,0.559324858615587
10101010,4,7,2,CS,2,0.0344043230222092,0.331663272443854
10101010,4,7,2,nug0.2,0.5,0.0618624633228119,0.546812442717029
10101010,4,7,2,nug0.2,1,0.0431505141889733,0.405724142285857
10101010,4,7,2,nug0.2,2,0.0230644920821234,0.236900709130586
10101010,4,7,2,nug0.5,0.5,0.0417392157269842,0.394829443113952
10101010,4,7,2,nug0.5,1,0.0289287946291481,0.28842918161681
10101010,4,7,2,nug0.5,2,0.0153608148408145,0.172411640078167
10101010,4,7,2.5,CS,0.5,0.0953596391855695,0.742999151360518
10101010,4,7,2.5,CS,1,0.0737788852046352,0.625054172535687
10101010,4,7,2.5,CS,2,0.0428557126333463,0.401847046591535
10101010,4,7,2.5,nug0.2,0.5,0.0597659969702458,0.532076557416373
10101010,4,7,2.5,nug0.2,1,0.0458355414855914,0.427303621687943
10101010,4,7,2.5,nug0.2,2,0.0263015287688212,0.265171428533603
10101010,4,7,2.5,nug0.5,0.5,0.0424340153868952,0.400435759850687
10101010,4,7,2.5,nug0.5,1,0.0324052429015594,0.317851913179321
10101010,4,7,2.5,nug0.5,2,0.0184872323626685,0.19926176050566
10101010,4,7,3,CS,0.5,0.0977945921415629,0.754334894570791
10101010,4,7,3,CS,1,0.0812189858588978,0.669326339006899
10101010,4,7,3,CS,2,0.0506205573212996,0.463358818724169
10101010,4,7,3,nug0.2,0.5,0.0568095626689509,0.51081457731126
10101010,4,7,3,nug0.2,1,0.0468220357225212,0.435163145981154
10101010,4,7,3,nug0.2,2,0.0287851901407962,0.286681692736985
10101010,4,7,3,nug0.5,0.5,0.0420879165964114,0.397656465833974
10101010,4,7,3,nug0.5,1,0.0345941280375971,0.336204453187442
10101010,4,7,3,nug0.5,2,0.0211654039031526,0.222284168079641
10101010,4,7,4,CS,0.5,0.0996346673180915,0.762645994005961
10101010,4,7,4,CS,1,0.0905548610560484,0.719482931806645
10101010,4,7,4,CS,2,0.0637465424041605,0.559324858615587
10101010,4,7,4,nug0.2,0.5,0.0509168522778576,0.466894423277715
10101010,4,7,4,nug0.2,1,0.0460502099191793,0.429176925130191
10101010,4,7,4,nug0.2,2,0.0319602443871226,0.313910289168833
10101010,4,7,4,nug0.5,0.5,0.0403558374239446,0.383656062207599
10101010,4,7,4,nug0.5,1,0.036459932661662,0.351727029793145
10101010,4,7,4,nug0.5,2,0.0252276960938399,0.257132622531322
11101010,5,5,0.5,CS,0.5,0.0440563975756202,0.398339612799414
11101010,5,5,0.5,CS,1,0.029932990569946,0.262567713014022
11101010,5,5,0.5,CS,2,0.0233093738626709,0.189863205053777
11101010,5,5,0.5,nug0.2,0.5,0.0284461549696151,0.273758142208977
11101010,5,5,0.5,nug0.2,1,0.0192751427196796,0.183859956595108
11101010,5,5,0.5,nug0.2,2,0.0149923353451816,0.13775189158232
11101010,5,5,0.5,nug0.5,0.5,0.0194952718525965,0.201026524768558
11101010,5,5,0.5,nug0.5,1,0.0131896091479632,0.139908724125539
11101010,5,5,0.5,nug0.5,2,0.0102519456070096,0.108989278880899
11101010,5,5,1,CS,0.5,0.0667529038743267,0.577409483574815
11101010,5,5,1,CS,1,0.0440563975756202,0.398339612799414
11101010,5,5,1,CS,2,0.029932990569946,0.262567713014022
11101010,5,5,1,nug0.2,0.5,0.0338395085498964,0.327982838979314
11101010,5,5,1,nug0.2,1,0.0221386157444218,0.222463793342856
11101010,5,5,1,nug0.2,2,0.0149848203702039,0.152757940876926
11101010,5,5,1,nug0.5,0.5,0.0266088280179115,0.26749180391952
11101010,5,5,1,nug0.5,1,0.0173749634824845,0.183906123129296
11101010,5,5,1,nug0.5,2,0.0117507948135324,0.129694049980476
11101010,5,5,1.5,CS,0.5,0.0801015476817331,0.662486980951625
11101010,5,5,1.5,CS,1,0.0566609336984582,0.503330132315711
11101010,5,5,1.5,CS,2,0.0370418470170288,0.333541179294141
11101010,5,5,1.5,nug0.2,0.5,0.036317062652135,0.350129040022567
11101010,5,5,1.5,nug0.2,1,0.0253887743793138,0.255012252904587
11101010,5,5,1.5,nug0.2,2,0.016476969762283,0.172096136949451
11101010,5,5,1.5,nug0.5,0.5,0.0303089683352509,0.300032163736194
11101010,5,5,1.5,nug0.5,1,0.0211548138171835,0.219649292661818
11101010,5,5,1.5,nug0.5,2,0.0137157171792324,0.150785935061558
11101010,5,5,2,CS,0.5,0.0872087225470559,0.702110730562685
11101010,5,5,2,CS,1,0.0667529038743267,0.577409483574815
11101010,5,5,2,CS,2,0.0440563975756202,0.398339612799414
11101010,5,5,2,nug0.2,0.5,0.0371309026058908,0.357178001666237
11101010,5,5,2,nug0.2,1,0.0280926781314427,0.279973512349296
11101010,5,5,2,nug0.2,2,0.0183510536221108,0.191777253888048
11101010,5,5,2,nug0.5,0.5,0.0319946582530423,0.314483707804932
11101010,5,5,2,nug0.5,1,0.0241781074436159,0.247007427723059
11101010,5,5,2,nug0.5,2,0.0157776657555715,0.171070940271883
11101010,5,5,2.5,CS,0.5,0.0908617057284934,0.72102220509527
11101010,5,5,2.5,CS,1,0.0744264173331982,0.628059847150573
11101010,5,5,2.5,CS,2,0.050650178914272,0.455034580542745
11101010,5,5,2.5,nug0.2,0.5,0.0371189678134994,0.357156368235006
11101010,5,5,2.5,nug0.2,1,0.0301014099697588,0.297846198737998
11101010,5,5,2.5,nug0.2,2,0.0202369149365686,0.210166281028649
11101010,5,5,2.5,nug0.5,0.5,0.0326340501908236,0.319907331998711
11101010,5,5,2.5,nug0.5,1,0.0264424378039663,0.267007196185027
11101010,5,5,2.5,nug0.5,2,0.0177593608407402,0.189766542574881
11101010,5,5,3,CS,0.5,0.0927119313339294,0.730235761838219
11101010,5,5,3,CS,1,0.0801015476817331,0.662486980951625
11101010,5,5,3,CS,2,0.0566609336984582,0.503330132315711
11101010,5,5,3,nug0.2,0.5,0.0367238604193729,0.353917462764056
11101010,5,5,3,nug0.2,1,0.031474534173034,0.309819415802584
11101010,5,5,3,nug0.2,2,0.0219751396320928,0.226496886592496
11101010,5,5,3,nug0.5,0.5,0.0327552905145993,0.320938212400806
11101010,5,5,3,nug0.5,1,0.028057329119949,0.281055813989843
11101010,5,5,3,nug0.5,2,0.0195715487290142,0.206449015055316
11101010,5,5,4,CS,0.5,0.0941097220792533,0.73703653389265
11101010,5,5,4,CS,1,0.0872087225470559,0.702110730562685
11101010,5,5,4,CS,2,0.0667529038743267,0.577409483574815
11101010,5,5,4,nug0.2,0.5,0.0355591053765655,0.344291686649255
11101010,5,5,4,nug0.2,1,0.032798786357526,0.321215339447474
11101010,5,5,4,nug0.2,2,0.0247903593001213,0.252169864554982
11101010,5,5,4,nug0.5,0.5,0.0323918983371194,0.317901925371632
11101010,5,5,4,nug0.5,1,0.0298699530574753,0.296628725809625
11101010,5,5,4,nug0.5,2,0.0225614767934221,0.233373720374385
10011010,4,5,0.5,CS,0.5,0.042041293682306,0.394459855413282
10011010,4,5,0.5,CS,1,0.0212343481831008,0.216892304670219
10011010,4,5,0.5,CS,2,0.0109343088737552,0.127356934617858
10011010,4,5,0.5,nug0.2,0.5,0.0412229661347134,0.38789212648309
10011010,4,5,0.5,nug0.2,1,0.020812900398317,0.213439785337028
10011010,4,5,0.5,nug0.2,2,0.0107152872650337,0.125745761594894
10011010,4,5,0.5,nug0.5,0.5,0.0216985803892986,0.225810103515773
10011010,4,5,0.5,nug0.5,1,0.0108542431781028,0.132895796216056
10011010,4,5,0.5,nug0.5,2,0.00556357089805871,0.088500862172453
10011010,4,5,1,CS,0.5,0.0710542877717516,0.607701541297712
10011010,4,5,1,CS,1,0.042041293682306,0.394459855413282
10011010,4,5,1,CS,2,0.0212343481831008,0.216892304670219
10011010,4,5,1,nug0.2,0.5,0.0554881233218943,0.500681100700834
10011010,4,5,1,nug0.2,1,0.032616935716645,0.317417816237015
10011010,4,5,1,nug0.2,2,0.0164005298971515,0.177447957332521
10011010,4,5,1,nug0.5,0.5,0.0342674423620814,0.33321088129017
10011010,4,5,1,nug0.5,1,0.0199655797146354,0.21123249887619
10011010,4,5,1,nug0.5,2,0.00997917414235407,0.125969122832761
10011010,4,5,1.5,CS,0.5,0.0858465883650937,0.694892846774482
10011010,4,5,1.5,CS,1,0.0587969936429123,0.524026575470089
10011010,4,5,1.5,CS,2,0.0319705933155444,0.309982526712982
10011010,4,5,1.5,nug0.2,0.5,0.0567467932530863,0.51026447639268
10011010,4,5,1.5,nug0.2,1,0.038489552352875,0.367501738803651
10011010,4,5,1.5,nug0.2,2,0.0207355113664646,0.21629513188529
10011010,4,5,1.5,nug0.5,0.5,0.0389388966900835,0.372035362324462
10011010,4,5,1.5,nug0.5,1,0.0262553845695676,0.265460137069297
10011010,4,5,1.5,nug0.5,2,0.0140664733684761,0.160969548085476
10011010,4,5,2,CS,0.5,0.0931195279780657,0.732217159218716
10011010,4,5,2,CS,1,0.0710542877717516,0.607701541297712
10011010,4,5,2,CS,2,0.042041293682306,0.394459855413282
10011010,4,5,2,nug0.2,0.5,0.0540763129456137,0.490669247140256
10011010,4,5,2,nug0.2,1,0.0408522336060037,0.38728432820812
10011010,4,5,2,nug0.2,2,0.0238673683201676,0.244072716416549
10011010,4,5,2,nug0.5,0.5,0.0399924296612474,0.380684937468661
10011010,4,5,2,nug0.5,1,0.0301045591137253,0.298372170666103
10011010,4,5,2,nug0.5,2,0.0175098716503509,0.19063173972954
10011010,4,5,2.5,CS,0.5,0.0967053323009556,0.749309549045943
10011010,4,5,2.5,CS,1,0.0797449576177594,0.660774596641402
10011010,4,5,2.5,CS,2,0.0510162760091037,0.465855358786266
10011010,4,5,2.5,nug0.2,0.5,0.0506391845015462,0.464771929117243
10011010,4,5,2.5,nug0.2,1,0.0413915095340683,0.391866290063649
10011010,4,5,2.5,nug0.2,2,0.0261002173521813,0.263702765273279
10011010,4,5,2.5,nug0.5,0.5,0.0395962781437659,0.377473962032411
10011010,4,5,2.5,nug0.5,1,0.0322973337323032,0.316961687777181
10011010,4,5,2.5,nug0.5,2,0.0202967561998108,0.214680641430436
10011010,4,5,3,CS,0.5,0.0984833425580903,0.757470810909258
10011010,4,5,3,CS,1,0.0858465883650937,0.694892846774482
10011010,4,5,3,CS,2,0.0587969936429123,0.524026575470089
10011010,4,5,3,nug0.2,0.5,0.0474181371747366,0.439913785983927
10011010,4,5,3,nug0.2,1,0.0410375035891566,0.389100011682806
10011010,4,5,3,nug0.2,2,0.0276896395116524,0.277574177143977
10011010,4,5,3,nug0.5,0.5,0.0386955861845967,0.370123085556713
10011010,4,5,3,nug0.5,1,0.0334477359279635,0.326659323764712
10011010,4,5,3,nug0.5,2,0.0225119608533498,0.233779908864859
10011010,4,5,4,CS,0.5,0.099809842968562,0.763425829490031
10011010,4,5,4,CS,1,0.0931195279780657,0.732217159218716
10011010,4,5,4,CS,2,0.0710542877717516,0.607701541297712
10011010,4,5,4,nug0.2,0.5,0.0423725670334695,0.399946597220228
10011010,4,5,4,nug0.2,1,0.0393644871791636,0.375570583753165
10011010,4,5,4,nug0.2,2,0.0296271532135992,0.294353247327835
10011010,4,5,4,nug0.5,0.5,0.0367226999698315,0.353913668744143
10011010,4,5,4,nug0.5,1,0.0341014737864474,0.332164589212213
10011010,4,5,4,nug0.5,2,0.0256318128213701,0.260590636902549
11011010,5,5,0.5,CS,0.5,0.040472893351342,0.373776296060068
11011010,5,5,0.5,CS,1,0.02357244425226,0.222511494425093
11011010,5,5,0.5,CS,2,0.0151675189558763,0.145290070784474
11011010,5,5,0.5,nug0.2,0.5,0.0319788500083598,0.305308595539886
11011010,5,5,0.5,nug0.2,1,0.0185708132978897,0.184324700676038
11011010,5,5,0.5,nug0.2,2,0.0119303411361617,0.124111134620978
11011010,5,5,0.5,nug0.5,0.5,0.0193777807783032,0.201933309997844
11011010,5,5,0.5,nug0.5,1,0.0112043423139639,0.129186093493721
11011010,5,5,0.5,nug0.5,2,0.00718109649232091,0.0937803382434792
11011010,5,5,1,CS,0.5,0.0657587554802131,0.571165567406851
11011010,5,5,1,CS,1,0.040472893351342,0.373776296060068
11011010,5,5,1,CS,2,0.02357244425226,0.222511494425093
11011010,5,5,1,nug0.2,0.5,0.0418064919091162,0.39340425081105
11011010,5,5,1,nug0.2,1,0.0255188109579979,0.252354319034228
11011010,5,5,1,nug0.2,2,0.0147863684748841,0.155784090235783
11011010,5,5,1,nug0.5,0.5,0.0290951291845593,0.288652010935648
11011010,5,5,1,nug0.5,1,0.017682601572906,0.188084568736995
11011010,5,5,1,nug0.5,2,0.0102182131158964,0.121951202976516
11011010,5,5,1.5,CS,0.5,0.0798428511696189,0.66103809990853
11011010,5,5,1.5,CS,1,0.0547482602244258,0.490573987822031
11011010,5,5,1.5,CS,2,0.0322213645855394,0.301154727420122
11011010,5,5,1.5,nug0.2,0.5,0.0449633606058667,0.420158884023499
11011010,5,5,1.5,nug0.2,1,0.0305067132295565,0.298499919728773
11011010,5,5,1.5,nug0.2,2,0.0178015551872956,0.185483315691269
11011010,5,5,1.5,nug0.5,0.5,0.0336259215338728,0.327837227490669
11011010,5,5,1.5,nug0.5,1,0.0227369271568467,0.233521739307062
11011010,5,5,1.5,nug0.5,2,0.0132315938165025,0.149370900187564
11011010,5,5,2,CS,0.5,0.0871428979205843,0.701768235670837
11011010,5,5,2,CS,1,0.0657587554802131,0.571165567406851
11011010,5,5,2,CS,2,0.040472893351342,0.373776296060068
11011010,5,5,2,nug0.2,0.5,0.0451255944768692,0.421792779472681
11011010,5,5,2,nug0.2,1,0.0336989454675618,0.327110551078945
11011010,5,5,2,nug0.2,2,0.0205128362486681,0.211230501245799
11011010,5,5,2,nug0.5,0.5,0.0353546885435664,0.342503970938439
11011010,5,5,2,nug0.5,1,0.0263388745099548,0.265458935488587
11011010,5,5,2,nug0.5,2,0.0159924337400258,0.174332970818224
11011010,5,5,2.5,CS,0.5,0.0908451128131614,0.720939314165944
11011010,5,5,2.5,CS,1,0.0739171225725644,0.625052575047726
11011010,5,5,2.5,CS,2,0.0480203862957014,0.43712181005135
11011010,5,5,2.5,nug0.2,0.5,0.0440425740096207,0.413279252850746
11011010,5,5,2.5,nug0.2,1,0.0355117657291972,0.343071565944198
11011010,5,5,2.5,nug0.2,2,0.022782420397801,0.232392453430708
11011010,5,5,2.5,nug0.5,0.5,0.035716061767672,0.34556943720234
11011010,5,5,2.5,nug0.5,1,0.0287519205438266,0.286579068403841
11011010,5,5,2.5,nug0.5,2,0.0184053840381425,0.196052777267704
11011010,5,5,3,CS,0.5,0.0927077664385088,0.730215394474896
11011010,5,5,3,CS,1,0.0798428511696189,0.66103809990853
11011010,5,5,3,CS,2,0.0547482602244258,0.490573987822031
11011010,5,5,3,nug0.2,0.5,0.0425255696482847,0.401169290615036
11011010,5,5,3,nug0.2,1,0.0363547082045728,0.350473925596059
11011010,5,5,3,nug0.2,2,0.0246021781314549,0.24915360330564
11011010,5,5,3,nug0.5,0.5,0.0354506811151292,0.343387686964568
11011010,5,5,3,nug0.5,1,0.0302750819869402,0.299776950376567
11011010,5,5,3,nug0.5,2,0.0204506524397156,0.214375991724428
11011010,5,5,4,CS,0.5,0.0941094610035709,0.737035277924143
11011010,5,5,4,CS,1,0.0871428979205843,0.701768235670837
11011010,5,5,4,CS,2,0.0657587554802131,0.571165567406851
11011010,5,5,4,nug0.2,0.5,0.0394447293727772,0.376242661328023
11011010,5,5,4,nug0.2,1,0.0363649699945898,0.350865000988263
11011010,5,5,4,nug0.2,2,0.0270982423670485,0.271857336549252
11011010,5,5,4,nug0.5,0.5,0.0343164511051472,0.333970618865549
11011010,5,5,4,nug0.5,1,0.0316241275366896,0.311380418542719
11011010,5,5,4,nug0.5,2,0.0235381011801514,0.24182757247053
10111010,5,5,0.5,CS,0.5,0.038748528455175,0.361648075685591
10111010,5,5,0.5,CS,1,0.0195645718270989,0.196435248050237
10111010,5,5,0.5,CS,2,0.00967167388102754,0.114412038994397
10111010,5,5,0.5,nug0.2,0.5,0.0327092061180437,0.312683293664491
10111010,5,5,0.5,nug0.2,1,0.0164671538938032,0.172253728177451
10111010,5,5,0.5,nug0.2,2,0.00812645810495246,0.103784980834401
10111010,5,5,0.5,nug0.5,0.5,0.0189879919621427,0.199619809065038
10111010,5,5,0.5,nug0.5,1,0.00949635229265649,0.118875152330674
10111010,5,5,0.5,nug0.5,2,0.0046682584582847,0.0804314040163394
10111010,5,5,1,CS,0.5,0.0655117276006247,0.569600631174119
10111010,5,5,1,CS,1,0.038748528455175,0.361648075685591
10111010,5,5,1,CS,2,0.0195645718270989,0.196435248050237
10111010,5,5,1,nug0.2,0.5,0.0437223377805045,0.408797644003725
10111010,5,5,1,nug0.2,1,0.0256438878552196,0.254539769169334
10111010,5,5,1,nug0.2,2,0.0128662802614698,0.144461655321514
10111010,5,5,1,nug0.5,0.5,0.0295919999439935,0.292885879555677
10111010,5,5,1,nug0.5,1,0.0172624901288889,0.185458511046836
10111010,5,5,1,nug0.5,2,0.00862622702371866,0.112349359735864
10111010,5,5,1.5,CS,0.5,0.0798105534825711,0.660856790239562
10111010,5,5,1.5,CS,1,0.0540818693980446,0.486059365565228
10111010,5,5,1.5,CS,2,0.0295353220043011,0.28254907338288
10111010,5,5,1.5,nug0.2,0.5,0.0461042614200276,0.429162644064295
10111010,5,5,1.5,nug0.2,1,0.0309105906014148,0.302149619570842
10111010,5,5,1.5,nug0.2,2,0.0167146279823395,0.178561559739366
10111010,5,5,1.5,nug0.5,0.5,0.0340114689798358,0.331052401708987
10111010,5,5,1.5,nug0.5,1,0.0227168854889602,0.233576538901747
10111010,5,5,1.5,nug0.5,2,0.0122412788647713,0.142887478570753
10111010,5,5,2,CS,0.5,0.0871387850010763,0.701746822881329
10111010,5,5,2,CS,1,0.0655117276006247,0.569600631174119
10111010,5,5,2,CS,2,0.038748528455175,0.361648075685591
10111010,5,5,2,nug0.2,0.5,0.0454644250400008,0.424470835482563
10111010,5,5,2,nug0.2,1,0.0338233390208127,0.32821378689142
10111010,5,5,2,nug0.2,2,0.0197627853768422,0.205994281247794
10111010,5,5,2,nug0.5,0.5,0.035483262902848,0.343570039056192
10111010,5,5,2,nug0.5,1,0.0263321063786158,0.265459557636987
10111010,5,5,2,nug0.5,2,0.0153417314913009,0.169767188490258
10111010,5,5,2.5,CS,0.5,0.0908445943178923,0.720936723604413
10111010,5,5,2.5,CS,1,0.0738273314695656,0.624519974955423
10111010,5,5,2.5,CS,2,0.0469402713419354,0.42961237238906
10111010,5,5,2.5,nug0.2,0.5,0.0438531039471948,0.411769934917409
10111010,5,5,2.5,nug0.2,1,0.0353128078303399,0.34144231730707
10111010,5,5,2.5,nug0.2,2,0.0221523680342114,0.227617123861981
10111010,5,5,2.5,nug0.5,0.5,0.0356379130864133,0.344922138368937
10111010,5,5,2.5,nug0.5,1,0.0286518467722296,0.285750370770101
10111010,5,5,2.5,nug0.5,2,0.0179325004979267,0.19252182288764
10111010,5,5,3,CS,0.5,0.0927077013630343,0.730215076227911
10111010,5,5,3,CS,1,0.0798105534825711,0.660856790239562
10111010,5,5,3,CS,2,0.0540818693980446,0.486059365565228
10111010,5,5,3,nug0.2,0.5,0.0420508469002615,0.397352911152516
10111010,5,5,3,nug0.2,1,0.0359310631785774,0.346978270384042
10111010,5,5,3,nug0.2,2,0.0240134011253248,0.244453662105344
10111010,5,5,3,nug0.5,0.5,0.0352433694250543,0.34166834651231
10111010,5,5,3,nug0.5,1,0.0300842166662111,0.298175059044482
10111010,5,5,3,nug0.5,2,0.0200692166799885,0.211384041919886
10111010,5,5,4,CS,0.5,0.094109459983745,0.737035273018009
10111010,5,5,4,CS,1,0.0871387850010763,0.701746822881329
10111010,5,5,4,CS,2,0.0655117276006247,0.569600631174119
10111010,5,5,4,nug0.2,0.5,0.0388249443600128,0.371181828854949
10111010,5,5,4,nug0.2,1,0.0357900115533363,0.346110813864272
10111010,5,5,4,nug0.2,2,0.0265617759088312,0.267395745284582
10111010,5,5,4,nug0.5,0.5,0.0340211447317983,0.331511385269311
10111010,5,5,4,nug0.5,1,0.0313496732611834,0.309077345010664
10111010,5,5,4,nug0.5,2,0.0232406245502061,0.239367897610836
11111010,6,3,0.5,CS,0.5,0.0430374761447452,0.381586053978023
11111010,6,3,0.5,CS,1,0.0340883250124575,0.279576037221557
11111010,6,3,0.5,CS,2,0.0301496798142238,0.221716352680887
11111010,6,3,0.5,nug0.2,0.5,0.0216759159412731,0.213712938820607
11111010,6,3,0.5,nug0.2,1,0.0171731486556859,0.161432931261557
11111010,6,3,0.5,nug0.2,2,0.0151946112157719,0.133032672696517
11111010,6,3,0.5,nug0.5,0.5,0.0170117169819218,0.177035403362753
11111010,6,3,0.5,nug0.5,1,0.0134785210035078,0.136410999423263
11111010,6,3,0.5,nug0.5,2,0.011926482245389,0.114431749605238
11111010,6,3,1,CS,0.5,0.0580858770856181,0.515226284485445
11111010,6,3,1,CS,1,0.0430374761447452,0.381586053978023
11111010,6,3,1,CS,2,0.0340883250124575,0.279576037221557
11111010,6,3,1,nug0.2,0.5,0.0221479315992784,0.228773274037662
11111010,6,3,1,nug0.2,1,0.016344612238727,0.171826412657969
11111010,6,3,1,nug0.2,2,0.0129500578976408,0.132869313817935
11111010,6,3,1,nug0.5,0.5,0.0198773494527316,0.209749933552172
11111010,6,3,1,nug0.5,1,0.0146653673452443,0.158767657488943
11111010,6,3,1,nug0.5,2,0.0116197684557756,0.123999727216284
11111010,6,3,1.5,CS,0.5,0.0671546695283119,0.581776915009302
11111010,6,3,1.5,CS,1,0.0513253716207005,0.459360434653365
11111010,6,3,1.5,CS,2,0.0385315760110244,0.333438145268329
11111010,6,3,1.5,nug0.2,0.5,0.022863826322814,0.236818130947485
11111010,6,3,1.5,nug0.2,1,0.0173470295405421,0.186060036931932
11111010,6,3,1.5,nug0.2,2,0.0129995928427833,0.141087061973742
11111010,6,3,1.5,nug0.5,0.5,0.0215772438849137,0.225923849375977
11111010,6,3,1.5,nug0.5,1,0.0163674696800067,0.178050080556119
11111010,6,3,1.5,nug0.5,2,0.0122649049956348,0.13571981194395
11111010,6,3,2,CS,0.5,0.0720321774698614,0.614129496659926
11111010,6,3,2,CS,1,0.0580858770856181,0.515226284485445
11111010,6,3,2,CS,2,0.0430374761447452,0.381586053978023
11111010,6,3,2,nug0.2,0.5,0.0233092446134726,0.241025358138385
11111010,6,3,2,nug0.2,1,0.018646448247039,0.199458480817523
11111010,6,3,2,nug0.2,2,0.0137553842547405,0.151726646531436
11111010,6,3,2,nug0.5,0.5,0.0224830882220994,0.234014771365834
11111010,6,3,2,nug0.5,1,0.0179831499955815,0.193921557911239
11111010,6,3,2,nug0.5,2,0.0132651213549473,0.147944590521176
11111010,6,3,2.5,CS,0.5,0.0745509500276589,0.629978406106696
11111010,6,3,2.5,CS,1,0.0632834179457614,0.554440838506927
11111010,6,3,2.5,CS,2,0.0473478362781299,0.423498435626396
11111010,6,3,2.5,nug0.2,0.5,0.0235721036569725,0.243356583559328
11111010,6,3,2.5,nug0.2,1,0.0198660974357583,0.210894773994721
11111010,6,3,2.5,nug0.2,2,0.0147686354431075,0.162930411311772
11111010,6,3,2.5,nug0.5,0.5,0.0229614574305852,0.238172428664056
11111010,6,3,2.5,nug0.5,1,0.0193498075187324,0.206545355031988
11111010,6,3,2.5,nug0.5,2,0.0143837494305394,0.159859900202379
11111010,6,3,3,CS,0.5,0.0758296049052736,0.637809951386198
11111010,6,3,3,CS,1,0.0671546695283119,0.581776915009302
11111010,6,3,3,CS,2,0.0513253716207005,0.459360434653365
11111010,6,3,3,nug0.2,0.5,0.0237334322947334,0.244750389897622
11111010,6,3,3,nug0.2,1,0.0208953480733413,0.220152472031469
11111010,6,3,3,nug0.2,2,0.0158484643994707,0.173815000609239
11111010,6,3,3,nug0.5,0.5,0.0232191625705612,0.240384069005067
11111010,6,3,3,nug0.5,1,0.0204414002962284,0.21631202460607
11111010,6,3,3,nug0.5,2,0.0155030191959919,0.170999866507798
11111010,6,3,4,CS,0.5,0.0767968520705539,0.643640512352174
11111010,6,3,4,CS,1,0.0720321774698614,0.614129496659926
11111010,6,3,4,CS,2,0.0580858770856181,0.515226284485445
11111010,6,3,4,nug0.2,0.5,0.0238986014669238,0.246160083517711
11111010,6,3,4,nug0.2,1,0.0223396207728252,0.232797401529689
11111010,6,3,4,nug0.2,2,0.0178679820954036,0.192960912301612
11111010,6,3,4,nug0.5,0.5,0.0234394751296352,0.242261962330447
11111010,6,3,4,nug0.5,1,0.0219097991904409,0.229150501874806
11111010,6,3,4,nug0.5,2,0.0175229767714632,0.190084511419815
10000110,3,3,0.5,CS,0.5,0.0529269781862847,0.481889862186892
10000110,3,3,0.5,CS,1,0.030532240541626,0.300365973766756
10000110,3,3,0.5,CS,2,0.0167013274639528,0.178554758347656
10000110,3,3,0.5,nug0.2,0.5,0.0419904611862185,0.396686629364273
10000110,3,3,0.5,nug0.2,1,0.024109876910421,0.246379226832117
10000110,3,3,0.5,nug0.2,2,0.0131548113848122,0.150200182230677
10000110,3,3,0.5,nug0.5,0.5,0.0254611624509935,0.259293700474022
10000110,3,3,0.5,nug0.5,1,0.0145165434675376,0.165834901132736
10000110,3,3,0.5,nug0.5,2,0.0078906336814169,0.108954443785806
10000110,3,3,1,CS,0.5,0.0763743416891431,0.641092570590485
10000110,3,3,1,CS,1,0.0529269781862847,0.481889862186892
10000110,3,3,1,CS,2,0.030532240541626,0.300365973766756
10000110,3,3,1,nug0.2,0.5,0.0445680629711276,0.417469329600016
10000110,3,3,1,nug0.2,1,0.030563863677212,0.30240823537642
10000110,3,3,1,nug0.2,2,0.0174636565034859,0.190440435578245
10000110,3,3,1,nug0.5,0.5,0.0326467247621638,0.320024014422026
10000110,3,3,1,nug0.5,1,0.0223014436161978,0.232486063914938
10000110,3,3,1,nug0.5,2,0.0126980143383385,0.150766944252682
10000110,3,3,1.5,CS,0.5,0.0861148882751719,0.696417822321505
10000110,3,3,1.5,CS,1,0.067293839617719,0.583707996263855
10000110,3,3,1.5,CS,2,0.0428593825979195,0.403259429740825
10000110,3,3,1.5,nug0.2,0.5,0.0412738557915502,0.391088839920307
10000110,3,3,1.5,nug0.2,1,0.0319114352943352,0.313846072937921
10000110,3,3,1.5,nug0.2,2,0.0200515544989548,0.213184369362474
10000110,3,3,1.5,nug0.5,0.5,0.0335994238570721,0.327992581715759
10000110,3,3,1.5,nug0.5,1,0.0259308287972551,0.263379165861778
10000110,3,3,1.5,nug0.5,2,0.0162567674538899,0.181163314944475
10000110,3,3,2,CS,0.5,0.0905010554289752,0.719230959921917
10000110,3,3,2,CS,1,0.0763743416891431,0.641092570590485
10000110,3,3,2,CS,2,0.0529269781862847,0.481889862186892
10000110,3,3,2,nug0.2,0.5,0.0379358624185544,0.363896912261221
10000110,3,3,2,nug0.2,1,0.0317282829406587,0.312329145246334
10000110,3,3,2,nug0.2,2,0.0216675555502217,0.227107666430401
10000110,3,3,2,nug0.5,0.5,0.032960402680784,0.322657932324187
10000110,3,3,2,nug0.5,1,0.0275436856127397,0.277057555211973
10000110,3,3,2,nug0.5,2,0.0187842367366854,0.202675150987517
10000110,3,3,2.5,CS,0.5,0.0925774088007969,0.729581559733828
10000110,3,3,2.5,CS,1,0.082239601844571,0.675180405933475
10000110,3,3,2.5,CS,2,0.0609424147608773,0.540307485051621
10000110,3,3,2.5,nug0.2,0.5,0.0353257208030014,0.342356859150574
10000110,3,3,2.5,nug0.2,1,0.0311616096577245,0.30757746339158
10000110,3,3,2.5,nug0.2,2,0.0227645412953313,0.236485288362266
10000110,3,3,2.5,nug0.5,0.5,0.032026530026305,0.314840965379367
10000110,3,3,2.5,nug0.5,1,0.028239941943091,0.282951269542855
10000110,3,3,2.5,nug0.5,2,0.0206134600053783,0.218231143202134
10000110,3,3,3,CS,0.5,0.0935869362189802,0.734510761561534
10000110,3,3,3,CS,1,0.0861148882751719,0.696417822321505
10000110,3,3,3,CS,2,0.067293839617719,0.583707996263855
10000110,3,3,3,nug0.2,0.5,0.0333953296489958,0.326292194082187
10000110,3,3,3,nug0.2,1,0.0305670384953916,0.302581094792142
10000110,3,3,3,nug0.2,2,0.0235736846071301,0.243378550663558
10000110,3,3,3,nug0.5,0.5,0.0311619518461441,0.307585614656657
10000110,3,3,3,nug0.5,1,0.0285172306141536,0.285296930489923
10000110,3,3,3,nug0.5,2,0.0219822283731954,0.229867546202365
10000110,3,3,4,CS,0.5,0.0943316646598418,0.738103942649176
10000110,3,3,4,CS,1,0.0905010554289752,0.719230959921917
10000110,3,3,4,CS,2,0.0763743416891431,0.641092570590485
10000110,3,3,4,nug0.2,0.5,0.0309630532286851,0.30591422735525
10000110,3,3,4,nug0.2,1,0.0296215708090278,0.294619849932934
10000110,3,3,4,nug0.2,2,0.0247395321197687,0.253289769053677
10000110,3,3,4,nug0.5,0.5,0.0298977419746242,0.296948418022043
10000110,3,3,4,nug0.5,1,0.0286010525919493,0.286006982072149
10000110,3,3,4,nug0.5,2,0.023883073010902,0.246020040524977
11000110,4,3,0.5,CS,0.5,0.0571515506135747,0.509634225658724
11000110,4,3,0.5,CS,1,0.0359944010659882,0.33430754328563
11000110,4,3,0.5,CS,2,0.0236649159838983,0.216826517231853
11000110,4,3,0.5,nug0.2,0.5,0.0447810438193592,0.415862925822842
11000110,4,3,0.5,nug0.2,1,0.0280953844350263,0.270579205693963
11000110,4,3,0.5,nug0.2,2,0.0184398887587175,0.178325938516701
11000110,4,3,0.5,nug0.5,0.5,0.0274452659084011,0.27390662416234
11000110,4,3,0.5,nug0.5,1,0.0171273050778438,0.181705281216088
11000110,4,3,0.5,nug0.5,2,0.0112143267468728,0.126242316598581
11000110,4,3,1,CS,0.5,0.0809466871296965,0.66742440984681
11000110,4,3,1,CS,1,0.0571515506135747,0.509634225658724
11000110,4,3,1,CS,2,0.0359944010659882,0.33430754328563
11000110,4,3,1,nug0.2,0.5,0.0473221234981339,0.438743344862047
11000110,4,3,1,nug0.2,1,0.0330840397101351,0.320985138965395
11000110,4,3,1,nug0.2,2,0.0206819981000509,0.210392205884579
11000110,4,3,1,nug0.5,0.5,0.0347012305904053,0.33682323074081
11000110,4,3,1,nug0.5,1,0.0241718307563864,0.24639604384976
11000110,4,3,1,nug0.5,2,0.015069374737359,0.165217857896818
11000110,4,3,1.5,CS,0.5,0.0912048379130092,0.722686854468771
11000110,4,3,1.5,CS,1,0.0715582270410183,0.610185311840945
11000110,4,3,1.5,CS,2,0.0474374609521344,0.433155017543163
11000110,4,3,1.5,nug0.2,0.5,0.0441513642882021,0.414089779702858
11000110,4,3,1.5,nug0.2,1,0.0342743962082472,0.33273616829768
11000110,4,3,1.5,nug0.2,2,0.0224548529296669,0.229965258761127
11000110,4,3,1.5,nug0.5,0.5,0.0358362336090171,0.346515986206376
11000110,4,3,1.5,nug0.5,1,0.0277676362622402,0.278213590070353
11000110,4,3,1.5,nug0.5,2,0.0181549217617053,0.194223892402909
11000110,4,3,2,CS,0.5,0.0958769642894116,0.745424689498017
11000110,4,3,2,CS,1,0.0809466871296965,0.66742440984681
11000110,4,3,2,CS,2,0.0571515506135747,0.509634225658724
11000110,4,3,2,nug0.2,0.5,0.0406799712181284,0.386267577962059
11000110,4,3,2,nug0.2,1,0.0340298344556552,0.331240707736288
11000110,4,3,2,nug0.2,2,0.0236995534826025,0.242423027988524
11000110,4,3,2,nug0.5,0.5,0.0352159048047733,0.341429764118011
11000110,4,3,2,nug0.5,1,0.0294322905854783,0.292717845264055
11000110,4,3,2,nug0.5,2,0.0204704525754775,0.215270313407567
11000110,4,3,2.5,CS,0.5,0.0981004510962014,0.755727856340118
11000110,4,3,2.5,CS,1,0.0871034542817543,0.701485370956359
11000110,4,3,2.5,CS,2,0.0651151772049913,0.567128562488083
11000110,4,3,2.5,nug0.2,0.5,0.0378416863853728,0.363120464544952
11000110,4,3,2.5,nug0.2,1,0.033353956665073,0.325799736788416
11000110,4,3,2.5,nug0.2,2,0.0245895064008232,0.250871404233028
11000110,4,3,2.5,nug0.5,0.5,0.0342097133573394,0.33307848351067
11000110,4,3,2.5,nug0.5,1,0.0301394362748598,0.298848552791501
11000110,4,3,2.5,nug0.5,2,0.0222013613636355,0.230697278786246
11000110,4,3,3,CS,0.5,0.099184601651453,0.760632417702136
11000110,4,3,3,CS,1,0.0912048379130092,0.722686854468771
11000110,4,3,3,CS,2,0.0715582270410183,0.610185311840945
11000110,4,3,3,nug0.2,0.5,0.0356780987826084,0.34527695657999
11000110,4,3,3,nug0.2,1,0.0326246693933103,0.319784059105529
11000110,4,3,3,nug0.2,2,0.0252610083775484,0.257033404231684
11000110,4,3,3,nug0.5,0.5,0.0332407947848847,0.325000865309314
11000110,4,3,3,nug0.5,1,0.0303894555876714,0.30102640478238
11000110,4,3,3,nug0.5,2,0.0235185484479701,0.242286027696873
11000110,4,3,4,CS,0.5,0.099985807495955,0.764207210885549
11000110,4,3,4,CS,1,0.0958769642894116,0.745424689498017
11000110,4,3,4,CS,2,0.0809466871296965,0.66742440984681
11000110,4,3,4,nug0.2,0.5,0.032876890399936,0.321960510032738
11000110,4,3,4,nug0.2,1,0.0314300387364843,0.309822235274966
11000110,4,3,4,nug0.2,2,0.0262516987466391,0.265846260911021
11000110,4,3,4,nug0.5,0.5,0.0317786679984787,0.312762789488478
11000110,4,3,4,nug0.5,1,0.0303786369307129,0.300983848336906
11000110,4,3,4,nug0.5,2,0.0253691011149158,0.258370193124632
10100110,4,5,0.5,CS,0.5,0.042041293682306,0.394459855413282
10100110,4,5,0.5,CS,1,0.0212343481831008,0.216892304670219
10100110,4,5,0.5,CS,2,0.0109343088737552,0.127356934617858
10100110,4,5,0.5,nug0.2,0.5,0.0412229661347134,0.38789212648309
10100110,4,5,0.5,nug0.2,1,0.020812900398317,0.213439785337028
10100110,4,5,0.5,nug0.2,2,0.0107152872650337,0.125745761594894
10100110,4,5,0.5,nug0.5,0.5,0.0216985803892986,0.225810103515773
10100110,4,5,0.5,nug0.5,1,0.0108542431781028,0.132895796216056
10100110,4,5,0.5,nug0.5,2,0.00556357089805871,0.088500862172453
10100110,4,5,1,CS,0.5,0.0710542877717516,0.607701541297712
10100110,4,5,1,CS,1,0.042041293682306,0.394459855413282
10100110,4,5,1,CS,2,0.0212343481831008,0.216892304670219
10100110,4,5,1,nug0.2,0.5,0.0554881233218943,0.500681100700834
10100110,4,5,1,nug0.2,1,0.0326169357166449,0.317417816237015
10100110,4,5,1,nug0.2,2,0.0164005298971515,0.177447957332521
10100110,4,5,1,nug0.5,0.5,0.0342674423620814,0.33321088129017
10100110,4,5,1,nug0.5,1,0.0199655797146354,0.21123249887619
10100110,4,5,1,nug0.5,2,0.00997917414235407,0.125969122832761
10100110,4,5,1.5,CS,0.5,0.0858465883650937,0.694892846774482
10100110,4,5,1.5,CS,1,0.0587969936429123,0.524026575470089
10100110,4,5,1.5,CS,2,0.0319705933155444,0.309982526712982
10100110,4,5,1.5,nug0.2,0.5,0.0567467932530863,0.51026447639268
10100110,4,5,1.5,nug0.2,1,0.038489552352875,0.367501738803651
10100110,4,5,1.5,nug0.2,2,0.0207355113664646,0.21629513188529
10100110,4,5,1.5,nug0.5,0.5,0.0389388966900835,0.372035362324462
10100110,4,5,1.5,nug0.5,1,0.0262553845695676,0.265460137069297
10100110,4,5,1.5,nug0.5,2,0.0140664733684761,0.160969548085476
10100110,4,5,2,CS,0.5,0.0931195279780657,0.732217159218716
10100110,4,5,2,CS,1,0.0710542877717516,0.607701541297712
10100110,4,5,2,CS,2,0.042041293682306,0.394459855413282
10100110,4,5,2,nug0.2,0.5,0.0540763129456137,0.490669247140256
10100110,4,5,2,nug0.2,1,0.0408522336060037,0.38728432820812
10100110,4,5,2,nug0.2,2,0.0238673683201676,0.244072716416549
10100110,4,5,2,nug0.5,0.5,0.0399924296612474,0.380684937468661
10100110,4,5,2,nug0.5,1,0.0301045591137253,0.298372170666103
10100110,4,5,2,nug0.5,2,0.0175098716503509,0.19063173972954
10100110,4,5,2.5,CS,0.5,0.0967053323009556,0.749309549045943
10100110,4,5,2.5,CS,1,0.0797449576177594,0.660774596641402
10100110,4,5,2.5,CS,2,0.0510162760091037,0.465855358786266
10100110,4,5,2.5,nug0.2,0.5,0.0506391845015462,0.464771929117243
10100110,4,5,2.5,nug0.2,1,0.0413915095340683,0.391866290063649
10100110,4,5,2.5,nug0.2,2,0.0261002173521813,0.263702765273279
10100110,4,5,2.5,nug0.5,0.5,0.0395962781437659,0.377473962032411
10100110,4,5,2.5,nug0.5,1,0.0322973337323032,0.316961687777181
10100110,4,5,2.5,nug0.5,2,0.0202967561998108,0.214680641430436
10100110,4,5,3,CS,0.5,0.0984833425580903,0.757470810909258
10100110,4,5,3,CS,1,0.0858465883650937,0.694892846774482
10100110,4,5,3,CS,2,0.0587969936429123,0.524026575470089
10100110,4,5,3,nug0.2,0.5,0.0474181371747366,0.439913785983927
10100110,4,5,3,nug0.2,1,0.0410375035891566,0.389100011682806
10100110,4,5,3,nug0.2,2,0.0276896395116524,0.277574177143977
10100110,4,5,3,nug0.5,0.5,0.0386955861845967,0.370123085556713
10100110,4,5,3,nug0.5,1,0.0334477359279635,0.326659323764712
10100110,4,5,3,nug0.5,2,0.0225119608533498,0.233779908864859
10100110,4,5,4,CS,0.5,0.099809842968562,0.763425829490031
10100110,4,5,4,CS,1,0.0931195279780657,0.732217159218716
10100110,4,5,4,CS,2,0.0710542877717516,0.607701541297712
10100110,4,5,4,nug0.2,0.5,0.0423725670334695,0.399946597220228
10100110,4,5,4,nug0.2,1,0.0393644871791636,0.375570583753165
10100110,4,5,4,nug0.2,2,0.0296271532135992,0.294353247327835
10100110,4,5,4,nug0.5,0.5,0.0367226999698315,0.353913668744143
10100110,4,5,4,nug0.5,1,0.0341014737864474,0.332164589212213
10100110,4,5,4,nug0.5,2,0.0256318128213701,0.260590636902549
11100110,5,3,0.5,CS,0.5,0.0522491601107409,0.466223581159575
11100110,5,3,0.5,CS,1,0.0350994757861337,0.311437346042234
11100110,5,3,0.5,CS,2,0.0258718299471119,0.215835336772542
11100110,5,3,0.5,nug0.2,0.5,0.0368117822417505,0.345831403404962
11100110,5,3,0.5,nug0.2,1,0.0246517017477406,0.231051903063448
11100110,5,3,0.5,nug0.2,2,0.0181446233773923,0.163969320347863
11100110,5,3,0.5,nug0.5,0.5,0.0240479607305652,0.241200625378148
11100110,5,3,0.5,nug0.5,1,0.016062600227933,0.16553338805808
11100110,5,3,0.5,nug0.5,2,0.0118084806720235,0.12261778329229
11100110,5,3,1,CS,0.5,0.0742986188929564,0.626797893253028
11100110,5,3,1,CS,1,0.0522491601107409,0.466223581159575
11100110,5,3,1,CS,2,0.0350994757861337,0.311437346042234
11100110,5,3,1,nug0.2,0.5,0.0399325794710981,0.378817463112578
11100110,5,3,1,nug0.2,1,0.0278436572995519,0.272524324261475
11100110,5,3,1,nug0.2,2,0.0186121869990926,0.184833785281798
11100110,5,3,1,nug0.5,0.5,0.0305508414433917,0.301295815814219
11100110,5,3,1,nug0.5,1,0.0212531953383763,0.218140036181553
11100110,5,3,1,nug0.5,2,0.0141878435029423,0.151456717014334
11100110,5,3,1.5,CS,0.5,0.0848262133417224,0.689146538397111
11100110,5,3,1.5,CS,1,0.0652108798950038,0.565680336938636
11100110,5,3,1.5,CS,2,0.0441234010288429,0.396269114459776
11100110,5,3,1.5,nug0.2,0.5,0.0390167949741224,0.372471618810049
11100110,5,3,1.5,nug0.2,1,0.0296959414396538,0.292511687662136
11100110,5,3,1.5,nug0.2,2,0.0199223054943655,0.203145725766855
11100110,5,3,1.5,nug0.5,0.5,0.0323921272811094,0.317660208343421
11100110,5,3,1.5,nug0.5,1,0.0246186285437674,0.249941194691426
11100110,5,3,1.5,nug0.5,2,0.01649613465344,0.175723708715744
11100110,5,3,2,CS,0.5,0.0898156313442797,0.715680616807854
11100110,5,3,2,CS,1,0.0742986188929564,0.626797893253028
11100110,5,3,2,CS,2,0.0522491601107409,0.466223581159575
11100110,5,3,2,nug0.2,0.5,0.0372041484090918,0.357820741663256
11100110,5,3,2,nug0.2,1,0.0304970409781848,0.300844740021567
11100110,5,3,2,nug0.2,2,0.0212154893355882,0.217829243105214
11100110,5,3,2,nug0.5,0.5,0.0324929978479895,0.318693241492606
11100110,5,3,2,nug0.5,1,0.0266136560635006,0.268165041518077
11100110,5,3,2,nug0.5,2,0.0184964482058533,0.195460324669337
11100110,5,3,2.5,CS,0.5,0.0922268866453242,0.727837844503735
11100110,5,3,2.5,CS,1,0.0805434983899584,0.664845757051454
11100110,5,3,2.5,CS,2,0.05927200472861,0.521935220234904
11100110,5,3,2.5,nug0.2,0.5,0.0354075192699744,0.343021360219923
11100110,5,3,2.5,nug0.2,1,0.0306916851870821,0.303123334043641
11100110,5,3,2.5,nug0.2,2,0.0223209654090154,0.229306897920977
11100110,5,3,2.5,nug0.5,0.5,0.0320121301017852,0.314707408671004
11100110,5,3,2.5,nug0.5,1,0.0277362077173617,0.278227757811448
11100110,5,3,2.5,nug0.5,2,0.0201576243062246,0.211261573839588
11100110,5,3,3,CS,0.5,0.0934100121869343,0.733647786686081
11100110,5,3,3,CS,1,0.0848262133417224,0.689146538397111
11100110,5,3,3,CS,2,0.0652108798950038,0.565680336938636
11100110,5,3,3,nug0.2,0.5,0.0338663205016792,0.330218092454101
11100110,5,3,3,nug0.2,1,0.0305762273804436,0.30242804402594
11100110,5,3,3,nug0.2,2,0.0232294184538012,0.238265603991439
11100110,5,3,3,nug0.5,0.5,0.0313900217083002,0.30949807898589
11100110,5,3,3,nug0.5,1,0.0283336944244039,0.283529501681337
11100110,5,3,3,nug0.5,2,0.0215153270342112,0.223862655424827
11100110,5,3,4,CS,0.5,0.0942871523845721,0.737889962324167
11100110,5,3,4,CS,1,0.0898156313442797,0.715680616807854
11100110,5,3,4,CS,2,0.0742986188929564,0.626797893253028
11100110,5,3,4,nug0.2,0.5,0.0316198692086723,0.311430374892373
11100110,5,3,4,nug0.2,1,0.0300234186972372,0.297955146588269
11100110,5,3,4,nug0.2,2,0.0245805057913608,0.250990672951418
11100110,5,3,4,nug0.5,0.5,0.0302711432982973,0.300093327240764
11100110,5,3,4,nug0.5,1,0.0287408006386023,0.287137878240624
11100110,5,3,4,nug0.5,2,0.0235252356913385,0.242068982544488
10010110,4,5,0.5,CS,0.5,0.042041293682306,0.394459855413282
10010110,4,5,0.5,CS,1,0.0212343481831008,0.216892304670219
10010110,4,5,0.5,CS,2,0.0109343088737552,0.127356934617858
10010110,4,5,0.5,nug0.2,0.5,0.040786207899143,0.384375988259103
10010110,4,5,0.5,nug0.2,1,0.0205880995960076,0.211598968293918
10010110,4,5,0.5,nug0.2,2,0.0105984942309461,0.124887437516355
10010110,4,5,0.5,nug0.5,0.5,0.0216224103813837,0.225168953505303
10010110,4,5,0.5,nug0.5,1,0.0108157514483421,0.132590423631447
10010110,4,5,0.5,nug0.5,2,0.00554374662733667,0.0883602207020176
10010110,4,5,1,CS,0.5,0.0710542877717516,0.607701541297712
10010110,4,5,1,CS,1,0.042041293682306,0.394459855413282
10010110,4,5,1,CS,2,0.0212343481831008,0.216892304670219
10010110,4,5,1,nug0.2,0.5,0.054332827917955,0.492141410223305
10010110,4,5,1,nug0.2,1,0.0319223798075666,0.311639009856562
10010110,4,5,1,nug0.2,2,0.0160459983077645,0.174572576075931
10010110,4,5,1,nug0.5,0.5,0.0339884965680176,0.330889702020179
10010110,4,5,1,nug0.5,1,0.0198007627084442,0.209847434846228
10010110,4,5,1,nug0.5,2,0.0098960252755487,0.12531269756533
10010110,4,5,1.5,CS,0.5,0.0858465883650937,0.694892846774482
10010110,4,5,1.5,CS,1,0.0587969936429123,0.524026575470089
10010110,4,5,1.5,CS,2,0.0319705933155444,0.309982526712982
10010110,4,5,1.5,nug0.2,0.5,0.0553278971560085,0.499866942679601
10010110,4,5,1.5,nug0.2,1,0.0375094392815716,0.359474416147957
10010110,4,5,1.5,nug0.2,2,0.0201985068051924,0.211813716818489
10010110,4,5,1.5,nug0.5,0.5,0.0385152916382246,0.368570598557996
10010110,4,5,1.5,nug0.5,1,0.0259661210354964,0.263014577102924
10010110,4,5,1.5,nug0.5,2,0.0139096828395726,0.159681020381112
10010110,4,5,2,CS,0.5,0.0931195279780657,0.732217159218716
10010110,4,5,2,CS,1,0.0710542877717516,0.607701541297712
10010110,4,5,2,CS,2,0.042041293682306,0.394459855413282
10010110,4,5,2,nug0.2,0.5,0.0527256666087966,0.48056508688197
10010110,4,5,2,nug0.2,1,0.0398181883105741,0.378894908016054
10010110,4,5,2,nug0.2,2,0.0232532336065565,0.238900640676311
10010110,4,5,2,nug0.5,0.5,0.03952444040412,0.376874771489091
10010110,4,5,2,nug0.5,1,0.0297487464315415,0.295377234681323
10010110,4,5,2,nug0.5,2,0.0173003687915407,0.188878556464371
10010110,4,5,2.5,CS,0.5,0.0967053323009556,0.749309549045943
10010110,4,5,2.5,CS,1,0.0797449576177594,0.660774596641402
10010110,4,5,2.5,CS,2,0.0510162760091037,0.465855358786266
10010110,4,5,2.5,nug0.2,0.5,0.0494898915469298,0.455963125566488
10010110,4,5,2.5,nug0.2,1,0.0404432477035351,0.384191550540146
10010110,4,5,2.5,nug0.2,2,0.0254932406648022,0.25857869674852
10010110,4,5,2.5,nug0.5,0.5,0.0391519383950517,0.373849736064413
10010110,4,5,2.5,nug0.5,1,0.0319322051080775,0.313903133691669
10010110,4,5,2.5,nug0.5,2,0.0200645697633078,0.212721602718838
10010110,4,5,3,CS,0.5,0.0984833425580903,0.757470810909258
10010110,4,5,3,CS,1,0.0858465883650937,0.694892846774482
10010110,4,5,3,CS,2,0.0587969936429123,0.524026575470089
10010110,4,5,3,nug0.2,0.5,0.0464945559097519,0.432687630128881
10010110,4,5,3,nug0.2,1,0.0402329868364478,0.382578404488523
10010110,4,5,3,nug0.2,2,0.0271395714389666,0.272930742378867
10010110,4,5,3,nug0.5,0.5,0.0383074773596118,0.36694495720477
10010110,4,5,3,nug0.5,1,0.0331104613671878,0.32384308175763
10010110,4,5,3,nug0.5,2,0.0222824773458555,0.231837133021935
10010110,4,5,4,CS,0.5,0.099809842968562,0.763425829490031
10010110,4,5,4,CS,1,0.0931195279780657,0.732217159218716
10010110,4,5,4,CS,2,0.0710542877717516,0.607701541297712
10010110,4,5,4,nug0.2,0.5,0.0418243954651502,0.395535286734252
10010110,4,5,4,nug0.2,1,0.0388536571019127,0.371399073040411
10010110,4,5,4,nug0.2,2,0.0292388965544279,0.291081882700461
10010110,4,5,4,nug0.5,0.5,0.0364638316037657,0.351776843980587
10010110,4,5,4,nug0.5,1,0.0338604357257962,0.330156123984169
10010110,4,5,4,nug0.5,2,0.0254490873718944,0.259042515770318
11010110,5,5,0.5,CS,0.5,0.040472893351342,0.373776296060068
11010110,5,5,0.5,CS,1,0.02357244425226,0.222511494425093
11010110,5,5,0.5,CS,2,0.0151675189558763,0.145290070784474
11010110,5,5,0.5,nug0.2,0.5,0.0364865409966344,0.341874862003591
11010110,5,5,0.5,nug0.2,1,0.0212214884537652,0.2045120960395
11010110,5,5,0.5,nug0.2,2,0.0136446589187298,0.135281076092617
11010110,5,5,0.5,nug0.5,0.5,0.020328849993235,0.209722373801748
11010110,5,5,0.5,nug0.5,1,0.0117581068162232,0.133266600187164
11010110,5,5,0.5,nug0.5,2,0.00753734616326853,0.0960212486093915
11010110,5,5,1,CS,0.5,0.0657587554802131,0.571165567406851
11010110,5,5,1,CS,1,0.040472893351342,0.373776296060068
11010110,5,5,1,CS,2,0.02357244425226,0.222511494425093
11010110,5,5,1,nug0.2,0.5,0.047788247555752,0.440661503174118
11010110,5,5,1,nug0.2,1,0.029230181973881,0.28282923503665
11010110,5,5,1,nug0.2,2,0.0169585256620978,0.172118927236927
11010110,5,5,1,nug0.5,0.5,0.0307703968886084,0.302695834151351
11010110,5,5,1,nug0.5,1,0.0187114536524525,0.196483957337055
11010110,5,5,1,nug0.5,2,0.010816585733634,0.126336333972653
11010110,5,5,1.5,CS,0.5,0.0798428511696189,0.66103809990853
11010110,5,5,1.5,CS,1,0.0547482602244258,0.490573987822031
11010110,5,5,1.5,CS,2,0.0322213645855394,0.301154727420122
11010110,5,5,1.5,nug0.2,0.5,0.050298061982975,0.461685445397521
11010110,5,5,1.5,nug0.2,1,0.0341811326311964,0.32893782614464
11010110,5,5,1.5,nug0.2,2,0.0199714335177866,0.202801387758723
11010110,5,5,1.5,nug0.5,0.5,0.0353798310755104,0.342411983925051
11010110,5,5,1.5,nug0.5,1,0.0239354535265332,0.243566152012872
11010110,5,5,1.5,nug0.5,2,0.0139349101983507,0.1548887709167
11010110,5,5,2,CS,0.5,0.0871428979205843,0.701768235670837
11010110,5,5,2,CS,1,0.0657587554802131,0.571165567406851
11010110,5,5,2,CS,2,0.040472893351342,0.373776296060068
11010110,5,5,2,nug0.2,0.5,0.049252375781754,0.454025078017371
11010110,5,5,2,nug0.2,1,0.0368181744702729,0.352872449106654
11010110,5,5,2,nug0.2,2,0.0224354921294357,0.227010148827652
11010110,5,5,2,nug0.5,0.5,0.0368673062703333,0.355010229957358
11010110,5,5,2,nug0.5,1,0.0274759588644357,0.275037833158831
11010110,5,5,2,nug0.5,2,0.0166893213462885,0.179995271780522
11010110,5,5,2.5,CS,0.5,0.0908451128131614,0.720939314165944
11010110,5,5,2.5,CS,1,0.0739171225725644,0.625052575047726
11010110,5,5,2.5,CS,2,0.0480203862957014,0.43712181005135
11010110,5,5,2.5,nug0.2,0.5,0.047037226436542,0.436912634357525
11010110,5,5,2.5,nug0.2,1,0.0379482795800124,0.363132485903387
11010110,5,5,2.5,nug0.2,2,0.0243647908047311,0.245558903644889
11010110,5,5,2.5,nug0.5,0.5,0.0369069858244192,0.3554100914879
11010110,5,5,2.5,nug0.5,1,0.0297174377390592,0.294706529782988
11010110,5,5,2.5,nug0.5,2,0.0190293883941454,0.201220258459654
11010110,5,5,3,CS,0.5,0.0927077664385088,0.730215394474896
11010110,5,5,3,CS,1,0.0798428511696189,0.66103809990853
11010110,5,5,3,CS,2,0.0547482602244258,0.490573987822031
11010110,5,5,3,nug0.2,0.5,0.0446325962177361,0.417988864181342
11010110,5,5,3,nug0.2,1,0.0381677670620473,0.365385404750417
11010110,5,5,3,nug0.2,2,0.0258431808565029,0.259550197080744
11010110,5,5,3,nug0.5,0.5,0.0363446297146708,0.350786484135133
11010110,5,5,3,nug0.5,1,0.0310425785144994,0.306225845459534
11010110,5,5,3,nug0.5,2,0.0209739087864482,0.218754842304334
11010110,5,5,4,CS,0.5,0.0941094610035709,0.737035277924143
11010110,5,5,4,CS,1,0.0871428979205843,0.701768235670837
11010110,5,5,4,CS,2,0.0657587554802131,0.571165567406851
11010110,5,5,4,nug0.2,0.5,0.0404508251439398,0.384426736943499
11010110,5,5,4,nug0.2,1,0.0372955129175179,0.358537165340428
11010110,5,5,4,nug0.2,2,0.0277980095650818,0.277748349844525
11010110,5,5,4,nug0.5,0.5,0.0347869094639682,0.337883397168262
11010110,5,5,4,nug0.5,1,0.032058881256636,0.315025559693783
11010110,5,5,4,nug0.5,2,0.0238642347121294,0.244580737588808
10110110,5,5,0.5,CS,0.5,0.0370706147571432,0.349639559445576
10110110,5,5,0.5,CS,1,0.0180296357516487,0.186219082289641
10110110,5,5,0.5,CS,2,0.00877913617947549,0.109262731361525
10110110,5,5,0.5,nug0.2,0.5,0.0370049567259458,0.349107437914247
10110110,5,5,0.5,nug0.2,1,0.0179971028425083,0.18596187759984
10110110,5,5,0.5,nug0.2,2,0.00876313974481541,0.109150921093156
10110110,5,5,0.5,nug0.5,0.5,0.019218136495444,0.202363202923279
10110110,5,5,0.5,nug0.5,1,0.00926287411235292,0.11803478826679
10110110,5,5,0.5,nug0.5,2,0.00448887582704992,0.0797399364671998
10110110,5,5,1,CS,0.5,0.0647743040331552,0.564896721712557
10110110,5,5,1,CS,1,0.0370706147571432,0.349639559445576
10110110,5,5,1,CS,2,0.0180296357516487,0.186219082289641
10110110,5,5,1,nug0.2,0.5,0.0527183713957463,0.478659029995422
10110110,5,5,1,nug0.2,1,0.0300190946432545,0.291889773361351
10110110,5,5,1,nug0.2,2,0.0145479813436753,0.15883888765493
10110110,5,5,1,nug0.5,0.5,0.031655747690093,0.310358502365326
10110110,5,5,1,nug0.5,1,0.0178685196655788,0.191219228648804
10110110,5,5,1,nug0.5,2,0.00860651634022312,0.113049767885514
10110110,5,5,1.5,CS,0.5,0.0795847153845973,0.65958638626353
10110110,5,5,1.5,CS,1,0.0528769736737696,0.477801473418114
10110110,5,5,1.5,CS,2,0.0277844107767488,0.270174572175997
10110110,5,5,1.5,nug0.2,0.5,0.0557911600502508,0.502906649928574
10110110,5,5,1.5,nug0.2,1,0.0367724561214129,0.351117714331371
10110110,5,5,1.5,nug0.2,2,0.019179246926218,0.199744044575664
10110110,5,5,1.5,nug0.5,0.5,0.036905499732128,0.355048731181203
10110110,5,5,1.5,nug0.5,1,0.0241719358350578,0.246196543796631
10110110,5,5,1.5,nug0.5,2,0.0125346373614777,0.146066368047188
10110110,5,5,2,CS,0.5,0.0870771070269612,0.701425534277449
10110110,5,5,2,CS,1,0.0647743040331552,0.564896721712557
10110110,5,5,2,CS,2,0.0370706147571432,0.349639559445576
10110110,5,5,2,nug0.2,0.5,0.05419015363818,0.491424074500309
10110110,5,5,2,nug0.2,1,0.0399626117413725,0.378838302914703
10110110,5,5,2,nug0.2,2,0.022635184142848,0.230676365347048
10110110,5,5,2,nug0.5,0.5,0.0384915728142125,0.368359236932323
10110110,5,5,2,nug0.5,1,0.0282694276502848,0.281952513646037
10110110,5,5,2,nug0.5,2,0.0159347597474905,0.175311525776458
10110110,5,5,2.5,CS,0.5,0.0908285219668166,0.72085640958488
10110110,5,5,2.5,CS,1,0.0734101437379076,0.6220358846492
10110110,5,5,2.5,CS,2,0.0454768872700334,0.419290262384302
10110110,5,5,2.5,nug0.2,0.5,0.0512023145156255,0.469039565823385
10110110,5,5,2.5,nug0.2,1,0.0410542327649193,0.388508611136156
10110110,5,5,2.5,nug0.2,2,0.0251255866104394,0.253098940028115
10110110,5,5,2.5,nug0.5,0.5,0.0384364388534175,0.367979000594855
10110110,5,5,2.5,nug0.5,1,0.0307399389695834,0.303381253962353
10110110,5,5,2.5,nug0.5,2,0.018741113860348,0.199754055156304
10110110,5,5,3,CS,0.5,0.0927036016711984,0.730195026237792
10110110,5,5,3,CS,1,0.0795847153845973,0.65958638626353
10110110,5,5,3,CS,2,0.0528769736737696,0.477801473418114
10110110,5,5,3,nug0.2,0.5,0.0480642484781987,0.444938205588305
10110110,5,5,3,nug0.2,1,0.0409856633380795,0.388362424260848
10110110,5,5,3,nug0.2,2,0.0268807732736193,0.268948067965996
10110110,5,5,3,nug0.5,0.5,0.0377141567915026,0.362071203628753
10110110,5,5,3,nug0.5,1,0.0321099956812771,0.315204385842266
10110110,5,5,3,nug0.5,2,0.0209975725879572,0.219522967923433
10110110,5,5,4,CS,0.5,0.0941091999283854,0.737034021952167
10110110,5,5,4,CS,1,0.0870771070269612,0.701425534277449
10110110,5,5,4,CS,2,0.0647743040331552,0.564896721712557
10110110,5,5,4,nug0.2,0.5,0.0427227562780561,0.402757648136176
10110110,5,5,4,nug0.2,1,0.0393660899939055,0.375505341219783
10110110,5,5,4,nug0.2,2,0.028918293437881,0.287410234593154
10110110,5,5,4,nug0.5,0.5,0.0358104213429421,0.346373417166922
10110110,5,5,4,nug0.5,1,0.032978424713356,0.322724409395884
10110110,5,5,4,nug0.5,2,0.0241856467997091,0.247502479752676
11110110,6,3,0.5,CS,0.5,0.0402981921118228,0.363520184287073
11110110,6,3,0.5,CS,1,0.0288709674350568,0.248446986218382
11110110,6,3,0.5,CS,2,0.0230476678113577,0.184024418086417
11110110,6,3,0.5,nug0.2,0.5,0.0259222867348609,0.2494558793617
11110110,6,3,0.5,nug0.2,1,0.0185379287733455,0.174437273454236
11110110,6,3,0.5,nug0.2,2,0.0147808480801652,0.133822724200288
11110110,6,3,0.5,nug0.5,0.5,0.0177895869969359,0.184600272609453
11110110,6,3,0.5,nug0.5,1,0.0127087679329056,0.133737171013514
11110110,6,3,0.5,nug0.5,2,0.0101259915599543,0.106466624669095
11110110,6,3,1,CS,0.5,0.0573691594540697,0.510476504019295
11110110,6,3,1,CS,1,0.0402981921118228,0.363520184287073
11110110,6,3,1,CS,2,0.0288709674350568,0.248446986218382
11110110,6,3,1,nug0.2,0.5,0.0286880689492357,0.283847120448389
11110110,6,3,1,nug0.2,1,0.0200455196113936,0.202509134309864
11110110,6,3,1,nug0.2,2,0.0143245223983754,0.144909619457619
11110110,6,3,1,nug0.5,0.5,0.022640654641614,0.233125352673269
11110110,6,3,1,nug0.5,1,0.0158025722909779,0.168915992603331
11110110,6,3,1,nug0.5,2,0.011286384378564,0.123982048009504
11110110,6,3,1.5,CS,0.5,0.0669721952831583,0.58061535378077
11110110,6,3,1.5,CS,1,0.0499164935853364,0.449907045581181
11110110,6,3,1.5,CS,2,0.0347377966195454,0.309259751480238
11110110,6,3,1.5,nug0.2,0.5,0.0296322825461857,0.294047211650186
11110110,6,3,1.5,nug0.2,1,0.0219232583818991,0.224321588337624
11110110,6,3,1.5,nug0.2,2,0.0151894662065923,0.159236030127936
11110110,6,3,1.5,nug0.5,0.5,0.0249027488322348,0.25411116052398
11110110,6,3,1.5,nug0.5,1,0.0184071442634902,0.195283576926997
11110110,6,3,1.5,nug0.5,2,0.0127462951764634,0.14093883590744
11110110,6,3,2,CS,0.5,0.0719861870496977,0.613845363251654
11110110,6,3,2,CS,1,0.0573691594540697,0.510476504019295
11110110,6,3,2,CS,2,0.0402981921118228,0.363520184287073
11110110,6,3,2,nug0.2,0.5,0.0296120469808627,0.294382920098391
11110110,6,3,2,nug0.2,1,0.0234209712406437,0.239677504781361
11110110,6,3,2,nug0.2,2,0.0163495261096659,0.173223569645345
11110110,6,3,2,nug0.5,0.5,0.0257846772241706,0.262025227598755
11110110,6,3,2,nug0.5,1,0.0203800023421975,0.214157114112306
11110110,6,3,2,nug0.5,2,0.0142188724004922,0.156490945950015
11110110,6,3,2.5,CS,0.5,0.0745394083486351,0.629908321917019
11110110,6,3,2.5,CS,1,0.0629210934203445,0.552088028432386
11110110,6,3,2.5,CS,2,0.0453797722525772,0.410328096758859
11110110,6,3,2.5,nug0.2,0.5,0.0291592576346426,0.290683048408877
11110110,6,3,2.5,nug0.2,1,0.024449750225381,0.249660162599284
11110110,6,3,2.5,nug0.2,2,0.017500915137177,0.185708058712813
11110110,6,3,2.5,nug0.5,0.5,0.0259918069081482,0.263887239295006
11110110,6,3,2.5,nug0.5,1,0.0217837680250815,0.227142507079832
11110110,6,3,2.5,nug0.5,2,0.0155845914955609,0.170226015561266
11110110,6,3,3,CS,0.5,0.0758267141241166,0.637792558651176
11110110,6,3,3,CS,1,0.0669721952831583,0.58061535378077
11110110,6,3,3,CS,2,0.0499164935853364,0.449907045581181
11110110,6,3,3,nug0.2,0.5,0.0285457777649173,0.285531579545077
11110110,6,3,3,nug0.2,1,0.0250747424414272,0.255567112740604
11110110,6,3,3,nug0.2,2,0.0185348964738699,0.196335784378117
11110110,6,3,3,nug0.5,0.5,0.0258872546592961,0.263026697682771
11110110,6,3,3,nug0.5,1,0.0227325320386541,0.235732008861139
11110110,6,3,3,nug0.5,2,0.0167959050757218,0.182038465295964
11110110,6,3,4,CS,0.5,0.0767966711494208,0.643639431573365
11110110,6,3,4,CS,1,0.0719861870496977,0.613845363251654
11110110,6,3,4,CS,2,0.0573691594540697,0.510476504019295
11110110,6,3,4,nug0.2,0.5,0.0272918105983257,0.274935023040666
11110110,6,3,4,nug0.2,1,0.0254999090064813,0.259611423266263
11110110,6,3,4,nug0.2,2,0.0201539099448575,0.21226209707998
11110110,6,3,4,nug0.5,0.5,0.0253732421700679,0.258675216444365
11110110,6,3,4,nug0.5,1,0.0237043563624107,0.244381320617818
11110110,6,3,4,nug0.5,2,0.0187288524343663,0.200330941068836
10001110,4,3,0.5,CS,0.5,0.0547315923657849,0.493132455698954
10001110,4,3,0.5,CS,1,0.030128261204418,0.292586066660629
10001110,4,3,0.5,CS,2,0.0153024238082211,0.163804835215557
10001110,4,3,0.5,nug0.2,0.5,0.0417908109543254,0.39313511771905
10001110,4,3,0.5,nug0.2,1,0.0228731093827562,0.232489719911204
10001110,4,3,0.5,nug0.2,2,0.0115782918166531,0.135067926551263
10001110,4,3,0.5,nug0.5,0.5,0.0259834182793798,0.262362231874707
10001110,4,3,0.5,nug0.5,1,0.0141226637565208,0.160385383340923
10001110,4,3,0.5,nug0.5,2,0.00711984584640121,0.101407937769789
10001110,4,3,1,CS,0.5,0.0806123296266733,0.665564466777182
10001110,4,3,1,CS,1,0.0547315923657849,0.493132455698954
10001110,4,3,1,CS,2,0.030128261204418,0.292586066660629
10001110,4,3,1,nug0.2,0.5,0.0449586849980238,0.420214451373711
10001110,4,3,1,nug0.2,1,0.0301655608785733,0.297517802958721
10001110,4,3,1,nug0.2,2,0.0164259221005896,0.179226743868591
10001110,4,3,1,nug0.5,0.5,0.0338054564285359,0.329409936225316
10001110,4,3,1,nug0.5,1,0.0225991145919176,0.233812503591417
10001110,4,3,1,nug0.5,2,0.0122649859004996,0.145304062748343
10001110,4,3,1.5,CS,0.5,0.0911617552092022,0.722473625679576
10001110,4,3,1.5,CS,1,0.0706438690805412,0.604600412274072
10001110,4,3,1.5,CS,2,0.0436020006849977,0.405864374502739
10001110,4,3,1.5,nug0.2,0.5,0.041705254371355,0.39449828985191
10001110,4,3,1.5,nug0.2,1,0.0319395773420482,0.313440408581984
10001110,4,3,1.5,nug0.2,2,0.0194202104781985,0.206106319475601
10001110,4,3,1.5,nug0.5,0.5,0.0347923205267137,0.337860832635725
10001110,4,3,1.5,nug0.5,1,0.0266018234265599,0.268513611464488
10001110,4,3,1.5,nug0.5,2,0.0161416223280985,0.178742023884583
10001110,4,3,2,CS,0.5,0.0958715144720573,0.74539922378316
10001110,4,3,2,CS,1,0.0806123296266733,0.665564466777182
10001110,4,3,2,CS,2,0.0547315923657849,0.493132455698954
10001110,4,3,2,nug0.2,0.5,0.0383838199354524,0.367554389782788
10001110,4,3,2,nug0.2,1,0.031958199061093,0.313977035326343
10001110,4,3,2,nug0.2,2,0.0213512691909285,0.223285963386002
10001110,4,3,2,nug0.5,0.5,0.0341109093727581,0.332243696558637
10001110,4,3,2,nug0.5,1,0.0283799412980788,0.283874700402695
10001110,4,3,2,nug0.5,2,0.0189384109487059,0.202962067755312
10001110,4,3,2.5,CS,0.5,0.0980997662656144,0.755724745337718
10001110,4,3,2.5,CS,1,0.0869829800050912,0.700859571990067
10001110,4,3,2.5,CS,2,0.0636186201614907,0.557470878490632
10001110,4,3,2.5,nug0.2,0.5,0.0358110232902911,0.346374757660297
10001110,4,3,2.5,nug0.2,1,0.0315100393788202,0.310376203001283
10001110,4,3,2.5,nug0.2,2,0.0226896777776211,0.235100975245871
10001110,4,3,2.5,nug0.5,0.5,0.033147586570838,0.324219384432993
10001110,4,3,2.5,nug0.5,1,0.0291569614815115,0.290576980193128
10001110,4,3,2.5,nug0.5,2,0.0209815319326683,0.220656261347352
10001110,4,3,3,CS,0.5,0.0991845158347092,0.760632033263265
10001110,4,3,3,CS,1,0.0911617552092022,0.722473625679576
10001110,4,3,3,CS,2,0.0706438690805412,0.604600412274072
10001110,4,3,3,nug0.2,0.5,0.0339343745767123,0.330787718965259
10001110,4,3,3,nug0.2,1,0.0310097712364763,0.306244716756366
10001110,4,3,3,nug0.2,2,0.0236885492913176,0.243854830203207
10001110,4,3,3,nug0.5,0.5,0.0322750546131192,0.316922764834324
10001110,4,3,3,nug0.5,1,0.0294891394446421,0.293444212369395
10001110,4,3,3,nug0.5,2,0.0225188441181154,0.233946434947686
10001110,4,3,4,CS,0.5,0.0999858061526537,0.764207204930122
10001110,4,3,4,CS,1,0.0958715144720573,0.74539922378316
10001110,4,3,4,CS,2,0.0806123296266733,0.665564466777182
10001110,4,3,4,nug0.2,0.5,0.0316402122628888,0.311601217497758
10001110,4,3,4,nug0.2,1,0.0302442439515334,0.299852618492607
10001110,4,3,4,nug0.2,2,0.0251463696427128,0.256512235369845
10001110,4,3,4,nug0.5,0.5,0.0310456030178642,0.306607983135331
10001110,4,3,4,nug0.5,1,0.0296750691560704,0.295057477190206
10001110,4,3,4,nug0.5,2,0.0246707456969303,0.252480172519472
11001110,5,3,0.5,CS,0.5,0.0503505536553253,0.453527493725845
11001110,5,3,0.5,CS,1,0.0302978050709915,0.280077007768184
11001110,5,3,0.5,CS,2,0.0186522667450607,0.174188436784001
11001110,5,3,0.5,nug0.2,0.5,0.0433063360496306,0.399067059889728
11001110,5,3,0.5,nug0.2,1,0.0259980225087782,0.246240654065743
11001110,5,3,0.5,nug0.2,2,0.0159816713403064,0.15555702468601
11001110,5,3,0.5,nug0.5,0.5,0.0249857822094382,0.249883704507575
11001110,5,3,0.5,nug0.5,1,0.0149087591169323,0.159663322219503
11001110,5,3,0.5,nug0.5,2,0.00913000448677793,0.108844425181943
11001110,5,3,1,CS,0.5,0.074042179665098,0.625295031173639
11001110,5,3,1,CS,1,0.0503505536553253,0.453527493725845
11001110,5,3,1,CS,2,0.0302978050709915,0.280077007768184
11001110,5,3,1,nug0.2,0.5,0.0482189971069534,0.444663022771413
11001110,5,3,1,nug0.2,1,0.0325475000902726,0.312337442961559
11001110,5,3,1,nug0.2,2,0.0194694955720527,0.195020670844296
11001110,5,3,1,nug0.5,0.5,0.0332159092213166,0.323620866811513
11001110,5,3,1,nug0.5,1,0.022324923288266,0.22782657261731
11001110,5,3,1,nug0.5,2,0.0133093211060218,0.147400718170136
11001110,5,3,1.5,CS,0.5,0.084793364373776,0.688971984042856
11001110,5,3,1.5,CS,1,0.0645045907369152,0.561246817620787
11001110,5,3,1.5,CS,2,0.0410676612341547,0.37563833022336
11001110,5,3,1.5,nug0.2,0.5,0.045541548735127,0.424887218279287
11001110,5,3,1.5,nug0.2,1,0.0343323624319799,0.331297944027584
11001110,5,3,1.5,nug0.2,2,0.0216531502608893,0.218904155653609
11001110,5,3,1.5,nug0.5,0.5,0.0349859922646823,0.339282371133011
11001110,5,3,1.5,nug0.5,1,0.026311361165163,0.264367539405799
11001110,5,3,1.5,nug0.5,2,0.0165532005991377,0.177590736848415
11001110,5,3,2,CS,0.5,0.0898114849911588,0.7156597032013
11001110,5,3,2,CS,1,0.074042179665098,0.625295031173639
11001110,5,3,2,CS,2,0.0503505536553253,0.453527493725845
11001110,5,3,2,nug0.2,0.5,0.0418655272300284,0.395800955909189
11001110,5,3,2,nug0.2,1,0.0342223472812102,0.331987958337747
11001110,5,3,2,nug0.2,2,0.0230079375200074,0.233486909572311
11001110,5,3,2,nug0.5,0.5,0.0345947703930588,0.336228547409172
11001110,5,3,2,nug0.5,1,0.0282428372580517,0.281949998597722
11001110,5,3,2,nug0.5,2,0.018955706852912,0.199958127509041
11001110,5,3,2.5,CS,0.5,0.0922263660904509,0.727835287305649
11001110,5,3,2.5,CS,1,0.0804514438180178,0.664335644541013
11001110,5,3,2.5,CS,2,0.0581088858274138,0.514374685360787
11001110,5,3,2.5,nug0.2,0.5,0.038650069507592,0.369736719323056
11001110,5,3,2.5,nug0.2,1,0.0334761762873446,0.326435672953393
11001110,5,3,2.5,nug0.2,2,0.0238874650887644,0.242800074432802
11001110,5,3,2.5,nug0.5,0.5,0.0336051345838211,0.328029688530629
11001110,5,3,2.5,nug0.5,1,0.0290871983228651,0.289637065861983
11001110,5,3,2.5,nug0.5,2,0.0207323757013684,0.216413878440002
11001110,5,3,3,CS,0.5,0.0934099469836431,0.733647470588023
11001110,5,3,3,CS,1,0.084793364373776,0.688971984042856
11001110,5,3,3,CS,2,0.0645045907369152,0.561246817620787
11001110,5,3,3,nug0.2,0.5,0.0361101874626029,0.348850761780394
11001110,5,3,3,nug0.2,1,0.032595791330253,0.319367006394983
11001110,5,3,3,nug0.2,2,0.0245004603743608,0.249143774504767
11001110,5,3,3,nug0.5,0.5,0.0325621642705517,0.319324419424083
11001110,5,3,3,nug0.5,1,0.029382916963402,0.292385029542789
11001110,5,3,3,nug0.5,2,0.0220693842241935,0.228694993745738
11001110,5,3,4,CS,0.5,0.0942871513642495,0.737889957426608
11001110,5,3,4,CS,1,0.0898114849911588,0.7156597032013
11001110,5,3,4,CS,2,0.074042179665098,0.625295031173639
11001110,5,3,4,nug0.2,0.5,0.0327043782683371,0.320517481945625
11001110,5,3,4,nug0.2,1,0.031053368010558,0.306619926474822
11001110,5,3,4,nug0.2,2,0.0253359115619763,0.257419843276211
11001110,5,3,4,nug0.5,0.5,0.0308839288258243,0.305248890464871
11001110,5,3,4,nug0.5,1,0.0293220798385348,0.292043837659156
11001110,5,3,4,nug0.5,2,0.0239161179291011,0.245416780740049
10101110,5,5,0.5,CS,0.5,0.038748528455175,0.361648075685592
10101110,5,5,0.5,CS,1,0.0195645718270989,0.196435248050237
10101110,5,5,0.5,CS,2,0.00967167388102754,0.114412038994397
10101110,5,5,0.5,nug0.2,0.5,0.0376995611111702,0.353213653115421
10101110,5,5,0.5,nug0.2,1,0.0190252906146589,0.192210629196358
10101110,5,5,0.5,nug0.2,2,0.00940226033607216,0.112551292908777
10101110,5,5,0.5,nug0.5,0.5,0.0199458356220314,0.207501481603043
10101110,5,5,0.5,nug0.5,1,0.00997998999143711,0.122517634073529
10101110,5,5,0.5,nug0.5,2,0.00490732777983,0.0820252511248754
10101110,5,5,1,CS,0.5,0.0655117276006247,0.569600631174119
10101110,5,5,1,CS,1,0.038748528455175,0.361648075685592
10101110,5,5,1,CS,2,0.0195645718270989,0.196435248050237
10101110,5,5,1,nug0.2,0.5,0.0503393322724665,0.46038680573734
10101110,5,5,1,nug0.2,1,0.0296001720205125,0.287171233291577
10101110,5,5,1,nug0.2,2,0.0148796071063188,0.159951514240332
10101110,5,5,1,nug0.5,0.5,0.0313342442570083,0.307477664226682
10101110,5,5,1,nug0.5,1,0.018291000522279,0.193893222911394
10101110,5,5,1,nug0.5,2,0.00914470435029909,0.116233518793501
10101110,5,5,1.5,CS,0.5,0.079810553482571,0.660856790239562
10101110,5,5,1.5,CS,1,0.0540818693980446,0.486059365565228
10101110,5,5,1.5,CS,2,0.0295353220043011,0.28254907338288
10101110,5,5,1.5,nug0.2,0.5,0.0517328734812484,0.472608831963536
10101110,5,5,1.5,nug0.2,1,0.0347456499804603,0.33390484298422
10101110,5,5,1.5,nug0.2,2,0.0188191032923139,0.19552313090375
10101110,5,5,1.5,nug0.5,0.5,0.0358077443649925,0.345958449265989
10101110,5,5,1.5,nug0.5,1,0.0239300633949834,0.243754489318442
10101110,5,5,1.5,nug0.5,2,0.0129016522443072,0.148113681869658
10101110,5,5,2,CS,0.5,0.0871387850010763,0.701746822881329
10101110,5,5,2,CS,1,0.0655117276006247,0.569600631174119
10101110,5,5,2,CS,2,0.038748528455175,0.361648075685592
10101110,5,5,2,nug0.2,0.5,0.0496565287192655,0.457135672054365
10101110,5,5,2,nug0.2,1,0.0369808616965871,0.354283490667318
10101110,5,5,2,nug0.2,2,0.0216338508813909,0.221417629780058
10101110,5,5,2,nug0.5,0.5,0.0370072223430213,0.356163578446928
10101110,5,5,2,nug0.5,1,0.0274734757707112,0.275076737864415
10101110,5,5,2,nug0.5,2,0.0160136924633056,0.175246689260505
10101110,5,5,2.5,CS,0.5,0.0908445943178923,0.720936723604413
10101110,5,5,2.5,CS,1,0.0738273314695656,0.624519974955423
10101110,5,5,2.5,CS,2,0.0469402713419354,0.42961237238906
10101110,5,5,2.5,nug0.2,0.5,0.0468211977016092,0.435222190754021
10101110,5,5,2.5,nug0.2,1,0.0377246024617266,0.361316921648099
10101110,5,5,2.5,nug0.2,2,0.0236851034800555,0.240397781207055
10101110,5,5,2.5,nug0.5,0.5,0.0368235524435949,0.354722189909671
10101110,5,5,2.5,nug0.5,1,0.029611864260469,0.293833513457712
10101110,5,5,2.5,nug0.5,2,0.018539493918562,0.197556167105362
10101110,5,5,3,CS,0.5,0.0927077013630343,0.730215076227911
10101110,5,5,3,CS,1,0.079810553482571,0.660856790239562
10101110,5,5,3,CS,2,0.0540818693980446,0.486059365565228
10101110,5,5,3,nug0.2,0.5,0.044109956351935,0.413835408920005
10101110,5,5,3,nug0.2,1,0.037701910286089,0.361568899165659
10101110,5,5,3,nug0.2,2,0.0252108332363199,0.254498086603777
10101110,5,5,3,nug0.5,0.5,0.0361267636006889,0.348985621807192
10101110,5,5,3,nug0.5,1,0.0308422911301354,0.304547751369442
10101110,5,5,3,nug0.5,2,0.0205797885011032,0.215659694608033
10101110,5,5,4,CS,0.5,0.094109459983745,0.737035273018009
10101110,5,5,4,CS,1,0.0871387850010763,0.701746822881329
10101110,5,5,4,CS,2,0.0655117276006247,0.569600631174119
10101110,5,5,4,nug0.2,0.5,0.039799280992277,0.379131224048314
10101110,5,5,4,nug0.2,1,0.0366910453680102,0.353556930850794
10101110,5,5,4,nug0.2,2,0.0272366035571349,0.27308192911508
10101110,5,5,4,nug0.5,0.5,0.0344834864368707,0.335360565306273
10101110,5,5,4,nug0.5,1,0.031776885143927,0.312661907692087
10101110,5,5,4,nug0.5,2,0.0235598378126732,0.242063350424765
11101110,6,3,0.5,CS,0.5,0.038964805231053,0.35458041399448
11101110,6,3,0.5,CS,1,0.0254316862641688,0.227571863285986
11101110,6,3,0.5,CS,2,0.01774848407739,0.155765232825687
11101110,6,3,0.5,nug0.2,0.5,0.0304097561593446,0.28656386306856
11101110,6,3,0.5,nug0.2,1,0.0198061441328901,0.186487834456801
11101110,6,3,0.5,nug0.2,2,0.0137998798805907,0.131172805858921
11101110,6,3,0.5,nug0.5,0.5,0.0185833632589683,0.191662646628375
11101110,6,3,0.5,nug0.5,1,0.0120681474579911,0.13118336138991
11101110,6,3,0.5,nug0.5,2,0.0083894271309262,0.0983536764422616
11101110,6,3,1,CS,0.5,0.0571908609557699,0.509288217711624
11101110,6,3,1,CS,1,0.038964805231053,0.35458041399448
11101110,6,3,1,CS,2,0.0254316862641688,0.227571863285986
11101110,6,3,1,nug0.2,0.5,0.0350328609574,0.336617843423344
11101110,6,3,1,nug0.2,1,0.0237504858244743,0.233053047301477
11101110,6,3,1,nug0.2,2,0.0154434626715034,0.155082809283872
11101110,6,3,1,nug0.5,0.5,0.0248158900334406,0.251448718040972
11101110,6,3,1,nug0.5,1,0.016785912689203,0.177364161782342
11101110,6,3,1,nug0.5,2,0.0108960132014789,0.122982872443392
11101110,6,3,1.5,CS,0.5,0.0669494100721733,0.580470092056107
11101110,6,3,1.5,CS,1,0.0494239227834567,0.446567963955794
11101110,6,3,1.5,CS,2,0.0325764753002016,0.295225788003665
11101110,6,3,1.5,nug0.2,0.5,0.0354381980483133,0.342532822160602
11101110,6,3,1.5,nug0.2,1,0.0259888421969243,0.258245407031381
11101110,6,3,1.5,nug0.2,2,0.0170384315352003,0.174614468915737
11101110,6,3,1.5,nug0.5,0.5,0.027242326447139,0.273901468113051
11101110,6,3,1.5,nug0.5,1,0.0199443949657779,0.208160801963209
11101110,6,3,1.5,nug0.5,2,0.0130576914896239,0.144335479863028
11101110,6,3,2,CS,0.5,0.0719833133495984,0.613827602384706
11101110,6,3,2,CS,1,0.0571908609557699,0.509288217711624
11101110,6,3,2,CS,2,0.038964805231053,0.35458041399448
11101110,6,3,2,nug0.2,0.5,0.0343321708994347,0.333925488276994
11101110,6,3,2,nug0.2,1,0.0270898603333882,0.270529853094818
11101110,6,3,2,nug0.2,2,0.0183332685696429,0.189669139131573
11101110,6,3,2,nug0.5,0.5,0.0278693603848636,0.279673189058814
11101110,6,3,2,nug0.5,1,0.0219646852685949,0.227503062839656
11101110,6,3,2,nug0.5,2,0.0148479705946478,0.162035598380631
11101110,6,3,2.5,CS,0.5,0.0745390476923008,0.629906131701477
11101110,6,3,2.5,CS,1,0.062857186963191,0.551671813852024
11101110,6,3,2.5,CS,2,0.0445663997861549,0.404812177309098
11101110,6,3,2.5,nug0.2,0.5,0.0327944276463455,0.32122935785645
11101110,6,3,2.5,nug0.2,1,0.0274833039694065,0.275266880219758
11101110,6,3,2.5,nug0.2,2,0.0193363121375366,0.201003232879204
11101110,6,3,2.5,nug0.5,0.5,0.0277024811856692,0.278374708063337
11101110,6,3,2.5,nug0.5,1,0.023198547867056,0.239105141218062
11101110,6,3,2.5,nug0.5,2,0.0163066639098789,0.176384323837259
11101110,6,3,3,CS,0.5,0.0758266689563095,0.637792286886971
11101110,6,3,3,CS,1,0.0669494100721733,0.580470092056107
11101110,6,3,3,CS,2,0.0494239227834567,0.446567963955794
11101110,6,3,3,nug0.2,0.5,0.0312659977095743,0.308449790456144
11101110,6,3,3,nug0.2,1,0.0274629904000223,0.275765086924848
11101110,6,3,3,nug0.2,2,0.020106863809394,0.209504081223057
11101110,6,3,3,nug0.5,0.5,0.0272300241562251,0.274403665118534
11101110,6,3,3,nug0.5,1,0.0239067853926107,0.245681060923122
11101110,6,3,3,nug0.5,2,0.0174903424669465,0.187916832095347
11101110,6,3,4,CS,0.5,0.0767966704426982,0.64363942735157
11101110,6,3,4,CS,1,0.0719833133495984,0.613827602384706
11101110,6,3,4,CS,2,0.0571908609557699,0.509288217711624
11101110,6,3,4,nug0.2,0.5,0.0287530961763074,0.287291440853419
11101110,6,3,4,nug0.2,1,0.0268666697324242,0.271190644290565
11101110,6,3,4,nug0.2,2,0.0211706028091956,0.22083777437018
11101110,6,3,4,nug0.5,0.5,0.0261453327011326,0.265222664267638
11101110,6,3,4,nug0.5,1,0.0244258578158094,0.25050304904578
11101110,6,3,4,nug0.5,2,0.0192388032030632,0.204643887078687
10011110,5,3,0.5,CS,0.5,0.0494168496825697,0.44718699805254
10011110,5,3,0.5,CS,1,0.0271332986265261,0.258820673052386
10011110,5,3,0.5,CS,2,0.0135042991442223,0.143683977980151
10011110,5,3,0.5,nug0.2,0.5,0.039214357287487,0.367157725645107
10011110,5,3,0.5,nug0.2,1,0.021437576875742,0.213337023575151
10011110,5,3,0.5,nug0.2,2,0.0106365915401627,0.123037397379001
10011110,5,3,0.5,nug0.5,0.5,0.0237866990001684,0.240378638512215
10011110,5,3,0.5,nug0.5,1,0.0129183249636314,0.146186505585857
10011110,5,3,0.5,nug0.5,2,0.00638006664418484,0.0930547187008715
10011110,5,3,1,CS,0.5,0.0739781588752516,0.624918946271051
10011110,5,3,1,CS,1,0.0494168496825697,0.44718699805254
10011110,5,3,1,CS,2,0.0271332986265261,0.258820673052386
10011110,5,3,1,nug0.2,0.5,0.0431472612656086,0.404776347499649
10011110,5,3,1,nug0.2,1,0.0285504098394775,0.279915373916816
10011110,5,3,1,nug0.2,2,0.0155369504602639,0.166634290730174
10011110,5,3,1,nug0.5,0.5,0.0316000781290508,0.310149034577353
10011110,5,3,1,nug0.5,1,0.0208363637503218,0.215885908937202
10011110,5,3,1,nug0.5,2,0.0113018262951566,0.133682855766729
10011110,5,3,1.5,CS,0.5,0.0847892588479563,0.688950161271739
10011110,5,3,1.5,CS,1,0.0642560256044506,0.559676608007437
10011110,5,3,1.5,CS,2,0.0393099733100456,0.36350659421359
10011110,5,3,1.5,nug0.2,0.5,0.0406147150678591,0.385474635746858
10011110,5,3,1.5,nug0.2,1,0.0304615881800802,0.299220588344462
10011110,5,3,1.5,nug0.2,2,0.0184129889995025,0.193518352358934
10011110,5,3,1.5,nug0.5,0.5,0.0330595836671242,0.323243479570519
10011110,5,3,1.5,nug0.5,1,0.024751656592862,0.251324687149864
10011110,5,3,1.5,nug0.5,2,0.014931438919553,0.165306867106595
10011110,5,3,2,CS,0.5,0.0898112258483862,0.715658396072974
10011110,5,3,2,CS,1,0.0739781588752516,0.624918946271051
10011110,5,3,2,CS,2,0.0494168496825697,0.44718699805254
10011110,5,3,2,nug0.2,0.5,0.037631854274464,0.36133917474295
10011110,5,3,2,nug0.2,1,0.0307106467544994,0.302701401596323
10011110,5,3,2,nug0.2,2,0.020244431055567,0.210979207568618
10011110,5,3,2,nug0.5,0.5,0.0326950544338871,0.320384140086933
10011110,5,3,2,nug0.5,1,0.0266585550996886,0.268602702903247
10011110,5,3,2,nug0.5,2,0.0175517348091508,0.188716308123492
10011110,5,3,2.5,CS,0.5,0.0922263498231434,0.727835207392991
10011110,5,3,2.5,CS,1,0.0804351778984407,0.664245431157755
10011110,5,3,2.5,CS,2,0.0576240465108297,0.51119127252189
10011110,5,3,2.5,nug0.2,0.5,0.0351837689179079,0.341165389149158
10011110,5,3,2.5,nug0.2,1,0.0304533986802834,0.301136027155799
10011110,5,3,2.5,nug0.2,2,0.0215271339961133,0.223209184421253
10011110,5,3,2.5,nug0.5,0.5,0.0318974193229506,0.313745729750345
10011110,5,3,2.5,nug0.5,1,0.0275968987847663,0.277064309906026
10011110,5,3,2.5,nug0.5,2,0.0194931805258872,0.206208528800694
10011110,5,3,3,CS,0.5,0.0934099459648419,0.73364746564899
10011110,5,3,3,CS,1,0.0847892588479563,0.688950161271739
10011110,5,3,3,CS,2,0.0642560256044506,0.559676608007437
10011110,5,3,3,nug0.2,0.5,0.0333280905794241,0.325727551608575
10011110,5,3,3,nug0.2,1,0.0300747516834164,0.298212793605845
10011110,5,3,3,nug0.2,2,0.0225013428245182,0.23239044856384
10011110,5,3,3,nug0.5,0.5,0.0310990684269336,0.307054199287777
10011110,5,3,3,nug0.5,1,0.0280572209838212,0.281197111024808
10011110,5,3,3,nug0.5,2,0.0209820599204288,0.219613067764323
10011110,5,3,4,CS,0.5,0.0942871513602639,0.737889957407477
10011110,5,3,4,CS,1,0.0898112258483862,0.715658396072974
10011110,5,3,4,CS,2,0.0739781588752516,0.624918946271051
10011110,5,3,4,nug0.2,0.5,0.0309474267891964,0.305782688371541
10011110,5,3,4,nug0.2,1,0.0293823716373083,0.292552374079253
10011110,5,3,4,nug0.2,2,0.0239434942260851,0.245658872667812
10011110,5,3,4,nug0.5,0.5,0.0298826366982056,0.29682095251574
10011110,5,3,4,nug0.5,1,0.0283698788868715,0.28400485989791
10011110,5,3,4,nug0.5,2,0.0231142936333485,0.238646054467332
11011110,6,3,0.5,CS,0.5,0.0383073871613029,0.350136132188677
11011110,6,3,0.5,CS,1,0.0231312506946955,0.213425154392594
11011110,6,3,0.5,CS,2,0.0138046062840066,0.134562600148983
11011110,6,3,0.5,nug0.2,0.5,0.0328548939454126,0.30678134666164
11011110,6,3,0.5,nug0.2,1,0.0198021408425067,0.188786582129775
11011110,6,3,0.5,nug0.2,2,0.0117993111545346,0.121761980918495
11011110,6,3,0.5,nug0.5,0.5,0.0189101037704525,0.194660709710838
11011110,6,3,0.5,nug0.5,1,0.0113434396789211,0.127425656048669
11011110,6,3,0.5,nug0.5,2,0.00673220081062469,0.0901279967402352
11011110,6,3,1,CS,0.5,0.0571463416537113,0.508991096630666
11011110,6,3,1,CS,1,0.0383073871613029,0.350136132188677
11011110,6,3,1,CS,2,0.0231312506946955,0.213425154392594
11011110,6,3,1,nug0.2,0.5,0.0379990807343605,0.360933127982772
11011110,6,3,1,nug0.2,1,0.025353725803681,0.246457970660577
11011110,6,3,1,nug0.2,2,0.0152421331075898,0.155433165028149
11011110,6,3,1,nug0.5,0.5,0.0256919277147466,0.258818457740758
11011110,6,3,1,nug0.5,1,0.0170912635739312,0.180143019096871
11011110,6,3,1,nug0.5,2,0.0102460339263213,0.119647365839389
11011110,6,3,1.5,CS,0.5,0.0669465622972975,0.580451933304568
11011110,6,3,1.5,CS,1,0.0492504728247148,0.445387905979865
11011110,6,3,1.5,CS,2,0.0313259163175442,0.287013356897211
11011110,6,3,1.5,nug0.2,0.5,0.037550248913165,0.359942028627656
11011110,6,3,1.5,nug0.2,1,0.0274509345803402,0.270451506215548
11011110,6,3,1.5,nug0.2,2,0.0173569267240957,0.177923963315323
11011110,6,3,1.5,nug0.5,0.5,0.0279982808225423,0.280283935244688
11011110,6,3,1.5,nug0.5,1,0.0204266213383414,0.212220343613516
11011110,6,3,1.5,nug0.5,2,0.0128909366267314,0.143720886084303
11011110,6,3,2,CS,0.5,0.0719831337460818,0.61382649232065
11011110,6,3,2,CS,1,0.0571463416537113,0.508991096630666
11011110,6,3,2,CS,2,0.0383073871613029,0.350136132188677
11011110,6,3,2,nug0.2,0.5,0.0356390703193677,0.344773480381967
11011110,6,3,2,nug0.2,1,0.0281049647569746,0.279050122216356
11011110,6,3,2,nug0.2,2,0.0187073836183255,0.19303939699679
11011110,6,3,2,nug0.5,0.5,0.028397651144755,0.284137297853115
11011110,6,3,2,nug0.5,1,0.022364916200576,0.230876916463581
11011110,6,3,2,nug0.5,2,0.0148661012135742,0.162487399633205
11011110,6,3,2.5,CS,0.5,0.074539036421811,0.629906063257159
11011110,6,3,2.5,CS,1,0.0628458943034549,0.551598227782257
11011110,6,3,2.5,CS,2,0.044226949622331,0.402497276544957
11011110,6,3,2.5,nug0.2,0.5,0.0335443663936516,0.327493908112203
11011110,6,3,2.5,nug0.2,1,0.0281096200623924,0.280543013878136
11011110,6,3,2.5,nug0.2,2,0.0196263043268119,0.203535745301144
11011110,6,3,2.5,nug0.5,0.5,0.0280333662783158,0.28117302165004
11011110,6,3,2.5,nug0.5,1,0.0234723416745462,0.241420432809168
11011110,6,3,2.5,nug0.5,2,0.0163714830902959,0.177049424280947
11011110,6,3,3,CS,0.5,0.0758266682505627,0.637792282640654
11011110,6,3,3,CS,1,0.0669465622972975,0.580451933304568
11011110,6,3,3,CS,2,0.0492504728247148,0.445387905979865
11011110,6,3,3,nug0.2,0.5,0.031670409139204,0.311844645711629
11011110,6,3,3,nug0.2,1,0.0278182686512537,0.27876485433587
11011110,6,3,3,nug0.2,2,0.0202945184313132,0.211127188538818
11011110,6,3,3,nug0.5,0.5,0.0274206151586874,0.276016954781354
11011110,6,3,3,nug0.5,1,0.0240735651249695,0.247093954225424
11011110,6,3,3,nug0.5,2,0.0175487351751184,0.188459282736913
11011110,6,3,4,CS,0.5,0.0767966704399376,0.643639427335079
11011110,6,3,4,CS,1,0.0719831337460818,0.61382649232065
11011110,6,3,4,CS,2,0.0571463416537113,0.508991096630666
11011110,6,3,4,nug0.2,0.5,0.0288414276773329,0.288037383059731
11011110,6,3,4,nug0.2,1,0.0269492898274419,0.271890041672998
11011110,6,3,4,nug0.2,2,0.0212186648420797,0.221253713832482
11011110,6,3,4,nug0.5,0.5,0.0261909195076765,0.265609096938001
11011110,6,3,4,nug0.5,1,0.0244684545088484,0.250864416460328
11011110,6,3,4,nug0.5,2,0.0192567046890992,0.204805295688868
10111110,6,3,0.5,CS,0.5,0.0379810231823764,0.347920676549654
10111110,6,3,0.5,CS,1,0.0215725719495924,0.203743136540314
10111110,6,3,0.5,CS,2,0.0108701355121437,0.118587971150308
10111110,6,3,0.5,nug0.2,0.5,0.03143660205363,0.29572665957975
10111110,6,3,0.5,nug0.2,1,0.0178077653005429,0.175684502123441
10111110,6,3,0.5,nug0.2,2,0.00895157713073529,0.106060690390211
10111110,6,3,0.5,nug0.5,0.5,0.0185030221569687,0.191597241826939
10111110,6,3,0.5,nug0.5,1,0.010426042702387,0.121817509890695
10111110,6,3,0.5,nug0.5,2,0.00521632735581761,0.0821522383700424
10111110,6,3,1,CS,0.5,0.0571352152900007,0.508916813314497
10111110,6,3,1,CS,1,0.0379810231823764,0.347920676549654
10111110,6,3,1,CS,2,0.0215725719495924,0.203743136540314
10111110,6,3,1,nug0.2,0.5,0.0355377427507771,0.340795910504849
10111110,6,3,1,nug0.2,1,0.0234949332995581,0.231722163948557
10111110,6,3,1,nug0.2,2,0.0132659349956791,0.142318415311748
10111110,6,3,1,nug0.5,0.5,0.0249585057351704,0.252664559683703
10111110,6,3,1,nug0.5,1,0.0164568702541724,0.175267073942015
10111110,6,3,1,nug0.5,2,0.00926532127222899,0.113535118733446
10111110,6,3,1.5,CS,0.5,0.0669462063313216,0.580449663444447
10111110,6,3,1.5,CS,1,0.049189236838805,0.444970756995689
10111110,6,3,1.5,CS,2,0.0305947934333147,0.282179182786182
10111110,6,3,1.5,nug0.2,0.5,0.0347031155334051,0.336442343543777
10111110,6,3,1.5,nug0.2,1,0.0253216065708429,0.252832248744515
10111110,6,3,1.5,nug0.2,2,0.0156376224428652,0.165155162509645
10111110,6,3,1.5,nug0.5,0.5,0.0269671714753592,0.271577406542892
10111110,6,3,1.5,nug0.5,1,0.0196445450993152,0.205775902662529
10111110,6,3,1.5,nug0.5,2,0.0121111965489416,0.13817817667328
10111110,6,3,2,CS,0.5,0.0719831225208727,0.613826422941608
10111110,6,3,2,CS,1,0.0571352152900007,0.508916813314497
10111110,6,3,2,CS,2,0.0379810231823764,0.347920676549654
10111110,6,3,2,nug0.2,0.5,0.0329481720212492,0.322385600335947
10111110,6,3,2,nug0.2,1,0.0259649129211542,0.261113394883972
10111110,6,3,2,nug0.2,2,0.017124788696375,0.180587488711866
10111110,6,3,2,nug0.5,0.5,0.0272877847422273,0.274754638889721
10111110,6,3,2,nug0.5,1,0.0214820982179943,0.223467903088469
10111110,6,3,2,nug0.5,2,0.0141522954436496,0.156999888111673
10111110,6,3,2.5,CS,0.5,0.0745390360696082,0.629906061118274
10111110,6,3,2.5,CS,1,0.0628438981654598,0.551585219198401
10111110,6,3,2.5,CS,2,0.0440846786783334,0.401524766810059
10111110,6,3,2.5,nug0.2,0.5,0.0312190594174731,0.30802539524694
10111110,6,3,2.5,nug0.2,1,0.0261511724621301,0.264039897723232
10111110,6,3,2.5,nug0.2,2,0.0181901595885796,0.191889800986816
10111110,6,3,2.5,nug0.5,0.5,0.026983592164786,0.272290340387201
10111110,6,3,2.5,nug0.5,1,0.0225891029350989,0.233959586610061
10111110,6,3,2.5,nug0.5,2,0.0156997036016671,0.171667222874206
10111110,6,3,3,CS,0.5,0.0758266682395354,0.637792282574306
10111110,6,3,3,CS,1,0.0669462063313216,0.580449663444447
10111110,6,3,3,CS,2,0.049189236838805,0.444970756995689
10111110,6,3,3,nug0.2,0.5,0.0297474945020576,0.29567267766826
10111110,6,3,3,nug0.2,1,0.0261232908170056,0.264443360661149
10111110,6,3,3,nug0.2,2,0.0190263961892634,0.200667779223429
10111110,6,3,3,nug0.5,0.5,0.0264938736921906,0.268168614365303
10111110,6,3,3,nug0.5,1,0.0232573259198086,0.240180712577334
10111110,6,3,3,nug0.5,2,0.016928717576148,0.183379597089802
10111110,6,3,4,CS,0.5,0.0767966704399268,0.643639427335014
10111110,6,3,4,CS,1,0.0719831225208727,0.613826422941608
10111110,6,3,4,CS,2,0.0571352152900007,0.508916813314497
10111110,6,3,4,nug0.2,0.5,0.027600798938743,0.277550137370766
10111110,6,3,4,nug0.2,1,0.0257879694976957,0.262053360575523
10111110,6,3,4,nug0.2,2,0.0202958525031569,0.213515593607914
10111110,6,3,4,nug0.5,0.5,0.0255393744607272,0.260084421383883
10111110,6,3,4,nug0.5,1,0.0238587452491401,0.245691556360907
10111110,6,3,4,nug0.5,2,0.0187709282389239,0.200742133758897
10000001,2,2,0.5,CS,0.5,0.0500341293310859,0.459237285274439
10000001,2,2,0.5,CS,1,0.0338178310753469,0.329816865784263
10000001,2,2,0.5,CS,2,0.0212786265557865,0.220380668023443
10000001,2,2,0.5,nug0.2,0.5,0.0355654736229796,0.343599608437872
10000001,2,2,0.5,nug0.2,1,0.0239165069473765,0.246312346279742
10000001,2,2,0.5,nug0.2,2,0.0149993822345039,0.168330365051479
10000001,2,2,0.5,nug0.5,0.5,0.0230295261139187,0.238260374426691
10000001,2,2,0.5,nug0.5,1,0.0154186548722786,0.174377764591709
10000001,2,2,0.5,nug0.5,2,0.00964289127035093,0.124743150015423
10000001,2,2,1,CS,0.5,0.0647510802108543,0.56622110490004
10000001,2,2,1,CS,1,0.0500341293310859,0.459237285274439
10000001,2,2,1,CS,2,0.0338178310753469,0.329816865784263
10000001,2,2,1,nug0.2,0.5,0.0333093243827778,0.32522133560995
10000001,2,2,1,nug0.2,1,0.0255460100069408,0.259569682948885
10000001,2,2,1,nug0.2,2,0.0171185496962411,0.188693045447994
10000001,2,2,1,nug0.5,0.5,0.0259600068300817,0.263364031293877
10000001,2,2,1,nug0.5,1,0.0198748209416975,0.211555026309699
10000001,2,2,1,nug0.5,2,0.0132918584427066,0.156567623005041
10000001,2,2,1.5,CS,0.5,0.0710903662916049,0.60826936359208
10000001,2,2,1.5,CS,1,0.0590944250360088,0.526493332408921
10000001,2,2,1.5,CS,2,0.043204796271261,0.406078255547437
10000001,2,2,1.5,nug0.2,0.5,0.0303880196675594,0.300985202074106
10000001,2,2,1.5,nug0.2,1,0.0250813849638117,0.255729503906046
10000001,2,2,1.5,nug0.2,2,0.0181582567597612,0.19720877565701
10000001,2,2,1.5,nug0.5,0.5,0.0259876661584699,0.263805617490811
10000001,2,2,1.5,nug0.5,1,0.021433072977159,0.224819983106955
10000001,2,2,1.5,nug0.5,2,0.0155007236586836,0.174838327609349
10000001,2,2,2,CS,0.5,0.0741332124608272,0.627433344333376
10000001,2,2,2,CS,1,0.0647510802108543,0.56622110490004
10000001,2,2,2,CS,2,0.0500341293310859,0.459237285274439
10000001,2,2,2,nug0.2,0.5,0.0282794257713739,0.283267430349191
10000001,2,2,2,nug0.2,1,0.0245517267777436,0.251430543185085
10000001,2,2,2,nug0.2,2,0.0187903648933814,0.202392321549149
10000001,2,2,2,nug0.5,0.5,0.0254845735328247,0.259599512462948
10000001,2,2,2,nug0.5,1,0.0221171779955014,0.230785530757179
10000001,2,2,2,nug0.5,2,0.016917333166993,0.1866055408421
10000001,2,2,2.5,CS,0.5,0.0756328458710823,0.636624218787193
10000001,2,2,2.5,CS,1,0.068513340918492,0.591512555930785
10000001,2,2,2.5,CS,2,0.0551447697823748,0.497674962288434
10000001,2,2,2.5,nug0.2,0.5,0.0268179744692354,0.270917660948405
10000001,2,2,2.5,nug0.2,1,0.0241765284780429,0.248373962734183
10000001,2,2,2.5,nug0.2,2,0.0192852629516367,0.206576844379545
10000001,2,2,2.5,nug0.5,0.5,0.024946933417002,0.255053656601115
10000001,2,2,2.5,nug0.5,1,0.0224856305851632,0.234026633911703
10000001,2,2,2.5,nug0.5,2,0.0179303549443963,0.19514118216975
10000001,2,2,3,CS,0.5,0.0763781719179287,0.641128956498349
10000001,2,2,3,CS,1,0.0710903662916049,0.60826936359208
10000001,2,2,3,CS,2,0.0590944250360088,0.526493332408921
10000001,2,2,3,nug0.2,0.5,0.0258003971510727,0.262297322115556
10000001,2,2,3,nug0.2,1,0.0239252569359348,0.246311626214783
10000001,2,2,3,nug0.2,2,0.0197250588344159,0.210363029044732
10000001,2,2,3,nug0.5,0.5,0.0244911101249667,0.251189053597275
10000001,2,2,3,nug0.5,1,0.0227089524064809,0.235987838734916
10000001,2,2,3,nug0.5,2,0.0187183319733021,0.201854750378585
10000001,2,2,4,CS,0.5,0.076935398490112,0.644469283243424
10000001,2,2,4,CS,1,0.0741332124608272,0.627433344333376
10000001,2,2,4,CS,2,0.0647510802108543,0.56622110490004
10000001,2,2,4,nug0.2,0.5,0.0245682559339074,0.251845028285657
10000001,2,2,4,nug0.2,1,0.0236250916513664,0.24381916720732
10000001,2,2,4,nug0.2,2,0.0204984031427773,0.217064772426617
10000001,2,2,4,nug0.5,0.5,0.0238556575541964,0.245795906509474
10000001,2,2,4,nug0.5,1,0.0229392127436187,0.237995997694393
10000001,2,2,4,nug0.5,2,0.0199015094258517,0.212009847193134
11000001,3,2,0.5,CS,0.5,0.065608498313649,0.572409942145399
11000001,3,2,0.5,CS,1,0.0470220460930038,0.432622863075926
11000001,3,2,0.5,CS,2,0.0333811291041345,0.305617501329146
11000001,3,2,0.5,nug0.2,0.5,0.0384669003930572,0.368178905333838
11000001,3,2,0.5,nug0.2,1,0.0273723465223369,0.27274785784924
11000001,3,2,0.5,nug0.2,2,0.0193782607207275,0.19512573682569
11000001,3,2,0.5,nug0.5,0.5,0.0279811958130315,0.280710998251286
11000001,3,2,0.5,nug0.5,1,0.0198562602607742,0.209703897307266
11000001,3,2,0.5,nug0.5,2,0.014042633671184,0.153605094535912
11000001,3,2,1,CS,0.5,0.082052628287706,0.674111238319652
11000001,3,2,1,CS,1,0.065608498313649,0.572409942145399
11000001,3,2,1,CS,2,0.0470220460930038,0.432622863075926
11000001,3,2,1,nug0.2,0.5,0.0342397085735101,0.333311869705677
11000001,3,2,1,nug0.2,1,0.0270956041555007,0.273218404792378
11000001,3,2,1,nug0.2,2,0.0192233677497587,0.204406131805737
11000001,3,2,1,nug0.5,0.5,0.02972231364113,0.295451809759775
11000001,3,2,1,nug0.5,1,0.0234978852292081,0.242708953523221
11000001,3,2,1,nug0.5,2,0.0166552571616401,0.182970153503237
11000001,3,2,1.5,CS,0.5,0.0886321514767766,0.709656370220199
11000001,3,2,1.5,CS,1,0.0758936060670749,0.638202441111359
11000001,3,2,1.5,CS,2,0.0577233169543949,0.516696134799538
11000001,3,2,1.5,nug0.2,0.5,0.0308860434518147,0.305256332791133
11000001,3,2,1.5,nug0.2,1,0.0262081772663284,0.265750693718451
11000001,3,2,1.5,nug0.2,2,0.019686756080628,0.21006309809082
11000001,3,2,1.5,nug0.5,0.5,0.0290591831141493,0.289866317983499
11000001,3,2,1.5,nug0.5,1,0.0246509630884255,0.252542119543184
11000001,3,2,1.5,nug0.5,2,0.018509853367827,0.20011701405486
11000001,3,2,2,CS,0.5,0.0916682080157551,0.725080640832358
11000001,3,2,2,CS,1,0.082052628287706,0.674111238319652
11000001,3,2,2,CS,2,0.065608498313649,0.572409942145399
11000001,3,2,2,nug0.2,0.5,0.0288018268112784,0.287700406303363
11000001,3,2,2,nug0.2,1,0.0255951990698311,0.260542442003193
11000001,3,2,2,nug0.2,2,0.0202171037502383,0.214868842554831
11000001,3,2,2,nug0.5,0.5,0.0282682365018047,0.283192270389156
11000001,3,2,2,nug0.5,1,0.0251194821259143,0.256507152606218
11000001,3,2,2,nug0.5,2,0.0198393148414598,0.211666741032786
11000001,3,2,2.5,CS,0.5,0.0931370929082107,0.732321593911363
11000001,3,2,2.5,CS,1,0.0859997646744385,0.695783202284751
11000001,3,2,2.5,CS,2,0.0714577632530865,0.610739243700939
11000001,3,2,2.5,nug0.2,0.5,0.02753323363154,0.276978120797929
11000001,3,2,2.5,nug0.2,1,0.0252835293021694,0.257900957588562
11000001,3,2,2.5,nug0.2,2,0.0207745525179511,0.219639513440221
11000001,3,2,2.5,nug0.5,0.5,0.0276668609855538,0.278108819221078
11000001,3,2,2.5,nug0.5,1,0.0254065225852749,0.258944275221111
11000001,3,2,2.5,nug0.5,2,0.0208760820710194,0.220500891967156
11000001,3,2,3,CS,0.5,0.0938606932222058,0.735835564243843
11000001,3,2,3,CS,1,0.0886321514767766,0.709656370220199
11000001,3,2,3,CS,2,0.0758936060670749,0.638202441111359
11000001,3,2,3,nug0.2,0.5,0.0267774915179915,0.270579981619077
11000001,3,2,3,nug0.2,1,0.02518227250656,0.257046742998865
11000001,3,2,3,nug0.2,2,0.0213492326836078,0.224512090751253
11000001,3,2,3,nug0.5,0.5,0.0272673568778545,0.274728343977379
11000001,3,2,3,nug0.5,1,0.0256437219268017,0.260960946817834
11000001,3,2,3,nug0.5,2,0.0217420115422572,0.227845879247866
11000001,3,2,4,CS,0.5,0.0943989514449562,0.738426774376486
11000001,3,2,4,CS,1,0.0916682080157551,0.725080640832358
11000001,3,2,4,CS,2,0.082052628287706,0.674111238319652
11000001,3,2,4,nug0.2,0.5,0.0261356346339837,0.265140968211453
11000001,3,2,4,nug0.2,1,0.025324465214326,0.258259130266286
11000001,3,2,4,nug0.2,2,0.022496036913809,0.234237572398337
11000001,3,2,4,nug0.5,0.5,0.0269066293637075,0.271674022507581
11000001,3,2,4,nug0.5,1,0.0260721701795729,0.264600075707146
11000001,3,2,4,nug0.5,2,0.0231622130921319,0.239893623854687
10100001,3,4,0.5,CS,0.5,0.0473616758792093,0.439140079410889
10100001,3,4,0.5,CS,1,0.026728562486339,0.269966297770952
10100001,3,4,0.5,CS,2,0.0146434106842259,0.164102200560155
10100001,3,4,0.5,nug0.2,0.5,0.0362595881723439,0.349804935568528
10100001,3,4,0.5,nug0.2,1,0.0203592535051056,0.215961190625799
10100001,3,4,0.5,nug0.2,2,0.0111256520955817,0.135713073991333
10100001,3,4,0.5,nug0.5,0.5,0.0224182989290124,0.23340016768964
10100001,3,4,0.5,nug0.5,1,0.0125084096441685,0.14994410631638
10100001,3,4,0.5,nug0.5,2,0.00681414570757205,0.101620980090093
10100001,3,4,1,CS,0.5,0.0715186636465103,0.610841190634885
10100001,3,4,1,CS,1,0.0473616758792093,0.439140079410889
10100001,3,4,1,CS,2,0.026728562486339,0.269966297770952
10100001,3,4,1,nug0.2,0.5,0.0410422223008743,0.388979589691646
10100001,3,4,1,nug0.2,1,0.0268809170652544,0.271231309797704
10100001,3,4,1,nug0.2,2,0.0150288226035816,0.170987617561338
10100001,3,4,1,nug0.5,0.5,0.0302791166091769,0.299967968650062
10100001,3,4,1,nug0.5,1,0.0197549290102964,0.210823384058391
10100001,3,4,1,nug0.5,2,0.0110090458567678,0.137526138625955
10100001,3,4,1.5,CS,0.5,0.0831254692357402,0.68004976366116
10100001,3,4,1.5,CS,1,0.0616892135989753,0.545194167074676
10100001,3,4,1.5,CS,2,0.0378967109156397,0.363500171806095
10100001,3,4,1.5,nug0.2,0.5,0.0402826846102517,0.382991527943479
10100001,3,4,1.5,nug0.2,1,0.0295422680100682,0.293664168389224
10100001,3,4,1.5,nug0.2,2,0.0179090832837889,0.19532918105888
10100001,3,4,1.5,nug0.5,0.5,0.0325788928234478,0.319406841631224
10100001,3,4,1.5,nug0.5,1,0.0238419904045481,0.245440420409961
10100001,3,4,1.5,nug0.5,2,0.0144197478245464,0.165964563626865
10100001,3,4,2,CS,0.5,0.0888625205115246,0.710841061809207
10100001,3,4,2,CS,1,0.0715186636465103,0.610841190634885
10100001,3,4,2,CS,2,0.0473616758792093,0.439140079410889
10100001,3,4,2,nug0.2,0.5,0.0386346872791314,0.36960773692561
10100001,3,4,2,nug0.2,1,0.0307668781383382,0.304069722225876
10100001,3,4,2,nug0.2,2,0.0200766729186535,0.213548164255533
10100001,3,4,2,nug0.5,0.5,0.0329873044834825,0.322867529705885
10100001,3,4,2,nug0.5,1,0.0262385325696998,0.265842223284233
10100001,3,4,2,nug0.5,2,0.0170939492063534,0.188337188782491
10100001,3,4,2.5,CS,0.5,0.0917218613395662,0.725346752021376
10100001,3,4,2.5,CS,1,0.0783444531801836,0.652658882694216
10100001,3,4,2.5,CS,2,0.0552070447638853,0.498622948495568
10100001,3,4,2.5,nug0.2,0.5,0.037043896641816,0.356557503361186
10100001,3,4,2.5,nug0.2,1,0.0313683798018981,0.309208089215163
10100001,3,4,2.5,nug0.2,2,0.0217785945878971,0.227926798423447
10100001,3,4,2.5,nug0.5,0.5,0.0327453548990719,0.320856385038766
10100001,3,4,2.5,nug0.5,1,0.0277096509982314,0.278370965125895
10100001,3,4,2.5,nug0.5,2,0.019216338464992,0.206222310529501
10100001,3,4,3,CS,0.5,0.0931500580640305,0.732384749506283
10100001,3,4,3,CS,1,0.0831254692357402,0.68004976366116
10100001,3,4,3,CS,2,0.0616892135989753,0.545194167074676
10100001,3,4,3,nug0.2,0.5,0.0357023047659335,0.345477344049929
10100001,3,4,3,nug0.2,1,0.0316459537934015,0.311589978891113
10100001,3,4,3,nug0.2,2,0.0231533157636293,0.239599396529084
10100001,3,4,3,nug0.5,0.5,0.0323119002587827,0.317231277771119
10100001,3,4,3,nug0.5,1,0.0286294008590481,0.286192363618727
10100001,3,4,3,nug0.5,2,0.0209289755836006,0.220737474234103
10100001,3,4,4,CS,0.5,0.0942207346145908,0.737570968408003
10100001,3,4,4,CS,1,0.0888625205115246,0.710841061809207
10100001,3,4,4,CS,2,0.0715186636465103,0.610841190634885
10100001,3,4,4,nug0.2,0.5,0.0337342963687834,0.329120567358572
10100001,3,4,4,nug0.2,1,0.0316959717943911,0.312053459406832
10100001,3,4,4,nug0.2,2,0.0252045822032096,0.257079771175347
10100001,3,4,4,nug0.5,0.5,0.0314407223402716,0.309926844981603
10100001,3,4,4,nug0.5,1,0.0295367625045515,0.293890741745505
10100001,3,4,4,nug0.5,2,0.0234769834373837,0.242425870081911
11100001,4,2,0.5,CS,0.5,0.06995485621417,0.599651671397037
11100001,4,2,0.5,CS,1,0.0512543691420365,0.456986539062151
11100001,4,2,0.5,CS,2,0.038825187368371,0.332244030769333
11100001,4,2,0.5,nug0.2,0.5,0.0354305737572857,0.342102856437638
11100001,4,2,0.5,nug0.2,1,0.0257860758284106,0.254455268145414
11100001,4,2,0.5,nug0.2,2,0.0195145695851435,0.187616167423382
11100001,4,2,0.5,nug0.5,0.5,0.0278978856790141,0.279132196342444
11100001,4,2,0.5,nug0.5,1,0.020274689299388,0.209201555119714
11100001,4,2,0.5,nug0.5,2,0.0153405576007145,0.156890792611766
11100001,4,2,1,CS,0.5,0.0874292308404926,0.703354363255627
11100001,4,2,1,CS,1,0.06995485621417,0.599651671397037
11100001,4,2,1,CS,2,0.0512543691420365,0.456986539062151
11100001,4,2,1,nug0.2,0.5,0.0315534665951045,0.31084487978659
11100001,4,2,1,nug0.2,1,0.0249603528467591,0.254325955709038
11100001,4,2,1,nug0.2,2,0.0181297231003,0.191663339283086
11100001,4,2,1,nug0.5,0.5,0.0292460885030314,0.291426914080279
11100001,4,2,1,nug0.5,1,0.0231242971201559,0.238795385336771
11100001,4,2,1,nug0.5,2,0.0167902710277233,0.180752329232056
11100001,4,2,1.5,CS,0.5,0.0942731276739508,0.737821257205272
11100001,4,2,1.5,CS,1,0.080883277605461,0.66729608946638
11100001,4,2,1.5,CS,2,0.0618017528259957,0.542237785526248
11100001,4,2,1.5,nug0.2,0.5,0.0287751330097975,0.287476975684432
11100001,4,2,1.5,nug0.2,1,0.0244407336200491,0.250635922730262
11100001,4,2,1.5,nug0.2,2,0.0184443109917854,0.198083297574102
11100001,4,2,1.5,nug0.5,0.5,0.0285788147050504,0.285818747139476
11100001,4,2,1.5,nug0.5,1,0.0242732583030002,0.249215104038914
11100001,4,2,1.5,nug0.5,2,0.0183172584556419,0.197020512390867
11100001,4,2,2,CS,0.5,0.0973521484861892,0.752305381670066
11100001,4,2,2,CS,1,0.0874292308404926,0.703354363255627
11100001,4,2,2,CS,2,0.06995485621417,0.599651671397037
11100001,4,2,2,nug0.2,0.5,0.0271466175098399,0.273706282876748
11100001,4,2,2,nug0.2,1,0.0241885891305205,0.248599661900232
11100001,4,2,2,nug0.2,2,0.0191058814625308,0.204832453184065
11100001,4,2,2,nug0.5,0.5,0.0278989545872885,0.28007293790116
11100001,4,2,2,nug0.5,1,0.0248610348609658,0.254306565341916
11100001,4,2,2,nug0.5,2,0.019639696242519,0.209337102833857
11100001,4,2,2.5,CS,0.5,0.0988219337339133,0.759002377522468
11100001,4,2,2.5,CS,1,0.0915606221123082,0.724541843185334
11100001,4,2,2.5,CS,2,0.0761488483598659,0.639195495710064
11100001,4,2,2.5,nug0.2,0.5,0.0262433441720383,0.266053997791628
11100001,4,2,2.5,nug0.2,1,0.0241721279124102,0.248478085500365
11100001,4,2,2.5,nug0.2,2,0.0198627181364301,0.211646064285876
11100001,4,2,2.5,nug0.5,0.5,0.0274491448276297,0.276267309568713
11100001,4,2,2.5,nug0.5,1,0.0252852310206393,0.257924347060817
11100001,4,2,2.5,nug0.5,2,0.0207814797624501,0.21942614975456
11100001,4,2,3,CS,0.5,0.0995411822626482,0.762229091716727
11100001,4,2,3,CS,1,0.0942731276739508,0.737821257205272
11100001,4,2,3,CS,2,0.080883277605461,0.66729608946638
11100001,4,2,3,nug0.2,0.5,0.0257926711329934,0.262233132965293
11100001,4,2,3,nug0.2,1,0.0243222472744717,0.249755994543002
11100001,4,2,3,nug0.2,2,0.0206445344409287,0.218428283629652
11100001,4,2,3,nug0.5,0.5,0.0272116315260793,0.274256790868239
11100001,4,2,3,nug0.5,1,0.0256624438218173,0.261127702320068
11100001,4,2,3,nug0.5,2,0.0217865427962664,0.228114003004556
11100001,4,2,4,CS,0.5,0.100074160154803,0.764598871722495
11100001,4,2,4,CS,1,0.0973521484861892,0.752305381670066
11100001,4,2,4,CS,2,0.0874292308404926,0.703354363255627
11100001,4,2,4,nug0.2,0.5,0.0256510677201353,0.261032262072119
11100001,4,2,4,nug0.2,1,0.0248973576435584,0.254638041228202
11100001,4,2,4,nug0.2,2,0.0221788533946594,0.231537795175515
11100001,4,2,4,nug0.5,0.5,0.0271658353998766,0.273869056539392
11100001,4,2,4,nug0.5,1,0.0263688211211814,0.267117441299024
11100001,4,2,4,nug0.5,2,0.0234935063301803,0.242699051930824
10010001,3,4,0.5,CS,0.5,0.0448982559433545,0.420090442990492
10010001,3,4,0.5,CS,1,0.0243770291723796,0.24890049906854
10010001,3,4,0.5,CS,2,0.0134409728539074,0.151383022399309
10010001,3,4,0.5,nug0.2,0.5,0.0407720600868844,0.387021090961763
10010001,3,4,0.5,nug0.2,1,0.022094500003861,0.229633386611267
10010001,3,4,0.5,nug0.2,2,0.0121723751157791,0.141429152195615
10010001,3,4,0.5,nug0.5,0.5,0.0225950222456728,0.235085526776136
10010001,3,4,0.5,nug0.5,1,0.012142246483269,0.146321223833821
10010001,3,4,0.5,nug0.5,2,0.00666546944395746,0.099010130945004
10010001,3,4,1,CS,0.5,0.0705983221334933,0.605094179593657
10010001,3,4,1,CS,1,0.0448982559433545,0.420090442990492
10010001,3,4,1,CS,2,0.0243770291723796,0.24890049906854
10010001,3,4,1,nug0.2,0.5,0.0498438469846862,0.458530029701406
10010001,3,4,1,nug0.2,1,0.0314422411792543,0.309930716157092
10010001,3,4,1,nug0.2,2,0.0169654367913054,0.186459214352684
10010001,3,4,1,nug0.5,0.5,0.0326980288128843,0.320342533438904
10010001,3,4,1,nug0.5,1,0.0204892303731807,0.217213545383658
10010001,3,4,1,nug0.5,2,0.0110000050352233,0.136924069252
10010001,3,4,1.5,CS,0.5,0.0828714403047481,0.67865330145374
10010001,3,4,1.5,CS,1,0.0600672016327211,0.534049259919913
10010001,3,4,1.5,CS,2,0.0352301225152747,0.341452010313787
10010001,3,4,1.5,nug0.2,0.5,0.0494169124196619,0.455342697402771
10010001,3,4,1.5,nug0.2,1,0.0354633808845728,0.343368344372925
10010001,3,4,1.5,nug0.2,2,0.0205764819239517,0.217888601286423
10010001,3,4,1.5,nug0.5,0.5,0.0358724698849467,0.346834750537128
10010001,3,4,1.5,nug0.5,1,0.0256404616148713,0.260841843847264
10010001,3,4,1.5,nug0.5,2,0.0148135749903365,0.169246413817093
10010001,3,4,2,CS,0.5,0.088796988780545,0.710504541478307
10010001,3,4,2,CS,1,0.0705983221334933,0.605094179593657
10010001,3,4,2,CS,2,0.0448982559433545,0.420090442990492
10010001,3,4,2,nug0.2,0.5,0.0468253489263797,0.43526348465088
10010001,3,4,2,nug0.2,1,0.0368825628198182,0.355098984731859
10010001,3,4,2,nug0.2,2,0.0231489166163561,0.239788456399415
10010001,3,4,2,nug0.5,0.5,0.0363687130893796,0.350975512718984
10010001,3,4,2,nug0.5,1,0.0285800909977161,0.285721062615391
10010001,3,4,2,nug0.5,2,0.0178802871677556,0.195120767924922
10010001,3,4,2.5,CS,0.5,0.0917052867608313,0.725264571865574
10010001,3,4,2.5,CS,1,0.0778537511735504,0.64981091435043
10010001,3,4,2.5,CS,2,0.0531503341181758,0.483669914685425
10010001,3,4,2.5,nug0.2,0.5,0.0440143026403293,0.413075623089965
10010001,3,4,2.5,nug0.2,1,0.0370741099737106,0.356719828583395
10010001,3,4,2.5,nug0.2,2,0.0249595719897936,0.255103363660226
10010001,3,4,2.5,nug0.5,0.5,0.0358816675043633,0.346959397820658
10010001,3,4,2.5,nug0.5,1,0.0301836091489684,0.29927840027111
10010001,3,4,2.5,nug0.5,2,0.020273176097577,0.215335511907916
10010001,3,4,3,CS,0.5,0.093145894315526,0.732364468729309
10010001,3,4,3,CS,1,0.0828714403047481,0.67865330145374
10010001,3,4,3,CS,2,0.0600672016327211,0.534049259919913
10010001,3,4,3,nug0.2,0.5,0.0414947564735162,0.392875383732344
10010001,3,4,3,nug0.2,1,0.0366885026178903,0.353578050784075
10010001,3,4,3,nug0.2,2,0.0262300536867961,0.265838883501086
10010001,3,4,3,nug0.5,0.5,0.0350812372977812,0.340327340969447
10010001,3,4,3,nug0.5,1,0.0309939650421777,0.306126855988886
10010001,3,4,3,nug0.5,2,0.0221216084496794,0.230984757496276
10010001,3,4,4,CS,0.5,0.0942204735433909,0.737569713765842
10010001,3,4,4,CS,1,0.088796988780545,0.710504541478307
10010001,3,4,4,CS,2,0.0705983221334933,0.605094179593657
10010001,3,4,4,nug0.2,0.5,0.037603554585062,0.361167960072061
10010001,3,4,4,nug0.2,1,0.0353124217150572,0.342231432186079
10010001,3,4,4,nug0.2,2,0.0277435383997988,0.278651442856975
10010001,3,4,4,nug0.5,0.5,0.033445314268883,0.326709459173861
10010001,3,4,4,nug0.5,1,0.0313993000188976,0.309565066017971
10010001,3,4,4,nug0.5,2,0.0246478565993889,0.252424151336546
11010001,4,4,0.5,CS,0.5,0.0523827277375925,0.476600398587039
11010001,4,4,0.5,CS,1,0.0324792137282638,0.309596229293489
11010001,4,4,0.5,CS,2,0.021608997603599,0.204067512959452
11010001,4,4,0.5,nug0.2,0.5,0.0349837842420033,0.338405755783597
11010001,4,4,0.5,nug0.2,1,0.0215681689138193,0.220033227379947
11010001,4,4,0.5,nug0.2,2,0.0143215458693586,0.150049798795741
11010001,4,4,0.5,nug0.5,0.5,0.0235257659722256,0.242191826880293
11010001,4,4,0.5,nug0.5,1,0.0144502453443582,0.161945312916615
11010001,4,4,0.5,nug0.5,2,0.00958287814389387,0.115817650239873
11010001,4,4,1,CS,0.5,0.0769971090780389,0.644795926724318
11010001,4,4,1,CS,1,0.0523827277375925,0.476600398587039
11010001,4,4,1,CS,2,0.0324792137282638,0.309596229293489
11010001,4,4,1,nug0.2,0.5,0.0384437498971583,0.368028344992932
11010001,4,4,1,nug0.2,1,0.0258207497687701,0.261599077311945
11010001,4,4,1,nug0.2,2,0.0158716844093078,0.173461116540033
11010001,4,4,1,nug0.5,0.5,0.0305599744426076,0.302495601292969
11010001,4,4,1,nug0.5,1,0.0204723131599333,0.216369072247405
11010001,4,4,1,nug0.5,2,0.0125623119513451,0.14674447075642
11010001,4,4,1.5,CS,0.5,0.0888134604169355,0.710606789103081
11010001,4,4,1.5,CS,1,0.0669169121815111,0.581019179233078
11010001,4,4,1.5,CS,2,0.0430575624095213,0.401889123372486
11010001,4,4,1.5,nug0.2,0.5,0.0379518558426613,0.364027683425301
11010001,4,4,1.5,nug0.2,1,0.0282097378159219,0.282553325552982
11010001,4,4,1.5,nug0.2,2,0.0179065763986203,0.193619044955492
11010001,4,4,1.5,nug0.5,0.5,0.032664465036717,0.320182426190386
11010001,4,4,1.5,nug0.5,1,0.0242456554221585,0.248977341528386
11010001,4,4,1.5,nug0.5,2,0.01536911699567,0.172471209933973
11010001,4,4,2,CS,0.5,0.0945749801549672,0.739269903522817
11010001,4,4,2,CS,1,0.0769971090780389,0.644795926724318
11010001,4,4,2,CS,2,0.0523827277375925,0.476600398587039
11010001,4,4,2,nug0.2,0.5,0.0367937110976783,0.354499432941
11010001,4,4,2,nug0.2,1,0.0296047233001678,0.294450454573659
11010001,4,4,2,nug0.2,2,0.0198261479982702,0.210911229923717
11010001,4,4,2,nug0.5,0.5,0.0330994484769837,0.32382086668362
11010001,4,4,2,nug0.5,1,0.0266123656679031,0.269155523387914
11010001,4,4,2,nug0.5,2,0.0178046424286548,0.193867429537496
11010001,4,4,2.5,CS,0.5,0.0974226712828531,0.75262996402967
11010001,4,4,2.5,CS,1,0.0839677520427507,0.684774547909833
11010001,4,4,2.5,CS,2,0.0602980256453375,0.535287505205995
11010001,4,4,2.5,nug0.2,0.5,0.0356742125425251,0.345245744729688
11010001,4,4,2.5,nug0.2,1,0.0304596588854283,0.301674540266379
11010001,4,4,2.5,nug0.2,2,0.0215244957045013,0.225717796552169
11010001,4,4,2.5,nug0.5,0.5,0.0329704508393507,0.32274278967089
11010001,4,4,2.5,nug0.5,1,0.0281395840979414,0.282102349750731
11010001,4,4,2.5,nug0.5,2,0.0198712679056039,0.211714235465933
11010001,4,4,3,CS,0.5,0.0988389912415453,0.759079288489151
11010001,4,4,3,CS,1,0.0888134604169355,0.710606789103081
11010001,4,4,3,CS,2,0.0669169121815111,0.581019179233078
11010001,4,4,3,nug0.2,0.5,0.0347362876806107,0.337463027056725
11010001,4,4,3,nug0.2,1,0.0309893254451004,0.306133791996009
11010001,4,4,3,nug0.2,2,0.022992075202636,0.238340145556004
11010001,4,4,3,nug0.5,0.5,0.0326735322245611,0.320259608572083
11010001,4,4,3,nug0.5,1,0.0291423604042916,0.29057715158956
11010001,4,4,3,nug0.5,2,0.0216111967751611,0.226623197376856
11010001,4,4,4,CS,0.5,0.0998981424003959,0.763818242740976
11010001,4,4,4,CS,1,0.0945749801549672,0.739269903522817
11010001,4,4,4,CS,2,0.0769971090780389,0.644795926724318
11010001,4,4,4,nug0.2,0.5,0.0333832907655203,0.326191747249861
11010001,4,4,4,nug0.2,1,0.0314804746462132,0.310260561242493
11010001,4,4,4,nug0.2,2,0.0253024038590865,0.258050148815118
11010001,4,4,4,nug0.5,0.5,0.0320604699097671,0.315125676516129
11010001,4,4,4,nug0.5,1,0.0302306952731453,0.299752890277592
11010001,4,4,4,nug0.5,2,0.0242917552528996,0.24947437919701
10110001,4,4,0.5,CS,0.5,0.0479083391551787,0.44356841047104
10110001,4,4,0.5,CS,1,0.0249366019180346,0.253344240652631
10110001,4,4,0.5,CS,2,0.0124493174093386,0.14473851707921
10110001,4,4,0.5,nug0.2,0.5,0.0376554753768348,0.361451735768097
10110001,4,4,0.5,nug0.2,1,0.0195023218305392,0.207554214496313
10110001,4,4,0.5,nug0.2,2,0.00971235978728624,0.12319262534177
10110001,4,4,0.5,nug0.5,0.5,0.0229115566477834,0.237684183290272
10110001,4,4,0.5,nug0.5,1,0.0117818941357601,0.143215722955415
10110001,4,4,0.5,nug0.5,2,0.00584707182413178,0.0933645674813611
10110001,4,4,1,CS,0.5,0.0757118112054188,0.637109710602359
10110001,4,4,1,CS,1,0.0479083391551787,0.44356841047104
10110001,4,4,1,CS,2,0.0249366019180346,0.253344240652631
10110001,4,4,1,nug0.2,0.5,0.045128286340418,0.421921539190283
10110001,4,4,1,nug0.2,1,0.0282142603355841,0.282624303621415
10110001,4,4,1,nug0.2,2,0.0145458995989359,0.166076491331221
10110001,4,4,1,nug0.5,0.5,0.0326682139767385,0.32021387242209
10110001,4,4,1,nug0.5,1,0.0203251389459519,0.215742283506708
10110001,4,4,1,nug0.5,2,0.0104388592690375,0.132206586861205
10110001,4,4,1.5,CS,0.5,0.0884754224804379,0.708858198004946
10110001,4,4,1.5,CS,1,0.0644731468933747,0.564801128327371
10110001,4,4,1.5,CS,2,0.0371586535304625,0.356984299851815
10110001,4,4,1.5,nug0.2,0.5,0.0445294723240945,0.417176824670428
10110001,4,4,1.5,nug0.2,1,0.0320304523313163,0.314862470103998
10110001,4,4,1.5,nug0.2,2,0.0181958213854363,0.197508853707222
10110001,4,4,1.5,nug0.5,0.5,0.03541140984159,0.343067707663414
10110001,4,4,1.5,nug0.5,1,0.025403732543788,0.258924799411894
10110001,4,4,1.5,nug0.5,2,0.014389186767485,0.16551465276879
10110001,4,4,2,CS,0.5,0.0944886111035298,0.738856526241481
10110001,4,4,2,CS,1,0.0757118112054188,0.637109710602359
10110001,4,4,2,CS,2,0.0479083391551787,0.44356841047104
10110001,4,4,2,nug0.2,0.5,0.0423934481575096,0.400114449986993
10110001,4,4,2,nug0.2,1,0.0335850752215978,0.327874625033471
10110001,4,4,2,nug0.2,2,0.0209030418703655,0.220642114886097
10110001,4,4,2,nug0.5,0.5,0.0357382770693552,0.345776373431502
10110001,4,4,2,nug0.5,1,0.0282718722352406,0.283224994043761
10110001,4,4,2,nug0.5,2,0.0175598213507981,0.192343972086119
10110001,4,4,2.5,CS,0.5,0.0974008600358539,0.752529640142847
10110001,4,4,2.5,CS,1,0.0833049084658115,0.681126364232284
10110001,4,4,2.5,CS,2,0.0569696604018519,0.511929219200595
10110001,4,4,2.5,nug0.2,0.5,0.0402337858224381,0.382664945810879
10110001,4,4,2.5,nug0.2,1,0.0340985657526405,0.33215655616566
10110001,4,4,2.5,nug0.2,2,0.0229303388221537,0.237911194448586
10110001,4,4,2.5,nug0.5,0.5,0.0352760757904362,0.341945301656248
10110001,4,4,2.5,nug0.5,1,0.0298733226272752,0.296742522127377
10110001,4,4,2.5,nug0.5,2,0.0200602747676981,0.213557222034181
10110001,4,4,3,CS,0.5,0.0988335118706439,0.759054586141734
10110001,4,4,3,CS,1,0.0884754224804379,0.708858198004946
10110001,4,4,3,CS,2,0.0644731468933747,0.564801128327371
10110001,4,4,3,nug0.2,0.5,0.0383858142107172,0.367587919857157
10110001,4,4,3,nug0.2,1,0.0341229687374956,0.332359944652243
10110001,4,4,3,nug0.2,2,0.0244701869079996,0.251003459155412
10110001,4,4,3,nug0.5,0.5,0.0346069731119325,0.336387966001377
10110001,4,4,3,nug0.5,1,0.0307503583800212,0.304125931319067
10110001,4,4,3,nug0.5,2,0.0220298783274596,0.230285617639342
10110001,4,4,4,CS,0.5,0.0998977987166092,0.76381671659668
10110001,4,4,4,CS,1,0.0944886111035298,0.738856526241481
10110001,4,4,4,CS,2,0.0757118112054188,0.637109710602359
10110001,4,4,4,nug0.2,0.5,0.0356793395360943,0.345288218714098
10110001,4,4,4,nug0.2,1,0.0336175323139764,0.32814668464057
10110001,4,4,4,nug0.2,2,0.0265819782230621,0.268922751920737
10110001,4,4,4,nug0.5,0.5,0.0333485576590059,0.325901748535565
10110001,4,4,4,nug0.5,1,0.0314170515678002,0.309728175330095
10110001,4,4,4,nug0.5,2,0.024830187381147,0.254067097403709
11110001,5,2,0.5,CS,0.5,0.0639046989226575,0.556236189698495
11110001,5,2,0.5,CS,1,0.0474880316327191,0.417151375181995
11110001,5,2,0.5,CS,2,0.037932246224615,0.309179906657064
11110001,5,2,0.5,nug0.2,0.5,0.0309068292564503,0.302227006465919
11110001,5,2,0.5,nug0.2,1,0.0228751128140249,0.224185143191739
11110001,5,2,0.5,nug0.2,2,0.0182837376140406,0.170268189532477
11110001,5,2,0.5,nug0.5,0.5,0.0248695322227886,0.251725958165351
11110001,5,2,0.5,nug0.5,1,0.0183935159966681,0.188660226584385
11110001,5,2,0.5,nug0.5,2,0.0147032877269306,0.145643041868571
11110001,5,2,1,CS,0.5,0.0813336330697893,0.669740148415534
11110001,5,2,1,CS,1,0.0639046989226575,0.556236189698495
11110001,5,2,1,CS,2,0.0474880316327191,0.417151375181995
11110001,5,2,1,nug0.2,0.5,0.0282200112293067,0.282566886333746
11110001,5,2,1,nug0.2,1,0.021946712890371,0.227197513098306
11110001,5,2,1,nug0.2,2,0.0162261881193131,0.171611070414945
11110001,5,2,1,nug0.5,0.5,0.0265394241149284,0.268353575660137
11110001,5,2,1,nug0.5,1,0.0206331178404995,0.216182623484065
11110001,5,2,1,nug0.5,2,0.0152526245297186,0.163990951089881
11110001,5,2,1.5,CS,0.5,0.0884453321391817,0.708659560788412
11110001,5,2,1.5,CS,1,0.0746161874728819,0.629285123720389
11110001,5,2,1.5,CS,2,0.0564401313567114,0.497886950408743
11110001,5,2,1.5,nug0.2,0.5,0.0261869270176754,0.26554856081388
11110001,5,2,1.5,nug0.2,1,0.0218738522205458,0.228380223587855
11110001,5,2,1.5,nug0.2,2,0.0163854961492184,0.178501303161615
11110001,5,2,1.5,nug0.5,0.5,0.0262636760853512,0.266199045088888
11110001,5,2,1.5,nug0.5,1,0.0219382270200049,0.228925126607093
11110001,5,2,1.5,nug0.5,2,0.0164339100278162,0.178897589821258
11110001,5,2,2,CS,0.5,0.0916221299296233,0.724848274932865
11110001,5,2,2,CS,1,0.0813336330697893,0.669740148415534
11110001,5,2,2,CS,2,0.0639046989226575,0.556236189698495
11110001,5,2,2,nug0.2,0.5,0.0249538706292703,0.255112975292483
11110001,5,2,2,nug0.2,1,0.021975824325698,0.229657865217029
11110001,5,2,2,nug0.2,2,0.0170703265444405,0.186401759662531
11110001,5,2,2,nug0.5,0.5,0.0258204937693187,0.262464251848348
11110001,5,2,2,nug0.5,1,0.0227413662884528,0.236151944522628
11110001,5,2,2,nug0.5,2,0.01766755054722,0.191380381611456
11110001,5,2,2.5,CS,0.5,0.0931257333839061,0.732265820047663
11110001,5,2,2.5,CS,1,0.0856278046043082,0.693695455092175
11110001,5,2,2.5,CS,2,0.069884214110884,0.598405245795551
11110001,5,2,2.5,nug0.2,0.5,0.0242719943909232,0.249329450101061
11110001,5,2,2.5,nug0.2,1,0.0221840984590865,0.231541786832311
11110001,5,2,2.5,nug0.2,2,0.0179003251984273,0.194341662738669
11110001,5,2,2.5,nug0.5,0.5,0.0255127556546217,0.259858155365846
11110001,5,2,2.5,nug0.5,1,0.0233206429621191,0.241189046229919
11110001,5,2,2.5,nug0.5,2,0.0188211977534898,0.202084049940026
11110001,5,2,3,CS,0.5,0.0938578780349123,0.735821921348165
11110001,5,2,3,CS,1,0.0884453321391817,0.708659560788412
11110001,5,2,3,CS,2,0.0746161874728819,0.629285123720389
11110001,5,2,3,nug0.2,0.5,0.0239479905353645,0.246579656657945
11110001,5,2,3,nug0.2,1,0.0224677966560515,0.233988279762599
11110001,5,2,3,nug0.2,2,0.0187562339593892,0.202024590784565
11110001,5,2,3,nug0.5,0.5,0.025360087002013,0.258563906493526
11110001,5,2,3,nug0.5,1,0.0237947243689195,0.245253635239111
11110001,5,2,3,nug0.5,2,0.0198681299573566,0.211414412728644
11110001,5,2,4,CS,0.5,0.0943987767756,0.73842593604838
11110001,5,2,4,CS,1,0.0916221299296233,0.724848274932865
11110001,5,2,4,CS,2,0.0813336330697893,0.669740148415534
11110001,5,2,4,nug0.2,0.5,0.023915220771657,0.246301655028535
11110001,5,2,4,nug0.2,1,0.0231589115142225,0.239875847550402
11110001,5,2,4,nug0.2,2,0.0203907276289528,0.216218850958089
11110001,5,2,4,nug0.5,0.5,0.0253898214335653,0.258816359460481
11110001,5,2,4,nug0.5,1,0.0245880499050816,0.252008496158091
11110001,5,2,4,nug0.5,2,0.0216527195784792,0.226917444897089
10001001,3,4,0.5,CS,0.5,0.0448982559433545,0.420090442990492
10001001,3,4,0.5,CS,1,0.0243770291723796,0.24890049906854
10001001,3,4,0.5,CS,2,0.0134409728539074,0.151383022399309
10001001,3,4,0.5,nug0.2,0.5,0.0407720600868844,0.387021090961763
10001001,3,4,0.5,nug0.2,1,0.0220945000038611,0.229633386611267
10001001,3,4,0.5,nug0.2,2,0.0121723751157791,0.141429152195615
10001001,3,4,0.5,nug0.5,0.5,0.0225950222456728,0.235085526776136
10001001,3,4,0.5,nug0.5,1,0.012142246483269,0.146321223833821
10001001,3,4,0.5,nug0.5,2,0.00666546944395746,0.099010130945004
10001001,3,4,1,CS,0.5,0.0705983221334933,0.605094179593657
10001001,3,4,1,CS,1,0.0448982559433545,0.420090442990492
10001001,3,4,1,CS,2,0.0243770291723796,0.24890049906854
10001001,3,4,1,nug0.2,0.5,0.0498438469846862,0.458530029701406
10001001,3,4,1,nug0.2,1,0.0314422411792543,0.309930716157092
10001001,3,4,1,nug0.2,2,0.0169654367913055,0.186459214352684
10001001,3,4,1,nug0.5,0.5,0.0326980288128843,0.320342533438904
10001001,3,4,1,nug0.5,1,0.0204892303731807,0.217213545383658
10001001,3,4,1,nug0.5,2,0.0110000050352233,0.136924069252
10001001,3,4,1.5,CS,0.5,0.0828714403047481,0.678653301453741
10001001,3,4,1.5,CS,1,0.0600672016327211,0.534049259919913
10001001,3,4,1.5,CS,2,0.0352301225152747,0.341452010313787
10001001,3,4,1.5,nug0.2,0.5,0.049416912419662,0.455342697402772
10001001,3,4,1.5,nug0.2,1,0.0354633808845728,0.343368344372925
10001001,3,4,1.5,nug0.2,2,0.0205764819239517,0.217888601286423
10001001,3,4,1.5,nug0.5,0.5,0.0358724698849467,0.346834750537128
10001001,3,4,1.5,nug0.5,1,0.0256404616148713,0.260841843847264
10001001,3,4,1.5,nug0.5,2,0.0148135749903365,0.169246413817094
10001001,3,4,2,CS,0.5,0.088796988780545,0.710504541478307
10001001,3,4,2,CS,1,0.0705983221334933,0.605094179593657
10001001,3,4,2,CS,2,0.0448982559433545,0.420090442990492
10001001,3,4,2,nug0.2,0.5,0.0468253489263797,0.43526348465088
10001001,3,4,2,nug0.2,1,0.0368825628198182,0.355098984731859
10001001,3,4,2,nug0.2,2,0.0231489166163561,0.239788456399415
10001001,3,4,2,nug0.5,0.5,0.0363687130893796,0.350975512718984
10001001,3,4,2,nug0.5,1,0.0285800909977162,0.285721062615391
10001001,3,4,2,nug0.5,2,0.0178802871677557,0.195120767924922
10001001,3,4,2.5,CS,0.5,0.0917052867608314,0.725264571865574
10001001,3,4,2.5,CS,1,0.0778537511735504,0.64981091435043
10001001,3,4,2.5,CS,2,0.0531503341181758,0.483669914685425
10001001,3,4,2.5,nug0.2,0.5,0.0440143026403293,0.413075623089966
10001001,3,4,2.5,nug0.2,1,0.0370741099737106,0.356719828583395
10001001,3,4,2.5,nug0.2,2,0.0249595719897936,0.255103363660226
10001001,3,4,2.5,nug0.5,0.5,0.0358816675043633,0.346959397820658
10001001,3,4,2.5,nug0.5,1,0.0301836091489684,0.29927840027111
10001001,3,4,2.5,nug0.5,2,0.020273176097577,0.215335511907916
10001001,3,4,3,CS,0.5,0.093145894315526,0.732364468729309
10001001,3,4,3,CS,1,0.0828714403047481,0.678653301453741
10001001,3,4,3,CS,2,0.0600672016327211,0.534049259919913
10001001,3,4,3,nug0.2,0.5,0.0414947564735162,0.392875383732344
10001001,3,4,3,nug0.2,1,0.0366885026178903,0.353578050784075
10001001,3,4,3,nug0.2,2,0.0262300536867961,0.265838883501086
10001001,3,4,3,nug0.5,0.5,0.0350812372977812,0.340327340969447
10001001,3,4,3,nug0.5,1,0.0309939650421777,0.306126855988886
10001001,3,4,3,nug0.5,2,0.0221216084496794,0.230984757496276
10001001,3,4,4,CS,0.5,0.0942204735433909,0.737569713765842
10001001,3,4,4,CS,1,0.088796988780545,0.710504541478307
10001001,3,4,4,CS,2,0.0705983221334933,0.605094179593657
10001001,3,4,4,nug0.2,0.5,0.037603554585062,0.361167960072061
10001001,3,4,4,nug0.2,1,0.0353124217150572,0.342231432186079
10001001,3,4,4,nug0.2,2,0.0277435383997988,0.278651442856975
10001001,3,4,4,nug0.5,0.5,0.033445314268883,0.326709459173861
10001001,3,4,4,nug0.5,1,0.0313993000188976,0.309565066017971
10001001,3,4,4,nug0.5,2,0.0246478565993889,0.252424151336546
11001001,4,4,0.5,CS,0.5,0.0503430472849433,0.459949849564355
11001001,4,4,0.5,CS,1,0.0308504694960177,0.292377025795017
11001001,4,4,0.5,CS,2,0.0208662958764756,0.193552743559584
11001001,4,4,0.5,nug0.2,0.5,0.0396788575366659,0.375898710203461
11001001,4,4,0.5,nug0.2,1,0.0242345877584012,0.238786739148123
11001001,4,4,0.5,nug0.2,2,0.0163735074164663,0.16123612889823
11001001,4,4,0.5,nug0.5,0.5,0.0241444616411973,0.246723699410391
11001001,4,4,0.5,nug0.5,1,0.0146758119111644,0.161812903813224
11001001,4,4,0.5,nug0.5,2,0.00989956233308494,0.115759477451211
11001001,4,4,1,CS,0.5,0.0760467837242347,0.639026861170805
11001001,4,4,1,CS,1,0.0503430472849433,0.459949849564355
11001001,4,4,1,CS,2,0.0308504694960177,0.292377025795017
11001001,4,4,1,nug0.2,0.5,0.0456682068419401,0.426089819824182
11001001,4,4,1,nug0.2,1,0.0299182961091073,0.295291299779106
11001001,4,4,1,nug0.2,2,0.0182178462327859,0.190154311342555
11001001,4,4,1,nug0.5,0.5,0.0329295782335045,0.322321699632477
11001001,4,4,1,nug0.5,1,0.0214794981043823,0.224251509347759
11001001,4,4,1,nug0.5,2,0.013045223878313,0.148883330224967
11001001,4,4,1.5,CS,0.5,0.0885185255401328,0.709076380269158
11001001,4,4,1.5,CS,1,0.06539069701495,0.570514842198223
11001001,4,4,1.5,CS,2,0.0410227708475761,0.383342420467152
11001001,4,4,1.5,nug0.2,0.5,0.0451519316529009,0.422104968648694
11001001,4,4,1.5,nug0.2,1,0.0329515655196613,0.322211092921944
11001001,4,4,1.5,nug0.2,2,0.0204370933557221,0.213533592582877
11001001,4,4,1.5,nug0.5,0.5,0.0356651891068878,0.345166539966583
11001001,4,4,1.5,nug0.5,1,0.02595960003112,0.263340922610042
11001001,4,4,1.5,nug0.5,2,0.0160613065686371,0.177208439383678
11001001,4,4,2,CS,0.5,0.0944940615651801,0.738882330093524
11001001,4,4,2,CS,1,0.0760467837242347,0.639026861170805
11001001,4,4,2,CS,2,0.0503430472849433,0.459949849564355
11001001,4,4,2,nug0.2,0.5,0.043183283644052,0.406446843569208
11001001,4,4,2,nug0.2,1,0.034374555825503,0.334372562414286
11001001,4,4,2,nug0.2,2,0.0224330523675834,0.232290758783004
11001001,4,4,2,nug0.5,0.5,0.0360871049149972,0.34866309272534
11001001,4,4,2,nug0.5,1,0.0286827054718034,0.286626344401816
11001001,4,4,2,nug0.5,2,0.0186823656571827,0.200707463141845
11001001,4,4,2.5,CS,0.5,0.097401544886631,0.752532772950946
11001001,4,4,2.5,CS,1,0.0834254958015552,0.681769993397857
11001001,4,4,2.5,CS,2,0.0584732346008628,0.52169927217216
11001001,4,4,2.5,nug0.2,0.5,0.0411180990286117,0.389833031128487
11001001,4,4,2.5,nug0.2,1,0.0349062710007703,0.338856708180441
11001001,4,4,2.5,nug0.2,2,0.0240955634724397,0.24718343915842
11001001,4,4,2.5,nug0.5,0.5,0.0356968984949171,0.345433647763782
11001001,4,4,2.5,nug0.5,1,0.0302782461082455,0.300136506017097
11001001,4,4,2.5,nug0.5,2,0.0208707659795301,0.219886691371868
11001001,4,4,3,CS,0.5,0.0988335976880189,0.759054971961167
11001001,4,4,3,CS,1,0.0885185255401328,0.709076380269158
11001001,4,4,3,CS,2,0.06539069701495,0.570514842198223
11001001,4,4,3,nug0.2,0.5,0.0392928447591126,0.375004156683016
11001001,4,4,3,nug0.2,1,0.0349510424813373,0.339242932152062
11001001,4,4,3,nug0.2,2,0.0254347483050368,0.258895236623118
11001001,4,4,3,nug0.5,0.5,0.0350630570061275,0.340177469634187
11001001,4,4,3,nug0.5,1,0.0311734821791801,0.307678512662115
11001001,4,4,3,nug0.5,2,0.0226619463518384,0.235387815127524
11001001,4,4,4,CS,0.5,0.0998978000599111,0.763816722557545
11001001,4,4,4,CS,1,0.0944940615651801,0.738882330093524
11001001,4,4,4,CS,2,0.0760467837242347,0.639026861170805
11001001,4,4,4,nug0.2,0.5,0.0364969242340318,0.352050190260283
11001001,4,4,4,nug0.2,1,0.0343916790190466,0.334596797348702
11001001,4,4,4,nug0.2,2,0.0273253352633789,0.275151044338228
11001001,4,4,4,nug0.5,0.5,0.0337907536828849,0.329591422634615
11001001,4,4,4,nug0.5,1,0.0318364504131446,0.313247244187862
11001001,4,4,4,nug0.5,2,0.0252814414499761,0.257833061490482
10101001,4,6,0.5,CS,0.5,0.0378810100214848,0.362712843091517
10101001,4,6,0.5,CS,1,0.0185261063309314,0.197231601355121
10101001,4,6,0.5,CS,2,0.00954229888784177,0.118731977530719
10101001,4,6,0.5,nug0.2,0.5,0.0373204781682278,0.358112338394078
10101001,4,6,0.5,nug0.2,1,0.0182468822029569,0.194918144965509
10101001,4,6,0.5,nug0.2,2,0.00939739298646277,0.117650027332324
10101001,4,6,0.5,nug0.5,0.5,0.0195299684645347,0.208665164674274
10101001,4,6,0.5,nug0.5,1,0.00946492422043061,0.123185184381297
10101001,4,6,0.5,nug0.5,2,0.00485692010258274,0.0842907366985114
10101001,4,6,1,CS,0.5,0.0672966587239683,0.583738200864549
10101001,4,6,1,CS,1,0.0378810100214848,0.362712843091517
10101001,4,6,1,CS,2,0.0185261063309314,0.197231601355121
10101001,4,6,1,nug0.2,0.5,0.0535571991735948,0.4867890714601
10101001,4,6,1,nug0.2,1,0.0299566426799203,0.296828089224592
10101001,4,6,1,nug0.2,2,0.0145930682920449,0.164790366260208
10101001,4,6,1,nug0.5,0.5,0.032628838066314,0.319863149197691
10101001,4,6,1,nug0.5,1,0.0180766536256698,0.19639372822034
10101001,4,6,1,nug0.5,2,0.0087543254966973,0.117505372328082
10101001,4,6,1.5,CS,0.5,0.0835061580745247,0.682238289987441
10101001,4,6,1.5,CS,1,0.0545121308434916,0.493777173306163
10101001,4,6,1.5,CS,2,0.0283308942866783,0.282133075520288
10101001,4,6,1.5,nug0.2,0.5,0.0572704274197298,0.514164258475156
10101001,4,6,1.5,nug0.2,1,0.0370188928900597,0.356232535350562
10101001,4,6,1.5,nug0.2,2,0.0190744201798821,0.204113154327988
10101001,4,6,1.5,nug0.5,0.5,0.0384323340919552,0.367967765037778
10101001,4,6,1.5,nug0.5,1,0.0246684307568282,0.252606045147064
10101001,4,6,1.5,nug0.5,2,0.0126342576186285,0.150342937324779
10101001,4,6,2,CS,0.5,0.0918305408232965,0.725891882218849
10101001,4,6,2,CS,1,0.0672966587239683,0.583738200864549
10101001,4,6,2,CS,2,0.0378810100214848,0.362712843091517
10101001,4,6,2,nug0.2,0.5,0.0562242945537128,0.506543300018216
10101001,4,6,2,nug0.2,1,0.0407764217951289,0.387040912837331
10101001,4,6,2,nug0.2,2,0.022674605767514,0.235283068561399
10101001,4,6,2,nug0.5,0.5,0.0403783666178675,0.383838951663494
10101001,4,6,2,nug0.5,1,0.0291498849987636,0.290621295665887
10101001,4,6,2,nug0.5,2,0.0161237441774221,0.179956914418126
10101001,4,6,2.5,CS,0.5,0.0960308279577024,0.746165994394316
10101001,4,6,2.5,CS,1,0.076708993886295,0.643108883948031
10101001,4,6,2.5,CS,2,0.0466723628555255,0.433748955675568
10101001,4,6,2.5,nug0.2,0.5,0.0536641305772721,0.487617840408171
10101001,4,6,2.5,nug0.2,1,0.0424663266500851,0.400694055395108
10101001,4,6,2.5,nug0.2,2,0.0254703720175522,0.259283398252888
10101001,4,6,2.5,nug0.5,0.5,0.0405568692763823,0.385287424324328
10101001,4,6,2.5,nug0.5,1,0.0320016248314731,0.314627617803603
10101001,4,6,2.5,nug0.5,2,0.0191107991130398,0.205370391204611
10101001,4,6,3,CS,0.5,0.098138553918498,0.755905908684598
10101001,4,6,3,CS,1,0.0835061580745247,0.682238289987441
10101001,4,6,3,CS,2,0.0545121308434916,0.493777173306163
10101001,4,6,3,nug0.2,0.5,0.0508304357742621,0.466235895821088
10101001,4,6,3,nug0.2,1,0.0429160280566248,0.40430604904272
10101001,4,6,3,nug0.2,2,0.027592296043369,0.277380407117118
10101001,4,6,3,nug0.5,0.5,0.0399907059830967,0.380689152048766
10101001,4,6,3,nug0.5,1,0.0337041418804076,0.328868004332686
10101001,4,6,3,nug0.5,2,0.0215956530146899,0.226528772853662
10101001,4,6,4,CS,0.5,0.0997222293597217,0.76303610942357
10101001,4,6,4,CS,1,0.0918305408232965,0.725891882218849
10101001,4,6,4,CS,2,0.0672966587239683,0.583738200864549
10101001,4,6,4,nug0.2,0.5,0.0458112193935816,0.427315503083832
10101001,4,6,4,nug0.2,1,0.0419869002640972,0.396844332004767
10101001,4,6,4,nug0.2,2,0.0303252373803022,0.300527691147817
10101001,4,6,4,nug0.5,0.5,0.0382617443156195,0.366571143522366
10101001,4,6,4,nug0.5,1,0.0350445089044728,0.340023410990716
10101001,4,6,4,nug0.5,2,0.0252602673434574,0.257699114346157
11101001,5,4,0.5,CS,0.5,0.0484937434920634,0.440853888594
11101001,5,4,0.5,CS,1,0.0322414732073702,0.292892482464174
11101001,5,4,0.5,CS,2,0.0241485528674832,0.205978044106986
11101001,5,4,0.5,nug0.2,0.5,0.0309554591956603,0.300331873178295
11101001,5,4,0.5,nug0.2,1,0.0205067885843526,0.201507189971535
11101001,5,4,0.5,nug0.2,2,0.015343394225381,0.146666967205158
11101001,5,4,0.5,nug0.5,0.5,0.0213596498970211,0.220611893617692
11101001,5,4,0.5,nug0.5,1,0.0141221500361624,0.152506304832791
11101001,5,4,0.5,nug0.5,2,0.0105602239071842,0.115410506862323
11101001,5,4,1,CS,0.5,0.0712595142891111,0.608612585381831
11101001,5,4,1,CS,1,0.0484937434920634,0.440853888594
11101001,5,4,1,CS,2,0.0322414732073702,0.292892482464174
11101001,5,4,1,nug0.2,0.5,0.0341669359424271,0.332082512221356
11101001,5,4,1,nug0.2,1,0.0230038112684513,0.234288620099461
11101001,5,4,1,nug0.2,2,0.0152143198047876,0.160812279716922
11101001,5,4,1,nug0.5,0.5,0.0276606008133168,0.277512523729096
11101001,5,4,1,nug0.5,1,0.0185886842309748,0.197614543833013
11101001,5,4,1,nug0.5,2,0.0122831398275608,0.138611418688329
11101001,5,4,1.5,CS,0.5,0.0829998388800459,0.67929620141216
11101001,5,4,1.5,CS,1,0.0616106442427336,0.542637159271719
11101001,5,4,1.5,CS,2,0.0406300251315256,0.372636374433408
11101001,5,4,1.5,nug0.2,0.5,0.0343890607228878,0.334468906254975
11101001,5,4,1.5,nug0.2,1,0.0252070194875801,0.255848439854746
11101001,5,4,1.5,nug0.2,2,0.0164599010395346,0.177042753774667
11101001,5,4,1.5,nug0.5,0.5,0.029960217981853,0.297379223906408
11101001,5,4,1.5,nug0.5,1,0.0219357237487304,0.228244013674191
11101001,5,4,1.5,nug0.5,2,0.014311221936845,0.159778408140435
11101001,5,4,2,CS,0.5,0.0888242395388478,0.71063734729492
11101001,5,4,2,CS,1,0.0712595142891111,0.608612585381831
11101001,5,4,2,CS,2,0.0484937434920634,0.440853888594
11101001,5,4,2,nug0.2,0.5,0.0337959466136466,0.3296135320565
11101001,5,4,2,nug0.2,1,0.0268044922036952,0.27027907225426
11101001,5,4,2,nug0.2,2,0.0180089613847437,0.192816297501966
11101001,5,4,2,nug0.5,0.5,0.030639784228662,0.303176260586171
11101001,5,4,2,nug0.5,1,0.0242854371849354,0.248958363933927
11101001,5,4,2,nug0.5,2,0.0163048004656962,0.178747599294983
11101001,5,4,2.5,CS,0.5,0.0917114832550093,0.725294446881148
11101001,5,4,2.5,CS,1,0.0781418418800917,0.651290061623429
11101001,5,4,2.5,CS,2,0.0555118055081023,0.497097661891678
11101001,5,4,2.5,nug0.2,0.5,0.0330674598452449,0.32354894598199
11101001,5,4,2.5,nug0.2,1,0.0279136209029649,0.279982263410058
11101001,5,4,2.5,nug0.2,2,0.0195532635301614,0.207298322356596
11101001,5,4,2.5,nug0.5,0.5,0.0307038439825403,0.303730331689857
11101001,5,4,2.5,nug0.5,1,0.0259087251540124,0.263015663128577
11101001,5,4,2.5,nug0.5,2,0.0181387935430119,0.195462061039833
11101001,5,4,3,CS,0.5,0.0931473659060862,0.732371533108321
11101001,5,4,3,CS,1,0.0829998388800459,0.67929620141216
11101001,5,4,3,CS,2,0.0616106442427336,0.542637159271719
11101001,5,4,3,nug0.2,0.5,0.0323978876490687,0.31795131653731
11101001,5,4,3,nug0.2,1,0.0286618533291309,0.28642915630725
11101001,5,4,3,nug0.2,2,0.0209781189652975,0.220166950764778
11101001,5,4,3,nug0.5,0.5,0.030549020168147,0.302431264822067
11101001,5,4,3,nug0.5,1,0.0270203113913305,0.27254906464388
11101001,5,4,3,nug0.5,2,0.0197683191792263,0.209971972528995
11101001,5,4,4,CS,0.5,0.0942205618711518,0.737570136660617
11101001,5,4,4,CS,1,0.0888242395388478,0.71063734729492
11101001,5,4,4,CS,2,0.0712595142891111,0.608612585381831
11101001,5,4,4,nug0.2,0.5,0.0313575382005836,0.30922840312164
11101001,5,4,4,nug0.2,1,0.0294451348302899,0.293113780151165
11101001,5,4,4,nug0.2,2,0.0233327973911221,0.240887597258754
11101001,5,4,4,nug0.5,0.5,0.0301112457107412,0.298746982703492
11101001,5,4,4,nug0.5,1,0.0282726426295094,0.283214211274353
11101001,5,4,4,nug0.5,2,0.0223982827249191,0.232969814628924
10011001,4,4,0.5,CS,0.5,0.0458686587025295,0.427092983391343
10011001,4,4,0.5,CS,1,0.0233078576857885,0.237858808892698
10011001,4,4,0.5,CS,2,0.0117066156822153,0.136573755262849
10011001,4,4,0.5,nug0.2,0.5,0.0444795438982746,0.416116321274995
10011001,4,4,0.5,nug0.2,1,0.0225866813100105,0.231827895507396
10011001,4,4,0.5,nug0.2,2,0.0113407727897006,0.133759568240288
10011001,4,4,0.5,nug0.5,0.5,0.0236187022162548,0.243372167480437
10011001,4,4,0.5,nug0.5,1,0.011872858380288,0.143051326274429
10011001,4,4,0.5,nug0.5,2,0.00593318884676828,0.0928789155404516
10011001,4,4,1,CS,0.5,0.0747614858516146,0.631298668996187
10011001,4,4,1,CS,1,0.0458686587025295,0.427092983391343
10011001,4,4,1,CS,2,0.0233078576857885,0.237858808892698
10011001,4,4,1,nug0.2,0.5,0.0569769703317289,0.512006793739016
10011001,4,4,1,nug0.2,1,0.0347026821233969,0.336618084965118
10011001,4,4,1,nug0.2,2,0.0175384177416148,0.189721174580404
10011001,4,4,1,nug0.5,0.5,0.0357707328437924,0.346023655219012
10011001,4,4,1,nug0.5,1,0.0215991937703778,0.226258134067603
10011001,4,4,1,nug0.5,2,0.0108471101411174,0.134712340008448
10011001,4,4,1.5,CS,0.5,0.0881804876036352,0.707323480712279
10011001,4,4,1.5,CS,1,0.0629469317268136,0.554223411240638
10011001,4,4,1.5,CS,2,0.0351238619685173,0.339173966751927
10011001,4,4,1.5,nug0.2,0.5,0.0562289461621806,0.506575997797211
10011001,4,4,1.5,nug0.2,1,0.039741503179562,0.378550167279643
10011001,4,4,1.5,nug0.2,2,0.0219412472899526,0.228523505081608
10011001,4,4,1.5,nug0.5,0.5,0.0394168875232324,0.376014805584851
10011001,4,4,1.5,nug0.5,1,0.0277148295361797,0.278430777051136
10011001,4,4,1.5,nug0.5,2,0.0152180789390802,0.171975085682615
10011001,4,4,2,CS,0.5,0.0944076925137427,0.738468636956391
10011001,4,4,2,CS,1,0.0747614858516146,0.631298668996187
10011001,4,4,2,CS,2,0.0458686587025295,0.427092983391343
10011001,4,4,2,nug0.2,0.5,0.0523750943877481,0.477946537074993
10011001,4,4,2,nug0.2,1,0.0410795250095622,0.389497467405401
10011001,4,4,2,nug0.2,2,0.024858318059462,0.253875624901277
10011001,4,4,2,nug0.5,0.5,0.0397082444639298,0.378390307856126
10011001,4,4,2,nug0.5,1,0.0310550698567446,0.306668274177947
10011001,4,4,2,nug0.5,2,0.0187159547634441,0.201861838549813
10011001,4,4,2.5,CS,0.5,0.0973797336396318,0.752432427984104
10011001,4,4,2.5,CS,1,0.0827626522246159,0.678107262587091
10011001,4,4,2.5,CS,2,0.0551448693573773,0.498310008895964
10011001,4,4,2.5,nug0.2,0.5,0.0483402234947123,0.447086925253488
10011001,4,4,2.5,nug0.2,1,0.0407519511186276,0.386863660208322
10011001,4,4,2.5,nug0.2,2,0.026746997064529,0.270132647714576
10011001,4,4,2.5,nug0.5,0.5,0.0388412907536212,0.371315855933454
10011001,4,4,2.5,nug0.5,1,0.0326929205978628,0.320417322138479
10011001,4,4,2.5,nug0.5,2,0.0213961899430082,0.224759876763633
10011001,4,4,3,CS,0.5,0.0988281183171176,0.759030268256297
10011001,4,4,3,CS,1,0.0881804876036352,0.707323480712279
10011001,4,4,3,CS,2,0.0629469317268136,0.554223411240638
10011001,4,4,3,nug0.2,0.5,0.0448526829498634,0.419740695859418
10011001,4,4,3,nug0.2,1,0.0397637428307673,0.378841080743857
10011001,4,4,3,nug0.2,2,0.0279616974690659,0.280518288513294
10011001,4,4,3,nug0.5,0.5,0.0376660579776187,0.361681775898472
10011001,4,4,3,nug0.5,1,0.0333640266028852,0.326029841596772
10011001,4,4,3,nug0.5,2,0.0234152916418395,0.241983965765119
10011001,4,4,4,CS,0.5,0.0998974563761245,0.763815196407832
10011001,4,4,4,CS,1,0.0944076925137427,0.738468636956391
10011001,4,4,4,CS,2,0.0747614858516146,0.631298668996187
10011001,4,4,4,nug0.2,0.5,0.0397411157728968,0.378658054388304
10011001,4,4,4,nug0.2,1,0.0374197524393891,0.359656427179334
10011001,4,4,4,nug0.2,2,0.0292501101818394,0.291469182751236
10011001,4,4,4,nug0.5,0.5,0.0354660293030808,0.343520566904521
10011001,4,4,4,nug0.5,1,0.0333857010140165,0.326211808224845
10011001,4,4,4,nug0.5,2,0.026072961432042,0.264592960578768
11011001,5,4,0.5,CS,0.5,0.0449102392677852,0.415630603297121
11011001,5,4,0.5,CS,1,0.0258809268896842,0.250259967276659
11011001,5,4,0.5,CS,2,0.0160066979606885,0.158630370569255
11011001,5,4,0.5,nug0.2,0.5,0.0356335529408976,0.340971403694657
11011001,5,4,0.5,nug0.2,1,0.0204657262315298,0.206765885282001
11011001,5,4,0.5,nug0.2,2,0.0126376741395218,0.134812750200851
11011001,5,4,0.5,nug0.5,0.5,0.0215493526931746,0.223631848231345
11011001,5,4,0.5,nug0.5,1,0.0123136264911008,0.142200022506895
11011001,5,4,0.5,nug0.5,2,0.00758572634271302,0.0999232248236984
11011001,5,4,1,CS,0.5,0.0702653658949976,0.602481125799042
11011001,5,4,1,CS,1,0.0449102392677852,0.415630603297121
11011001,5,4,1,CS,2,0.0258809268896842,0.250259967276659
11011001,5,4,1,nug0.2,0.5,0.0431277399195587,0.405442419925318
11011001,5,4,1,nug0.2,1,0.0273007767560651,0.271822485910439
11011001,5,4,1,nug0.2,2,0.0156325685561777,0.168278356602706
11011001,5,4,1,nug0.5,0.5,0.0306554471883502,0.302886041696269
11011001,5,4,1,nug0.5,1,0.0193205324801819,0.204981106803316
11011001,5,4,1,nug0.5,2,0.0110311605761453,0.132227391500987
11011001,5,4,1.5,CS,0.5,0.0827411423679316,0.677876661064211
11011001,5,4,1.5,CS,1,0.0596979707687012,0.529929308877781
11011001,5,4,1.5,CS,2,0.0358095427000363,0.338720600272922
11011001,5,4,1.5,nug0.2,0.5,0.0435053902416999,0.408916691694846
11011001,5,4,1.5,nug0.2,1,0.0310354097453756,0.305360428302951
11011001,5,4,1.5,nug0.2,2,0.0184181194402946,0.195374987379647
11011001,5,4,1.5,nug0.5,0.5,0.0337609298074794,0.329253845246933
11011001,5,4,1.5,nug0.5,1,0.024016872369385,0.246229337876084
11011001,5,4,1.5,nug0.5,2,0.0142159119639878,0.160953521375408
11011001,5,4,2,CS,0.5,0.0887584149123762,0.710299423724937
11011001,5,4,2,CS,1,0.0702653658949976,0.602481125799042
11011001,5,4,2,CS,2,0.0449102392677852,0.415630603297121
11011001,5,4,2,nug0.2,0.5,0.0419295622826553,0.396360199373773
11011001,5,4,2,nug0.2,1,0.0328505386404656,0.321274109199959
11011001,5,4,2,nug0.2,2,0.0207199534289637,0.21668621495385
11011001,5,4,2,nug0.5,0.5,0.0344102042874194,0.334731540319506
11011001,5,4,2,nug0.5,1,0.0269147563734807,0.27134626161454
11011001,5,4,2,nug0.5,2,0.0169407260019648,0.185137360568375
11011001,5,4,2.5,CS,0.5,0.0916948903396772,0.725212180368058
11011001,5,4,2.5,CS,1,0.077632547119458,0.648347991572627
11011001,5,4,2.5,CS,2,0.0528820128895317,0.479017890024593
11011001,5,4,2.5,nug0.2,0.5,0.0399802936604021,0.380599367517507
11011001,5,4,2.5,nug0.2,1,0.0335604552719282,0.327471416440885
11011001,5,4,2.5,nug0.2,2,0.0225374967652634,0.233101675178632
11011001,5,4,2.5,nug0.5,0.5,0.0341252569845384,0.332374448045659
11011001,5,4,2.5,nug0.5,1,0.0286180020239866,0.285975448954852
11011001,5,4,2.5,nug0.5,2,0.0191880182813859,0.204897442152635
11011001,5,4,3,CS,0.5,0.0931432010106657,0.732351246977774
11011001,5,4,3,CS,1,0.0827411423679316,0.677876661064211
11011001,5,4,3,CS,2,0.0596979707687012,0.529929308877781
11011001,5,4,3,nug0.2,0.5,0.0381388346421851,0.365562135968203
11011001,5,4,3,nug0.2,1,0.0336539006365771,0.328361397658274
11011001,5,4,3,nug0.2,2,0.0239400010969411,0.245579403433469
11011001,5,4,3,nug0.5,0.5,0.0335221371078207,0.327349616530191
11011001,5,4,3,nug0.5,1,0.0295635850065896,0.29405159058016
11011001,5,4,3,nug0.5,2,0.0210057501854784,0.220773735635631
11011001,5,4,4,CS,0.5,0.0942203007954694,0.737568881997674
11011001,5,4,4,CS,1,0.0887584149123762,0.710299423724937
11011001,5,4,4,CS,2,0.0702653658949976,0.602481125799042
11011001,5,4,4,nug0.2,0.5,0.0351861873957079,0.341199418860803
11011001,5,4,4,nug0.2,1,0.0330222693078123,0.323156867444559
11011001,5,4,4,nug0.2,2,0.0258212678920548,0.26209292502565
11011001,5,4,4,nug0.5,0.5,0.032214975950087,0.316420324244152
11011001,5,4,4,nug0.5,1,0.0302280855653361,0.299713186204336
11011001,5,4,4,nug0.5,2,0.0236218866183453,0.243457432721449
10111001,5,4,0.5,CS,0.5,0.0431858743716183,0.403109053982268
10111001,5,4,0.5,CS,1,0.0218730544645231,0.222190606118458
10111001,5,4,0.5,CS,2,0.0105108528858398,0.125358837160751
10111001,5,4,0.5,nug0.2,0.5,0.0372746007420062,0.355404103969924
10111001,5,4,0.5,nug0.2,1,0.0188253070881094,0.197240894977429
10111001,5,4,0.5,nug0.2,2,0.00903219233207826,0.114388971198951
10111001,5,4,0.5,nug0.5,0.5,0.0213493995994024,0.222589965150719
10111001,5,4,0.5,nug0.5,1,0.0107002439142906,0.131705446035809
10111001,5,4,0.5,nug0.5,2,0.00511258957995063,0.0858385590730651
10111001,5,4,1,CS,0.5,0.0700183380154092,0.600943133888406
10111001,5,4,1,CS,1,0.0431858743716183,0.403109053982268
10111001,5,4,1,CS,2,0.0218730544645231,0.222190606118458
10111001,5,4,1,nug0.2,0.5,0.0464184641744959,0.431554052780221
10111001,5,4,1,nug0.2,1,0.0283683568741683,0.28156261998564
10111001,5,4,1,nug0.2,2,0.0142660287172455,0.160227681014052
10111001,5,4,1,nug0.5,0.5,0.0315844011408545,0.310716084478075
10111001,5,4,1,nug0.5,1,0.0191924896592365,0.20448389992475
10111001,5,4,1,nug0.5,2,0.00960928970393571,0.123079247237539
10111001,5,4,1.5,CS,0.5,0.0827088446808838,0.677699004530292
10111001,5,4,1.5,CS,1,0.05903157994232,0.525422031239999
10111001,5,4,1.5,CS,2,0.0331235001187979,0.319078340786089
10111001,5,4,1.5,nug0.2,0.5,0.0460025172682185,0.42871593937565
10111001,5,4,1.5,nug0.2,1,0.0324742019392581,0.317559490819255
10111001,5,4,1.5,nug0.2,2,0.0180121310548966,0.193352154963574
10111001,5,4,1.5,nug0.5,0.5,0.0346661580366008,0.33679136624006
10111001,5,4,1.5,nug0.5,1,0.0243893375557147,0.249513647851819
10111001,5,4,1.5,nug0.5,2,0.0134805943415001,0.155969496410503
10111001,5,4,2,CS,0.5,0.0887543019928682,0.710278296458856
10111001,5,4,2,CS,1,0.0700183380154092,0.600943133888406
10111001,5,4,2,CS,2,0.0431858743716183,0.403109053982268
10111001,5,4,2,nug0.2,0.5,0.0434671349411057,0.408693516472676
10111001,5,4,2,nug0.2,1,0.0339432336835176,0.330422086153689
10111001,5,4,2,nug0.2,2,0.0206445738224697,0.216668727690087
10111001,5,4,2,nug0.5,0.5,0.0350452005610684,0.340009404294753
10111001,5,4,2,nug0.5,1,0.0273150909415184,0.274762396806913
10111001,5,4,2,nug0.5,2,0.0165710169213669,0.182560793217373
10111001,5,4,2.5,CS,0.5,0.0916943718444082,0.725209609317004
10111001,5,4,2.5,CS,1,0.0775427560164591,0.647826786924441
10111001,5,4,2.5,CS,2,0.0518018979357657,0.471412127400957
10111001,5,4,2.5,nug0.2,0.5,0.0407904730629835,0.387175859486211
10111001,5,4,2.5,nug0.2,1,0.0342036465900446,0.332838316326288
10111001,5,4,2.5,nug0.2,2,0.0225135202532428,0.233184051547039
10111001,5,4,2.5,nug0.5,0.5,0.0344906139694595,0.335415598709862
10111001,5,4,2.5,nug0.5,1,0.028890899144754,0.288286136507332
10111001,5,4,2.5,nug0.5,2,0.0189823917985041,0.203411943072174
10111001,5,4,3,CS,0.5,0.0931431359351912,0.732350930000014
10111001,5,4,3,CS,1,0.0827088446808838,0.677699004530292
10111001,5,4,3,CS,2,0.05903157994232,0.525422031239999
10111001,5,4,3,nug0.2,0.5,0.0384653407022623,0.368238160393199
10111001,5,4,3,nug0.2,1,0.0339293727855886,0.33065967988777
10111001,5,4,3,nug0.2,2,0.0238657596507254,0.245084484128451
10111001,5,4,3,nug0.5,0.5,0.033679171908891,0.328659781431825
10111001,5,4,3,nug0.5,1,0.0296903492946079,0.295121805277805
10111001,5,4,3,nug0.5,2,0.0208578448785546,0.219641629483537
10111001,5,4,4,CS,0.5,0.0942202997756435,0.73756887709664
10111001,5,4,4,CS,1,0.0887543019928682,0.710278296458856
10111001,5,4,4,CS,2,0.0700183380154092,0.600943133888406
10111001,5,4,4,nug0.2,0.5,0.035043050123229,0.34001129649273
10111001,5,4,4,nug0.2,1,0.0328860159326864,0.322017971608122
10111001,5,4,4,nug0.2,2,0.0256198103974532,0.260416741476638
10111001,5,4,4,nug0.5,0.5,0.0321398549621888,0.315790903598128
10111001,5,4,4,nug0.5,1,0.0301559639766781,0.299105997354969
10111001,5,4,4,nug0.5,2,0.0234786543748111,0.242270717138552
11111001,6,2,0.5,CS,0.5,0.048610998045932,0.43840330207304
11111001,6,2,0.5,CS,1,0.0370113018169074,0.32189264909764
11111001,6,2,0.5,CS,2,0.0312192213010048,0.245704185657676
11111001,6,2,0.5,nug0.2,0.5,0.0251496709639562,0.250082285060611
11111001,6,2,0.5,nug0.2,1,0.019130009702326,0.186497148063957
11111001,6,2,0.5,nug0.2,2,0.0161511335948437,0.147436966521234
11111001,6,2,0.5,nug0.5,0.5,0.0194648868784786,0.203247097745324
11111001,6,2,0.5,nug0.5,1,0.0148025392043618,0.154301663368745
11111001,6,2,0.5,nug0.5,2,0.0125001708072655,0.124473517689947
11111001,6,2,1,CS,0.5,0.0637137184304519,0.558289187731216
11111001,6,2,1,CS,1,0.048610998045932,0.43840330207304
11111001,6,2,1,CS,2,0.0370113018169074,0.32189264909764
11111001,6,2,1,nug0.2,0.5,0.0239431780061787,0.2457964679762
11111001,6,2,1,nug0.2,1,0.018147469030266,0.192438950056149
11111001,6,2,1,nug0.2,2,0.0137999556458444,0.146920879632608
11111001,6,2,1,nug0.5,0.5,0.0216501119694465,0.226392468150055
11111001,6,2,1,nug0.5,1,0.0164033249269096,0.178178966473726
11111001,6,2,1,nug0.5,2,0.0124727874684321,0.137204323364965
11111001,6,2,1.5,CS,0.5,0.0707693231379209,0.606134036510228
11111001,6,2,1.5,CS,1,0.0575181206139548,0.512313712019615
11111001,6,2,1.5,CS,2,0.0430535127108158,0.386296316390098
11111001,6,2,1.5,nug0.2,0.5,0.0228029928293076,0.23673969234334
11111001,6,2,1.5,nug0.2,1,0.0183846577492739,0.19778595674399
11111001,6,2,1.5,nug0.2,2,0.0136933712711926,0.152891056274243
11111001,6,2,1.5,nug0.5,0.5,0.0220235759974944,0.230125808260576
11111001,6,2,1.5,nug0.5,1,0.017753965763845,0.192506742359357
11111001,6,2,1.5,nug0.5,2,0.0132225846966083,0.149202969343936
11111001,6,2,2,CS,0.5,0.0740464122090435,0.62688832514228
11111001,6,2,2,CS,1,0.0637137184304519,0.558289187731216
11111001,6,2,2,CS,2,0.048610998045932,0.43840330207304
11111001,6,2,2,nug0.2,0.5,0.0219472344199591,0.229569341337166
11111001,6,2,2,nug0.2,1,0.0187502954920766,0.201892318464607
11111001,6,2,2,nug0.2,2,0.0141995554866076,0.160264560731936
11111001,6,2,2,nug0.5,0.5,0.0219120144824925,0.229270381760898
11111001,6,2,2,nug0.5,1,0.0187201162139657,0.2016377957257
11111001,6,2,2,nug0.5,2,0.0141766311899169,0.160078923393123
11111001,6,2,2.5,CS,0.5,0.0756103920885328,0.636486948563332
11111001,6,2,2.5,CS,1,0.0679191180587461,0.587345285545947
11111001,6,2,2.5,CS,2,0.0534401444426794,0.479740354918903
11111001,6,2,2.5,nug0.2,0.5,0.0213781994019067,0.224757229050348
11111001,6,2,2.5,nug0.2,1,0.0190953296537299,0.205167435491513
11111001,6,2,2.5,nug0.2,2,0.014897095081347,0.16773033779312
11111001,6,2,2.5,nug0.5,0.5,0.0217294607181305,0.227738632259917
11111001,6,2,2.5,nug0.5,1,0.0194097882354875,0.20782720330448
11111001,6,2,2.5,nug0.5,2,0.0151432369063993,0.169759130501898
11111001,6,2,3,CS,0.5,0.0763724679637086,0.64109453297189
11111001,6,2,3,CS,1,0.0707693231379209,0.606134036510228
11111001,6,2,3,CS,2,0.0575181206139548,0.512313712019615
11111001,6,2,3,nug0.2,0.5,0.0210297790520252,0.221804319940299
11111001,6,2,3,nug0.2,1,0.0194042116718315,0.207919991965577
11111001,6,2,3,nug0.2,2,0.0156356148917815,0.174829795227014
11111001,6,2,3,nug0.5,0.5,0.0215853206863265,0.226519041401785
11111001,6,2,3,nug0.5,1,0.019917657944012,0.212268601089747
11111001,6,2,3,nug0.5,2,0.0160507074239478,0.178286063101163
11111001,6,2,4,CS,0.5,0.0769350378479495,0.644467127338325
11111001,6,2,4,CS,1,0.0740464122090435,0.62688832514228
11111001,6,2,4,CS,2,0.0637137184304519,0.558289187731216
11111001,6,2,4,nug0.2,0.5,0.0207584594831129,0.219503423315245
11111001,6,2,4,nug0.2,1,0.0199340794126126,0.212491200052405
11111001,6,2,4,nug0.2,2,0.0170257267322304,0.187370092615467
11111001,6,2,4,nug0.5,0.5,0.0214648768593043,0.225497868916162
11111001,6,2,4,nug0.5,1,0.0206130259808498,0.218247962555829
11111001,6,2,4,nug0.5,2,0.0176072404993924,0.1922614337607
10000101,3,4,0.5,CS,0.5,0.0473616758792093,0.439140079410889
10000101,3,4,0.5,CS,1,0.026728562486339,0.269966297770952
10000101,3,4,0.5,CS,2,0.0146434106842259,0.164102200560155
10000101,3,4,0.5,nug0.2,0.5,0.036259588172344,0.349804935568528
10000101,3,4,0.5,nug0.2,1,0.0203592535051056,0.215961190625799
10000101,3,4,0.5,nug0.2,2,0.0111256520955817,0.135713073991333
10000101,3,4,0.5,nug0.5,0.5,0.0224182989290124,0.23340016768964
10000101,3,4,0.5,nug0.5,1,0.0125084096441685,0.14994410631638
10000101,3,4,0.5,nug0.5,2,0.00681414570757205,0.101620980090093
10000101,3,4,1,CS,0.5,0.0715186636465103,0.610841190634885
10000101,3,4,1,CS,1,0.0473616758792093,0.439140079410889
10000101,3,4,1,CS,2,0.026728562486339,0.269966297770952
10000101,3,4,1,nug0.2,0.5,0.0410422223008743,0.388979589691646
10000101,3,4,1,nug0.2,1,0.0268809170652544,0.271231309797704
10000101,3,4,1,nug0.2,2,0.0150288226035816,0.170987617561338
10000101,3,4,1,nug0.5,0.5,0.0302791166091769,0.299967968650062
10000101,3,4,1,nug0.5,1,0.0197549290102964,0.210823384058391
10000101,3,4,1,nug0.5,2,0.0110090458567678,0.137526138625955
10000101,3,4,1.5,CS,0.5,0.0831254692357402,0.68004976366116
10000101,3,4,1.5,CS,1,0.0616892135989753,0.545194167074676
10000101,3,4,1.5,CS,2,0.0378967109156397,0.363500171806095
10000101,3,4,1.5,nug0.2,0.5,0.0402826846102517,0.38299152794348
10000101,3,4,1.5,nug0.2,1,0.0295422680100682,0.293664168389224
10000101,3,4,1.5,nug0.2,2,0.0179090832837889,0.19532918105888
10000101,3,4,1.5,nug0.5,0.5,0.0325788928234478,0.319406841631224
10000101,3,4,1.5,nug0.5,1,0.0238419904045481,0.245440420409961
10000101,3,4,1.5,nug0.5,2,0.0144197478245464,0.165964563626865
10000101,3,4,2,CS,0.5,0.0888625205115246,0.710841061809207
10000101,3,4,2,CS,1,0.0715186636465103,0.610841190634885
10000101,3,4,2,CS,2,0.0473616758792093,0.439140079410889
10000101,3,4,2,nug0.2,0.5,0.0386346872791314,0.36960773692561
10000101,3,4,2,nug0.2,1,0.0307668781383382,0.304069722225876
10000101,3,4,2,nug0.2,2,0.0200766729186535,0.213548164255533
10000101,3,4,2,nug0.5,0.5,0.0329873044834825,0.322867529705885
10000101,3,4,2,nug0.5,1,0.0262385325696998,0.265842223284233
10000101,3,4,2,nug0.5,2,0.0170939492063534,0.188337188782491
10000101,3,4,2.5,CS,0.5,0.0917218613395662,0.725346752021376
10000101,3,4,2.5,CS,1,0.0783444531801836,0.652658882694216
10000101,3,4,2.5,CS,2,0.0552070447638853,0.498622948495568
10000101,3,4,2.5,nug0.2,0.5,0.037043896641816,0.356557503361187
10000101,3,4,2.5,nug0.2,1,0.0313683798018981,0.309208089215163
10000101,3,4,2.5,nug0.2,2,0.0217785945878971,0.227926798423447
10000101,3,4,2.5,nug0.5,0.5,0.0327453548990719,0.320856385038766
10000101,3,4,2.5,nug0.5,1,0.0277096509982314,0.278370965125895
10000101,3,4,2.5,nug0.5,2,0.019216338464992,0.206222310529501
10000101,3,4,3,CS,0.5,0.0931500580640306,0.732384749506283
10000101,3,4,3,CS,1,0.0831254692357402,0.68004976366116
10000101,3,4,3,CS,2,0.0616892135989753,0.545194167074676
10000101,3,4,3,nug0.2,0.5,0.0357023047659335,0.34547734404993
10000101,3,4,3,nug0.2,1,0.0316459537934015,0.311589978891114
10000101,3,4,3,nug0.2,2,0.0231533157636293,0.239599396529084
10000101,3,4,3,nug0.5,0.5,0.0323119002587827,0.317231277771119
10000101,3,4,3,nug0.5,1,0.0286294008590481,0.286192363618727
10000101,3,4,3,nug0.5,2,0.0209289755836006,0.220737474234103
10000101,3,4,4,CS,0.5,0.0942207346145908,0.737570968408003
10000101,3,4,4,CS,1,0.0888625205115246,0.710841061809207
10000101,3,4,4,CS,2,0.0715186636465103,0.610841190634885
10000101,3,4,4,nug0.2,0.5,0.0337342963687834,0.329120567358572
10000101,3,4,4,nug0.2,1,0.0316959717943911,0.312053459406832
10000101,3,4,4,nug0.2,2,0.0252045822032096,0.257079771175347
10000101,3,4,4,nug0.5,0.5,0.0314407223402716,0.309926844981603
10000101,3,4,4,nug0.5,1,0.0295367625045515,0.293890741745505
10000101,3,4,4,nug0.5,2,0.0234769834373837,0.242425870081911
11000101,4,4,0.5,CS,0.5,0.0523827277375925,0.476600398587039
11000101,4,4,0.5,CS,1,0.0324792137282638,0.309596229293489
11000101,4,4,0.5,CS,2,0.021608997603599,0.204067512959452
11000101,4,4,0.5,nug0.2,0.5,0.0401906931910889,0.381090766538142
11000101,4,4,0.5,nug0.2,1,0.024820417816558,0.246778068355482
11000101,4,4,0.5,nug0.2,2,0.01649072526721,0.165985517624418
11000101,4,4,0.5,nug0.5,0.5,0.0248805341952039,0.253651019645516
11000101,4,4,0.5,nug0.5,1,0.0152890890943712,0.168734555568023
11000101,4,4,0.5,nug0.5,2,0.0101406982027721,0.119799825681149
11000101,4,4,1,CS,0.5,0.0769971090780389,0.644795926724318
11000101,4,4,1,CS,1,0.0523827277375925,0.476600398587039
11000101,4,4,1,CS,2,0.0324792137282638,0.309596229293489
11000101,4,4,1,nug0.2,0.5,0.0437662850426494,0.411066901080616
11000101,4,4,1,nug0.2,1,0.0294474042664722,0.292177519492239
11000101,4,4,1,nug0.2,2,0.0181222429430788,0.191794427619954
11000101,4,4,1,nug0.5,0.5,0.0325251688603946,0.318987690924276
11000101,4,4,1,nug0.5,1,0.0218029193230475,0.227617694868996
11000101,4,4,1,nug0.5,2,0.0133845593439257,0.153350457871894
11000101,4,4,1.5,CS,0.5,0.0888134604169354,0.710606789103081
11000101,4,4,1.5,CS,1,0.0669169121815111,0.581019179233078
11000101,4,4,1.5,CS,2,0.0430575624095212,0.401889123372486
11000101,4,4,1.5,nug0.2,0.5,0.0421531614226725,0.398180996696777
11000101,4,4,1.5,nug0.2,1,0.0313674816245207,0.309151167587202
11000101,4,4,1.5,nug0.2,2,0.0199329091990995,0.210587352597883
11000101,4,4,1.5,nug0.5,0.5,0.0345149425822451,0.335621201498424
11000101,4,4,1.5,nug0.5,1,0.0256317405971766,0.260732374120879
11000101,4,4,1.5,nug0.5,2,0.0162555717049926,0.179843539701525
11000101,4,4,2,CS,0.5,0.0945749801549672,0.739269903522817
11000101,4,4,2,CS,1,0.0769971090780389,0.644795926724318
11000101,4,4,2,CS,2,0.0523827277375925,0.476600398587039
11000101,4,4,2,nug0.2,0.5,0.0399088229118125,0.380022996287437
11000101,4,4,2,nug0.2,1,0.032131448854671,0.315690496318084
11000101,4,4,2,nug0.2,2,0.0215361987794149,0.225362108171154
11000101,4,4,2,nug0.5,0.5,0.034618747479189,0.336485800924548
11000101,4,4,2,nug0.5,1,0.0278424582145689,0.279568393269918
11000101,4,4,2,nug0.5,2,0.0186351569365258,0.200863080604169
11000101,4,4,2.5,CS,0.5,0.0974226712828531,0.75262996402967
11000101,4,4,2.5,CS,1,0.0839677520427507,0.684774547909832
11000101,4,4,2.5,CS,2,0.0602980256453374,0.535287505205995
11000101,4,4,2.5,nug0.2,0.5,0.037938206034359,0.363917100808342
11000101,4,4,2.5,nug0.2,1,0.0324038349127815,0.317996109368885
11000101,4,4,2.5,nug0.2,2,0.0229116288042901,0.23747757701673
11000101,4,4,2.5,nug0.5,0.5,0.0341475370606471,0.332564579215165
11000101,4,4,2.5,nug0.5,1,0.0291493981598415,0.290632145698557
11000101,4,4,2.5,nug0.5,2,0.0205905555459786,0.217804514639479
11000101,4,4,3,CS,0.5,0.0988389912415453,0.759079288489151
11000101,4,4,3,CS,1,0.0888134604169354,0.710606789103081
11000101,4,4,3,CS,2,0.0669169121815111,0.581019179233078
11000101,4,4,3,nug0.2,0.5,0.0363695092166146,0.350997781965436
11000101,4,4,3,nug0.2,1,0.0324522952760442,0.31840664284487
11000101,4,4,3,nug0.2,2,0.0240868180802121,0.247629719919876
11000101,4,4,3,nug0.5,0.5,0.0335594956306917,0.327662455819385
11000101,4,4,3,nug0.5,1,0.0299355364964236,0.297265645384341
11000101,4,4,3,nug0.5,2,0.0222040475885137,0.231653103272846
11000101,4,4,4,CS,0.5,0.0998981424003958,0.763818242740976
11000101,4,4,4,CS,1,0.0945749801549672,0.739269903522817
11000101,4,4,4,CS,2,0.0769971090780389,0.644795926724318
11000101,4,4,4,nug0.2,0.5,0.0342262637118065,0.333220159611144
11000101,4,4,4,nug0.2,1,0.0322770033282171,0.316939933444073
11000101,4,4,4,nug0.2,2,0.0259467926386529,0.263514797149147
11000101,4,4,4,nug0.5,0.5,0.0325415452235808,0.3191550793539
11000101,4,4,4,nug0.5,1,0.0306851847534145,0.303577734450252
11000101,4,4,4,nug0.5,2,0.0246592243467947,0.252593088563515
10100101,4,6,0.5,CS,0.5,0.0378810100214848,0.362712843091517
10100101,4,6,0.5,CS,1,0.0185261063309314,0.197231601355121
10100101,4,6,0.5,CS,2,0.00954229888784177,0.118731977530719
10100101,4,6,0.5,nug0.2,0.5,0.0369210293138535,0.354827452775828
10100101,4,6,0.5,nug0.2,1,0.0180479952707679,0.193271094726123
10100101,4,6,0.5,nug0.2,2,0.00929419918574589,0.116880118359249
10100101,4,6,0.5,nug0.5,0.5,0.0194611056895876,0.208083114734548
10100101,4,6,0.5,nug0.5,1,0.00943123076581222,0.122915332497206
10100101,4,6,0.5,nug0.5,2,0.00483956308203038,0.0841654232032621
10100101,4,6,1,CS,0.5,0.0672966587239683,0.583738200864549
10100101,4,6,1,CS,1,0.0378810100214848,0.362712843091517
10100101,4,6,1,CS,2,0.0185261063309314,0.197231601355121
10100101,4,6,1,nug0.2,0.5,0.0524163641518775,0.478227859674182
10100101,4,6,1,nug0.2,1,0.0293031568498231,0.291329503943389
10100101,4,6,1,nug0.2,2,0.014270108121484,0.162143279053354
10100101,4,6,1,nug0.5,0.5,0.0323606517017173,0.317618248405269
10100101,4,6,1,nug0.5,1,0.0179258871741431,0.195122385986204
10100101,4,6,1,nug0.5,2,0.0086806664436074,0.116918011241931
10100101,4,6,1.5,CS,0.5,0.0835061580745247,0.682238289987441
10100101,4,6,1.5,CS,1,0.0545121308434916,0.493777173306163
10100101,4,6,1.5,CS,2,0.0283308942866783,0.282133075520288
10100101,4,6,1.5,nug0.2,0.5,0.0557822739982135,0.503301655951465
10100101,4,6,1.5,nug0.2,1,0.0360369167021074,0.348127105757329
10100101,4,6,1.5,nug0.2,2,0.0185595159461889,0.199783279439601
10100101,4,6,1.5,nug0.5,0.5,0.0380070666013338,0.364481048154804
10100101,4,6,1.5,nug0.5,1,0.0243916146247639,0.250257416709085
10100101,4,6,1.5,nug0.5,2,0.012490799216176,0.149157961052485
10100101,4,6,2,CS,0.5,0.0918305408232965,0.725891882218849
10100101,4,6,2,CS,1,0.0672966587239683,0.583738200864549
10100101,4,6,2,CS,2,0.0378810100214848,0.362712843091517
10100101,4,6,2,nug0.2,0.5,0.0547436491495332,0.495644321212156
10100101,4,6,2,nug0.2,1,0.0396854994565202,0.378179315819729
10100101,4,6,2,nug0.2,2,0.0220569769643311,0.230051234985983
10100101,4,6,2,nug0.5,0.5,0.0398940490913292,0.379902797853109
10100101,4,6,2,nug0.5,1,0.0287962095347091,0.287635757383343
10100101,4,6,2,nug0.5,2,0.0159255544542356,0.178293081545382
10100101,4,6,2.5,CS,0.5,0.0960308279577024,0.746165994394316
10100101,4,6,2.5,CS,1,0.076708993886295,0.643108883948031
10100101,4,6,2.5,CS,2,0.0466723628555255,0.433748955675568
10100101,4,6,2.5,nug0.2,0.5,0.052365389744611,0.477873448343846
10100101,4,6,2.5,nug0.2,1,0.0414267270915229,0.392321541499284
10100101,4,6,2.5,nug0.2,2,0.024836117300691,0.253906879332254
10100101,4,6,2.5,nug0.5,0.5,0.040087251232466,0.381474159933262
10100101,4,6,2.5,nug0.5,1,0.0316278054232171,0.311492399711213
10100101,4,6,2.5,nug0.5,2,0.0188846411959059,0.203457367387446
10100101,4,6,3,CS,0.5,0.098138553918498,0.755905908684598
10100101,4,6,3,CS,1,0.0835061580745247,0.682238289987441
10100101,4,6,3,CS,2,0.0545121308434916,0.493777173306163
10100101,4,6,3,nug0.2,0.5,0.0497665866219264,0.458095192582012
10100101,4,6,3,nug0.2,1,0.0420104917473716,0.397033030814678
10100101,4,6,3,nug0.2,2,0.0270010004453101,0.272376731327082
10100101,4,6,3,nug0.5,0.5,0.0395747232165005,0.377302665784556
10100101,4,6,3,nug0.5,1,0.0333512802960875,0.325923350390065
10100101,4,6,3,nug0.5,2,0.0213667656275964,0.224586838160573
10100101,4,6,4,CS,0.5,0.0997222293597217,0.76303610942357
10100101,4,6,4,CS,1,0.0918305408232965,0.725891882218849
10100101,4,6,4,CS,2,0.0672966587239683,0.583738200864549
10100101,4,6,4,nug0.2,0.5,0.0451705223434209,0.422257206202135
10100101,4,6,4,nug0.2,1,0.0413973681513121,0.392090122978664
10100101,4,6,4,nug0.2,2,0.029894340295421,0.296898770027286
10100101,4,6,4,nug0.5,0.5,0.0379805337678757,0.364264537244098
10100101,4,6,4,nug0.5,1,0.034786088669612,0.337876855111668
10100101,4,6,4,nug0.5,2,0.0250721237601821,0.256102962063769
11100101,5,4,0.5,CS,0.5,0.0484937434920634,0.440853888594
11100101,5,4,0.5,CS,1,0.0322414732073702,0.292892482464174
11100101,5,4,0.5,CS,2,0.0241485528674832,0.205978044106986
11100101,5,4,0.5,nug0.2,0.5,0.0343612109148448,0.32836025073594
11100101,5,4,0.5,nug0.2,1,0.0227788938675636,0.219141109710042
11100101,5,4,0.5,nug0.2,2,0.0170468843540234,0.157985484645629
11100101,5,4,0.5,nug0.5,0.5,0.0223133785184588,0.228543698087917
11100101,5,4,0.5,nug0.5,1,0.01475559526583,0.157319101098116
11100101,5,4,0.5,nug0.5,2,0.0110345380639933,0.118471721628079
11100101,5,4,1,CS,0.5,0.0712595142891111,0.608612585381831
11100101,5,4,1,CS,1,0.0484937434920634,0.440853888594
11100101,5,4,1,CS,2,0.0322414732073702,0.292892482464174
11100101,5,4,1,nug0.2,0.5,0.0377095509335367,0.361348825052427
11100101,5,4,1,nug0.2,1,0.0254147273838905,0.254354104489289
11100101,5,4,1,nug0.2,2,0.0168171551773342,0.173065805232966
11100101,5,4,1,nug0.5,0.5,0.0290410430172282,0.289156544603637
11100101,5,4,1,nug0.5,1,0.0195240628859267,0.205367343596227
11100101,5,4,1,nug0.5,2,0.0129036904888803,0.143286529144062
11100101,5,4,1.5,CS,0.5,0.0829998388800459,0.67929620141216
11100101,5,4,1.5,CS,1,0.0616106442427336,0.542637159271719
11100101,5,4,1.5,CS,2,0.0406300251315256,0.372636374433408
11100101,5,4,1.5,nug0.2,0.5,0.0372899190488261,0.358475423699719
11100101,5,4,1.5,nug0.2,1,0.0273537417888993,0.273939087449761
11100101,5,4,1.5,nug0.2,2,0.0178719867974822,0.188450697644836
11100101,5,4,1.5,nug0.5,0.5,0.0312854180730627,0.308523842947228
11100101,5,4,1.5,nug0.5,1,0.0229137805028336,0.236497324326646
11100101,5,4,1.5,nug0.5,2,0.0149532409577791,0.164923572246211
11100101,5,4,2,CS,0.5,0.0888242395388478,0.71063734729492
11100101,5,4,2,CS,1,0.0712595142891111,0.608612585381831
11100101,5,4,2,CS,2,0.0484937434920634,0.440853888594
11100101,5,4,2,nug0.2,0.5,0.0360089251355903,0.347994462547237
11100101,5,4,2,nug0.2,1,0.0285727156149054,0.285209239647446
11100101,5,4,2,nug0.2,2,0.0192066445099397,0.202735066084695
11100101,5,4,2,nug0.5,0.5,0.0317452541152187,0.312462358274098
11100101,5,4,2,nug0.5,1,0.0251673818207601,0.256427573074971
11100101,5,4,2,nug0.5,2,0.0169011642757225,0.183664137390711
11100101,5,4,2.5,CS,0.5,0.0917114832550093,0.725294446881148
11100101,5,4,2.5,CS,1,0.0781418418800917,0.651290061623429
11100101,5,4,2.5,CS,2,0.0555118055081023,0.497097661891678
11100101,5,4,2.5,nug0.2,0.5,0.0347093891398733,0.337234600140744
11100101,5,4,2.5,nug0.2,1,0.0293072402745359,0.291745987696379
11100101,5,4,2.5,nug0.2,2,0.0205373995261466,0.215547908299644
11100101,5,4,2.5,nug0.5,0.5,0.0315705289552537,0.311011995148472
11100101,5,4,2.5,nug0.5,1,0.0266437016855073,0.269240296455617
11100101,5,4,2.5,nug0.5,2,0.0186571429746911,0.199796326528177
11100101,5,4,3,CS,0.5,0.0931473659060862,0.732371533108321
11100101,5,4,3,CS,1,0.0829998388800459,0.67929620141216
11100101,5,4,3,CS,2,0.0616106442427336,0.542637159271719
11100101,5,4,3,nug0.2,0.5,0.0336000472913628,0.327999688969832
11100101,5,4,3,nug0.2,1,0.0297295905301294,0.295436270391309
11100101,5,4,3,nug0.2,2,0.0217655785003445,0.226808557761321
11100101,5,4,3,nug0.5,0.5,0.0312070345157999,0.307963352933857
11100101,5,4,3,nug0.5,1,0.0276044563924366,0.277492285457217
11100101,5,4,3,nug0.5,2,0.0201987111913701,0.213597406569888
11100101,5,4,4,CS,0.5,0.0942205618711519,0.737570136660617
11100101,5,4,4,CS,1,0.0888242395388478,0.71063734729492
11100101,5,4,4,CS,2,0.0712595142891111,0.608612585381831
11100101,5,4,4,nug0.2,0.5,0.0319892269909306,0.314528431590727
11100101,5,4,4,nug0.2,1,0.0300394875518639,0.298123289390602
11100101,5,4,4,nug0.2,2,0.0238066886607584,0.244902630181638
11100101,5,4,4,nug0.5,0.5,0.0304723832431885,0.301787366822347
11100101,5,4,4,nug0.5,1,0.0286123762486896,0.286084830253153
11100101,5,4,4,nug0.5,2,0.0226690150308195,0.235263544829192
10010101,4,6,0.5,CS,0.5,0.0378810100214848,0.362712843091517
10010101,4,6,0.5,CS,1,0.0185261063309314,0.19723160135512
10010101,4,6,0.5,CS,2,0.00954229888784177,0.118731977530719
10010101,4,6,0.5,nug0.2,0.5,0.0373204781682278,0.358112338394078
10010101,4,6,0.5,nug0.2,1,0.0182468822029569,0.194918144965509
10010101,4,6,0.5,nug0.2,2,0.00939739298646277,0.117650027332324
10010101,4,6,0.5,nug0.5,0.5,0.0195299684645347,0.208665164674274
10010101,4,6,0.5,nug0.5,1,0.00946492422043061,0.123185184381297
10010101,4,6,0.5,nug0.5,2,0.00485692010258274,0.0842907366985114
10010101,4,6,1,CS,0.5,0.0672966587239683,0.583738200864549
10010101,4,6,1,CS,1,0.0378810100214848,0.362712843091517
10010101,4,6,1,CS,2,0.0185261063309314,0.19723160135512
10010101,4,6,1,nug0.2,0.5,0.0535571991735948,0.4867890714601
10010101,4,6,1,nug0.2,1,0.0299566426799203,0.296828089224592
10010101,4,6,1,nug0.2,2,0.0145930682920449,0.164790366260208
10010101,4,6,1,nug0.5,0.5,0.032628838066314,0.319863149197691
10010101,4,6,1,nug0.5,1,0.0180766536256697,0.19639372822034
10010101,4,6,1,nug0.5,2,0.0087543254966973,0.117505372328082
10010101,4,6,1.5,CS,0.5,0.0835061580745247,0.682238289987441
10010101,4,6,1.5,CS,1,0.0545121308434916,0.493777173306163
10010101,4,6,1.5,CS,2,0.0283308942866783,0.282133075520288
10010101,4,6,1.5,nug0.2,0.5,0.0572704274197298,0.514164258475156
10010101,4,6,1.5,nug0.2,1,0.0370188928900597,0.356232535350562
10010101,4,6,1.5,nug0.2,2,0.0190744201798821,0.204113154327988
10010101,4,6,1.5,nug0.5,0.5,0.0384323340919552,0.367967765037778
10010101,4,6,1.5,nug0.5,1,0.0246684307568282,0.252606045147064
10010101,4,6,1.5,nug0.5,2,0.0126342576186285,0.150342937324779
10010101,4,6,2,CS,0.5,0.0918305408232965,0.725891882218849
10010101,4,6,2,CS,1,0.0672966587239683,0.583738200864549
10010101,4,6,2,CS,2,0.0378810100214848,0.362712843091517
10010101,4,6,2,nug0.2,0.5,0.0562242945537128,0.506543300018216
10010101,4,6,2,nug0.2,1,0.0407764217951289,0.387040912837331
10010101,4,6,2,nug0.2,2,0.022674605767514,0.235283068561399
10010101,4,6,2,nug0.5,0.5,0.0403783666178675,0.383838951663494
10010101,4,6,2,nug0.5,1,0.0291498849987636,0.290621295665887
10010101,4,6,2,nug0.5,2,0.0161237441774221,0.179956914418126
10010101,4,6,2.5,CS,0.5,0.0960308279577024,0.746165994394316
10010101,4,6,2.5,CS,1,0.076708993886295,0.643108883948031
10010101,4,6,2.5,CS,2,0.0466723628555255,0.433748955675568
10010101,4,6,2.5,nug0.2,0.5,0.0536641305772721,0.487617840408171
10010101,4,6,2.5,nug0.2,1,0.0424663266500851,0.400694055395108
10010101,4,6,2.5,nug0.2,2,0.0254703720175522,0.259283398252888
10010101,4,6,2.5,nug0.5,0.5,0.0405568692763823,0.385287424324328
10010101,4,6,2.5,nug0.5,1,0.0320016248314731,0.314627617803603
10010101,4,6,2.5,nug0.5,2,0.0191107991130398,0.205370391204611
10010101,4,6,3,CS,0.5,0.098138553918498,0.755905908684598
10010101,4,6,3,CS,1,0.0835061580745247,0.682238289987441
10010101,4,6,3,CS,2,0.0545121308434916,0.493777173306163
10010101,4,6,3,nug0.2,0.5,0.0508304357742621,0.466235895821088
10010101,4,6,3,nug0.2,1,0.0429160280566248,0.40430604904272
10010101,4,6,3,nug0.2,2,0.027592296043369,0.277380407117118
10010101,4,6,3,nug0.5,0.5,0.0399907059830967,0.380689152048766
10010101,4,6,3,nug0.5,1,0.0337041418804076,0.328868004332686
10010101,4,6,3,nug0.5,2,0.0215956530146899,0.226528772853662
10010101,4,6,4,CS,0.5,0.0997222293597217,0.76303610942357
10010101,4,6,4,CS,1,0.0918305408232965,0.725891882218849
10010101,4,6,4,CS,2,0.0672966587239683,0.583738200864549
10010101,4,6,4,nug0.2,0.5,0.0458112193935816,0.427315503083832
10010101,4,6,4,nug0.2,1,0.0419869002640972,0.396844332004767
10010101,4,6,4,nug0.2,2,0.0303252373803022,0.300527691147817
10010101,4,6,4,nug0.5,0.5,0.0382617443156195,0.366571143522366
10010101,4,6,4,nug0.5,1,0.0350445089044728,0.340023410990716
10010101,4,6,4,nug0.5,2,0.0252602673434574,0.257699114346157
11010101,5,6,0.5,CS,0.5,0.0370706147571433,0.349639559445576
11010101,5,6,0.5,CS,1,0.0211735779095289,0.206998272851451
11010101,5,6,0.5,CS,2,0.0138192491723877,0.137807519792721
11010101,5,6,0.5,nug0.2,0.5,0.0344612956087245,0.328401611460124
11010101,5,6,0.5,nug0.2,1,0.0196653156801955,0.195297668244421
11010101,5,6,0.5,nug0.2,2,0.0128297367640249,0.131238220106231
11010101,5,6,0.5,nug0.5,0.5,0.0187685111136969,0.198647372032233
11010101,5,6,0.5,nug0.5,1,0.0106519198332809,0.126556112237622
11010101,5,6,0.5,nug0.5,2,0.00693273359717726,0.0928972374075645
11010101,5,6,1,CS,0.5,0.0628350977729894,0.552290655159396
11010101,5,6,1,CS,1,0.0370706147571433,0.349639559445576
11010101,5,6,1,CS,2,0.0211735779095289,0.206998272851451
11010101,5,6,1,nug0.2,0.5,0.0467237078598551,0.433312706936878
11010101,5,6,1,nug0.2,1,0.0273931906885814,0.270160506560019
11010101,5,6,1,nug0.2,2,0.0155934721847497,0.163943428086463
11010101,5,6,1,nug0.5,0.5,0.0296232094673748,0.29377351905508
11010101,5,6,1,nug0.5,1,0.0172532618903053,0.186149486791309
11010101,5,6,1,nug0.5,2,0.00978680152417793,0.120108402977781
11010101,5,6,1.5,CS,0.5,0.0780478100866066,0.650817648139426
11010101,5,6,1.5,CS,1,0.0513589434114329,0.467218083642252
11010101,5,6,1.5,CS,2,0.029153171042075,0.279865696015896
11010101,5,6,1.5,nug0.2,0.5,0.0502040832464424,0.461210328401964
11010101,5,6,1.5,nug0.2,1,0.0327187182089836,0.318329372756401
11010101,5,6,1.5,nug0.2,2,0.0184394829192332,0.192730887185664
11010101,5,6,1.5,nug0.5,0.5,0.0348707892619323,0.338387358147568
11010101,5,6,1.5,nug0.5,1,0.0226062297148641,0.233499879305935
11010101,5,6,1.5,nug0.5,2,0.0126911337640764,0.146634813655352
11010101,5,6,2,CS,0.5,0.0861595974853146,0.696606156014251
11010101,5,6,2,CS,1,0.0628350977729894,0.552290655159396
11010101,5,6,2,CS,2,0.0370706147571433,0.349639559445576
11010101,5,6,2,nug0.2,0.5,0.0499041138271176,0.459097244284526
11010101,5,6,2,nug0.2,1,0.0360212979021984,0.347119230668184
11010101,5,6,2,nug0.2,2,0.0210313958904749,0.217374578550128
11010101,5,6,2,nug0.5,0.5,0.0368527245544227,0.354941050955629
11010101,5,6,2,nug0.5,1,0.0265029847811916,0.267470116749931
11010101,5,6,2,nug0.5,2,0.0154174813547777,0.171070659080968
11010101,5,6,2.5,CS,0.5,0.0903317615667409,0.718362938587011
11010101,5,6,2.5,CS,1,0.0715762219649283,0.610926854403663
11010101,5,6,2.5,CS,2,0.0445375812174797,0.412571964405751
11010101,5,6,2.5,nug0.2,0.5,0.0482213085805162,0.446151878926332
11010101,5,6,2.5,nug0.2,1,0.0378534451368474,0.362771359556958
11010101,5,6,2.5,nug0.2,2,0.0232601681490714,0.237894646212592
11010101,5,6,2.5,nug0.5,0.5,0.0372397830410813,0.358164565825762
11010101,5,6,2.5,nug0.5,1,0.0291622857988446,0.290376924440408
11010101,5,6,2.5,nug0.5,2,0.0178623219278363,0.192752043347003
11010101,5,6,3,CS,0.5,0.0924456366792299,0.728930490769836
11010101,5,6,3,CS,1,0.0780478100866066,0.650817648139426
11010101,5,6,3,CS,2,0.0513589434114329,0.467218083642252
11010101,5,6,3,nug0.2,0.5,0.0461678559047321,0.430119669095323
11010101,5,6,3,nug0.2,1,0.0386748403733544,0.369746624772841
11010101,5,6,3,nug0.2,2,0.0251050947103707,0.254547099441713
11010101,5,6,3,nug0.5,0.5,0.0369142417151214,0.355490779128701
11010101,5,6,3,nug0.5,1,0.0308751771988049,0.30499928295025
11010101,5,6,3,nug0.5,2,0.0199885485785702,0.21146828748925
11010101,5,6,4,CS,0.5,0.0940429029314037,0.736714892760819
11010101,5,6,4,CS,1,0.0861595974853146,0.696606156014251
11010101,5,6,4,CS,2,0.0628350977729894,0.552290655159396
11010101,5,6,4,nug0.2,0.5,0.0422918601576602,0.399297816835862
11010101,5,6,4,nug0.2,1,0.0385632386826679,0.368994437446273
11010101,5,6,4,nug0.2,2,0.0277464675412794,0.277967619368107
11010101,5,6,4,nug0.5,0.5,0.0356075381214146,0.344693216602566
11010101,5,6,4,nug0.5,1,0.0324483991722414,0.318334212368189
11010101,5,6,4,nug0.5,2,0.0233067024046461,0.240434698439393
10110101,5,6,0.5,CS,0.5,0.0338586106387219,0.326032085908043
10110101,5,6,0.5,CS,1,0.0159882767822226,0.172378137282228
10110101,5,6,0.5,CS,2,0.00778057778947062,0.10342676568779
10110101,5,6,0.5,nug0.2,0.5,0.0357740250107879,0.341776860343486
10110101,5,6,0.5,nug0.2,1,0.0169094170267613,0.179755669430095
10110101,5,6,0.5,nug0.2,2,0.00823269571722673,0.106637545427095
10110101,5,6,0.5,nug0.5,0.5,0.0178296516363475,0.192349447971281
10110101,5,6,0.5,nug0.5,1,0.00835034568495887,0.112274269629724
10110101,5,6,0.5,nug0.5,2,0.00404790305728404,0.0773347768720198
10110101,5,6,1,CS,0.5,0.0618806445415598,0.545956701898471
10110101,5,6,1,CS,1,0.0338586106387219,0.326032085908043
10110101,5,6,1,CS,2,0.0159882767822226,0.172378137282228
10110101,5,6,1,nug0.2,0.5,0.0538139469891855,0.48776612298609
10110101,5,6,1,nug0.2,1,0.0293363705407069,0.288531349757827
10110101,5,6,1,nug0.2,2,0.0138206683731838,0.155107898938229
10110101,5,6,1,nug0.5,0.5,0.030933475063234,0.304971877842957
10110101,5,6,1,nug0.5,1,0.0166889179769281,0.182866304883261
10110101,5,6,1,nug0.5,2,0.00781153785303103,0.108127862578367
10110101,5,6,1.5,CS,0.5,0.0777936664418571,0.649346623640582
10110101,5,6,1.5,CS,1,0.0495663959267323,0.454452322724699
10110101,5,6,1.5,CS,2,0.0249917218332828,0.249976366899902
10110101,5,6,1.5,nug0.2,0.5,0.0583343029800507,0.521627300672589
10110101,5,6,1.5,nug0.2,1,0.0368956950433948,0.353567617261661
10110101,5,6,1.5,nug0.2,2,0.0184878096555516,0.19613160117653
10110101,5,6,1.5,nug0.5,0.5,0.0370387867403935,0.356341892246797
10110101,5,6,1.5,nug0.5,1,0.0232405084722603,0.239355496160803
10110101,5,6,1.5,nug0.5,2,0.0115681819476941,0.139637258065863
10110101,5,6,2,CS,0.5,0.0860943170883552,0.696260383757773
10110101,5,6,2,CS,1,0.0618806445415598,0.545956701898471
10110101,5,6,2,CS,2,0.0338586106387219,0.326032085908043
10110101,5,6,2,nug0.2,0.5,0.0572744993849321,0.514142348674165
10110101,5,6,2,nug0.2,1,0.0408136311617923,0.386523058881276
10110101,5,6,2,nug0.2,2,0.0221180565422877,0.228165042276553
10110101,5,6,2,nug0.5,0.5,0.0391615833636724,0.373888633971083
10110101,5,6,2,nug0.5,1,0.0277571137131392,0.278238324272835
10110101,5,6,2,nug0.5,2,0.0149537912935172,0.168496088527251
10110101,5,6,2.5,CS,0.5,0.0903152351501144,0.718279612254749
10110101,5,6,2.5,CS,1,0.0710802793190299,0.607868584900578
10110101,5,6,2.5,CS,2,0.0421184275828607,0.394917456968519
10110101,5,6,2.5,nug0.2,0.5,0.0543671184841922,0.492839622300005
10110101,5,6,2.5,nug0.2,1,0.0424374947689664,0.400063400489628
10110101,5,6,2.5,nug0.2,2,0.024847673937281,0.252220580474796
10110101,5,6,2.5,nug0.5,0.5,0.0393846997670699,0.3757426402391
10110101,5,6,2.5,nug0.5,1,0.0306380320798287,0.302859110192517
10110101,5,6,2.5,nug0.5,2,0.0178517054381239,0.19341543414899
10110101,5,6,3,CS,0.5,0.0924414800013505,0.728910067568187
10110101,5,6,3,CS,1,0.0777936664418571,0.649346623640582
10110101,5,6,3,CS,2,0.0495663959267323,0.454452322724699
10110101,5,6,3,nug0.2,0.5,0.0511126224147634,0.468381926332705
10110101,5,6,3,nug0.2,1,0.0427092529565398,0.402454801272006
10110101,5,6,3,nug0.2,2,0.0268552936687588,0.269856533426518
10110101,5,6,3,nug0.5,0.5,0.03878853940096,0.370881832626022
10110101,5,6,3,nug0.5,1,0.0323431641911099,0.317332960390197
10110101,5,6,3,nug0.5,2,0.0202587179480887,0.214191750814329
10110101,5,6,4,CS,0.5,0.0940426419830153,0.736713635904618
10110101,5,6,4,CS,1,0.0860943170883552,0.696260383757773
10110101,5,6,4,CS,2,0.0618806445415598,0.545956701898471
10110101,5,6,4,nug0.2,0.5,0.0453703240063085,0.42383654124939
10110101,5,6,4,nug0.2,1,0.0413491001175967,0.391654604442653
10110101,5,6,4,nug0.2,2,0.0293265354046014,0.291467856812766
10110101,5,6,4,nug0.5,0.5,0.0369259209344971,0.355589513831771
10110101,5,6,4,nug0.5,1,0.0336269330413271,0.328185427563843
10110101,5,6,4,nug0.5,2,0.0237953553952695,0.2447286637954
11110101,6,4,0.5,CS,0.5,0.0376562325090527,0.345709785093764
11110101,6,4,0.5,CS,1,0.0268303120452666,0.236098236736154
11110101,6,4,0.5,CS,2,0.0217997421130822,0.177384009319976
11110101,6,4,0.5,nug0.2,0.5,0.0256620692612086,0.249464350141104
11110101,6,4,0.5,nug0.2,1,0.0182587332219736,0.174091978111529
11110101,6,4,0.5,nug0.2,2,0.0148265680546585,0.134796264201246
11110101,6,4,0.5,nug0.5,0.5,0.0169988217914818,0.179759284463244
11110101,6,4,0.5,nug0.5,1,0.0120824309120962,0.130497102848264
11110101,6,4,0.5,nug0.5,2,0.0098069486820427,0.105075118594427
11110101,6,4,1,CS,0.5,0.0552531747579402,0.496198828706427
11110101,6,4,1,CS,1,0.0376562325090527,0.345709785093764
11110101,6,4,1,CS,2,0.0268303120452666,0.236098236736154
11110101,6,4,1,nug0.2,0.5,0.0285928944773063,0.28380781156691
11110101,6,4,1,nug0.2,1,0.0193714283094088,0.198753228868112
11110101,6,4,1,nug0.2,2,0.0137726923984706,0.142302779709981
11110101,6,4,1,nug0.5,0.5,0.0221488303899547,0.22960056176074
11110101,6,4,1,nug0.5,1,0.0149843560768076,0.163733038233921
11110101,6,4,1,nug0.5,2,0.0106480504532824,0.120565002269856
11110101,6,4,1.5,CS,0.5,0.0657045233809718,0.572458566490044
11110101,6,4,1.5,CS,1,0.047400987259905,0.432664180578635
11110101,6,4,1.5,CS,2,0.0322656538431865,0.29319111380688
11110101,6,4,1.5,nug0.2,0.5,0.0294741963600327,0.292923783664987
11110101,6,4,1.5,nug0.2,1,0.0210797499944833,0.218404352863066
11110101,6,4,1.5,nug0.2,2,0.0142805324500154,0.153759237378454
11110101,6,4,1.5,nug0.5,0.5,0.0245946111185694,0.251679538957775
11110101,6,4,1.5,nug0.5,1,0.0175695831548237,0.189283627129718
11110101,6,4,1.5,nug0.5,2,0.0118950352745342,0.135737094471392
11110101,6,4,2,CS,0.5,0.0712988739842502,0.609574308782943
11110101,6,4,2,CS,1,0.0552531747579402,0.496198828706427
11110101,6,4,2,CS,2,0.0376562325090527,0.345709785093764
11110101,6,4,2,nug0.2,0.5,0.0293816952985938,0.292493974445426
11110101,6,4,2,nug0.2,1,0.0225670676571503,0.233122186302138
11110101,6,4,2,nug0.2,2,0.0152687097482322,0.165988654970836
11110101,6,4,2,nug0.5,0.5,0.0255566339942328,0.260139129830845
11110101,6,4,2,nug0.5,1,0.0196133383044278,0.208272738399823
11110101,6,4,2,nug0.5,2,0.0132616331501208,0.150120385793288
11110101,6,4,2.5,CS,0.5,0.0741822681113913,0.627733118370462
11110101,6,4,2.5,CS,1,0.0612521990148199,0.541095971662074
11110101,6,4,2.5,CS,2,0.0427450697851373,0.39230048819295
11110101,6,4,2.5,nug0.2,0.5,0.0289311561006271,0.288771038366312
11110101,6,4,2.5,nug0.2,1,0.0237015482982566,0.243675742358194
11110101,6,4,2.5,nug0.2,2,0.0163924460423696,0.177832536594541
11110101,6,4,2.5,nug0.5,0.5,0.0258200709157807,0.262443195871242
11110101,6,4,2.5,nug0.5,1,0.0211414904359488,0.222021949056363
11110101,6,4,2.5,nug0.5,2,0.0146130246147377,0.163385490922606
11110101,6,4,3,CS,0.5,0.0756447598401393,0.636696126484625
11110101,6,4,3,CS,1,0.0657045233809718,0.572458566490044
11110101,6,4,3,CS,2,0.047400987259905,0.432664180578635
11110101,6,4,3,nug0.2,0.5,0.0283895230147719,0.284214544663892
11110101,6,4,3,nug0.2,1,0.0245023848664125,0.250898054189887
11110101,6,4,3,nug0.2,2,0.0175033178638405,0.188735690885546
11110101,6,4,3,nug0.5,0.5,0.0257783862311777,0.262106549598059
11110101,6,4,3,nug0.5,1,0.0222409839107167,0.231730718165335
11110101,6,4,3,nug0.5,2,0.0158793905321594,0.175336035102691
11110101,6,4,4,CS,0.5,0.0767505466604817,0.643363787917936
11110101,6,4,4,CS,1,0.0712988739842502,0.609574308782943
11110101,6,4,4,CS,2,0.0552531747579402,0.496198828706427
11110101,6,4,4,nug0.2,0.5,0.0273727295343299,0.275620186707042
11110101,6,4,4,nug0.2,1,0.0253343160497457,0.258254014383247
11110101,6,4,4,nug0.2,2,0.0194418102624288,0.206831944490144
11110101,6,4,4,nug0.5,0.5,0.025410115616359,0.258988194052949
11110101,6,4,4,nug0.5,1,0.0235144007795846,0.242812957408609
11110101,6,4,4,nug0.5,2,0.0180382713627197,0.195056964738357
10001101,4,4,0.5,CS,0.5,0.0479083391551787,0.44356841047104
10001101,4,4,0.5,CS,1,0.0249366019180346,0.253344240652631
10001101,4,4,0.5,CS,2,0.0124493174093386,0.14473851707921
10001101,4,4,0.5,nug0.2,0.5,0.0376554753768348,0.361451735768097
10001101,4,4,0.5,nug0.2,1,0.0195023218305392,0.207554214496313
10001101,4,4,0.5,nug0.2,2,0.00971235978728624,0.12319262534177
10001101,4,4,0.5,nug0.5,0.5,0.0229115566477834,0.237684183290272
10001101,4,4,0.5,nug0.5,1,0.0117818941357601,0.143215722955415
10001101,4,4,0.5,nug0.5,2,0.00584707182413178,0.0933645674813611
10001101,4,4,1,CS,0.5,0.0757118112054188,0.637109710602359
10001101,4,4,1,CS,1,0.0479083391551787,0.44356841047104
10001101,4,4,1,CS,2,0.0249366019180346,0.253344240652631
10001101,4,4,1,nug0.2,0.5,0.045128286340418,0.421921539190283
10001101,4,4,1,nug0.2,1,0.0282142603355841,0.282624303621415
10001101,4,4,1,nug0.2,2,0.0145458995989359,0.166076491331221
10001101,4,4,1,nug0.5,0.5,0.0326682139767385,0.32021387242209
10001101,4,4,1,nug0.5,1,0.0203251389459519,0.215742283506708
10001101,4,4,1,nug0.5,2,0.0104388592690375,0.132206586861205
10001101,4,4,1.5,CS,0.5,0.0884754224804378,0.708858198004946
10001101,4,4,1.5,CS,1,0.0644731468933747,0.564801128327371
10001101,4,4,1.5,CS,2,0.0371586535304625,0.356984299851814
10001101,4,4,1.5,nug0.2,0.5,0.0445294723240945,0.417176824670428
10001101,4,4,1.5,nug0.2,1,0.0320304523313163,0.314862470103998
10001101,4,4,1.5,nug0.2,2,0.0181958213854363,0.197508853707222
10001101,4,4,1.5,nug0.5,0.5,0.03541140984159,0.343067707663414
10001101,4,4,1.5,nug0.5,1,0.025403732543788,0.258924799411894
10001101,4,4,1.5,nug0.5,2,0.014389186767485,0.16551465276879
10001101,4,4,2,CS,0.5,0.0944886111035298,0.738856526241481
10001101,4,4,2,CS,1,0.0757118112054188,0.637109710602359
10001101,4,4,2,CS,2,0.0479083391551787,0.44356841047104
10001101,4,4,2,nug0.2,0.5,0.0423934481575096,0.400114449986993
10001101,4,4,2,nug0.2,1,0.0335850752215978,0.327874625033471
10001101,4,4,2,nug0.2,2,0.0209030418703655,0.220642114886097
10001101,4,4,2,nug0.5,0.5,0.0357382770693552,0.345776373431502
10001101,4,4,2,nug0.5,1,0.0282718722352406,0.283224994043761
10001101,4,4,2,nug0.5,2,0.0175598213507981,0.192343972086119
10001101,4,4,2.5,CS,0.5,0.0974008600358539,0.752529640142847
10001101,4,4,2.5,CS,1,0.0833049084658115,0.681126364232284
10001101,4,4,2.5,CS,2,0.0569696604018519,0.511929219200595
10001101,4,4,2.5,nug0.2,0.5,0.0402337858224381,0.382664945810879
10001101,4,4,2.5,nug0.2,1,0.0340985657526405,0.33215655616566
10001101,4,4,2.5,nug0.2,2,0.0229303388221537,0.237911194448586
10001101,4,4,2.5,nug0.5,0.5,0.0352760757904362,0.341945301656248
10001101,4,4,2.5,nug0.5,1,0.0298733226272752,0.296742522127377
10001101,4,4,2.5,nug0.5,2,0.0200602747676981,0.213557222034181
10001101,4,4,3,CS,0.5,0.0988335118706439,0.759054586141734
10001101,4,4,3,CS,1,0.0884754224804378,0.708858198004946
10001101,4,4,3,CS,2,0.0644731468933747,0.564801128327371
10001101,4,4,3,nug0.2,0.5,0.0383858142107172,0.367587919857157
10001101,4,4,3,nug0.2,1,0.0341229687374956,0.332359944652243
10001101,4,4,3,nug0.2,2,0.0244701869079996,0.251003459155412
10001101,4,4,3,nug0.5,0.5,0.0346069731119325,0.336387966001377
10001101,4,4,3,nug0.5,1,0.0307503583800212,0.304125931319067
10001101,4,4,3,nug0.5,2,0.0220298783274596,0.230285617639342
10001101,4,4,4,CS,0.5,0.0998977987166092,0.76381671659668
10001101,4,4,4,CS,1,0.0944886111035298,0.738856526241481
10001101,4,4,4,CS,2,0.0757118112054188,0.637109710602359
10001101,4,4,4,nug0.2,0.5,0.0356793395360943,0.345288218714098
10001101,4,4,4,nug0.2,1,0.0336175323139764,0.32814668464057
10001101,4,4,4,nug0.2,2,0.0265819782230621,0.268922751920737
10001101,4,4,4,nug0.5,0.5,0.0333485576590059,0.325901748535565
10001101,4,4,4,nug0.5,1,0.0314170515678002,0.309728175330095
10001101,4,4,4,nug0.5,2,0.024830187381147,0.254067097403709
11001101,5,4,0.5,CS,0.5,0.0449102392677852,0.415630603297121
11001101,5,4,0.5,CS,1,0.0258809268896842,0.250259967276659
11001101,5,4,0.5,CS,2,0.0160066979606885,0.158630370569255
11001101,5,4,0.5,nug0.2,0.5,0.0406723980573204,0.381917513445718
11001101,5,4,0.5,nug0.2,1,0.0234025763237578,0.230330254058404
11001101,5,4,0.5,nug0.2,2,0.0144635081187575,0.14767329309621
11001101,5,4,0.5,nug0.5,0.5,0.022607931339556,0.232502479653202
11001101,5,4,0.5,nug0.5,1,0.0129234579448819,0.146964147962471
11001101,5,4,0.5,nug0.5,2,0.00796282152587266,0.102487822683607
11001101,5,4,1,CS,0.5,0.0702653658949975,0.602481125799041
11001101,5,4,1,CS,1,0.0449102392677852,0.415630603297121
11001101,5,4,1,CS,2,0.0258809268896842,0.250259967276659
11001101,5,4,1,nug0.2,0.5,0.0490318435698324,0.451839181211088
11001101,5,4,1,nug0.2,1,0.0311030423373412,0.30353972935017
11001101,5,4,1,nug0.2,2,0.0178343247438396,0.185751641048089
11001101,5,4,1,nug0.5,0.5,0.0323880026013407,0.317408565839473
11001101,5,4,1,nug0.5,1,0.0204248963968571,0.214216633509071
11001101,5,4,1,nug0.5,2,0.0116663548024164,0.137158643266087
11001101,5,4,1.5,CS,0.5,0.0827411423679316,0.677876661064211
11001101,5,4,1.5,CS,1,0.0596979707687012,0.529929308877781
11001101,5,4,1.5,CS,2,0.0358095427000363,0.338720600272922
11001101,5,4,1.5,nug0.2,0.5,0.0482723864278489,0.446449756396332
11001101,5,4,1.5,nug0.2,1,0.0344832169518541,0.334099163423452
11001101,5,4,1.5,nug0.2,2,0.0204904640188308,0.212473183344219
11001101,5,4,1.5,nug0.5,0.5,0.0354592778734775,0.343372452854162
11001101,5,4,1.5,nug0.5,1,0.0252373031092946,0.256545265874622
11001101,5,4,1.5,nug0.5,2,0.0149450497800086,0.166894825926876
11001101,5,4,2,CS,0.5,0.0887584149123762,0.710299423724937
11001101,5,4,2,CS,1,0.0702653658949975,0.602481125799041
11001101,5,4,2,CS,2,0.0449102392677852,0.415630603297121
11001101,5,4,2,nug0.2,0.5,0.0453935077340951,0.42399639989242
11001101,5,4,2,nug0.2,1,0.0355916064529356,0.344066800362196
11001101,5,4,2,nug0.2,2,0.0224704853806755,0.231350456314423
11001101,5,4,2,nug0.5,0.5,0.0358118924965634,0.346365709012448
11001101,5,4,2,nug0.5,1,0.0280197586314349,0.280684308315063
11001101,5,4,2,nug0.5,2,0.0176430716524669,0.19098384582038
11001101,5,4,2.5,CS,0.5,0.0916948903396772,0.725212180368058
11001101,5,4,2.5,CS,1,0.077632547119458,0.648347991572627
11001101,5,4,2.5,CS,2,0.0528820128895317,0.479017890024593
11001101,5,4,2.5,nug0.2,0.5,0.0424061681427985,0.400211361537263
11001101,5,4,2.5,nug0.2,1,0.0356110205879798,0.344514338374194
11001101,5,4,2.5,nug0.2,2,0.0239302747179491,0.244843728944735
11001101,5,4,2.5,nug0.5,0.5,0.0351994571456843,0.341304926571538
11001101,5,4,2.5,nug0.5,1,0.0295240605745609,0.293618394939165
11001101,5,4,2.5,nug0.5,2,0.0198012563686312,0.210054179568358
11001101,5,4,3,CS,0.5,0.0931432010106657,0.732351246977774
11001101,5,4,3,CS,1,0.0827411423679316,0.677876661064211
11001101,5,4,3,CS,2,0.0596979707687012,0.529929308877781
11001101,5,4,3,nug0.2,0.5,0.0398159038778298,0.379265681258725
11001101,5,4,3,nug0.2,1,0.0351408879401968,0.340731994723071
11001101,5,4,3,nug0.2,2,0.0250084180798498,0.25461105744645
11001101,5,4,3,nug0.5,0.5,0.0343161681738012,0.333967494243089
11001101,5,4,3,nug0.5,1,0.0302667576293263,0.299974920752903
11001101,5,4,3,nug0.5,2,0.0215096933595569,0.225032097801979
11001101,5,4,4,CS,0.5,0.0942203007954694,0.737568881997674
11001101,5,4,4,CS,1,0.0887584149123762,0.710299423724937
11001101,5,4,4,CS,2,0.0702653658949975,0.602481125799041
11001101,5,4,4,nug0.2,0.5,0.0359835108493847,0.347806313668895
11001101,5,4,4,nug0.2,1,0.0337722667855633,0.329417880140697
11001101,5,4,4,nug0.2,2,0.0264120725655319,0.267093790546084
11001101,5,4,4,nug0.5,0.5,0.032628686130972,0.31988429800603
11001101,5,4,4,nug0.5,1,0.0306170833492846,0.302986959799391
11001101,5,4,4,nug0.5,2,0.0239279158820487,0.246051559374383
10101101,5,6,0.5,CS,0.5,0.0338586106387219,0.326032085908043
10101101,5,6,0.5,CS,1,0.0159882767822226,0.172378137282228
10101101,5,6,0.5,CS,2,0.00778057778947062,0.10342676568779
10101101,5,6,0.5,nug0.2,0.5,0.0357740250107879,0.341776860343486
10101101,5,6,0.5,nug0.2,1,0.0169094170267613,0.179755669430095
10101101,5,6,0.5,nug0.2,2,0.00823269571722673,0.106637545427095
10101101,5,6,0.5,nug0.5,0.5,0.0178296516363475,0.192349447971281
10101101,5,6,0.5,nug0.5,1,0.00835034568495887,0.112274269629724
10101101,5,6,0.5,nug0.5,2,0.00404790305728404,0.0773347768720198
10101101,5,6,1,CS,0.5,0.0618806445415598,0.545956701898471
10101101,5,6,1,CS,1,0.0338586106387219,0.326032085908043
10101101,5,6,1,CS,2,0.0159882767822226,0.172378137282228
10101101,5,6,1,nug0.2,0.5,0.0538139469891855,0.48776612298609
10101101,5,6,1,nug0.2,1,0.0293363705407069,0.288531349757827
10101101,5,6,1,nug0.2,2,0.0138206683731838,0.155107898938229
10101101,5,6,1,nug0.5,0.5,0.030933475063234,0.304971877842957
10101101,5,6,1,nug0.5,1,0.0166889179769281,0.182866304883261
10101101,5,6,1,nug0.5,2,0.00781153785303103,0.108127862578367
10101101,5,6,1.5,CS,0.5,0.0777936664418571,0.649346623640582
10101101,5,6,1.5,CS,1,0.0495663959267323,0.454452322724698
10101101,5,6,1.5,CS,2,0.0249917218332828,0.249976366899902
10101101,5,6,1.5,nug0.2,0.5,0.0583343029800507,0.521627300672589
10101101,5,6,1.5,nug0.2,1,0.0368956950433948,0.353567617261661
10101101,5,6,1.5,nug0.2,2,0.0184878096555516,0.19613160117653
10101101,5,6,1.5,nug0.5,0.5,0.0370387867403935,0.356341892246797
10101101,5,6,1.5,nug0.5,1,0.0232405084722603,0.239355496160802
10101101,5,6,1.5,nug0.5,2,0.0115681819476941,0.139637258065863
10101101,5,6,2,CS,0.5,0.0860943170883552,0.696260383757773
10101101,5,6,2,CS,1,0.0618806445415598,0.545956701898471
10101101,5,6,2,CS,2,0.0338586106387219,0.326032085908043
10101101,5,6,2,nug0.2,0.5,0.0572744993849321,0.514142348674165
10101101,5,6,2,nug0.2,1,0.0408136311617923,0.386523058881276
10101101,5,6,2,nug0.2,2,0.0221180565422877,0.228165042276553
10101101,5,6,2,nug0.5,0.5,0.0391615833636724,0.373888633971083
10101101,5,6,2,nug0.5,1,0.0277571137131392,0.278238324272835
10101101,5,6,2,nug0.5,2,0.0149537912935172,0.168496088527251
10101101,5,6,2.5,CS,0.5,0.0903152351501144,0.718279612254749
10101101,5,6,2.5,CS,1,0.0710802793190299,0.607868584900578
10101101,5,6,2.5,CS,2,0.0421184275828607,0.394917456968519
10101101,5,6,2.5,nug0.2,0.5,0.0543671184841922,0.492839622300005
10101101,5,6,2.5,nug0.2,1,0.0424374947689664,0.400063400489628
10101101,5,6,2.5,nug0.2,2,0.024847673937281,0.252220580474797
10101101,5,6,2.5,nug0.5,0.5,0.0393846997670699,0.3757426402391
10101101,5,6,2.5,nug0.5,1,0.0306380320798287,0.302859110192517
10101101,5,6,2.5,nug0.5,2,0.0178517054381239,0.19341543414899
10101101,5,6,3,CS,0.5,0.0924414800013505,0.728910067568187
10101101,5,6,3,CS,1,0.0777936664418571,0.649346623640582
10101101,5,6,3,CS,2,0.0495663959267323,0.454452322724698
10101101,5,6,3,nug0.2,0.5,0.0511126224147634,0.468381926332705
10101101,5,6,3,nug0.2,1,0.0427092529565397,0.402454801272006
10101101,5,6,3,nug0.2,2,0.0268552936687588,0.269856533426518
10101101,5,6,3,nug0.5,0.5,0.03878853940096,0.370881832626022
10101101,5,6,3,nug0.5,1,0.0323431641911099,0.317332960390197
10101101,5,6,3,nug0.5,2,0.0202587179480887,0.214191750814329
10101101,5,6,4,CS,0.5,0.0940426419830153,0.736713635904618
10101101,5,6,4,CS,1,0.0860943170883552,0.696260383757773
10101101,5,6,4,CS,2,0.0618806445415598,0.545956701898471
10101101,5,6,4,nug0.2,0.5,0.0453703240063085,0.42383654124939
10101101,5,6,4,nug0.2,1,0.0413491001175967,0.391654604442653
10101101,5,6,4,nug0.2,2,0.0293265354046014,0.291467856812766
10101101,5,6,4,nug0.5,0.5,0.0369259209344971,0.355589513831771
10101101,5,6,4,nug0.5,1,0.0336269330413271,0.328185427563843
10101101,5,6,4,nug0.5,2,0.0237953553952695,0.2447286637954
11101101,6,4,0.5,CS,0.5,0.0351154329346763,0.328196477540841
11101101,6,4,0.5,CS,1,0.0222112671715897,0.207720689528018
11101101,6,4,0.5,CS,2,0.0157454819696202,0.145023977725888
11101101,6,4,0.5,nug0.2,0.5,0.0302628189474753,0.28897465810561
11101101,6,4,0.5,nug0.2,1,0.0191177218720751,0.18471576715667
11101101,6,4,0.5,nug0.2,2,0.0135428746193447,0.131122542906934
11101101,6,4,0.5,nug0.5,0.5,0.0173194703146517,0.18374128705
11101101,6,4,0.5,nug0.5,1,0.0109042694632696,0.124853114942685
11101101,6,4,0.5,nug0.5,2,0.00770989106312746,0.0951658939975475
11101101,6,4,1,CS,0.5,0.0545594421137238,0.491432575823947
11101101,6,4,1,CS,1,0.0351154329346763,0.328196477540841
11101101,6,4,1,CS,2,0.0222112671715897,0.207720689528018
11101101,6,4,1,nug0.2,0.5,0.0370609576567742,0.35438633909945
11101101,6,4,1,nug0.2,1,0.0237320028526185,0.235797531380078
11101101,6,4,1,nug0.2,2,0.0149665730075808,0.154192437820476
11101101,6,4,1,nug0.5,0.5,0.0247112396235968,0.251384019751688
11101101,6,4,1,nug0.5,1,0.0157675393195231,0.17124687791609
11101101,6,4,1,nug0.5,2,0.00992316230988259,0.117864369282558
11101101,6,4,1.5,CS,0.5,0.065524817372055,0.571289739655349
11101101,6,4,1.5,CS,1,0.0460591963393648,0.423267237771211
11101101,6,4,1.5,CS,2,0.028815563360367,0.270308280856148
11101101,6,4,1.5,nug0.2,0.5,0.0383157404668435,0.366493748878604
11101101,6,4,1.5,nug0.2,1,0.0267362653375202,0.266174160233346
11101101,6,4,1.5,nug0.2,2,0.0166354447196731,0.174110378375719
11101101,6,4,1.5,nug0.5,0.5,0.027915315732481,0.279802720680766
11101101,6,4,1.5,nug0.5,1,0.0194249030368362,0.205162821069524
11101101,6,4,1.5,nug0.5,2,0.0120613910958504,0.138705365760035
11101101,6,4,2,CS,0.5,0.0712532233568522,0.609288974853567
11101101,6,4,2,CS,1,0.0545594421137238,0.491432575823947
11101101,6,4,2,CS,2,0.0351154329346763,0.328196477540841
11101101,6,4,2,nug0.2,0.5,0.0374246499835776,0.35957606495625
11101101,6,4,2,nug0.2,1,0.0284376499016365,0.282737564469907
11101101,6,4,2,nug0.2,2,0.0181647449096208,0.19056894490686
11101101,6,4,2,nug0.5,0.5,0.028927339091884,0.288664039960639
11101101,6,4,2,nug0.5,1,0.021938905864233,0.228017568767057
11101101,6,4,2,nug0.5,2,0.0139874343742488,0.156993667056975
11101101,6,4,2.5,CS,0.5,0.0741707685269914,0.627662867224697
11101101,6,4,2.5,CS,1,0.060897824842744,0.538728516356373
11101101,6,4,2.5,CS,2,0.0408921694910377,0.379335187199216
11101101,6,4,2.5,nug0.2,0.5,0.0358505926610265,0.34667784318128
11101101,6,4,2.5,nug0.2,1,0.0292328323370026,0.290447938514886
11101101,6,4,2.5,nug0.2,2,0.0194537224474753,0.203750835941314
11101101,6,4,2.5,nug0.5,0.5,0.0289328176714413,0.288785443196806
11101101,6,4,2.5,nug0.5,1,0.023562877259307,0.242567839386713
11101101,6,4,2.5,nug0.5,2,0.0156555121654526,0.172567562666121
11101101,6,4,3,CS,0.5,0.0756418742974209,0.636678711871764
11101101,6,4,3,CS,1,0.065524817372055,0.571289739655349
11101101,6,4,3,CS,2,0.0460591963393648,0.423267237771211
11101101,6,4,3,nug0.2,0.5,0.0341797510657071,0.33282606791096
11101101,6,4,3,nug0.2,1,0.0294395244186286,0.292658456157356
11101101,6,4,3,nug0.2,2,0.0204938545402561,0.214067331971701
11101101,6,4,3,nug0.5,0.5,0.0285197816815796,0.285315252498757
11101101,6,4,3,nug0.5,1,0.0245454545439289,0.251285844313156
11101101,6,4,3,nug0.5,2,0.0170646556303054,0.185558711643997
11101101,6,4,4,CS,0.5,0.0767503658209273,0.643362706785806
11101101,6,4,4,CS,1,0.0712532233568522,0.609288974853567
11101101,6,4,4,CS,2,0.0545594421137238,0.491432575823947
11101101,6,4,4,nug0.2,0.5,0.0312660953176502,0.308460117753008
11101101,6,4,4,nug0.2,1,0.0289268095362866,0.288659570532055
11101101,6,4,4,nug0.2,2,0.0219385016346886,0.22801416257113
11101101,6,4,4,nug0.5,0.5,0.0273888505552908,0.275756640184475
11101101,6,4,4,nug0.5,1,0.0253322309822234,0.25823910838359
11101101,6,4,4,nug0.5,2,0.0191968419997188,0.204937590749208
10011101,5,4,0.5,CS,0.5,0.0431858743716183,0.403109053982268
10011101,5,4,0.5,CS,1,0.0218730544645231,0.222190606118458
10011101,5,4,0.5,CS,2,0.0105108528858398,0.125358837160751
10011101,5,4,0.5,nug0.2,0.5,0.0372746007420062,0.355404103969924
10011101,5,4,0.5,nug0.2,1,0.0188253070881094,0.197240894977429
10011101,5,4,0.5,nug0.2,2,0.00903219233207826,0.114388971198951
10011101,5,4,0.5,nug0.5,0.5,0.0213493995994024,0.222589965150719
10011101,5,4,0.5,nug0.5,1,0.0107002439142906,0.131705446035809
10011101,5,4,0.5,nug0.5,2,0.00511258957995063,0.0858385590730651
10011101,5,4,1,CS,0.5,0.0700183380154092,0.600943133888406
10011101,5,4,1,CS,1,0.0431858743716183,0.403109053982268
10011101,5,4,1,CS,2,0.0218730544645231,0.222190606118458
10011101,5,4,1,nug0.2,0.5,0.0464184641744959,0.431554052780221
10011101,5,4,1,nug0.2,1,0.0283683568741683,0.28156261998564
10011101,5,4,1,nug0.2,2,0.0142660287172455,0.160227681014052
10011101,5,4,1,nug0.5,0.5,0.0315844011408545,0.310716084478075
10011101,5,4,1,nug0.5,1,0.0191924896592365,0.20448389992475
10011101,5,4,1,nug0.5,2,0.0096092897039357,0.123079247237539
10011101,5,4,1.5,CS,0.5,0.0827088446808838,0.677699004530292
10011101,5,4,1.5,CS,1,0.05903157994232,0.525422031239999
10011101,5,4,1.5,CS,2,0.0331235001187979,0.319078340786089
10011101,5,4,1.5,nug0.2,0.5,0.0460025172682185,0.42871593937565
10011101,5,4,1.5,nug0.2,1,0.0324742019392581,0.317559490819256
10011101,5,4,1.5,nug0.2,2,0.0180121310548966,0.193352154963574
10011101,5,4,1.5,nug0.5,0.5,0.0346661580366008,0.33679136624006
10011101,5,4,1.5,nug0.5,1,0.0243893375557147,0.249513647851819
10011101,5,4,1.5,nug0.5,2,0.0134805943415001,0.155969496410503
10011101,5,4,2,CS,0.5,0.0887543019928682,0.710278296458856
10011101,5,4,2,CS,1,0.0700183380154092,0.600943133888406
10011101,5,4,2,CS,2,0.0431858743716183,0.403109053982268
10011101,5,4,2,nug0.2,0.5,0.0434671349411057,0.408693516472676
10011101,5,4,2,nug0.2,1,0.0339432336835176,0.330422086153689
10011101,5,4,2,nug0.2,2,0.0206445738224698,0.216668727690087
10011101,5,4,2,nug0.5,0.5,0.0350452005610684,0.340009404294753
10011101,5,4,2,nug0.5,1,0.0273150909415184,0.274762396806913
10011101,5,4,2,nug0.5,2,0.0165710169213669,0.182560793217373
10011101,5,4,2.5,CS,0.5,0.0916943718444082,0.725209609317004
10011101,5,4,2.5,CS,1,0.0775427560164591,0.647826786924441
10011101,5,4,2.5,CS,2,0.0518018979357657,0.471412127400957
10011101,5,4,2.5,nug0.2,0.5,0.0407904730629835,0.387175859486211
10011101,5,4,2.5,nug0.2,1,0.0342036465900446,0.332838316326288
10011101,5,4,2.5,nug0.2,2,0.0225135202532428,0.233184051547039
10011101,5,4,2.5,nug0.5,0.5,0.0344906139694595,0.335415598709862
10011101,5,4,2.5,nug0.5,1,0.028890899144754,0.288286136507332
10011101,5,4,2.5,nug0.5,2,0.0189823917985041,0.203411943072174
10011101,5,4,3,CS,0.5,0.0931431359351912,0.732350930000014
10011101,5,4,3,CS,1,0.0827088446808838,0.677699004530292
10011101,5,4,3,CS,2,0.05903157994232,0.525422031239999
10011101,5,4,3,nug0.2,0.5,0.0384653407022624,0.368238160393199
10011101,5,4,3,nug0.2,1,0.0339293727855886,0.33065967988777
10011101,5,4,3,nug0.2,2,0.0238657596507254,0.245084484128451
10011101,5,4,3,nug0.5,0.5,0.033679171908891,0.328659781431825
10011101,5,4,3,nug0.5,1,0.0296903492946079,0.295121805277805
10011101,5,4,3,nug0.5,2,0.0208578448785546,0.219641629483537
10011101,5,4,4,CS,0.5,0.0942202997756435,0.73756887709664
10011101,5,4,4,CS,1,0.0887543019928682,0.710278296458856
10011101,5,4,4,CS,2,0.0700183380154092,0.600943133888406
10011101,5,4,4,nug0.2,0.5,0.035043050123229,0.340011296492731
10011101,5,4,4,nug0.2,1,0.0328860159326864,0.322017971608122
10011101,5,4,4,nug0.2,2,0.0256198103974532,0.260416741476638
10011101,5,4,4,nug0.5,0.5,0.0321398549621888,0.315790903598128
10011101,5,4,4,nug0.5,1,0.0301559639766781,0.299105997354969
10011101,5,4,4,nug0.5,2,0.0234786543748111,0.242270717138552
11011101,6,4,0.5,CS,0.5,0.0338841443879482,0.319563792609217
11011101,6,4,0.5,CS,1,0.0192195910442894,0.188953970425436
11011101,6,4,0.5,CS,2,0.0113978817680557,0.121479580492189
11011101,6,4,0.5,nug0.2,0.5,0.0333892493694553,0.315556499212218
11011101,6,4,0.5,nug0.2,1,0.0189353212538953,0.186797813078998
11011101,6,4,0.5,nug0.2,2,0.0112279559851859,0.120369217062669
11011101,6,4,0.5,nug0.5,0.5,0.0174791798717534,0.185734641236675
11011101,6,4,0.5,nug0.5,1,0.00985292117378568,0.119130110516512
11011101,6,4,0.5,nug0.5,2,0.00582008342467184,0.0856809669046016
11011101,6,4,1,CS,0.5,0.0543869284876568,0.490240625100537
11011101,6,4,1,CS,1,0.0338841443879482,0.319563792609217
11011101,6,4,1,CS,2,0.0192195910442894,0.188953970425436
11011101,6,4,1,nug0.2,0.5,0.0428480222819916,0.401296223440393
11011101,6,4,1,nug0.2,1,0.0265945754286814,0.260171706513704
11011101,6,4,1,nug0.2,2,0.0150431580229183,0.157473913022388
11011101,6,4,1,nug0.5,0.5,0.0261309646793862,0.263395287245256
11011101,6,4,1,nug0.5,1,0.0161308680026834,0.174817701168042
11011101,6,4,1,nug0.5,2,0.00908823573944213,0.113573929000676
11011101,6,4,1.5,CS,0.5,0.065502378739796,0.571143575480026
11011101,6,4,1.5,CS,1,0.0455906748213537,0.41995206278546
11011101,6,4,1.5,CS,2,0.026866996644674,0.25712172476377
11011101,6,4,1.5,nug0.2,0.5,0.0437295580275178,0.410251163256388
11011101,6,4,1.5,nug0.2,1,0.0302508899529032,0.295682861560358
11011101,6,4,1.5,nug0.2,2,0.0177318009071006,0.18421303298246
11011101,6,4,1.5,nug0.5,0.5,0.0295768118956754,0.293817896971771
11011101,6,4,1.5,nug0.5,1,0.0203799211273465,0.213299501565194
11011101,6,4,1.5,nug0.5,2,0.0119048890403178,0.138530141500902
11011101,6,4,2,CS,0.5,0.0712503709019391,0.609271139031309
11011101,6,4,2,CS,1,0.0543869284876568,0.490240625100537
11011101,6,4,2,CS,2,0.0338841443879482,0.319563792609217
11011101,6,4,2,nug0.2,0.5,0.0417522970994267,0.394824938014643
11011101,6,4,2,nug0.2,1,0.0316547221169974,0.309723631236851
11011101,6,4,2,nug0.2,2,0.0195757582791952,0.202781934560114
11011101,6,4,2,nug0.5,0.5,0.0304514612686499,0.301508024502532
11011101,6,4,2,nug0.5,1,0.0230274150242679,0.237238438411227
11011101,6,4,2,nug0.5,2,0.0142007517266648,0.159270126815087
11011101,6,4,2.5,CS,0.5,0.0741704091862377,0.627660671792883
11011101,6,4,2.5,CS,1,0.0608353283997805,0.538309763737026
11011101,6,4,2.5,CS,2,0.0401281880749348,0.373916767773741
11011101,6,4,2.5,nug0.2,0.5,0.0391020904738859,0.373416782039047
11011101,6,4,2.5,nug0.2,1,0.0318688657909715,0.312576103798344
11011101,6,4,2.5,nug0.2,2,0.0208371249544475,0.215558254599721
11011101,6,4,2.5,nug0.5,0.5,0.0301993889256148,0.299464340467664
11011101,6,4,2.5,nug0.5,1,0.0245736122848021,0.251131600403872
11011101,6,4,2.5,nug0.5,2,0.0160319348355846,0.175948711224175
11011101,6,4,3,CS,0.5,0.0756418292114663,0.636678439765734
11011101,6,4,3,CS,1,0.065502378739796,0.571143575480026
11011101,6,4,3,CS,2,0.0455906748213537,0.41995206278546
11011101,6,4,3,nug0.2,0.5,0.0365546174172428,0.352519419521592
11011101,6,4,3,nug0.2,1,0.0314840714393891,0.309843676928154
11011101,6,4,3,nug0.2,2,0.0217056141447405,0.224367379987003
11011101,6,4,3,nug0.5,0.5,0.0295199330362617,0.293757566843513
11011101,6,4,3,nug0.5,1,0.0254005932272189,0.258533730617465
11011101,6,4,3,nug0.5,2,0.0174820347301077,0.189175489797449
11011101,6,4,4,CS,0.5,0.0767503651145234,0.643362702562631
11011101,6,4,4,CS,1,0.0712503709019391,0.609271139031309
11011101,6,4,4,CS,2,0.0543869284876568,0.490240625100537
11011101,6,4,4,nug0.2,0.5,0.0324920064042394,0.318740001379331
11011101,6,4,4,nug0.2,1,0.0300625246933566,0.298234405648061
11011101,6,4,4,nug0.2,2,0.0227312858204313,0.234741822041337
11011101,6,4,4,nug0.5,0.5,0.0279665492793651,0.280644307060499
11011101,6,4,4,nug0.5,1,0.0258665895624182,0.262769767842395
11011101,6,4,4,nug0.5,2,0.0195399189678575,0.207861686283136
10111101,6,4,0.5,CS,0.5,0.0332784803275643,0.315280570713536
10111101,6,4,0.5,CS,1,0.0172473373342512,0.176365781047916
10111101,6,4,0.5,CS,2,0.00829896936613554,0.104322389715203
10111101,6,4,0.5,nug0.2,0.5,0.0322742020202882,0.307117392449045
10111101,6,4,0.5,nug0.2,1,0.0167189682710393,0.172312715546062
10111101,6,4,0.5,nug0.2,2,0.00804213782676069,0.102585400567487
10111101,6,4,0.5,nug0.5,0.5,0.0170686314255713,0.182745848785695
10111101,6,4,0.5,nug0.5,1,0.00877927436562548,0.11250892529815
10111101,6,4,0.5,nug0.5,2,0.00420258163287572,0.077016833032241
10111101,6,4,1,CS,0.5,0.0543438578140996,0.489942616333706
10111101,6,4,1,CS,1,0.0332784803275643,0.315280570713536
10111101,6,4,1,CS,2,0.0172473373342512,0.176365781047916
10111101,6,4,1,nug0.2,0.5,0.0413410695169219,0.389240053612108
10111101,6,4,1,nug0.2,1,0.0252025268006873,0.249268563141405
10111101,6,4,1,nug0.2,2,0.0130124232185802,0.144106817158363
10111101,6,4,1,nug0.5,0.5,0.0257597549526981,0.260281799029108
10111101,6,4,1,nug0.5,1,0.0156200231070218,0.171004026948032
10111101,6,4,1,nug0.5,2,0.00802873664706439,0.106990490878582
10111101,6,4,1.5,CS,0.5,0.0654995742958399,0.571125304012108
10111101,6,4,1.5,CS,1,0.0454257686986204,0.418780950334351
10111101,6,4,1.5,CS,2,0.0257458389035103,0.249438667495354
10111101,6,4,1.5,nug0.2,0.5,0.0417518555070211,0.394406252405304
10111101,6,4,1.5,nug0.2,1,0.0287610218169419,0.283377471275649
10111101,6,4,1.5,nug0.2,2,0.0161952187536933,0.172902535048483
10111101,6,4,1.5,nug0.5,0.5,0.0289954654712126,0.288920387212042
10111101,6,4,1.5,nug0.5,1,0.0199019279524805,0.209374801311042
10111101,6,4,1.5,nug0.5,2,0.0111682181903709,0.13340713362364
10111101,6,4,2,CS,0.5,0.0712501926262784,0.609270024282848
10111101,6,4,2,CS,1,0.0543438578140996,0.489942616333706
10111101,6,4,2,CS,2,0.0332784803275643,0.315280570713536
10111101,6,4,2,nug0.2,0.5,0.0397045480844967,0.378234992404565
10111101,6,4,2,nug0.2,1,0.0300635465239548,0.29644101691752
10111101,6,4,2,nug0.2,2,0.0182566055315851,0.192409447063005
10111101,6,4,2,nug0.5,0.5,0.0297519641655897,0.295618461599139
10111101,6,4,2,nug0.5,1,0.0224763141047194,0.232603693344026
10111101,6,4,2,nug0.5,2,0.0136137472982973,0.154834617691826
10111101,6,4,2.5,CS,0.5,0.0741703979568599,0.627660603185557
10111101,6,4,2.5,CS,1,0.0608242851406381,0.538235730594644
10111101,6,4,2.5,CS,2,0.0398096746530986,0.371644841794378
10111101,6,4,2.5,nug0.2,0.5,0.0372148036672449,0.357940457310572
10111101,6,4,2.5,nug0.2,1,0.0303146655205391,0.299555757908316
10111101,6,4,2.5,nug0.2,2,0.0196530098142145,0.205918211363016
10111101,6,4,2.5,nug0.5,0.5,0.0294777887467977,0.293383689470509
10111101,6,4,2.5,nug0.5,1,0.0239787666232701,0.246100551076901
10111101,6,4,2.5,nug0.5,2,0.0155150030964783,0.17183659367561
10111101,6,4,3,CS,0.5,0.0756418285069985,0.636678435514077
10111101,6,4,3,CS,1,0.0654995742958399,0.571125304012108
10111101,6,4,3,CS,2,0.0454257686986204,0.418780950334351
10111101,6,4,3,nug0.2,0.5,0.0349171119765477,0.338958608218994
10111101,6,4,3,nug0.2,1,0.0300655872722538,0.297931847454039
10111101,6,4,3,nug0.2,2,0.020642655415771,0.215556109019792
10111101,6,4,3,nug0.5,0.5,0.0288373538301833,0.287997614991679
10111101,6,4,3,nug0.5,1,0.0248098210141593,0.253529229039787
10111101,6,4,3,nug0.5,2,0.0170089566395967,0.185303540454731
10111101,6,4,4,CS,0.5,0.076750365111764,0.643362702546134
10111101,6,4,4,CS,1,0.0712501926262784,0.609270024282848
10111101,6,4,4,CS,2,0.0543438578140996,0.489942616333706
10111101,6,4,4,nug0.2,0.5,0.0313620315092648,0.309265804342374
10111101,6,4,4,nug0.2,1,0.0290144837344558,0.289399682059482
10111101,6,4,4,nug0.2,2,0.0219154831976123,0.227876082214038
10111101,6,4,4,nug0.5,0.5,0.0274347977581573,0.276145532941883
10111101,6,4,4,nug0.5,1,0.0253736793734652,0.25859077736266
10111101,6,4,4,nug0.5,2,0.019149539790708,0.204589335049753
10000011,3,2,0.5,CS,0.5,0.0595399002728765,0.530045032605473
10000011,3,2,0.5,CS,1,0.0362504706151055,0.350009824052953
10000011,3,2,0.5,CS,2,0.019659497341545,0.208314759072218
10000011,3,2,0.5,nug0.2,0.5,0.0348186186843347,0.337820362711542
10000011,3,2,0.5,nug0.2,1,0.0209807030543852,0.221386374838741
10000011,3,2,0.5,nug0.2,2,0.0113009001257034,0.138939083071985
10000011,3,2,0.5,nug0.5,0.5,0.0253021737010976,0.257820340278228
10000011,3,2,0.5,nug0.5,1,0.0151861188697825,0.172422725734354
10000011,3,2,0.5,nug0.5,2,0.00815868829759492,0.113462618883488
10000011,3,2,1,CS,0.5,0.0803798249202062,0.664498352773998
10000011,3,2,1,CS,1,0.0595399002728765,0.530045032605473
10000011,3,2,1,CS,2,0.0362504706151055,0.350009824052953
10000011,3,2,1,nug0.2,0.5,0.0335081379016367,0.327131251750181
10000011,3,2,1,nug0.2,1,0.0244993117039364,0.251014497503743
10000011,3,2,1,nug0.2,2,0.0146993478574018,0.168338509006312
10000011,3,2,1,nug0.5,0.5,0.029084524416637,0.289998428225982
10000011,3,2,1,nug0.5,1,0.0212390712619626,0.223365865571056
10000011,3,2,1,nug0.5,2,0.012726010046279,0.15185028616151
10000011,3,2,1.5,CS,0.5,0.0881988258554331,0.707392177668755
10000011,3,2,1.5,CS,1,0.0726649051953376,0.618062411563837
10000011,3,2,1.5,CS,2,0.049552987267512,0.456146377300194
10000011,3,2,1.5,nug0.2,0.5,0.0307258248663108,0.303899026100111
10000011,3,2,1.5,nug0.2,1,0.025039811541816,0.255682411962244
10000011,3,2,1.5,nug0.2,2,0.0168006145349199,0.185879989721667
10000011,3,2,1.5,nug0.5,0.5,0.0289081675323659,0.288581884806809
10000011,3,2,1.5,nug0.5,1,0.0235504530793237,0.243048957808582
10000011,3,2,1.5,nug0.5,2,0.015793364529421,0.177404447829953
10000011,3,2,2,CS,0.5,0.0915582201411806,0.724531256366183
10000011,3,2,2,CS,1,0.0803798249202062,0.664498352773998
10000011,3,2,2,CS,2,0.0595399002728765,0.530045032605473
10000011,3,2,2,nug0.2,0.5,0.0287649189139172,0.287387530158846
10000011,3,2,2,nug0.2,1,0.0250438180773618,0.255800042875542
10000011,3,2,2,nug0.2,2,0.0182679798017739,0.198216760165215
10000011,3,2,2,nug0.5,0.5,0.0282319928151376,0.282884735453748
10000011,3,2,2,nug0.5,1,0.0245781057949962,0.251849197219334
10000011,3,2,2,nug0.5,2,0.0179259711453478,0.195328507569272
10000011,3,2,2.5,CS,0.5,0.0931094024741233,0.732186265329733
10000011,3,2,2.5,CS,1,0.0851450139544215,0.691140912899937
10000011,3,2,2.5,CS,2,0.0670109791765988,0.581496785308019
10000011,3,2,2.5,nug0.2,0.5,0.0275244605836957,0.276903736743874
10000011,3,2,2.5,nug0.2,1,0.0250164473757175,0.255611168913029
10000011,3,2,2.5,nug0.2,2,0.0194199121313398,0.207982409722631
10000011,3,2,2.5,nug0.5,0.5,0.0276580465605292,0.278034099151472
10000011,3,2,2.5,nug0.5,1,0.0251381734516329,0.256643837375956
10000011,3,2,2.5,nug0.5,2,0.0195149449876266,0.208786771577383
10000011,3,2,3,CS,0.5,0.0938537472495162,0.735801979793455
10000011,3,2,3,CS,1,0.0881988258554331,0.707392177668755
10000011,3,2,3,CS,2,0.0726649051953376,0.618062411563837
10000011,3,2,3,nug0.2,0.5,0.0267753638075987,0.270561940403164
10000011,3,2,3,nug0.2,1,0.0250509013818959,0.255923633449793
10000011,3,2,3,nug0.2,2,0.0203932515301206,0.216269169864696
10000011,3,2,3,nug0.5,0.5,0.0272651913293436,0.274709993656498
10000011,3,2,3,nug0.5,1,0.0255100044888641,0.259818198643975
10000011,3,2,3,nug0.5,2,0.0207687903398287,0.219452282349301
10000011,3,2,4,CS,0.5,0.0943985162484303,0.738424686831336
10000011,3,2,4,CS,1,0.0915582201411806,0.724531256366183
10000011,3,2,4,CS,2,0.0803798249202062,0.664498352773998
10000011,3,2,4,nug0.2,0.5,0.0261355050707386,0.26513986961979
10000011,3,2,4,nug0.2,1,0.0252918991972695,0.257981794264621
10000011,3,2,4,nug0.2,2,0.0220099993958219,0.230053294195588
10000011,3,2,4,nug0.5,0.5,0.0269064960838706,0.271672893401439
10000011,3,2,4,nug0.5,1,0.0260386679209877,0.264314957200865
10000011,3,2,4,nug0.5,2,0.0226620966867078,0.235587855475881
11000011,4,2,0.5,CS,0.5,0.0649119292937665,0.567503113863899
11000011,4,2,0.5,CS,1,0.0419107329943674,0.392108052346821
11000011,4,2,0.5,CS,2,0.0264270701274877,0.252039112405913
11000011,4,2,0.5,nug0.2,0.5,0.0406929867427587,0.386145634836537
11000011,4,2,0.5,nug0.2,1,0.0260556030367698,0.261583144114197
11000011,4,2,0.5,nug0.2,2,0.0163614980651749,0.172396815631512
11000011,4,2,0.5,nug0.5,0.5,0.0285169548003113,0.285108364668707
11000011,4,2,0.5,nug0.5,1,0.018183614887924,0.195621620557601
11000011,4,2,0.5,nug0.5,2,0.0113949565841765,0.133901965263912
11000011,4,2,1,CS,0.5,0.0860825739271355,0.696246655760599
11000011,4,2,1,CS,1,0.0649119292937665,0.567503113863899
11000011,4,2,1,CS,2,0.0419107329943674,0.392108052346821
11000011,4,2,1,nug0.2,0.5,0.0377706738021378,0.362539490120119
11000011,4,2,1,nug0.2,1,0.0281195539803283,0.281751745579362
11000011,4,2,1,nug0.2,2,0.0179277908957805,0.193486798844344
11000011,4,2,1,nug0.5,0.5,0.0320792936797879,0.315281783376156
11000011,4,2,1,nug0.5,1,0.0238467356281013,0.245558363506147
11000011,4,2,1,nug0.5,2,0.0151815641950461,0.170650627819916
11000011,4,2,1.5,CS,0.5,0.0939279769587488,0.736160764108481
11000011,4,2,1.5,CS,1,0.0782549088461795,0.652266106099055
11000011,4,2,1.5,CS,2,0.0548946286262848,0.495676646564295
11000011,4,2,1.5,nug0.2,0.5,0.0337023459994443,0.328854146561367
11000011,4,2,1.5,nug0.2,1,0.0277710743362818,0.278975932935969
11000011,4,2,1.5,nug0.2,2,0.0191763496535442,0.205586136957265
11000011,4,2,1.5,nug0.5,0.5,0.0313795857900766,0.309413581299794
11000011,4,2,1.5,nug0.5,1,0.0258461766581377,0.262672385735042
11000011,4,2,1.5,nug0.5,2,0.0178365547233134,0.194284620955517
11000011,4,2,2,CS,0.5,0.0972649233183424,0.75190365810884
11000011,4,2,2,CS,1,0.0860825739271355,0.696246655760599
11000011,4,2,2,CS,2,0.0649119292937665,0.567503113863899
11000011,4,2,2,nug0.2,0.5,0.03091873335106,0.30554167709964
11000011,4,2,2,nug0.2,1,0.0271348374524452,0.273605148846246
11000011,4,2,2,nug0.2,2,0.020145028504855,0.214162063621039
11000011,4,2,2,nug0.5,0.5,0.0302597876894918,0.299997907203335
11000011,4,2,2,nug0.5,1,0.0265543255457509,0.268688072080498
11000011,4,2,2,nug0.5,2,0.019711053275118,0.210486069176847
11000011,4,2,2.5,CS,0.5,0.0988000174733183,0.758903541688365
11000011,4,2,2.5,CS,1,0.0908770209204176,0.721127111888941
11000011,4,2,2.5,CS,2,0.0724975808932409,0.61721652096931
11000011,4,2,2.5,nug0.2,0.5,0.0291595079601104,0.290723066649564
11000011,4,2,2.5,nug0.2,1,0.0266559622457049,0.269550490742194
11000011,4,2,2.5,nug0.2,2,0.0209664414264759,0.221227531500607
11000011,4,2,2.5,nug0.5,0.5,0.0293666003442751,0.292470372402607
11000011,4,2,2.5,nug0.5,1,0.026845765962623,0.271158373980108
11000011,4,2,2.5,nug0.5,2,0.0211166087625869,0.222501486999335
11000011,4,2,3,CS,0.5,0.0995356898881853,0.762204577092916
11000011,4,2,3,CS,1,0.0939279769587488,0.736160764108481
11000011,4,2,3,CS,2,0.0782549088461795,0.652266106099055
11000011,4,2,3,nug0.2,0.5,0.0280812824104137,0.281614857442023
11000011,4,2,3,nug0.2,1,0.0263812784571437,0.267223057080564
11000011,4,2,3,nug0.2,2,0.021709531468296,0.227562213380527
11000011,4,2,3,nug0.5,0.5,0.0287564031235762,0.287319942750749
11000011,4,2,3,nug0.5,1,0.0270166643427431,0.272605913459827
11000011,4,2,3,nug0.5,2,0.022234965874171,0.232022574509697
11000011,4,2,4,CS,0.5,0.100073816269266,0.764597348529964
11000011,4,2,4,CS,1,0.0972649233183424,0.75190365810884
11000011,4,2,4,CS,2,0.0860825739271355,0.696246655760599
11000011,4,2,4,nug0.2,0.5,0.0271108707360624,0.273403664726469
11000011,4,2,4,nug0.2,1,0.026290089421026,0.266450213139481
11000011,4,2,4,nug0.2,2,0.0230591798211088,0.23903214425204
11000011,4,2,4,nug0.5,0.5,0.0281697964804182,0.282363215657813
11000011,4,2,4,nug0.5,1,0.0273178563869996,0.275156054005952
11000011,4,2,4,nug0.5,2,0.0239637477089289,0.24671234773785
10100011,4,4,0.5,CS,0.5,0.0479083391551787,0.44356841047104
10100011,4,4,0.5,CS,1,0.0249366019180346,0.253344240652631
10100011,4,4,0.5,CS,2,0.0124493174093386,0.14473851707921
10100011,4,4,0.5,nug0.2,0.5,0.0367106035597644,0.353673340453385
10100011,4,4,0.5,nug0.2,1,0.0190042393262671,0.203366890834781
10100011,4,4,0.5,nug0.2,2,0.00946217590955754,0.121239159908529
10100011,4,4,0.5,nug0.5,0.5,0.0226894755985594,0.235799350204347
10100011,4,4,0.5,nug0.5,1,0.0116664439069982,0.142266562374337
10100011,4,4,0.5,nug0.5,2,0.00578947515871589,0.092926288855271
10100011,4,4,1,CS,0.5,0.0757118112054188,0.637109710602359
10100011,4,4,1,CS,1,0.0479083391551787,0.44356841047104
10100011,4,4,1,CS,2,0.0249366019180346,0.253344240652631
10100011,4,4,1,nug0.2,0.5,0.0430091854932168,0.405052104745787
10100011,4,4,1,nug0.2,1,0.0268671235637931,0.271229268970184
10100011,4,4,1,nug0.2,2,0.0138423700973934,0.160234648130676
10100011,4,4,1,nug0.5,0.5,0.0319558573969828,0.314247523529438
10100011,4,4,1,nug0.5,1,0.0198764211962901,0.211939591323161
10100011,4,4,1,nug0.5,2,0.0102061964897003,0.130306954978648
10100011,4,4,1.5,CS,0.5,0.0884754224804378,0.708858198004946
10100011,4,4,1.5,CS,1,0.0644731468933747,0.564801128327371
10100011,4,4,1.5,CS,2,0.0371586535304625,0.356984299851814
10100011,4,4,1.5,nug0.2,0.5,0.0419844959012428,0.396825026952329
10100011,4,4,1.5,nug0.2,1,0.030177276593927,0.299292067245522
10100011,4,4,1.5,nug0.2,2,0.0171290442019986,0.188513031039318
10100011,4,4,1.5,nug0.5,0.5,0.0343757371467659,0.334464368953054
10100011,4,4,1.5,nug0.5,1,0.024653275833727,0.252557365787673
10100011,4,4,1.5,nug0.5,2,0.0139594974145522,0.161924974033731
10100011,4,4,2,CS,0.5,0.0944886111035298,0.738856526241481
10100011,4,4,2,CS,1,0.0757118112054188,0.637109710602359
10100011,4,4,2,CS,2,0.0479083391551787,0.44356841047104
10100011,4,4,2,nug0.2,0.5,0.039870176091701,0.379708612584653
10100011,4,4,2,nug0.2,1,0.0315687981970899,0.311000772402218
10100011,4,4,2,nug0.2,2,0.0196327145559471,0.209875060237724
10100011,4,4,2,nug0.5,0.5,0.0345850387122119,0.336205565680632
10100011,4,4,2,nug0.5,1,0.027352733343205,0.275450208174778
10100011,4,4,2,nug0.5,2,0.0169828729683545,0.187476212831237
10100011,4,4,2.5,CS,0.5,0.0974008600358539,0.752529640142847
10100011,4,4,2.5,CS,1,0.0833049084658115,0.681126364232284
10100011,4,4,2.5,CS,2,0.0569696604018519,0.511929219200595
10100011,4,4,2.5,nug0.2,0.5,0.0379291525407452,0.363842784600933
10100011,4,4,2.5,nug0.2,1,0.0321335982624407,0.315738400891832
10100011,4,4,2.5,nug0.2,2,0.0215945821218144,0.226572143021029
10100011,4,4,2.5,nug0.5,0.5,0.0341393560559335,0.332496448129046
10100011,4,4,2.5,nug0.5,1,0.0289054824078098,0.288578685543315
10100011,4,4,2.5,nug0.5,2,0.0194040080255678,0.20799607393649
10100011,4,4,3,CS,0.5,0.0988335118706439,0.759054586141734
10100011,4,4,3,CS,1,0.0884754224804378,0.708858198004946
10100011,4,4,3,CS,2,0.0644731468933747,0.564801128327371
10100011,4,4,3,nug0.2,0.5,0.0363673532202304,0.350979969856414
10100011,4,4,3,nug0.2,1,0.0323211289958463,0.317309577020673
10100011,4,4,3,nug0.2,2,0.023165836470027,0.239930192374538
10100011,4,4,3,nug0.5,0.5,0.0335575004115389,0.327645807367632
10100011,4,4,3,nug0.5,1,0.0298142274596927,0.296244627246717
10100011,4,4,3,nug0.5,2,0.0213533784529955,0.224543427032131
10100011,4,4,4,CS,0.5,0.0998977987166092,0.76381671659668
10100011,4,4,4,CS,1,0.0944886111035298,0.738856526241481
10100011,4,4,4,CS,2,0.0757118112054188,0.637109710602359
10100011,4,4,4,nug0.2,0.5,0.0342261373706471,0.333219107675952
10100011,4,4,4,nug0.2,1,0.0322454985047062,0.316676091910923
10100011,4,4,4,nug0.2,2,0.0254895136227439,0.259661007509008
10100011,4,4,4,nug0.5,0.5,0.0325414248917649,0.319154072167906
10100011,4,4,4,nug0.5,1,0.0306551843937105,0.303325450819628
10100011,4,4,4,nug0.5,2,0.0242240578613917,0.248922523861093
11100011,5,2,0.5,CS,0.5,0.0599868928213202,0.530935377188044
11100011,5,2,0.5,CS,1,0.0400904034994936,0.367949576934454
11100011,5,2,0.5,CS,2,0.0279439751768506,0.248555319162085
11100011,5,2,0.5,nug0.2,0.5,0.0372474101106267,0.356078963667985
11100011,5,2,0.5,nug0.2,1,0.0247462542048503,0.244116136870124
11100011,5,2,0.5,nug0.2,2,0.0172110124875765,0.169304916620289
11100011,5,2,0.5,nug0.5,0.5,0.0262058111002825,0.264098046741113
11100011,5,2,0.5,nug0.5,1,0.0173609830137585,0.184114085710122
11100011,5,2,0.5,nug0.5,2,0.0120618100749891,0.132222765684799
11100011,5,2,1,CS,0.5,0.0803022209693497,0.663976271198308
11100011,5,2,1,CS,1,0.0599868928213202,0.530935377188044
11100011,5,2,1,CS,2,0.0400904034994936,0.367949576934454
11100011,5,2,1,nug0.2,0.5,0.0350299932254967,0.33973765728465
11100011,5,2,1,nug0.2,1,0.0258710932542505,0.261278463114009
11100011,5,2,1,nug0.2,2,0.0171377622468022,0.182312839883549
11100011,5,2,1,nug0.5,0.5,0.0297729493235758,0.295750893502646
11100011,5,2,1,nug0.5,1,0.0219597150908336,0.22829967972244
11100011,5,2,1,nug0.5,2,0.0145321474197065,0.161377037490193
11100011,5,2,1.5,CS,0.5,0.0881822361805522,0.7073022865155
11100011,5,2,1.5,CS,1,0.0725929803763105,0.617212403300285
11100011,5,2,1.5,CS,2,0.0510329008342599,0.461868889684902
11100011,5,2,1.5,nug0.2,0.5,0.0315283252331736,0.310638675689358
11100011,5,2,1.5,nug0.2,1,0.0256816831071906,0.260888628070235
11100011,5,2,1.5,nug0.2,2,0.0178231702732021,0.192021149917333
11100011,5,2,1.5,nug0.5,0.5,0.0293449843775997,0.292265731236411
11100011,5,2,1.5,nug0.5,1,0.0238935560559832,0.245739316026081
11100011,5,2,1.5,nug0.5,2,0.0165741560795777,0.181658055556577
11100011,5,2,2,CS,0.5,0.0915557706845665,0.724518862764943
11100011,5,2,2,CS,1,0.0803022209693497,0.663976271198308
11100011,5,2,2,CS,2,0.0599868928213202,0.530935377188044
11100011,5,2,2,nug0.2,0.5,0.029008955540408,0.289447868799601
11100011,5,2,2,nug0.2,1,0.025233246672001,0.257361251285413
11100011,5,2,2,nug0.2,2,0.0185903146523413,0.199934134481796
11100011,5,2,2,nug0.5,0.5,0.0283781220336183,0.284119692802682
11100011,5,2,2,nug0.5,1,0.0246824667720536,0.252690043399567
11100011,5,2,2,nug0.5,2,0.0181820406680924,0.196505678567615
11100011,5,2,2.5,CS,0.5,0.0931090745709215,0.73218465409307
11100011,5,2,2.5,CS,1,0.0851057695159398,0.690912513131809
11100011,5,2,2.5,CS,2,0.0670627322842676,0.580895701192787
11100011,5,2,2.5,nug0.2,0.5,0.0273690821341633,0.275588689751189
11100011,5,2,2.5,nug0.2,1,0.024863032789788,0.254300022724565
11100011,5,2,2.5,nug0.2,2,0.0193353181664957,0.206839251541428
11100011,5,2,2.5,nug0.5,0.5,0.0275597453095025,0.277202319072242
11100011,5,2,2.5,nug0.5,1,0.0250366832123998,0.255773259812939
11100011,5,2,2.5,nug0.5,2,0.0194710947287533,0.207985539396716
11100011,5,2,3,CS,0.5,0.0938537049595234,0.73580177480915
11100011,5,2,3,CS,1,0.0881822361805522,0.7073022865155
11100011,5,2,3,CS,2,0.0725929803763105,0.617212403300285
11100011,5,2,3,nug0.2,0.5,0.0263405981732985,0.266878076331079
11100011,5,2,3,nug0.2,1,0.0246385530445175,0.252422531936096
11100011,5,2,3,nug0.2,2,0.0200439696386599,0.213121799914129
11100011,5,2,3,nug0.5,0.5,0.0269817519665266,0.272310037883475
11100011,5,2,3,nug0.5,1,0.0252393455319079,0.25752020546899
11100011,5,2,3,nug0.5,2,0.0205350092479373,0.217278495203904
11100011,5,2,4,CS,0.5,0.0943985155727704,0.738424683588458
11100011,5,2,4,CS,1,0.0915557706845665,0.724518862764943
11100011,5,2,4,CS,2,0.0803022209693497,0.663976271198308
11100011,5,2,4,nug0.2,0.5,0.0253842960527545,0.258769488271822
11100011,5,2,4,nug0.2,1,0.0245636260994579,0.251801912580433
11100011,5,2,4,nug0.2,2,0.0213539875637169,0.224447657967661
11100011,5,2,4,nug0.5,0.5,0.0264037285158358,0.267413320096037
11100011,5,2,4,nug0.5,1,0.0255509625016946,0.260179190352186
11100011,5,2,4,nug0.5,2,0.0222152031878009,0.231754266748859
10010011,4,4,0.5,CS,0.5,0.0458686587025296,0.427092983391343
10010011,4,4,0.5,CS,1,0.0233078576857885,0.237858808892698
10010011,4,4,0.5,CS,2,0.0117066156822153,0.136573755262849
10010011,4,4,0.5,nug0.2,0.5,0.0361071843519014,0.348247437138925
10010011,4,4,0.5,nug0.2,1,0.0182606803575001,0.195725849471698
10010011,4,4,0.5,nug0.2,2,0.00915114619131833,0.117035082633154
10010011,4,4,0.5,nug0.5,0.5,0.0219310420415636,0.229069754653088
10010011,4,4,0.5,nug0.5,1,0.0110155253184129,0.136078621216806
10010011,4,4,0.5,nug0.5,2,0.00550267440056171,0.0896903103505195
10010011,4,4,1,CS,0.5,0.0747614858516146,0.631298668996187
10010011,4,4,1,CS,1,0.0458686587025296,0.427092983391343
10010011,4,4,1,CS,2,0.0233078576857885,0.237858808892698
10010011,4,4,1,nug0.2,0.5,0.0448701251259651,0.419854122448749
10010011,4,4,1,nug0.2,1,0.0271940356805182,0.27364179885518
10010011,4,4,1,nug0.2,2,0.0136937512131066,0.157949578012552
10010011,4,4,1,nug0.5,0.5,0.0323461719146163,0.317499384826998
10010011,4,4,1,nug0.5,1,0.0195042615021418,0.208524234986378
10010011,4,4,1,nug0.5,2,0.00978516039996075,0.126124885902485
10010011,4,4,1.5,CS,0.5,0.0881804876036352,0.707323480712279
10010011,4,4,1.5,CS,1,0.0629469317268137,0.554223411240638
10010011,4,4,1.5,CS,2,0.0351238619685173,0.339173966751927
10010011,4,4,1.5,nug0.2,0.5,0.0449712349396276,0.420678592813233
10010011,4,4,1.5,nug0.2,1,0.0316743862308162,0.311793600116552
10010011,4,4,1.5,nug0.2,2,0.0174234601185252,0.190447847945388
10010011,4,4,1.5,nug0.5,0.5,0.0355210286429281,0.34397535003857
10010011,4,4,1.5,nug0.5,1,0.0249456419835796,0.254970446061512
10010011,4,4,1.5,nug0.5,2,0.013680395950227,0.159165543117749
10010011,4,4,2,CS,0.5,0.0944076925137427,0.738468636956391
10010011,4,4,2,CS,1,0.0747614858516146,0.631298668996187
10010011,4,4,2,CS,2,0.0458686587025296,0.427092983391343
10010011,4,4,2,nug0.2,0.5,0.0431415725457177,0.406113315458763
10010011,4,4,2,nug0.2,1,0.0337664897215866,0.329368494505405
10010011,4,4,2,nug0.2,2,0.0203724169094019,0.215869176216446
10010011,4,4,2,nug0.5,0.5,0.0360519890600317,0.348372834791062
10010011,4,4,2,nug0.5,1,0.0281722330021874,0.282365964414621
10010011,4,4,2,nug0.5,2,0.0169587568239954,0.187042898778792
10010011,4,4,2.5,CS,0.5,0.0973797336396318,0.752432427984104
10010011,4,4,2.5,CS,1,0.082762652224616,0.678107262587091
10010011,4,4,2.5,CS,2,0.0551448693573773,0.498310008895964
10010011,4,4,2.5,nug0.2,0.5,0.041108316968308,0.389753924314332
10010011,4,4,2.5,nug0.2,1,0.0346140072502211,0.336441758594686
10010011,4,4,2.5,nug0.2,2,0.0226689179566677,0.235556192221082
10010011,4,4,2.5,nug0.5,0.5,0.035688358110849,0.345362918829049
10010011,4,4,2.5,nug0.5,1,0.030023496273904,0.29800370689412
10010011,4,4,2.5,nug0.5,2,0.0196305637652877,0.209796726139827
10010011,4,4,3,CS,0.5,0.0988281183171176,0.759030268256297
10010011,4,4,3,CS,1,0.0881804876036352,0.707323480712279
10010011,4,4,3,CS,2,0.0629469317268137,0.554223411240638
10010011,4,4,3,nug0.2,0.5,0.0392905224031829,0.374985207910343
10010011,4,4,3,nug0.2,1,0.0348096631750831,0.338071721895076
10010011,4,4,3,nug0.2,2,0.0244407178491573,0.250686602868248
10010011,4,4,3,nug0.5,0.5,0.0350609755214348,0.340160189566572
10010011,4,4,3,nug0.5,1,0.0310468857963046,0.306617809542528
10010011,4,4,3,nug0.5,2,0.0217735854427775,0.228049853421689
10010011,4,4,4,CS,0.5,0.0998974563761245,0.763815196407832
10010011,4,4,4,CS,1,0.0944076925137427,0.738468636956391
10010011,4,4,4,CS,2,0.0747614858516146,0.631298668996187
10010011,4,4,4,nug0.2,0.5,0.036496789827344,0.352049080382839
10010011,4,4,4,nug0.2,1,0.0343581539813279,0.334317991890097
10010011,4,4,4,nug0.2,2,0.0268383175967846,0.271078299666567
10010011,4,4,4,nug0.5,0.5,0.0337906288926551,0.329590382124971
10010011,4,4,4,nug0.5,1,0.0318053339304865,0.312986449738228
10010011,4,4,4,nug0.5,2,0.0248298730163021,0.254049400699149
11010011,5,4,0.5,CS,0.5,0.0449102392677852,0.415630603297121
11010011,5,4,0.5,CS,1,0.0258809268896842,0.250259967276659
11010011,5,4,0.5,CS,2,0.0160066979606885,0.158630370569255
11010011,5,4,0.5,nug0.2,0.5,0.0357710969836324,0.342099712326585
11010011,5,4,0.5,nug0.2,1,0.020545749820254,0.207406696083856
11010011,5,4,0.5,nug0.2,2,0.0126873836927222,0.135161294012328
11010011,5,4,0.5,nug0.5,0.5,0.0215807151629634,0.223894578300372
11010011,5,4,0.5,nug0.5,1,0.0123316872366662,0.142340920229368
11010011,5,4,0.5,nug0.5,2,0.00759689246414091,0.0999990647360078
11010011,5,4,1,CS,0.5,0.0702653658949976,0.602481125799042
11010011,5,4,1,CS,1,0.0449102392677852,0.415630603297121
11010011,5,4,1,CS,2,0.0258809268896842,0.250259967276659
11010011,5,4,1,nug0.2,0.5,0.0417048892090857,0.394022672979126
11010011,5,4,1,nug0.2,1,0.0263868292758268,0.264172941053011
11010011,5,4,1,nug0.2,2,0.0151042381474873,0.164104051670777
11010011,5,4,1,nug0.5,0.5,0.0301977533684332,0.2990392393273
11010011,5,4,1,nug0.5,1,0.0190290143040154,0.202545619290399
11010011,5,4,1,nug0.5,2,0.0108635733076114,0.130929103787875
11010011,5,4,1.5,CS,0.5,0.0827411423679316,0.677876661064211
11010011,5,4,1.5,CS,1,0.0596979707687012,0.52992930887778
11010011,5,4,1.5,CS,2,0.0358095427000363,0.338720600272922
11010011,5,4,1.5,nug0.2,0.5,0.0410194603530058,0.388933484587704
11010011,5,4,1.5,nug0.2,1,0.0292411654458318,0.290304666544346
11010011,5,4,1.5,nug0.2,2,0.0173417681114313,0.186521012411699
11010011,5,4,1.5,nug0.5,0.5,0.0327969168457664,0.321204793707848
11010011,5,4,1.5,nug0.5,1,0.0233246617599523,0.240376479078538
11010011,5,4,1.5,nug0.5,2,0.0138026484574838,0.157593090103705
11010011,5,4,2,CS,0.5,0.0887584149123762,0.710299423724937
11010011,5,4,2,CS,1,0.0702653658949976,0.602481125799042
11010011,5,4,2,CS,2,0.0449102392677852,0.415630603297121
11010011,5,4,2,nug0.2,0.5,0.0390560214202475,0.373049254515121
11010011,5,4,2,nug0.2,1,0.0305798426285601,0.302250882345099
11010011,5,4,2,nug0.2,2,0.019272371323743,0.204578668372723
11010011,5,4,2,nug0.5,0.5,0.0331588627095577,0.324298241383833
11010011,5,4,2,nug0.5,1,0.0259288537586383,0.263003798954124
11010011,5,4,2,nug0.5,2,0.0163145403740933,0.179933201018323
11010011,5,4,2.5,CS,0.5,0.0916948903396772,0.725212180368058
11010011,5,4,2.5,CS,1,0.077632547119458,0.648347991572627
11010011,5,4,2.5,CS,2,0.0528820128895317,0.479017890024593
11010011,5,4,2.5,nug0.2,0.5,0.0371355294317763,0.357311996959623
11010011,5,4,2.5,nug0.2,1,0.0311578941598026,0.307363601027026
11010011,5,4,2.5,nug0.2,2,0.0209079666559434,0.219370067953976
11010011,5,4,2.5,nug0.5,0.5,0.0327854336205264,0.321191281098937
11010011,5,4,2.5,nug0.5,1,0.0274883463765637,0.276429408050569
11010011,5,4,2.5,nug0.5,2,0.01842394334526,0.198478928597941
11010011,5,4,3,CS,0.5,0.0931432010106657,0.732351246977774
11010011,5,4,3,CS,1,0.0827411423679316,0.677876661064211
11010011,5,4,3,CS,2,0.0596979707687012,0.52992930887778
11010011,5,4,3,nug0.2,0.5,0.0355300427552931,0.34405003825553
11010011,5,4,3,nug0.2,1,0.0313419936348352,0.309013966421385
11010011,5,4,3,nug0.2,2,0.022280675375808,0.231549271366803
11010011,5,4,3,nug0.5,0.5,0.0322224277145859,0.316481758864209
11010011,5,4,3,nug0.5,1,0.0284128887396863,0.284340355997188
11010011,5,4,3,nug0.5,2,0.0201815167928905,0.213812613621172
11010011,5,4,4,CS,0.5,0.0942203007954694,0.737568881997674
11010011,5,4,4,CS,1,0.0887584149123762,0.710299423724937
11010011,5,4,4,CS,2,0.0702653658949976,0.602481125799042
11010011,5,4,4,nug0.2,0.5,0.033228143397808,0.324896059753991
11010011,5,4,4,nug0.2,1,0.0311807691148825,0.307725522284438
11010011,5,4,4,nug0.2,2,0.0243714671938717,0.249811001899143
11010011,5,4,4,nug0.5,0.5,0.0311641348214597,0.307603951088219
11010011,5,4,4,nug0.5,1,0.0292401067676179,0.291385868293596
11010011,5,4,4,nug0.5,2,0.0228448669758897,0.236870388692925
10110011,5,4,0.5,CS,0.5,0.0415079606735865,0.390666150866833
10110011,5,4,0.5,CS,1,0.0203381183890729,0.211116924207294
10110011,5,4,0.5,CS,2,0.00961831518428774,0.119757540988299
10110011,5,4,0.5,nug0.2,0.5,0.037573822931689,0.358751442467297
10110011,5,4,0.5,nug0.2,1,0.0183738728215727,0.194922188722192
10110011,5,4,0.5,nug0.2,2,0.00868072026856114,0.112725336853801
10110011,5,4,0.5,nug0.5,0.5,0.0208443220586872,0.218899023477695
10110011,5,4,0.5,nug0.5,1,0.0101075738832948,0.127764562890616
10110011,5,4,0.5,nug0.5,2,0.00475534082036374,0.0837796494679723
10110011,5,4,1,CS,0.5,0.0692809144479397,0.596317221985875
10110011,5,4,1,CS,1,0.0415079606735865,0.390666150866833
10110011,5,4,1,CS,2,0.0203381183890729,0.211116924207294
10110011,5,4,1,nug0.2,0.5,0.048327114403214,0.446566024726157
10110011,5,4,1,nug0.2,1,0.0287034756284591,0.285103789617815
10110011,5,4,1,nug0.2,2,0.0139735770258764,0.158914807968295
10110011,5,4,1,nug0.5,0.5,0.0319132504043953,0.313570122004315
10110011,5,4,1,nug0.5,1,0.0188270629023089,0.201923315751002
10110011,5,4,1,nug0.5,2,0.00912016764349949,0.119906368198543
10110011,5,4,1.5,CS,0.5,0.08248300658291,0.676454082130952
10110011,5,4,1.5,CS,1,0.057826684218045,0.51716434513831
10110011,5,4,1.5,CS,2,0.0313725888912456,0.305947231556632
10110011,5,4,1.5,nug0.2,0.5,0.0481157595303622,0.445252564946347
10110011,5,4,1.5,nug0.2,1,0.0333677393821574,0.325299070976966
10110011,5,4,1.5,nug0.2,2,0.0178988138459656,0.193216443939246
10110011,5,4,1.5,nug0.5,0.5,0.035342574313771,0.342420211027209
10110011,5,4,1.5,nug0.5,1,0.0244115881835069,0.249926186364973
10110011,5,4,1.5,nug0.5,2,0.0130408117036874,0.152960460903495
10110011,5,4,2,CS,0.5,0.0886926240187531,0.709961288101709
10110011,5,4,2,CS,1,0.0692809144479397,0.596317221985875
10110011,5,4,2,CS,2,0.0415079606735865,0.390666150866833
10110011,5,4,2,nug0.2,0.5,0.0453582076755941,0.42371959069264
10110011,5,4,2,nug0.2,1,0.0350718532293039,0.339905483542388
10110011,5,4,2,nug0.2,2,0.0207172851112114,0.21782884055547
10110011,5,4,2,nug0.5,0.5,0.0357837549339035,0.34613452835551
10110011,5,4,2,nug0.5,1,0.0276069332960459,0.277316871848667
10110011,5,4,2,nug0.5,2,0.016257880723031,0.180386236803148
10110011,5,4,2.5,CS,0.5,0.0916782994933324,0.725129900046131
10110011,5,4,2.5,CS,1,0.0771255682848012,0.645395242116814
10110011,5,4,2.5,CS,2,0.0503385138638637,0.460932002855139
10110011,5,4,2.5,nug0.2,0.5,0.0423980723257089,0.400146557165386
10110011,5,4,2.5,nug0.2,1,0.0353668728607857,0.342537735321696
10110011,5,4,2.5,nug0.2,2,0.0227359501090161,0.235416626987503
10110011,5,4,2.5,nug0.5,0.5,0.0351926857802871,0.341248949818277
10110011,5,4,2.5,nug0.5,1,0.0293202469016099,0.291940286773054
10110011,5,4,2.5,nug0.5,2,0.0188078620388923,0.202240846748534
10110011,5,4,3,CS,0.5,0.0931390362433553,0.73233095996881
10110011,5,4,3,CS,1,0.08248300658291,0.676454082130952
10110011,5,4,3,CS,2,0.057826684218045,0.51716434513831
10110011,5,4,3,nug0.2,0.5,0.0398140180351283,0.379250359498223
10110011,5,4,3,nug0.2,1,0.0350251915816696,0.339786904291714
10110011,5,4,3,nug0.2,2,0.0241899626580801,0.248049657030925
10110011,5,4,3,nug0.5,0.5,0.0343145334360963,0.333953912905797
10110011,5,4,3,nug0.5,1,0.0301665720430202,0.299145048590609
10110011,5,4,3,nug0.5,2,0.0208027267205045,0.219369658080327
10110011,5,4,4,CS,0.5,0.0942200397202839,0.737567627331258
10110011,5,4,4,CS,1,0.0886926240187531,0.709961288101709
10110011,5,4,4,CS,2,0.0692809144479397,0.596317221985875
10110011,5,4,4,nug0.2,0.5,0.0359834047191196,0.347805435953951
10110011,5,4,4,nug0.2,1,0.0337456738078736,0.329197841653877
10110011,5,4,4,nug0.2,2,0.0260222033848831,0.263907692781724
10110011,5,4,4,nug0.5,0.5,0.0326285895598938,0.319883490284223
10110011,5,4,4,nug0.5,1,0.0305928935327131,0.302785049357391
10110011,5,4,4,nug0.5,2,0.0235736923398826,0.243153029540594
11110011,6,2,0.5,CS,0.5,0.0458717140130096,0.419634836684548
11110011,6,2,0.5,CS,1,0.0317939442395066,0.288419501375669
11110011,6,2,0.5,CS,2,0.0241172092981387,0.205408006780207
11110011,6,2,0.5,nug0.2,0.5,0.0296643746052284,0.288959358612752
11110011,6,2,0.5,nug0.2,1,0.0205045318426195,0.200829345373993
11110011,6,2,0.5,nug0.2,2,0.0155392351871159,0.147736346371811
11110011,6,2,0.5,nug0.5,0.5,0.0202975171648656,0.211294598495013
11110011,6,2,0.5,nug0.5,1,0.0140080123124108,0.151188953830338
11110011,6,2,0.5,nug0.5,2,0.0106100895160007,0.115578994530955
11110011,6,2,1,CS,0.5,0.0629970007989034,0.553582296192696
11110011,6,2,1,CS,1,0.0458717140130096,0.419634836684548
11110011,6,2,1,CS,2,0.0317939442395066,0.288419501375669
11110011,6,2,1,nug0.2,0.5,0.0291622725264185,0.290010596781808
11110011,6,2,1,nug0.2,1,0.0210732278502749,0.217721297305337
11110011,6,2,1,nug0.2,2,0.0145452424529732,0.155250355065159
11110011,6,2,1,nug0.5,0.5,0.0239466602878846,0.245947334105632
11110011,6,2,1,nug0.5,1,0.0172841948021238,0.186404199524899
11110011,6,2,1,nug0.5,2,0.0119224138436523,0.135517339209819
11110011,6,2,1.5,CS,0.5,0.0705868488927673,0.604989485243141
11110011,6,2,1.5,CS,1,0.0561092425785907,0.50279475879058
11110011,6,2,1.5,CS,2,0.0392597333193368,0.360683574724959
11110011,6,2,1.5,nug0.2,0.5,0.0270416330620372,0.272693536793311
11110011,6,2,1.5,nug0.2,1,0.0213142802821183,0.222737938884803
11110011,6,2,1.5,nug0.2,2,0.014801935709827,0.163248734861588
11110011,6,2,1.5,nug0.5,0.5,0.024296033925855,0.249421646663433
11110011,6,2,1.5,nug0.5,1,0.0191400763586522,0.204445001119943
11110011,6,2,1.5,nug0.5,2,0.0132858644982213,0.151173803803733
11110011,6,2,2,CS,0.5,0.0740004217888798,0.62660708649493
11110011,6,2,2,CS,1,0.0629970007989034,0.553582296192696
11110011,6,2,2,CS,2,0.0458717140130096,0.419634836684548
11110011,6,2,2,nug0.2,0.5,0.0252054708080879,0.257227734979077
11110011,6,2,2,nug0.2,1,0.021301916639734,0.223556325840477
11110011,6,2,2,nug0.2,2,0.0153662221278001,0.170650784746213
11110011,6,2,2,nug0.5,0.5,0.0238281504980203,0.245538948501815
11110011,6,2,2,nug0.5,1,0.0201337912038117,0.213675502763886
11110011,6,2,2,nug0.5,2,0.0145198167689259,0.163727955094625
11110011,6,2,2.5,CS,0.5,0.075598850409509,0.636417274536179
11110011,6,2,2.5,CS,1,0.0675567935333292,0.585026516518297
11110011,6,2,2.5,CS,2,0.0514720804171266,0.466296106352351
11110011,6,2,2.5,nug0.2,0.5,0.0238671908274567,0.245888484383572
11110011,6,2,2.5,nug0.2,1,0.0212072297714511,0.223082532942005
11110011,6,2,2.5,nug0.2,2,0.0159985583338253,0.177332446761017
11110011,6,2,2.5,nug0.5,0.5,0.0232696841947065,0.240815486969156
11110011,6,2,2.5,nug0.5,1,0.0206749621461935,0.218571717397841
11110011,6,2,2.5,nug0.5,2,0.0155952639028532,0.173987703008175
11110011,6,2,3,CS,0.5,0.0763695771825515,0.641077194522269
11110011,6,2,3,CS,1,0.0705868488927673,0.604989485243141
11110011,6,2,3,CS,2,0.0561092425785907,0.50279475879058
11110011,6,2,3,nug0.2,0.5,0.0229399516308549,0.238019781388069
11110011,6,2,3,nug0.2,1,0.0211129022778633,0.222411513596552
11110011,6,2,3,nug0.2,2,0.0166222756777503,0.183337876392819
11110011,6,2,3,nug0.5,0.5,0.0228030774524229,0.236857594147018
11110011,6,2,3,nug0.5,1,0.0209867014560452,0.221341197826494
11110011,6,2,3,nug0.5,2,0.0165225166773796,0.182503939065142
11110011,6,2,4,CS,0.5,0.0769348569268163,0.64446604744298
11110011,6,2,4,CS,1,0.0740004217888798,0.62660708649493
11110011,6,2,4,CS,2,0.0629970007989034,0.553582296192696
11110011,6,2,4,nug0.2,0.5,0.021905309652886,0.229236458774236
11110011,6,2,4,nug0.2,1,0.0210225567851495,0.221723244767458
11110011,6,2,4,nug0.2,2,0.0177558023225642,0.193603883006734
11110011,6,2,4,nug0.5,0.5,0.022216562298645,0.23187889951221
11110011,6,2,4,nug0.5,1,0.0213215366327743,0.224260137789436
11110011,6,2,4,nug0.5,2,0.0180091200106649,0.195738353306081
10001011,4,4,0.5,CS,0.5,0.0479083391551787,0.44356841047104
10001011,4,4,0.5,CS,1,0.0249366019180346,0.253344240652631
10001011,4,4,0.5,CS,2,0.0124493174093386,0.14473851707921
10001011,4,4,0.5,nug0.2,0.5,0.0319370314020834,0.313964041735726
10001011,4,4,0.5,nug0.2,1,0.0164948557030993,0.18232781516888
10001011,4,4,0.5,nug0.2,2,0.0082034415629172,0.111456127825355
10001011,4,4,0.5,nug0.5,0.5,0.0214509424549031,0.225289514035056
10001011,4,4,0.5,nug0.5,1,0.0110230377209616,0.136986311889446
10001011,4,4,0.5,nug0.5,2,0.00546859775885065,0.0904882252177755
10001011,4,4,1,CS,0.5,0.0757118112054188,0.637109710602359
10001011,4,4,1,CS,1,0.0479083391551787,0.44356841047104
10001011,4,4,1,CS,2,0.0249366019180346,0.253344240652631
10001011,4,4,1,nug0.2,0.5,0.0377749913879407,0.362575451326643
10001011,4,4,1,nug0.2,1,0.0235492311003511,0.243096193612416
10001011,4,4,1,nug0.2,2,0.012113530651458,0.145945000597124
10001011,4,4,1,nug0.5,0.5,0.0300239657119228,0.298010712331207
10001011,4,4,1,nug0.5,1,0.0186607622653793,0.201647770252178
10001011,4,4,1,nug0.5,2,0.00957637488604545,0.125176569694325
10001011,4,4,1.5,CS,0.5,0.0884754224804378,0.708858198004946
10001011,4,4,1.5,CS,1,0.0644731468933747,0.564801128327371
10001011,4,4,1.5,CS,2,0.0371586535304625,0.356984299851814
10001011,4,4,1.5,nug0.2,0.5,0.0377993340925071,0.362776764525391
10001011,4,4,1.5,nug0.2,1,0.0271357775668273,0.273604418610589
10001011,4,4,1.5,nug0.2,2,0.0153819902761486,0.173827856032733
10001011,4,4,1.5,nug0.5,0.5,0.0325324701845028,0.319079103284958
10001011,4,4,1.5,nug0.5,1,0.0233187549987752,0.241228556293174
10001011,4,4,1.5,nug0.5,2,0.0131960915435378,0.155560945956581
10001011,4,4,2,CS,0.5,0.0944886111035298,0.738856526241481
10001011,4,4,2,CS,1,0.0757118112054188,0.637109710602359
10001011,4,4,2,CS,2,0.0479083391551787,0.44356841047104
10001011,4,4,2,nug0.2,0.5,0.0367579652631376,0.354204657882902
10001011,4,4,2,nug0.2,1,0.0290849533977567,0.290092722362712
10001011,4,4,2,nug0.2,2,0.0180705404190313,0.196657661193616
10001011,4,4,2,nug0.5,0.5,0.0330671683448991,0.323551182904262
10001011,4,4,2,nug0.5,1,0.0261436798970946,0.265208149390487
10001011,4,4,2,nug0.5,2,0.0162245708440445,0.181087983602532
10001011,4,4,2.5,CS,0.5,0.0974008600358539,0.752529640142847
10001011,4,4,2.5,CS,1,0.0833049084658115,0.681126364232284
10001011,4,4,2.5,CS,2,0.0569696604018519,0.511929219200595
10001011,4,4,2.5,nug0.2,0.5,0.0356656792893299,0.34517506128937
10001011,4,4,2.5,nug0.2,1,0.0302051241252651,0.299537506006795
10001011,4,4,2.5,nug0.2,2,0.0202853594477367,0.215465491005687
10001011,4,4,2.5,nug0.5,0.5,0.0329625422121388,0.322676680833634
10001011,4,4,2.5,nug0.5,1,0.0279038726329574,0.280114469275715
10001011,4,4,2.5,nug0.5,2,0.0187252951015507,0.20224966511178
10001011,4,4,3,CS,0.5,0.0988335118706439,0.759054586141734
10001011,4,4,3,CS,1,0.0884754224804378,0.708858198004946
10001011,4,4,3,CS,2,0.0644731468933747,0.564801128327371
10001011,4,4,3,nug0.2,0.5,0.0347342250121009,0.337445883015917
10001011,4,4,3,nug0.2,1,0.0308638826478825,0.305080529575212
10001011,4,4,3,nug0.2,2,0.0221119424140895,0.230982291557355
10001011,4,4,3,nug0.5,0.5,0.0326715878979711,0.320243340853352
10001011,4,4,3,nug0.5,1,0.0290241689321505,0.289580771026775
10001011,4,4,3,nug0.5,2,0.0207827266313828,0.219701376582947
10001011,4,4,4,CS,0.5,0.0998977987166092,0.76381671659668
10001011,4,4,4,CS,1,0.0944886111035298,0.738856526241481
10001011,4,4,4,CS,2,0.0757118112054188,0.637109710602359
10001011,4,4,4,nug0.2,0.5,0.0333831674285097,0.326190717523017
10001011,4,4,4,nug0.2,1,0.0314497220009953,0.310002462581703
10001011,4,4,4,nug0.2,2,0.0248561839330021,0.254287707184839
10001011,4,4,4,nug0.5,0.5,0.0320603512979156,0.315124682373128
10001011,4,4,4,nug0.5,1,0.0302011253999118,0.2995039653542
10001011,4,4,4,nug0.5,2,0.023862910726601,0.245856609889808
11001011,5,4,0.5,CS,0.5,0.0449102392677852,0.415630603297121
11001011,5,4,0.5,CS,1,0.0258809268896842,0.250259967276659
11001011,5,4,0.5,CS,2,0.0160066979606885,0.158630370569255
11001011,5,4,0.5,nug0.2,0.5,0.0357710969836324,0.342099712326585
11001011,5,4,0.5,nug0.2,1,0.020545749820254,0.207406696083856
11001011,5,4,0.5,nug0.2,2,0.0126873836927222,0.135161294012328
11001011,5,4,0.5,nug0.5,0.5,0.0215807151629634,0.223894578300372
11001011,5,4,0.5,nug0.5,1,0.0123316872366662,0.142340920229368
11001011,5,4,0.5,nug0.5,2,0.00759689246414091,0.0999990647360078
11001011,5,4,1,CS,0.5,0.0702653658949976,0.602481125799042
11001011,5,4,1,CS,1,0.0449102392677852,0.415630603297121
11001011,5,4,1,CS,2,0.0258809268896842,0.250259967276659
11001011,5,4,1,nug0.2,0.5,0.0417048892090857,0.394022672979126
11001011,5,4,1,nug0.2,1,0.0263868292758268,0.264172941053011
11001011,5,4,1,nug0.2,2,0.0151042381474873,0.164104051670777
11001011,5,4,1,nug0.5,0.5,0.0301977533684332,0.2990392393273
11001011,5,4,1,nug0.5,1,0.0190290143040154,0.202545619290399
11001011,5,4,1,nug0.5,2,0.0108635733076114,0.130929103787875
11001011,5,4,1.5,CS,0.5,0.0827411423679316,0.677876661064211
11001011,5,4,1.5,CS,1,0.0596979707687012,0.52992930887778
11001011,5,4,1.5,CS,2,0.0358095427000363,0.338720600272922
11001011,5,4,1.5,nug0.2,0.5,0.0410194603530058,0.388933484587704
11001011,5,4,1.5,nug0.2,1,0.0292411654458318,0.290304666544346
11001011,5,4,1.5,nug0.2,2,0.0173417681114313,0.186521012411699
11001011,5,4,1.5,nug0.5,0.5,0.0327969168457664,0.321204793707848
11001011,5,4,1.5,nug0.5,1,0.0233246617599523,0.240376479078538
11001011,5,4,1.5,nug0.5,2,0.0138026484574838,0.157593090103705
11001011,5,4,2,CS,0.5,0.0887584149123762,0.710299423724937
11001011,5,4,2,CS,1,0.0702653658949976,0.602481125799042
11001011,5,4,2,CS,2,0.0449102392677852,0.415630603297121
11001011,5,4,2,nug0.2,0.5,0.0390560214202476,0.373049254515121
11001011,5,4,2,nug0.2,1,0.0305798426285601,0.302250882345099
11001011,5,4,2,nug0.2,2,0.019272371323743,0.204578668372723
11001011,5,4,2,nug0.5,0.5,0.0331588627095577,0.324298241383833
11001011,5,4,2,nug0.5,1,0.0259288537586383,0.263003798954124
11001011,5,4,2,nug0.5,2,0.0163145403740933,0.179933201018323
11001011,5,4,2.5,CS,0.5,0.0916948903396772,0.725212180368058
11001011,5,4,2.5,CS,1,0.077632547119458,0.648347991572627
11001011,5,4,2.5,CS,2,0.0528820128895317,0.479017890024593
11001011,5,4,2.5,nug0.2,0.5,0.0371355294317763,0.357311996959623
11001011,5,4,2.5,nug0.2,1,0.0311578941598026,0.307363601027026
11001011,5,4,2.5,nug0.2,2,0.0209079666559434,0.219370067953976
11001011,5,4,2.5,nug0.5,0.5,0.0327854336205264,0.321191281098937
11001011,5,4,2.5,nug0.5,1,0.0274883463765637,0.276429408050569
11001011,5,4,2.5,nug0.5,2,0.01842394334526,0.198478928597941
11001011,5,4,3,CS,0.5,0.0931432010106657,0.732351246977774
11001011,5,4,3,CS,1,0.0827411423679316,0.677876661064211
11001011,5,4,3,CS,2,0.0596979707687012,0.52992930887778
11001011,5,4,3,nug0.2,0.5,0.0355300427552931,0.34405003825553
11001011,5,4,3,nug0.2,1,0.0313419936348352,0.309013966421385
11001011,5,4,3,nug0.2,2,0.022280675375808,0.231549271366803
11001011,5,4,3,nug0.5,0.5,0.0322224277145859,0.316481758864209
11001011,5,4,3,nug0.5,1,0.0284128887396863,0.284340355997188
11001011,5,4,3,nug0.5,2,0.0201815167928905,0.213812613621172
11001011,5,4,4,CS,0.5,0.0942203007954694,0.737568881997674
11001011,5,4,4,CS,1,0.0887584149123762,0.710299423724937
11001011,5,4,4,CS,2,0.0702653658949976,0.602481125799042
11001011,5,4,4,nug0.2,0.5,0.033228143397808,0.324896059753991
11001011,5,4,4,nug0.2,1,0.0311807691148826,0.307725522284438
11001011,5,4,4,nug0.2,2,0.0243714671938717,0.249811001899143
11001011,5,4,4,nug0.5,0.5,0.0311641348214597,0.307603951088219
11001011,5,4,4,nug0.5,1,0.0292401067676179,0.291385868293596
11001011,5,4,4,nug0.5,2,0.0228448669758897,0.236870388692925
10101011,5,6,0.5,CS,0.5,0.0338586106387219,0.326032085908044
10101011,5,6,0.5,CS,1,0.0159882767822226,0.172378137282228
10101011,5,6,0.5,CS,2,0.00778057778947062,0.10342676568779
10101011,5,6,0.5,nug0.2,0.5,0.0314643633404356,0.306227217166602
10101011,5,6,0.5,nug0.2,1,0.0148394080770063,0.163207590695878
10101011,5,6,0.5,nug0.2,2,0.00721727593742498,0.0994408024001212
10101011,5,6,0.5,nug0.5,0.5,0.017100100357516,0.186281633064628
10101011,5,6,0.5,nug0.5,1,0.00800568110823771,0.109620177712469
10101011,5,6,0.5,nug0.5,2,0.00388014493421951,0.076180873995145
10101011,5,6,1,CS,0.5,0.0618806445415598,0.545956701898471
10101011,5,6,1,CS,1,0.0338586106387219,0.326032085908044
10101011,5,6,1,CS,2,0.0159882767822226,0.172378137282228
10101011,5,6,1,nug0.2,0.5,0.0459994161759718,0.427892231835499
10101011,5,6,1,nug0.2,1,0.0249871769680774,0.252188252895422
10101011,5,6,1,nug0.2,2,0.0117454705962609,0.138716173344999
10101011,5,6,1,nug0.5,0.5,0.0291541446708804,0.290016477091011
10101011,5,6,1,nug0.5,1,0.015716323825564,0.174802422566855
10101011,5,6,1,nug0.5,2,0.00735264357677433,0.104608362300151
10101011,5,6,1.5,CS,0.5,0.0777936664418571,0.649346623640582
10101011,5,6,1.5,CS,1,0.0495663959267323,0.454452322724699
10101011,5,6,1.5,CS,2,0.0249917218332828,0.249976366899902
10101011,5,6,1.5,nug0.2,0.5,0.0500351930383909,0.459944960014135
10101011,5,6,1.5,nug0.2,1,0.0315481648670498,0.309250451193905
10101011,5,6,1.5,nug0.2,2,0.0157670240856104,0.173766502813178
10101011,5,6,1.5,nug0.5,0.5,0.0347514025767028,0.337418550219876
10101011,5,6,1.5,nug0.5,1,0.0217866817079929,0.227081532455093
10101011,5,6,1.5,nug0.5,2,0.0108368726833484,0.133756125719821
10101011,5,6,2,CS,0.5,0.0860943170883552,0.696260383757773
10101011,5,6,2,CS,1,0.0618806445415598,0.545956701898471
10101011,5,6,2,CS,2,0.0338586106387219,0.326032085908044
10101011,5,6,2,nug0.2,0.5,0.0498647311127495,0.458798293708681
10101011,5,6,2,nug0.2,1,0.0354554164452251,0.342663321968491
10101011,5,6,2,nug0.2,2,0.019167692994312,0.203501416663592
10101011,5,6,2,nug0.5,0.5,0.0368232226910607,0.354700530710715
10101011,5,6,2,nug0.5,1,0.0260817120276186,0.264081811297365
10101011,5,6,2,nug0.5,2,0.0140405837909626,0.160964287225486
10101011,5,6,2.5,CS,0.5,0.0903152351501144,0.718279612254749
10101011,5,6,2.5,CS,1,0.0710802793190299,0.607868584900578
10101011,5,6,2.5,CS,2,0.0421184275828607,0.394917456968519
10101011,5,6,2.5,nug0.2,0.5,0.0482120682154824,0.44608055337858
10101011,5,6,2.5,nug0.2,1,0.0375803175537315,0.360602220349236
10101011,5,6,2.5,nug0.2,2,0.0219595562922342,0.227911545651562
10101011,5,6,2.5,nug0.5,0.5,0.0372325626772209,0.358105453598586
10101011,5,6,2.5,nug0.5,1,0.0289497032631307,0.288644563560749
10101011,5,6,2.5,nug0.5,2,0.0168562495448153,0.185090459050663
10101011,5,6,3,CS,0.5,0.0924414800013505,0.728910067568187
10101011,5,6,3,CS,1,0.0777936664418571,0.649346623640582
10101011,5,6,3,CS,2,0.0495663959267323,0.454452322724699
10101011,5,6,3,nug0.2,0.5,0.0461656729200724,0.43010255152811
10101011,5,6,3,nug0.2,1,0.0385430024143956,0.368692472301119
10101011,5,6,3,nug0.2,2,0.0241979182211534,0.247439165108897
10101011,5,6,3,nug0.5,0.5,0.0369124791374636,0.355476289173663
10101011,5,6,3,nug0.5,1,0.0307689897424561,0.30412762494942
10101011,5,6,3,nug0.5,2,0.0192614256908606,0.205789239767501
10101011,5,6,4,CS,0.5,0.0940426419830153,0.736713635904618
10101011,5,6,4,CS,1,0.0860943170883552,0.696260383757773
10101011,5,6,4,CS,2,0.0618806445415598,0.545956701898471
10101011,5,6,4,nug0.2,0.5,0.0422917360835421,0.399296820070787
10101011,5,6,4,nug0.2,1,0.0385324249729676,0.368745012888475
10101011,5,6,4,nug0.2,2,0.02730610318018,0.274430397936557
10101011,5,6,4,nug0.5,0.5,0.0356074329261811,0.344692345596048
10101011,5,6,4,nug0.5,1,0.0324222985534081,0.318118203082626
10101011,5,6,4,nug0.5,2,0.0229347793451838,0.237439869472493
11101011,6,4,0.5,CS,0.5,0.0351154329346764,0.328196477540841
11101011,6,4,0.5,CS,1,0.0222112671715897,0.207720689528018
11101011,6,4,0.5,CS,2,0.0157454819696202,0.145023977725888
11101011,6,4,0.5,nug0.2,0.5,0.0291184523052491,0.27967525296225
11101011,6,4,0.5,nug0.2,1,0.0183893186209704,0.179327516107954
11101011,6,4,0.5,nug0.2,2,0.0130246988170065,0.127875931108005
11101011,6,4,0.5,nug0.5,0.5,0.0170794016356449,0.181804863742363
11101011,6,4,0.5,nug0.5,1,0.0107524499345814,0.123768962340492
11101011,6,4,0.5,nug0.5,2,0.00760227905572387,0.0945156375942514
11101011,6,4,1,CS,0.5,0.0545594421137238,0.491432575823947
11101011,6,4,1,CS,1,0.0351154329346764,0.328196477540841
11101011,6,4,1,CS,2,0.0222112671715897,0.207720689528018
11101011,6,4,1,nug0.2,0.5,0.0342498590346161,0.331227961300967
11101011,6,4,1,nug0.2,1,0.0219140810772153,0.220993682561183
11101011,6,4,1,nug0.2,2,0.0138135556905007,0.145804487059545
11101011,6,4,1,nug0.5,0.5,0.0238939915625694,0.244496186628328
11101011,6,4,1,nug0.5,1,0.0152424916228719,0.167033460719005
11101011,6,4,1,nug0.5,2,0.00959141436579319,0.115510749784104
11101011,6,4,1.5,CS,0.5,0.065524817372055,0.571289739655349
11101011,6,4,1.5,CS,1,0.0460591963393648,0.423267237771211
11101011,6,4,1.5,CS,2,0.028815563360367,0.270308280856148
11101011,6,4,1.5,nug0.2,0.5,0.0346197620764177,0.336010023415389
11101011,6,4,1.5,nug0.2,1,0.0241333665292415,0.244445857009257
11101011,6,4,1.5,nug0.2,2,0.0150048840366748,0.161414351593618
11101011,6,4,1.5,nug0.5,0.5,0.0266211907817558,0.268863505477919
11101011,6,4,1.5,nug0.5,1,0.0185179965760947,0.197619471738711
11101011,6,4,1.5,nug0.5,2,0.0114953359175264,0.134374175400317
11101011,6,4,2,CS,0.5,0.0712532233568522,0.609288974853567
11101011,6,4,2,CS,1,0.0545594421137238,0.491432575823947
11101011,6,4,2,CS,2,0.0351154329346764,0.328196477540841
11101011,6,4,2,nug0.2,0.5,0.0335377212333542,0.327369173149526
11101011,6,4,2,nug0.2,1,0.0254618374578461,0.257707988947301
11101011,6,4,2,nug0.2,2,0.0162499852214249,0.175124782296461
11101011,6,4,2,nug0.5,0.5,0.0273935965174481,0.275702269197057
11101011,6,4,2,nug0.5,1,0.0207685464814563,0.21815927635296
11101011,6,4,2,nug0.5,2,0.0132368043801566,0.151012454385558
11101011,6,4,2.5,CS,0.5,0.0741707685269914,0.627662867224697
11101011,6,4,2.5,CS,1,0.060897824842744,0.538728516356373
11101011,6,4,2.5,CS,2,0.0408921694910377,0.379335187199216
11101011,6,4,2.5,nug0.2,0.5,0.0321692135663851,0.316010679707426
11101011,6,4,2.5,nug0.2,1,0.0262137474650269,0.264987662809757
11101011,6,4,2.5,nug0.2,2,0.0174297740039186,0.187099096537687
11101011,6,4,2.5,nug0.5,0.5,0.0273538855455792,0.275437981789161
11101011,6,4,2.5,nug0.5,1,0.02227071759139,0.23163336187353
11101011,6,4,2.5,nug0.5,2,0.0147916133745876,0.165519909917329
11101011,6,4,3,CS,0.5,0.0756418742974209,0.636678711871764
11101011,6,4,3,CS,1,0.065524817372055,0.571289739655349
11101011,6,4,3,CS,2,0.0460591963393648,0.423267237771211
11101011,6,4,3,nug0.2,0.5,0.0308850545005512,0.305252262858321
11101011,6,4,3,nug0.2,1,0.0265897368416956,0.268597400789072
11101011,6,4,3,nug0.2,2,0.0184959618588143,0.197436344073993
11101011,6,4,3,nug0.5,0.5,0.0270167849965093,0.272601324619752
11101011,6,4,3,nug0.5,1,0.0232471183235115,0.24028076587305
11101011,6,4,3,nug0.5,2,0.0161564349009838,0.178042671308666
11101011,6,4,4,CS,0.5,0.0767503658209273,0.643362706785806
11101011,6,4,4,CS,1,0.0712532233568522,0.609288974853567
11101011,6,4,4,CS,2,0.0545594421137238,0.491432575823947
11101011,6,4,4,nug0.2,0.5,0.0288511441048143,0.288119635788308
11101011,6,4,4,nug0.2,1,0.0266876700905043,0.269726461940343
11101011,6,4,4,nug0.2,2,0.0202301433749954,0.213627349042521
11101011,6,4,4,nug0.5,0.5,0.0261886902036505,0.265590390471877
11101011,6,4,4,nug0.5,1,0.0242199940610595,0.248803715230888
11101011,6,4,4,nug0.5,2,0.0183494123615793,0.197820696141089
10011011,5,4,0.5,CS,0.5,0.0415079606735865,0.390666150866833
10011011,5,4,0.5,CS,1,0.0203381183890729,0.211116924207294
10011011,5,4,0.5,CS,2,0.00961831518428774,0.119757540988299
10011011,5,4,0.5,nug0.2,0.5,0.0329007595544125,0.320187497990428
10011011,5,4,0.5,nug0.2,1,0.0160508125466383,0.175855133917955
10011011,5,4,0.5,nug0.2,2,0.00757425780428752,0.104481960791545
10011011,5,4,0.5,nug0.5,0.5,0.019866009777632,0.210661041608039
10011011,5,4,0.5,nug0.5,1,0.00962846126623099,0.123945988256971
10011011,5,4,0.5,nug0.5,2,0.00452883227003699,0.082136340893445
10011011,5,4,1,CS,0.5,0.0692809144479397,0.596317221985875
10011011,5,4,1,CS,1,0.0415079606735865,0.390666150866833
10011011,5,4,1,CS,2,0.0203381183890729,0.211116924207294
10011011,5,4,1,nug0.2,0.5,0.0425035094026304,0.400606851513778
10011011,5,4,1,nug0.2,1,0.0251840566804725,0.255488726572589
10011011,5,4,1,nug0.2,2,0.012238564275281,0.144866230268216
10011011,5,4,1,nug0.5,0.5,0.0302051785338575,0.299230391052427
10011011,5,4,1,nug0.5,1,0.0178069291998064,0.193357983161688
10011011,5,4,1,nug0.5,2,0.00862159236343689,0.115955967503909
10011011,5,4,1.5,CS,0.5,0.08248300658291,0.676454082130952
10011011,5,4,1.5,CS,1,0.057826684218045,0.51716434513831
10011011,5,4,1.5,CS,2,0.0313725888912456,0.305947231556632
10011011,5,4,1.5,nug0.2,0.5,0.0433634774843231,0.407800498601871
10011011,5,4,1.5,nug0.2,1,0.0300271895924443,0.297336568695024
10011011,5,4,1.5,nug0.2,2,0.0160821470676828,0.178095436086319
10011011,5,4,1.5,nug0.5,0.5,0.0336496073399928,0.328340298269799
10011011,5,4,1.5,nug0.5,1,0.0232299138842601,0.239919510123029
10011011,5,4,1.5,nug0.5,2,0.0124028283176565,0.147723700644839
10011011,5,4,2,CS,0.5,0.0886926240187532,0.709961288101709
10011011,5,4,2,CS,1,0.0692809144479397,0.596317221985875
10011011,5,4,2,CS,2,0.0415079606735865,0.390666150866833
10011011,5,4,2,nug0.2,0.5,0.0418968338105663,0.396098553999511
10011011,5,4,2,nug0.2,1,0.0323692675112424,0.317387810659726
10011011,5,4,2,nug0.2,2,0.0190996575627231,0.204214616999278
10011011,5,4,2,nug0.5,0.5,0.0343831274555131,0.334507966577351
10011011,5,4,2,nug0.5,1,0.0265176998445579,0.268103038611697
10011011,5,4,2,nug0.5,2,0.0156094698790925,0.174971297013638
10011011,5,4,2.5,CS,0.5,0.0916782994933324,0.725129900046131
10011011,5,4,2.5,CS,1,0.0771255682848012,0.645395242116814
10011011,5,4,2.5,CS,2,0.0503385138638638,0.460932002855139
10011011,5,4,2.5,nug0.2,0.5,0.0399726413233129,0.380537359876728
10011011,5,4,2.5,nug0.2,1,0.0333298310263044,0.325591578795637
10011011,5,4,2.5,nug0.2,2,0.0214107100548957,0.224212645093159
10011011,5,4,2.5,nug0.5,0.5,0.0341186848370705,0.332319916658764
10011011,5,4,2.5,nug0.5,1,0.0284202413314387,0.284344526968582
10011011,5,4,2.5,nug0.5,2,0.0182246482723194,0.19732804263502
10011011,5,4,3,CS,0.5,0.0931390362433553,0.73233095996881
10011011,5,4,3,CS,1,0.08248300658291,0.676454082130952
10011011,5,4,3,CS,2,0.057826684218045,0.51716434513831
10011011,5,4,3,nug0.2,0.5,0.0381370250518336,0.365547321667588
10011011,5,4,3,nug0.2,1,0.0335429179843842,0.327450333852857
10011011,5,4,3,nug0.2,2,0.0231554877419948,0.239289191460537
10011011,5,4,3,nug0.5,0.5,0.0335205388721409,0.327336304043395
10011011,5,4,3,nug0.5,1,0.0294656513397201,0.293239179849367
10011011,5,4,3,nug0.5,2,0.0203149225100017,0.215243162107365
10011011,5,4,4,CS,0.5,0.094220039720284,0.737567627331258
10011011,5,4,4,CS,1,0.0886926240187532,0.709961288101709
10011011,5,4,4,CS,2,0.0692809144479397,0.596317221985875
10011011,5,4,4,nug0.2,0.5,0.0351860835310733,0.341198557347786
10011011,5,4,4,nug0.2,1,0.0329962460530204,0.322941042415959
10011011,5,4,4,nug0.2,2,0.025439857087923,0.258974442238563
10011011,5,4,4,nug0.5,0.5,0.0322148805626077,0.316419525476481
10011011,5,4,4,nug0.5,1,0.0302041931899243,0.299513581733665
10011011,5,4,4,nug0.5,2,0.0232720690029329,0.24059489498259
11011011,6,4,0.5,CS,0.5,0.0326795458164692,0.311020219044693
11011011,6,4,0.5,CS,1,0.0180496219300766,0.181510201527109
11011011,6,4,0.5,CS,2,0.0106553415403983,0.117408157367016
11011011,6,4,0.5,nug0.2,0.5,0.031793435441885,0.303795780387605
11011011,6,4,0.5,nug0.2,1,0.0175539860896344,0.177726297262475
11011011,6,4,0.5,nug0.2,2,0.0103606598810763,0.115469963964587
11011011,6,4,0.5,nug0.5,0.5,0.0167707895696857,0.180657949993323
11011011,6,4,0.5,nug0.5,1,0.00920421610397238,0.115129679136484
11011011,6,4,0.5,nug0.5,2,0.00541402484040477,0.0835147078392671
11011011,6,4,1,CS,0.5,0.0538716098151883,0.486664026370238
11011011,6,4,1,CS,1,0.0326795458164692,0.311020219044693
11011011,6,4,1,CS,2,0.0180496219300766,0.181510201527109
11011011,6,4,1,nug0.2,0.5,0.041499936138918,0.390716927973189
11011011,6,4,1,nug0.2,1,0.025064301503725,0.248617766067171
11011011,6,4,1,nug0.2,2,0.0138015049329537,0.149293815574739
11011011,6,4,1,nug0.5,0.5,0.0256532821236371,0.259523133940881
11011011,6,4,1,nug0.5,1,0.0154071722788628,0.169586915066913
11011011,6,4,1,nug0.5,2,0.00845123178531826,0.10962106287325
11011011,6,4,1.5,CS,0.5,0.0653454617818877,0.570120050832978
11011011,6,4,1.5,CS,1,0.0447420547199231,0.413901411248304
11011011,6,4,1.5,CS,2,0.0255838222267977,0.248322238169853
11011011,6,4,1.5,nug0.2,0.5,0.0426304718160082,0.401495465960135
11011011,6,4,1.5,nug0.2,1,0.0289918622322843,0.285656518485674
11011011,6,4,1.5,nug0.2,2,0.0164790884766077,0.17527941957611
11011011,6,4,1.5,nug0.5,0.5,0.0292155747481042,0.290797588589418
11011011,6,4,1.5,nug0.5,1,0.0197899843402032,0.20869414025171
11011011,6,4,1.5,nug0.5,2,0.0112097203292211,0.133813441267662
11011011,6,4,2,CS,0.5,0.0712075940966617,0.609003567131463
11011011,6,4,2,CS,1,0.0538716098151883,0.486664026370238
11011011,6,4,2,CS,2,0.0326795458164692,0.311020219044693
11011011,6,4,2,nug0.2,0.5,0.0409477623555653,0.388330713063486
11011011,6,4,2,nug0.2,1,0.0307547399168817,0.302384440972174
11011011,6,4,2,nug0.2,2,0.0185042661927591,0.194790996767489
11011011,6,4,2,nug0.5,0.5,0.0301708067124528,0.299149054225866
11011011,6,4,2,nug0.5,1,0.0226024134122966,0.23379026428117
11011011,6,4,2,nug0.5,2,0.0135603003211471,0.154672966930316
11011011,6,4,2.5,CS,0.5,0.0741592702620044,0.627592610896982
11011011,6,4,2.5,CS,1,0.0605448819582991,0.536358761446125
11011011,6,4,2.5,CS,2,0.0390899850368376,0.366482788016481
11011011,6,4,2.5,nug0.2,0.5,0.0385871117553696,0.36920690492581
11011011,6,4,2.5,nug0.2,1,0.0312952778052567,0.307841333189277
11011011,6,4,2.5,nug0.2,2,0.020013188391393,0.209248721218167
11011011,6,4,2.5,nug0.5,0.5,0.0300036352949329,0.297816107252297
11011011,6,4,2.5,nug0.5,1,0.0242952274130709,0.248829288121493
11011011,6,4,2.5,nug0.5,2,0.0155014909553916,0.17199950319772
11011011,6,4,3,CS,0.5,0.075638988836675,0.636661296918117
11011011,6,4,3,CS,1,0.0653454617818877,0.570120050832978
11011011,6,4,3,CS,2,0.0447420547199231,0.413901411248304
11011011,6,4,3,nug0.2,0.5,0.0362768803034475,0.350225335126479
11011011,6,4,3,nug0.2,1,0.0311668662356263,0.307207076421118
11011011,6,4,3,nug0.2,2,0.0211239155654497,0.219843904996277
11011011,6,4,3,nug0.5,0.5,0.0294057250114362,0.292794407146032
11011011,6,4,3,nug0.5,1,0.0252392883466169,0.257187279666484
11011011,6,4,3,nug0.5,2,0.0170764973765956,0.186083468834557
11011011,6,4,4,CS,0.5,0.0767501849816917,0.643361625652297
11011011,6,4,4,CS,1,0.0712075940966617,0.609003567131463
11011011,6,4,4,CS,2,0.0538716098151883,0.486664026370238
11011011,6,4,4,nug0.2,0.5,0.0325011644379644,0.31881666549928
11011011,6,4,4,nug0.2,1,0.0300521743745947,0.298150208842814
11011011,6,4,4,nug0.2,2,0.0225129057642756,0.233035204559705
11011011,6,4,4,nug0.5,0.5,0.0279707570064313,0.280679891712095
11011011,6,4,4,nug0.5,1,0.0258542015917149,0.262667370656224
11011011,6,4,4,nug0.5,2,0.0193488010073999,0.206371342248246
10111011,6,4,0.5,CS,0.5,0.0315020911931943,0.302570445796578
10111011,6,4,0.5,CS,1,0.0153972851468123,0.164358910485082
10111011,6,4,0.5,CS,2,0.0071697337317397,0.0979237849812359
10111011,6,4,0.5,nug0.2,0.5,0.0310401799324525,0.298783277034752
10111011,6,4,0.5,nug0.2,1,0.0151679380486672,0.162578128174777
10111011,6,4,0.5,nug0.2,2,0.00706196066116968,0.0971816053300171
10111011,6,4,0.5,nug0.5,0.5,0.0162189095753231,0.176799096266632
10111011,6,4,0.5,nug0.5,1,0.00786580213464892,0.106880068141702
10111011,6,4,0.5,nug0.5,2,0.00364609483432703,0.0739839097661693
10111011,6,4,1,CS,0.5,0.053700580844542,0.485471616241167
10111011,6,4,1,CS,1,0.0315020911931943,0.302570445796578
10111011,6,4,1,CS,2,0.0153972851468123,0.164358910485082
10111011,6,4,1,nug0.2,0.5,0.0422987196504024,0.397197919915948
10111011,6,4,1,nug0.2,1,0.0247037391842363,0.246588825992679
10111011,6,4,1,nug0.2,2,0.0120326367720169,0.138404020442388
10111011,6,4,1,nug0.5,0.5,0.0257883453972655,0.260710875423785
10111011,6,4,1,nug0.5,1,0.0149654142915021,0.166589833842636
10111011,6,4,1,nug0.5,2,0.00725325912416106,0.102315767034565
10111011,6,4,1.5,CS,0.5,0.0653230670204071,0.569973779638076
10111011,6,4,1.5,CS,1,0.0442823628736925,0.410598625465007
10111011,6,4,1.5,CS,2,0.023769814009183,0.23570846455114
10111011,6,4,1.5,nug0.2,0.5,0.0436066250399402,0.409305264784883
10111011,6,4,1.5,nug0.2,1,0.0293631745274553,0.288989287095601
10111011,6,4,1.5,nug0.2,2,0.0156583948683189,0.170104605316615
10111011,6,4,1.5,nug0.5,0.5,0.0294922404794065,0.293131597174937
10111011,6,4,1.5,nug0.5,1,0.0197733105159273,0.208721887055481
10111011,6,4,1.5,nug0.5,2,0.0105002513870315,0.129201924358686
10111011,6,4,2,CS,0.5,0.0712047429777071,0.608985726702032
10111011,6,4,2,CS,1,0.053700580844542,0.485471616241167
10111011,6,4,2,CS,2,0.0315020911931943,0.302570445796578
10111011,6,4,2,nug0.2,0.5,0.0417246429550612,0.394606016568197
10111011,6,4,2,nug0.2,1,0.0312427380146298,0.306521502703501
10111011,6,4,2,nug0.2,2,0.0181688441929204,0.192752676995341
10111011,6,4,2,nug0.5,0.5,0.0304310352207,0.301339360296269
10111011,6,4,2,nug0.5,1,0.0227242347962509,0.234862010098257
10111011,6,4,2,nug0.5,2,0.0131717239318041,0.152058429873075
10111011,6,4,2.5,CS,0.5,0.0741589109624862,0.627590415303267
10111011,6,4,2.5,CS,1,0.0604826393385546,0.535939611444576
10111011,6,4,2.5,CS,2,0.0383477252556375,0.361116455537532
10111011,6,4,2.5,nug0.2,0.5,0.0390957899305184,0.373365798801313
10111011,6,4,2.5,nug0.2,1,0.0316771556004797,0.311052658950257
10111011,6,4,2.5,nug0.2,2,0.0198854224341901,0.208544226678853
10111011,6,4,2.5,nug0.5,0.5,0.0301944759829952,0.299423361306411
10111011,6,4,2.5,nug0.5,1,0.024424427923079,0.249933907774587
10111011,6,4,2.5,nug0.5,2,0.0152944598337257,0.170575534837622
10111011,6,4,3,CS,0.5,0.0756389437520013,0.636661024806762
10111011,6,4,3,CS,1,0.0653230670204071,0.569973779638076
10111011,6,4,3,CS,2,0.0442823628736925,0.410598625465007
10111011,6,4,3,nug0.2,0.5,0.036553162846276,0.352507466596557
10111011,6,4,3,nug0.2,1,0.0313942511861843,0.30911780202412
10111011,6,4,3,nug0.2,2,0.0210607713749655,0.21949296803313
10111011,6,4,3,nug0.5,0.5,0.0295187496376454,0.293747634631498
10111011,6,4,3,nug0.5,1,0.0253276012044472,0.257938220514325
10111011,6,4,3,nug0.5,2,0.0169595168714911,0.185255637581328
10111011,6,4,4,CS,0.5,0.0767501842752891,0.643361621429117
10111011,6,4,4,CS,1,0.0712047429777071,0.608985726702032
10111011,6,4,4,CS,2,0.053700580844542,0.485471616241167
10111011,6,4,4,nug0.2,0.5,0.0324919261580875,0.318739330406643
10111011,6,4,4,nug0.2,1,0.0300423507980139,0.298067681577336
10111011,6,4,4,nug0.2,2,0.0224318862834011,0.232395317593566
10111011,6,4,4,nug0.5,0.5,0.0279664798851213,0.280643720904181
10111011,6,4,4,nug0.5,1,0.025849150290647,0.262624725455465
10111011,6,4,4,nug0.5,2,0.0192814581799155,0.205842611479954
10000111,4,2,0.5,CS,0.5,0.0624919710459767,0.551177138985609
10000111,4,2,0.5,CS,1,0.0360445931327971,0.34756424997118
10000111,4,2,0.5,CS,2,0.0180645779518104,0.193322879889499
10000111,4,2,0.5,nug0.2,0.5,0.0315077101204261,0.310465560409704
10000111,4,2,0.5,nug0.2,1,0.0179260539106622,0.195103174303842
10000111,4,2,0.5,nug0.2,2,0.00890622865330153,0.118675356749474
10000111,4,2,0.5,nug0.5,0.5,0.0247844593353659,0.253660637377619
10000111,4,2,0.5,nug0.5,1,0.0140594298412377,0.162657568983813
10000111,4,2,0.5,nug0.5,2,0.00697228417174825,0.103340770520135
10000111,4,2,1,CS,0.5,0.0857482164241122,0.694456117402963
10000111,4,2,1,CS,1,0.0624919710459767,0.551177138985609
10000111,4,2,1,CS,2,0.0360445931327971,0.34756424997118
10000111,4,2,1,nug0.2,0.5,0.03090957730926,0.305464641640112
10000111,4,2,1,nug0.2,1,0.0221661815133564,0.231433703232491
10000111,4,2,1,nug0.2,2,0.0125597755117906,0.150179664106194
10000111,4,2,1,nug0.5,0.5,0.0286478600848682,0.286403096453649
10000111,4,2,1,nug0.5,1,0.0205306959708359,0.217555079291873
10000111,4,2,1,nug0.5,2,0.0116247694442753,0.142438416535896
10000111,4,2,1.5,CS,0.5,0.0938848942549417,0.735952776595525
10000111,4,2,1.5,CS,1,0.0773405508857024,0.646881692476245
10000111,4,2,1.5,CS,2,0.0510591683591481,0.467819824796929
10000111,4,2,1.5,nug0.2,0.5,0.0286480615739759,0.286404859150142
10000111,4,2,1.5,nug0.2,1,0.0233040796652359,0.241111917246778
10000111,4,2,1.5,nug0.2,2,0.0150858860542976,0.171522991321685
10000111,4,2,1.5,nug0.5,0.5,0.0284525847009805,0.284753358608093
10000111,4,2,1.5,nug0.5,1,0.0231441981121271,0.239754382224097
10000111,4,2,1.5,nug0.5,2,0.0149815250167295,0.170647507418029
10000111,4,2,2,CS,0.5,0.0972594735009881,0.751878537411655
10000111,4,2,2,CS,1,0.0857482164241122,0.694456117402963
10000111,4,2,2,CS,2,0.0624919710459767,0.551177138985609
10000111,4,2,2,nug0.2,0.5,0.0271187651526835,0.273470509714859
10000111,4,2,2,nug0.2,1,0.0236912299984507,0.244399921910639
10000111,4,2,2,nug0.2,2,0.0169540025912429,0.187291328306104
10000111,4,2,2,nug0.5,0.5,0.0278703524704458,0.279831081760678
10000111,4,2,2,nug0.5,1,0.0243502019066617,0.249994225387281
10000111,4,2,2,nug0.5,2,0.0174289204827599,0.191299155932383
10000111,4,2,2.5,CS,0.5,0.0987993326427312,0.758900452670137
10000111,4,2,2.5,CS,1,0.0907565466437545,0.720521035144333
10000111,4,2,2.5,CS,2,0.0710010238497403,0.60782895896785
10000111,4,2,2.5,nug0.2,0.5,0.0262368587973041,0.265999029473835
10000111,4,2,2.5,nug0.2,1,0.0239440975646495,0.246546821416386
10000111,4,2,2.5,nug0.2,2,0.0184372221362515,0.199832233687407
10000111,4,2,2.5,nug0.5,0.5,0.0274423698697656,0.276209973017713
10000111,4,2,2.5,nug0.5,1,0.0250469722931012,0.255907639924866
10000111,4,2,2.5,nug0.5,2,0.0192914598357461,0.207063482328376
10000111,4,2,3,CS,0.5,0.0995356040714415,0.762204194039591
10000111,4,2,3,CS,1,0.0938848942549417,0.735952776595525
10000111,4,2,3,CS,2,0.0773405508857024,0.646881692476245
10000111,4,2,3,nug0.2,0.5,0.025791107357291,0.262219872357328
10000111,4,2,3,nug0.2,1,0.0242143473574661,0.248841058679248
10000111,4,2,3,nug0.2,2,0.0196806704903671,0.210363689884442
10000111,4,2,3,nug0.5,0.5,0.027209984123664,0.274242843694031
10000111,4,2,3,nug0.5,1,0.0255487548335269,0.260164502221786
10000111,4,2,3,nug0.5,2,0.0207705531906186,0.219605270775863
10000111,4,2,4,CS,0.5,0.100073814925964,0.764597342579982
10000111,4,2,4,CS,1,0.0972594735009881,0.751878537411655
10000111,4,2,4,CS,2,0.0857482164241122,0.694456117402963
10000111,4,2,4,nug0.2,0.5,0.0256509719128903,0.261031449526128
10000111,4,2,4,nug0.2,1,0.024871753960873,0.254420823488781
10000111,4,2,4,nug0.2,2,0.0217218771803479,0.227679336672541
10000111,4,2,4,nug0.5,0.5,0.0271657340926864,0.273868198792639
10000111,4,2,4,nug0.5,1,0.0263417451509563,0.266888023737
10000111,4,2,4,nug0.5,2,0.0230100946607096,0.238616568425189
11000111,5,2,0.5,CS,0.5,0.0580882863659047,0.518190401242323
11000111,5,2,0.5,CS,1,0.0352887327843515,0.334188435626162
11000111,5,2,0.5,CS,2,0.0207244119747995,0.202831175024219
11000111,5,2,0.5,nug0.2,0.5,0.0360327111907995,0.346733227037719
11000111,5,2,0.5,nug0.2,1,0.0217145680151625,0.222399517520436
11000111,5,2,0.5,nug0.2,2,0.0126952809682535,0.141493294644188
11000111,5,2,0.5,nug0.5,0.5,0.0253388823015889,0.2572678926139
11000111,5,2,0.5,nug0.5,1,0.0152111010117253,0.168927219837641
11000111,5,2,0.5,nug0.5,2,0.00887394623187987,0.113053747998257
11000111,5,2,1,CS,0.5,0.0800457817414913,0.662528082768251
11000111,5,2,1,CS,1,0.0580882863659047,0.518190401242323
11000111,5,2,1,CS,2,0.0352887327843515,0.334188435626162
11000111,5,2,1,nug0.2,0.5,0.034912124416709,0.338779934182899
11000111,5,2,1,nug0.2,1,0.0250148680765764,0.254531410503724
11000111,5,2,1,nug0.2,2,0.0150148364284718,0.167326825528682
11000111,5,2,1,nug0.5,0.5,0.0296721743306538,0.294920124065658
11000111,5,2,1,nug0.5,1,0.0212292734682951,0.222546706573577
11000111,5,2,1,nug0.5,2,0.0127251954985618,0.148741151642334
11000111,5,2,1.5,CS,0.5,0.0881493872126058,0.707132390526697
11000111,5,2,1.5,CS,1,0.0718866912182219,0.612909138361191
11000111,5,2,1.5,CS,2,0.0479771610395717,0.440486407072857
11000111,5,2,1.5,nug0.2,0.5,0.0315158231136092,0.310534676373312
11000111,5,2,1.5,nug0.2,1,0.0254172861360063,0.258731237462534
11000111,5,2,1.5,nug0.2,2,0.0167057629255951,0.183586498144213
11000111,5,2,1.5,nug0.5,0.5,0.0293333208020713,0.292168223563822
11000111,5,2,1.5,nug0.5,1,0.0236470495431301,0.243726436903039
11000111,5,2,1.5,nug0.5,2,0.0155332860203164,0.173827734331411
11000111,5,2,2,CS,0.5,0.0915516243314456,0.724498267179719
11000111,5,2,2,CS,1,0.0800457817414913,0.662528082768251
11000111,5,2,2,CS,2,0.0580882863659047,0.518190401242323
11000111,5,2,2,nug0.2,0.5,0.0290075497546653,0.289436050819445
11000111,5,2,2,nug0.2,1,0.0251474017058385,0.256649219016591
11000111,5,2,2,nug0.2,2,0.017969270899027,0.195065143655994
11000111,5,2,2,nug0.5,0.5,0.0283767459092334,0.284108111087875
11000111,5,2,2,nug0.5,1,0.0245984438388309,0.251992909893588
11000111,5,2,2,nug0.5,2,0.0175743184765182,0.191745101868562
11000111,5,2,2.5,CS,0.5,0.0931085540160481,0.732182117430598
11000111,5,2,2.5,CS,1,0.0850137149439992,0.690419224073675
11000111,5,2,2.5,CS,2,0.0658996133830714,0.573466684905405
11000111,5,2,2.5,nug0.2,0.5,0.027368917933466,0.275587302651216
11000111,5,2,2.5,nug0.2,1,0.0248342660710092,0.254059328032454
11000111,5,2,2.5,nug0.2,2,0.0189794415033933,0.203983238928735
11000111,5,2,2.5,nug0.5,0.5,0.0275595799976073,0.277200922966244
11000111,5,2,2.5,nug0.5,1,0.0250077210358622,0.25553095475358
11000111,5,2,2.5,nug0.5,2,0.0191127783037191,0.205109348403303
11000111,5,2,3,CS,0.5,0.0938536397562322,0.735801460012451
11000111,5,2,3,CS,1,0.0881493872126058,0.707132390526697
11000111,5,2,3,CS,2,0.0718866912182219,0.612909138361191
11000111,5,2,3,nug0.2,0.5,0.0263405785045381,0.266877909795233
11000111,5,2,3,nug0.2,1,0.0246287108109607,0.252339763845931
11000111,5,2,3,nug0.2,2,0.0198362414960326,0.211429082342263
11000111,5,2,3,nug0.5,0.5,0.0269817318323328,0.27230986753649
11000111,5,2,3,nug0.5,1,0.0252292697500755,0.257435504512958
11000111,5,2,3,nug0.5,2,0.0203223146957429,0.215544347462712
11000111,5,2,4,CS,0.5,0.0943985145524478,0.738424678696029
11000111,5,2,4,CS,1,0.0915516243314456,0.724498267179719
11000111,5,2,4,CS,2,0.0800457817414913,0.662528082768251
11000111,5,2,4,nug0.2,0.5,0.0253842957574533,0.258769485767407
11000111,5,2,4,nug0.2,1,0.0245624301907654,0.251791804781731
11000111,5,2,4,nug0.2,2,0.0212810246233305,0.223842467002518
11000111,5,2,4,nug0.5,0.5,0.026403728208997,0.267413317496289
11000111,5,2,4,nug0.5,1,0.0255497198046402,0.260168694028506
11000111,5,2,4,nug0.5,2,0.022139370492445,0.231124996278186
10100111,5,4,0.5,CS,0.5,0.0431858743716183,0.403109053982268
10100111,5,4,0.5,CS,1,0.0218730544645231,0.222190606118458
10100111,5,4,0.5,CS,2,0.0105108528858398,0.125358837160751
10100111,5,4,0.5,nug0.2,0.5,0.0305282457797519,0.299624930026726
10100111,5,4,0.5,nug0.2,1,0.0153681365598706,0.169128307760999
10100111,5,4,0.5,nug0.2,2,0.00736045086916502,0.102112257723576
10100111,5,4,0.5,nug0.5,0.5,0.0197843499521522,0.209447660888279
10100111,5,4,0.5,nug0.5,1,0.00990842573012526,0.125439262789367
10100111,5,4,0.5,nug0.5,2,0.00473234371713375,0.0831144305751455
10100111,5,4,1,CS,0.5,0.0700183380154092,0.600943133888406
10100111,5,4,1,CS,1,0.0431858743716183,0.403109053982268
10100111,5,4,1,CS,2,0.0218730544645231,0.222190606118458
10100111,5,4,1,nug0.2,0.5,0.0370254128377107,0.355940900889083
10100111,5,4,1,nug0.2,1,0.0225459271540299,0.232648462739568
10100111,5,4,1,nug0.2,2,0.0113064128025683,0.136520449655048
10100111,5,4,1,nug0.5,0.5,0.0285087036002459,0.284843775000787
10100111,5,4,1,nug0.5,1,0.017303061496958,0.188670741671964
10100111,5,4,1,nug0.5,2,0.00865547263283213,0.115582130520863
10100111,5,4,1.5,CS,0.5,0.0827088446808838,0.677699004530292
10100111,5,4,1.5,CS,1,0.05903157994232,0.525422031239999
10100111,5,4,1.5,CS,2,0.0331235001187979,0.319078340786089
10100111,5,4,1.5,nug0.2,0.5,0.0371522024271714,0.357361011791088
10100111,5,4,1.5,nug0.2,1,0.0261576733035466,0.264463587720962
10100111,5,4,1.5,nug0.2,2,0.014469035824808,0.164078314309533
10100111,5,4,1.5,nug0.5,0.5,0.0311691048930191,0.307563966629771
10100111,5,4,1.5,nug0.5,1,0.0219062778843572,0.22850703549302
10100111,5,4,1.5,nug0.5,2,0.0120951893978596,0.14465757766211
10100111,5,4,2,CS,0.5,0.0887543019928682,0.710278296458856
10100111,5,4,2,CS,1,0.0700183380154092,0.600943133888406
10100111,5,4,2,CS,2,0.0431858743716183,0.403109053982268
10100111,5,4,2,nug0.2,0.5,0.0359788736079985,0.347747822598464
10100111,5,4,2,nug0.2,1,0.0280486699073368,0.280960501649307
10100111,5,4,2,nug0.2,2,0.0170208425875941,0.186313969825502
10100111,5,4,2,nug0.5,0.5,0.0317186397015652,0.312240909882838
10100111,5,4,2,nug0.5,1,0.024703927798934,0.252657161358232
10100111,5,4,2,nug0.5,2,0.0149719235907128,0.169255162570188
10100111,5,4,2.5,CS,0.5,0.0916943718444082,0.725209609317004
10100111,5,4,2.5,CS,1,0.0775427560164591,0.647826786924441
10100111,5,4,2.5,CS,2,0.0518018979357657,0.471412127400957
10100111,5,4,2.5,nug0.2,0.5,0.0347024999601111,0.337177555996469
10100111,5,4,2.5,nug0.2,1,0.0290694048469353,0.289792209808426
10100111,5,4,2.5,nug0.2,2,0.0191008297746162,0.204408683718448
10100111,5,4,2.5,nug0.5,0.5,0.0315642420679964,0.310959438680128
10100111,5,4,2.5,nug0.5,1,0.0264268263367618,0.26745179263779
10100111,5,4,2.5,nug0.5,2,0.0173489480764986,0.189686093492501
10100111,5,4,3,CS,0.5,0.0931431359351912,0.732350930000014
10100111,5,4,3,CS,1,0.0827088446808838,0.677699004530292
10100111,5,4,3,CS,2,0.05903157994232,0.525422031239999
10100111,5,4,3,nug0.2,0.5,0.0335984204491276,0.327986141841468
10100111,5,4,3,nug0.2,1,0.0296188714389649,0.294519356318568
10100111,5,4,3,nug0.2,2,0.0208071905768034,0.219213466144243
10100111,5,4,3,nug0.5,0.5,0.0312055197659768,0.307950652860829
10100111,5,4,3,nug0.5,1,0.0275014104745169,0.276635798194008
10100111,5,4,3,nug0.5,2,0.0193075790828094,0.20654760968875
10100111,5,4,4,CS,0.5,0.0942202997756435,0.73756887709664
10100111,5,4,4,CS,1,0.0887543019928682,0.710278296458856
10100111,5,4,4,CS,2,0.0700183380154092,0.600943133888406
10100111,5,4,4,nug0.2,0.5,0.031989131879684,0.314527634638116
10100111,5,4,4,nug0.2,1,0.0300142573300628,0.297912494258378
10100111,5,4,4,nug0.2,2,0.0233675863424956,0.241329048025445
10100111,5,4,4,nug0.5,0.5,0.030472292499606,0.301786603539226
10100111,5,4,4,nug0.5,1,0.0285883080954418,0.285883180915673
10100111,5,4,4,nug0.5,2,0.0222503348345215,0.231856730772724
11100111,6,2,0.5,CS,0.5,0.0445383271322398,0.41029704914486
11100111,6,2,0.5,CS,1,0.0283546630686186,0.265726636375215
11100111,6,2,0.5,CS,2,0.018818025564171,0.174829493858032
11100111,6,2,0.5,nug0.2,0.5,0.0314195928613149,0.304283390384842
11100111,6,2,0.5,nug0.2,1,0.0199313938351415,0.199299654162627
11100111,6,2,0.5,nug0.2,2,0.0132007627005898,0.13602504013548
11100111,6,2,0.5,nug0.5,0.5,0.0204170892648475,0.212860494144098
11100111,6,2,0.5,nug0.5,1,0.012913171577262,0.144812946277039
11100111,6,2,0.5,nug0.5,2,0.0085378868961338,0.104665698846022
11100111,6,2,1,CS,0.5,0.0628187023006037,0.552403777476318
11100111,6,2,1,CS,1,0.0445383271322398,0.41029704914486
11100111,6,2,1,CS,2,0.0283546630686186,0.265726636375215
11100111,6,2,1,nug0.2,0.5,0.0314764127382151,0.30948056432854
11100111,6,2,1,nug0.2,1,0.0221376807694073,0.227169284963438
11100111,6,2,1,nug0.2,2,0.0140079285511497,0.15322003371674
11100111,6,2,1,nug0.5,0.5,0.0248479014001146,0.253606308805024
11100111,6,2,1,nug0.5,1,0.0174463134571135,0.188234524466904
11100111,6,2,1,nug0.5,2,0.0110253661337836,0.13041943569934
11100111,6,2,1.5,CS,0.5,0.0705640636817824,0.604846335579268
11100111,6,2,1.5,CS,1,0.0556166717767111,0.499425176143482
11100111,6,2,1.5,CS,2,0.037098411999993,0.345697530513643
11100111,6,2,1.5,nug0.2,0.5,0.0287809181599292,0.287398261349843
11100111,6,2,1.5,nug0.2,1,0.0224919263041897,0.232787092363947
11100111,6,2,1.5,nug0.2,2,0.0148676204008969,0.16473480747917
11100111,6,2,1.5,nug0.5,0.5,0.0251455816097037,0.256629587692742
11100111,6,2,1.5,nug0.5,1,0.0196365212779886,0.208729816105335
11100111,6,2,1.5,nug0.5,2,0.0129700942271539,0.149506543236702
11100111,6,2,2,CS,0.5,0.0739975480887806,0.626589506342162
11100111,6,2,2,CS,1,0.0628187023006037,0.552403777476318
11100111,6,2,2,CS,2,0.0445383271322398,0.41029704914486
11100111,6,2,2,nug0.2,0.5,0.0264361748244083,0.26766265410874
11100111,6,2,2,nug0.2,1,0.0222804491245429,0.23186636472632
11100111,6,2,2,nug0.2,2,0.0156334431377743,0.173285015363788
11100111,6,2,2,nug0.5,0.5,0.0245016864608785,0.25125608756493
11100111,6,2,2,nug0.5,1,0.0206440153045074,0.218015337055022
11100111,6,2,2,nug0.5,2,0.0144791981098986,0.16380833665409
11100111,6,2,2.5,CS,0.5,0.0755984897531747,0.636415097135085
11100111,6,2,2.5,CS,1,0.0674928870761757,0.584616202302658
11100111,6,2,2.5,CS,2,0.0506587079507043,0.460645826633435
11100111,6,2,2.5,nug0.2,0.5,0.0247360333012264,0.253263464353235
11100111,6,2,2.5,nug0.2,1,0.0219594912814699,0.229466259915006
11100111,6,2,2.5,nug0.2,2,0.0163097761186928,0.180122805366445
11100111,6,2,2.5,nug0.5,0.5,0.0237785766336562,0.245136171597525
11100111,6,2,2.5,nug0.5,1,0.0211072728753543,0.222241077719336
11100111,6,2,2.5,nug0.5,2,0.0156737591203643,0.174837160138667
11100111,6,2,3,CS,0.5,0.0763695320147445,0.641076923606226
11100111,6,2,3,CS,1,0.0705640636817824,0.604846335579268
11100111,6,2,3,CS,2,0.0556166717767111,0.499425176143482
11100111,6,2,3,nug0.2,0.5,0.0235577577133634,0.243265453405091
11100111,6,2,3,nug0.2,1,0.0216751781731436,0.227182587066963
11100111,6,2,3,nug0.2,2,0.0169145825528383,0.185879679083373
11100111,6,2,3,nug0.5,0.5,0.0231807543794999,0.240064420906759
11100111,6,2,3,nug0.5,1,0.0213276614558408,0.224234454226015
11100111,6,2,3,nug0.5,2,0.0166422254121004,0.183600235485997
11100111,6,2,4,CS,0.5,0.0769348562200938,0.644466043224636
11100111,6,2,4,CS,1,0.0739975480887806,0.626589506342162
11100111,6,2,4,CS,2,0.0628187023006037,0.552403777476318
11100111,6,2,4,nug0.2,0.5,0.0222241571743435,0.231943380833224
11100111,6,2,4,nug0.2,1,0.0213279548904835,0.2243146800749
11100111,6,2,4,nug0.2,2,0.0179613500102849,0.195357864009262
11100111,6,2,4,nug0.5,0.5,0.0224204586941648,0.233610043567833
11100111,6,2,4,nug0.5,1,0.0215165126116902,0.22591486288015
11100111,6,2,4,nug0.5,2,0.0181206604848246,0.196700812325661
10010111,5,4,0.5,CS,0.5,0.0431858743716183,0.403109053982268
10010111,5,4,0.5,CS,1,0.0218730544645231,0.222190606118458
10010111,5,4,0.5,CS,2,0.0105108528858398,0.125358837160751
10010111,5,4,0.5,nug0.2,0.5,0.0274867391753448,0.274171512984868
10010111,5,4,0.5,nug0.2,1,0.01381682930131,0.15661027857038
10010111,5,4,0.5,nug0.2,2,0.0066122186174645,0.0966641719483474
10010111,5,4,0.5,nug0.5,0.5,0.0189356824356094,0.202331477275475
10010111,5,4,0.5,nug0.5,1,0.00947954769737549,0.122056930661201
10010111,5,4,0.5,nug0.5,2,0.00452651664892195,0.0816435028282579
10010111,5,4,1,CS,0.5,0.0700183380154092,0.600943133888406
10010111,5,4,1,CS,1,0.0431858743716183,0.403109053982268
10010111,5,4,1,CS,2,0.0218730544645231,0.222190606118458
10010111,5,4,1,nug0.2,0.5,0.0335444417648464,0.327100298706401
10010111,5,4,1,nug0.2,1,0.0203988944519438,0.214605688172784
10010111,5,4,1,nug0.2,2,0.0102192058889182,0.127895405920835
10010111,5,4,1,nug0.5,0.5,0.0271527352217665,0.273389758556726
10010111,5,4,1,nug0.5,1,0.0164714957390719,0.181730991285732
10010111,5,4,1,nug0.5,2,0.00823622857834093,0.112300860947401
10010111,5,4,1.5,CS,0.5,0.0827088446808838,0.677699004530292
10010111,5,4,1.5,CS,1,0.05903157994232,0.525422031239999
10010111,5,4,1.5,CS,2,0.0331235001187979,0.319078340786089
10010111,5,4,1.5,nug0.2,0.5,0.0342616474924789,0.333426818937271
10010111,5,4,1.5,nug0.2,1,0.0241018539742058,0.247081793754971
10010111,5,4,1.5,nug0.2,2,0.0133200430314335,0.15465525907741
10010111,5,4,1.5,nug0.5,0.5,0.0298486683992185,0.29645587110737
10010111,5,4,1.5,nug0.5,1,0.0209700487143064,0.220590111705753
10010111,5,4,1.5,nug0.5,2,0.0115735967858571,0.140416577489201
10010111,5,4,2,CS,0.5,0.0887543019928682,0.710278296458856
10010111,5,4,2,CS,1,0.0700183380154092,0.600943133888406
10010111,5,4,2,CS,2,0.0431858743716183,0.403109053982268
10010111,5,4,2,nug0.2,0.5,0.0337676749977964,0.32937970183682
10010111,5,4,2,nug0.2,1,0.0263118460365318,0.266276013589779
10010111,5,4,2,nug0.2,2,0.0159562440405547,0.177438313768587
10010111,5,4,2,nug0.5,0.5,0.0306140662858214,0.302961680912375
10010111,5,4,2,nug0.5,1,0.0238377577599982,0.245315189423723
10010111,5,4,2,nug0.5,2,0.0144421826471379,0.164861553586949
10010111,5,4,2.5,CS,0.5,0.0916943718444082,0.725209609317004
10010111,5,4,2.5,CS,1,0.0775427560164591,0.647826786924441
10010111,5,4,2.5,CS,2,0.0518018979357657,0.471412127400957
10010111,5,4,2.5,nug0.2,0.5,0.0330608852095896,0.323494215693532
10010111,5,4,2.5,nug0.2,1,0.027686735934264,0.27811416837142
10010111,5,4,2.5,nug0.2,2,0.018183806982099,0.196696263870405
10010111,5,4,2.5,nug0.5,0.5,0.0306977241222878,0.303679060750776
10010111,5,4,2.5,nug0.5,1,0.0256976565297164,0.261273847187549
10010111,5,4,2.5,nug0.5,2,0.0168661002468236,0.185637351331191
10010111,5,4,3,CS,0.5,0.0931431359351912,0.732350930000014
10010111,5,4,3,CS,1,0.0827088446808838,0.677699004530292
10010111,5,4,3,CS,2,0.05903157994232,0.525422031239999
10010111,5,4,3,nug0.2,0.5,0.0323963170455544,0.317938190252229
10010111,5,4,3,nug0.2,1,0.0285549848581762,0.285542359770942
10010111,5,4,3,nug0.2,2,0.020053498189282,0.212845099514173
10010111,5,4,3,nug0.5,0.5,0.0305475363421134,0.302418804112224
10010111,5,4,3,nug0.5,1,0.0269193811290076,0.271709519409971
10010111,5,4,3,nug0.5,2,0.0188957081291661,0.203073038864323
10010111,5,4,4,CS,0.5,0.0942202997756435,0.73756887709664
10010111,5,4,4,CS,1,0.0887543019928682,0.710278296458856
10010111,5,4,4,CS,2,0.0700183380154092,0.600943133888406
10010111,5,4,4,nug0.2,0.5,0.0313574449065276,0.309227620082261
10010111,5,4,4,nug0.2,1,0.0294203881354031,0.292906768956916
10010111,5,4,4,nug0.2,2,0.0229021949581448,0.237383248959347
10010111,5,4,4,nug0.5,0.5,0.0301111560091205,0.298746227566207
10010111,5,4,4,nug0.5,1,0.0282488516516332,0.28301476903343
10010111,5,4,4,nug0.5,2,0.0219844706627795,0.229602961127864
11010111,6,4,0.5,CS,0.5,0.0338841443879482,0.319563792609217
11010111,6,4,0.5,CS,1,0.0192195910442894,0.188953970425436
11010111,6,4,0.5,CS,2,0.0113978817680557,0.121479580492188
11010111,6,4,0.5,nug0.2,0.5,0.0280872669033267,0.27238062073912
11010111,6,4,0.5,nug0.2,1,0.0158964981920106,0.163867951909192
11010111,6,4,0.5,nug0.2,2,0.00941398385260077,0.108589236045523
11010111,6,4,0.5,nug0.5,0.5,0.0164625116939643,0.177499059544388
11010111,6,4,0.5,nug0.5,1,0.00927625275862438,0.114937555219244
11010111,6,4,0.5,nug0.5,2,0.00547811241580512,0.0835335269483998
11010111,6,4,1,CS,0.5,0.0543869284876568,0.490240625100537
11010111,6,4,1,CS,1,0.0338841443879482,0.319563792609217
11010111,6,4,1,CS,2,0.0192195910442894,0.188953970425436
11010111,6,4,1,nug0.2,0.5,0.0341384782979078,0.330370907895986
11010111,6,4,1,nug0.2,1,0.0211287898871387,0.215452224930011
11010111,6,4,1,nug0.2,2,0.0119266881964761,0.134326596036695
11010111,6,4,1,nug0.5,0.5,0.0238151820260927,0.243880185637011
11010111,6,4,1,nug0.5,1,0.0146903011836671,0.163203628590378
11010111,6,4,1,nug0.5,2,0.00827209007317437,0.107674187575871
11010111,6,4,1.5,CS,0.5,0.065502378739796,0.571143575480026
11010111,6,4,1.5,CS,1,0.0455906748213537,0.41995206278546
11010111,6,4,1.5,CS,2,0.026866996644674,0.25712172476377
11010111,6,4,1.5,nug0.2,0.5,0.0346074507082624,0.335911498984885
11010111,6,4,1.5,nug0.2,1,0.0238796508194119,0.242537388759651
11010111,6,4,1.5,nug0.2,2,0.0139662297948221,0.154571209886685
11010111,6,4,1.5,nug0.5,0.5,0.0266116325585227,0.268785657850246
11010111,6,4,1.5,nug0.5,1,0.0183216847388642,0.196152518242145
11010111,6,4,1.5,nug0.5,2,0.0106949267342411,0.12918943253676
11010111,6,4,2,CS,0.5,0.0712503709019391,0.609271139031309
11010111,6,4,2,CS,1,0.0543869284876568,0.490240625100537
11010111,6,4,2,CS,2,0.0338841443879482,0.319563792609217
11010111,6,4,2,nug0.2,0.5,0.033536319681124,0.327357697376512
11010111,6,4,2,nug0.2,1,0.0253780355579925,0.257053168106849
11010111,6,4,2,nug0.2,2,0.0156622599879074,0.171033636627453
11010111,6,4,2,nug0.5,0.5,0.0273924438591253,0.275692700403629
11010111,6,4,2,nug0.5,1,0.0206997544130147,0.217622558598437
11010111,6,4,2,nug0.5,2,0.012755709829321,0.147703705072654
11010111,6,4,2.5,CS,0.5,0.0741704091862377,0.627660671792883
11010111,6,4,2.5,CS,1,0.0608353283997805,0.538309763737026
11010111,6,4,2.5,CS,2,0.0401281880749348,0.373916767773741
11010111,6,4,2.5,nug0.2,0.5,0.0321690503569015,0.316009325085759
11010111,6,4,2.5,nug0.2,1,0.0261856204344565,0.264762381989011
11010111,6,4,2.5,nug0.2,2,0.0170919012768154,0.184650488665103
11010111,6,4,2.5,nug0.5,0.5,0.0273537460479612,0.275436812318554
11010111,6,4,2.5,nug0.5,1,0.0222467021363647,0.231440871736845
11010111,6,4,2.5,nug0.5,2,0.0145037033605544,0.163451246071819
11010111,6,4,3,CS,0.5,0.0756418292114663,0.636678439765734
11010111,6,4,3,CS,1,0.065502378739796,0.571143575480026
11010111,6,4,3,CS,2,0.0455906748213537,0.41995206278546
11010111,6,4,3,nug0.2,0.5,0.0308850351822884,0.305252101215326
11010111,6,4,3,nug0.2,1,0.0265801895529007,0.268519639712589
11010111,6,4,3,nug0.2,2,0.0182998772113816,0.195971158509375
11010111,6,4,3,nug0.5,0.5,0.0270167680289852,0.27260118161979
11010111,6,4,3,nug0.5,1,0.0232387378642501,0.240212397437792
11010111,6,4,3,nug0.5,2,0.0159845584032818,0.17676623961966
11010111,6,4,4,CS,0.5,0.0767503651145234,0.643362702562631
11010111,6,4,4,CS,1,0.0712503709019391,0.609271139031309
11010111,6,4,4,CS,2,0.0543869284876568,0.490240625100537
11010111,6,4,4,nug0.2,0.5,0.0288511438254244,0.288119633431954
11010111,6,4,4,nug0.2,1,0.0266865462543981,0.269717124244303
11010111,6,4,4,nug0.2,2,0.0201630857630289,0.213104508471518
11010111,6,4,4,nug0.5,0.5,0.0261886899493446,0.265590388318793
11010111,6,4,4,nug0.5,1,0.024218971343248,0.248795202158028
11010111,6,4,4,nug0.5,2,0.0182884338249557,0.197346742873547
10110111,6,4,0.5,CS,0.5,0.0315020911931943,0.302570445796578
10110111,6,4,0.5,CS,1,0.0153972851468123,0.164358910485082
10110111,6,4,0.5,CS,2,0.00716973373173969,0.0979237849812359
10110111,6,4,0.5,nug0.2,0.5,0.027125859603239,0.266577368149601
10110111,6,4,0.5,nug0.2,1,0.0132287288288687,0.147586410985687
10110111,6,4,0.5,nug0.2,2,0.00615188929037859,0.0909384622195543
10110111,6,4,0.5,nug0.5,0.5,0.015489039961962,0.170849627769491
10110111,6,4,0.5,nug0.5,1,0.00750904341544869,0.104219323560858
10110111,6,4,0.5,nug0.5,2,0.00347997468339304,0.0728728116743947
10110111,6,4,1,CS,0.5,0.053700580844542,0.485471616241167
10110111,6,4,1,CS,1,0.0315020911931943,0.302570445796578
10110111,6,4,1,CS,2,0.0153972851468123,0.164358910485082
10110111,6,4,1,nug0.2,0.5,0.0364635252550637,0.349817798235643
10110111,6,4,1,nug0.2,1,0.021247740888394,0.218072166451896
10110111,6,4,1,nug0.2,2,0.0103310855487738,0.1254376243154
10110111,6,4,1,nug0.5,0.5,0.0243062399029813,0.248210909428619
10110111,6,4,1,nug0.5,1,0.0140972807400356,0.15954441260072
10110111,6,4,1,nug0.5,2,0.00682948672707834,0.099169750209723
10110111,6,4,1.5,CS,0.5,0.0653230670204071,0.569973779638076
10110111,6,4,1.5,CS,1,0.0442823628736925,0.410598625465007
10110111,6,4,1.5,CS,2,0.023769814009183,0.23570846455114
10110111,6,4,1.5,nug0.2,0.5,0.0381937931953264,0.365530562592943
10110111,6,4,1.5,nug0.2,1,0.0256756472632681,0.258160253046404
10110111,6,4,1.5,nug0.2,2,0.0136698425797224,0.154228700060255
10110111,6,4,1.5,nug0.5,0.5,0.0278253572893224,0.279070736147737
10110111,6,4,1.5,nug0.5,1,0.0186462384096091,0.199307818460682
10110111,6,4,1.5,nug0.5,2,0.00989686424559017,0.12448343470141
10110111,6,4,2,CS,0.5,0.0712047429777071,0.608985726702032
10110111,6,4,2,CS,1,0.053700580844542,0.485471616241167
10110111,6,4,2,CS,2,0.0315020911931943,0.302570445796578
10110111,6,4,2,nug0.2,0.5,0.0373981851746316,0.359362343397266
10110111,6,4,2,nug0.2,1,0.0279738901141115,0.279114159513957
10110111,6,4,2,nug0.2,2,0.0162473928717072,0.177031540282551
10110111,6,4,2,nug0.5,0.5,0.0289066881129842,0.288492992297945
10110111,6,4,2,nug0.5,1,0.0215780130637207,0.225192270132027
10110111,6,4,2,nug0.5,2,0.0125018269176309,0.146658090257686
10110111,6,4,2.5,CS,0.5,0.0741589109624862,0.627590415303267
10110111,6,4,2.5,CS,1,0.0604826393385546,0.535939611444576
10110111,6,4,2.5,CS,2,0.0383477252556375,0.361116455537532
10110111,6,4,2.5,nug0.2,0.5,0.0358446145660044,0.346628814238003
10110111,6,4,2.5,nug0.2,1,0.0290253304970371,0.288790198653005
10110111,6,4,2.5,nug0.2,2,0.0182041719700386,0.194595547228231
10110111,6,4,2.5,nug0.5,0.5,0.0289279571070881,0.288744796663975
10110111,6,4,2.5,nug0.5,1,0.0233944302852161,0.241215627891827
10110111,6,4,2.5,nug0.5,2,0.0146443223638907,0.165235911084531
10110111,6,4,3,CS,0.5,0.0756389437520013,0.636661024806762
10110111,6,4,3,CS,1,0.0653230670204071,0.569973779638076
10110111,6,4,3,CS,2,0.0442823628736925,0.410598625465007
10110111,6,4,3,nug0.2,0.5,0.0341783662708175,0.332814589978026
10110111,6,4,3,nug0.2,1,0.0293448263066753,0.291889828076901
10110111,6,4,3,nug0.2,2,0.019673589263882,0.207888304555695
10110111,6,4,3,nug0.5,0.5,0.0285186192925662,0.285305478197572
10110111,6,4,3,nug0.5,1,0.0244660380539187,0.250637690787032
10110111,6,4,3,nug0.5,2,0.0163783048440947,0.180426009150125
10110111,6,4,4,CS,0.5,0.0767501842752891,0.643361621429117
10110111,6,4,4,CS,1,0.0712047429777071,0.608985726702032
10110111,6,4,4,CS,2,0.053700580844542,0.485471616241167
10110111,6,4,4,nug0.2,0.5,0.0312660176988012,0.308459466587382
10110111,6,4,4,nug0.2,1,0.0289061589232695,0.288488525736421
10110111,6,4,4,nug0.2,2,0.0215776152897129,0.225188915331062
10110111,6,4,4,nug0.5,0.5,0.0273887822882833,0.275756063050375
10110111,6,4,4,nug0.5,1,0.0253140741903033,0.258088036240564
10110111,6,4,4,nug0.5,2,0.0188799036160804,0.202464764051483
10001111,5,2,0.5,CS,0.5,0.0571545823931491,0.511800246933647
10001111,5,2,0.5,CS,1,0.032124226339886,0.311010383622751
10001111,5,2,0.5,CS,2,0.0155764443739611,0.168694803543477
10001111,5,2,0.5,nug0.2,0.5,0.0275053075290546,0.275770965108493
10001111,5,2,0.5,nug0.2,1,0.0152608736144324,0.170685023348793
10001111,5,2,0.5,nug0.2,2,0.00733733049850217,0.104308758038972
10001111,5,2,0.5,nug0.5,0.5,0.0221122226022639,0.230191731080647
10001111,5,2,0.5,nug0.5,1,0.0122399990269406,0.145909339366233
10001111,5,2,0.5,nug0.5,2,0.00587602759212783,0.0932167887543086
10001111,5,2,1,CS,0.5,0.0799817609516448,0.662165589345743
10001111,5,2,1,CS,1,0.0571545823931491,0.511800246933647
10001111,5,2,1,CS,2,0.032124226339886,0.311010383622751
10001111,5,2,1,nug0.2,0.5,0.0277214883502751,0.278455782924189
10001111,5,2,1,nug0.2,1,0.0195048057452114,0.208161129537805
10001111,5,2,1,nug0.2,2,0.0107845319305023,0.134084818775789
10001111,5,2,1,nug0.5,0.5,0.0260697090219486,0.264471981025865
10001111,5,2,1,nug0.5,1,0.0183337103735054,0.198287475073456
10001111,5,2,1,nug0.5,2,0.0101318897038586,0.128810542602703
10001111,5,2,1.5,CS,0.5,0.0881452816867861,0.707111149835192
10001111,5,2,1.5,CS,1,0.0716381260857573,0.611383505159552
10001111,5,2,1.5,CS,2,0.0462194731154627,0.427819293932021
10001111,5,2,1.5,nug0.2,0.5,0.0260917907557378,0.264750001386671
10001111,5,2,1.5,nug0.2,1,0.0209444123575249,0.220836516624523
10001111,5,2,1.5,nug0.2,2,0.0132675559198716,0.155418707458711
10001111,5,2,1.5,nug0.5,0.5,0.0261682688003085,0.265398272488029
10001111,5,2,1.5,nug0.5,1,0.0210061212741122,0.221359446721251
10001111,5,2,1.5,nug0.5,2,0.0133069401390054,0.155744491987945
10001111,5,2,2,CS,0.5,0.091551365188673,0.724496979927039
10001111,5,2,2,CS,1,0.0799817609516448,0.662165589345743
10001111,5,2,2,CS,2,0.0571545823931491,0.511800246933647
10001111,5,2,2,nug0.2,0.5,0.0249331580629238,0.2549379828115
10001111,5,2,2,nug0.2,1,0.0215848979155856,0.226423636487057
10001111,5,2,2,nug0.2,2,0.0151597538112134,0.171644239723896
10001111,5,2,2,nug0.5,0.5,0.0257990812585018,0.262283466566147
10001111,5,2,2,nug0.5,1,0.0223371657685644,0.232806938622914
10001111,5,2,2,nug0.5,2,0.0156915594558932,0.176093542641072
10001111,5,2,2.5,CS,0.5,0.0931085377487405,0.732182038159675
10001111,5,2,2.5,CS,1,0.0849974490244221,0.69033198066753
10001111,5,2,2.5,CS,2,0.0654147740664873,0.570332285898267
10001111,5,2,2.5,nug0.2,0.5,0.0242671694219991,0.249288576632498
10001111,5,2,2.5,nug0.2,1,0.0220088105430459,0.230076808217056
10001111,5,2,2.5,nug0.2,2,0.0166810529277647,0.184663258828153
10001111,5,2,2.5,nug0.5,0.5,0.0255076905414691,0.259815280635832
10001111,5,2,2.5,nug0.5,1,0.0231366009681814,0.239650613129283
10001111,5,2,2.5,nug0.5,2,0.0175405958524259,0.191899355988731
10001111,5,2,3,CS,0.5,0.093853638737431,0.735801455093751
10001111,5,2,3,CS,1,0.0881452816867861,0.707111149835192
10001111,5,2,3,CS,2,0.0716381260857573,0.611383505159552
10001111,5,2,3,nug0.2,0.5,0.0239468250741981,0.246569772110504
10001111,5,2,3,nug0.2,1,0.0223858483257895,0.233299414682538
10001111,5,2,3,nug0.2,2,0.0179563875229808,0.19555784475473
10001111,5,2,3,nug0.5,0.5,0.0253588546122075,0.258553462387482
10001111,5,2,3,nug0.5,1,0.023708058510341,0.244525111813889
10001111,5,2,3,nug0.5,2,0.0190219546419172,0.204560913762031
10001111,5,2,4,CS,0.5,0.0943985145484621,0.738424678676919
10001111,5,2,4,CS,1,0.091551365188673,0.724496979927039
10001111,5,2,4,CS,2,0.0799817609516448,0.662165589345743
10001111,5,2,4,nug0.2,0.5,0.0239151491625531,0.24630104723072
10001111,5,2,4,nug0.2,1,0.0231396528168061,0.239713039940679
10001111,5,2,4,nug0.2,2,0.0200273595097884,0.213216344776989
10001111,5,2,4,nug0.5,0.5,0.0253897455240491,0.258815715683953
10001111,5,2,4,nug0.5,1,0.0245676331910739,0.251835967124488
10001111,5,2,4,nug0.5,2,0.0212674025805867,0.223730201941958
11001111,6,2,0.5,CS,0.5,0.0438809090624897,0.405642290864425
11001111,6,2,0.5,CS,1,0.0260542274991454,0.250226149492393
11001111,6,2,0.5,CS,2,0.0148741477707877,0.151627496120582
11001111,6,2,0.5,nug0.2,0.5,0.0283452145232896,0.279195957743203
11001111,6,2,0.5,nug0.2,1,0.0167385793967813,0.176104969012755
11001111,6,2,0.5,nug0.2,2,0.0095200428160248,0.113810221557599
11001111,6,2,0.5,nug0.5,0.5,0.0193822550922306,0.20453376413373
11001111,6,2,0.5,nug0.5,1,0.0114099687543172,0.13452989949935
11001111,6,2,0.5,nug0.5,2,0.00647543838853391,0.0928569162047536
11001111,6,2,1,CS,0.5,0.0627741829985451,0.552109038482272
11001111,6,2,1,CS,1,0.0438809090624897,0.405642290864425
11001111,6,2,1,CS,2,0.0260542274991454,0.250226149492393
11001111,6,2,1,nug0.2,0.5,0.0290546319689616,0.289146877329487
11001111,6,2,1,nug0.2,1,0.020124076627625,0.210701590671593
11001111,6,2,1,nug0.2,2,0.0118497292986905,0.13792390984737
11001111,6,2,1,nug0.5,0.5,0.0238576980456128,0.245230007123534
11001111,6,2,1,nug0.5,1,0.0165013357637282,0.180660209751329
11001111,6,2,1,nug0.5,2,0.00970427938443843,0.12144186826115
11001111,6,2,1.5,CS,0.5,0.0705612159069066,0.604828440613449
11001111,6,2,1.5,CS,1,0.0554432218179692,0.498233418970704
11001111,6,2,1.5,CS,2,0.0358478530173356,0.336885754875693
11001111,6,2,1.5,nug0.2,0.5,0.0270313102707566,0.272608040083818
11001111,6,2,1.5,nug0.2,1,0.0210490228992417,0.220664908693283
11001111,6,2,1.5,nug0.2,2,0.0134659854358287,0.153981033892359
11001111,6,2,1.5,nug0.5,0.5,0.0242867306266454,0.249344424953264
11001111,6,2,1.5,nug0.5,1,0.0189011831676522,0.2025834695099
11001111,6,2,1.5,nug0.5,2,0.0120839736550733,0.142890220834419
11001111,6,2,2,CS,0.5,0.073997368485264,0.626588407571927
11001111,6,2,2,CS,1,0.0627741829985451,0.552109038482272
11001111,6,2,2,CS,2,0.0438809090624897,0.405642290864425
11001111,6,2,2,nug0.2,0.5,0.0252043736213367,0.257218522575295
11001111,6,2,2,nug0.2,1,0.0212225208415455,0.22291670866721
11001111,6,2,2,nug0.2,2,0.014668265693049,0.165560562070167
11001111,6,2,2,nug0.5,0.5,0.0238271117361383,0.24553022098948
11001111,6,2,2,nug0.5,1,0.0200586410824598,0.213070799008532
11001111,6,2,2,nug0.5,2,0.0138594837261214,0.158927128231119
11001111,6,2,2.5,CS,0.5,0.0755984784826849,0.636415029091216
11001111,6,2,2.5,CS,1,0.0674815944164396,0.584543655607515
11001111,6,2,2.5,CS,2,0.0503192577868804,0.458271057026096
11001111,6,2,2.5,nug0.2,0.5,0.0238670666972892,0.245887435814302
11001111,6,2,2.5,nug0.2,1,0.0211822870954862,0.222877932721806
11001111,6,2,2.5,nug0.2,2,0.0156216905802246,0.174485862789043
11001111,6,2,2.5,nug0.5,0.5,0.0232695630964513,0.24081446390375
11001111,6,2,2.5,nug0.5,1,0.0206506304404222,0.218372218325826
11001111,6,2,2.5,nug0.5,2,0.015227688758125,0.171214850075362
11001111,6,2,3,CS,0.5,0.0763695313089976,0.641076919373162
11001111,6,2,3,CS,1,0.0705612159069066,0.604828440613449
11001111,6,2,3,CS,2,0.0554432218179692,0.498233418970704
11001111,6,2,3,nug0.2,0.5,0.0229399370459469,0.238019657853755
11001111,6,2,3,nug0.2,1,0.021104789011973,0.222344208843678
11001111,6,2,3,nug0.2,2,0.0164141092911006,0.1817248191777
11001111,6,2,3,nug0.5,0.5,0.0228030629524856,0.236857471333265
11001111,6,2,3,nug0.5,1,0.0209786355499559,0.221274292357246
11001111,6,2,3,nug0.5,2,0.0163155720739606,0.180900785924936
11001111,6,2,4,CS,0.5,0.0769348562173332,0.644466043208158
11001111,6,2,4,CS,1,0.073997368485264,0.626588407571927
11001111,6,2,4,CS,2,0.0627741829985451,0.552109038482272
11001111,6,2,4,nug0.2,0.5,0.0219053094388044,0.229236456957954
11001111,6,2,4,nug0.2,1,0.0210216375808178,0.221715526825459
11001111,6,2,4,nug0.2,2,0.0176893338993681,0.193071144197089
11001111,6,2,4,nug0.5,0.5,0.0222165620815908,0.231878897670523
11001111,6,2,4,nug0.5,1,0.0213206046528175,0.224252311008715
11001111,6,2,4,nug0.5,2,0.0179417242928403,0.195197899747611
10101111,6,4,0.5,CS,0.5,0.0332784803275643,0.315280570713537
10101111,6,4,0.5,CS,1,0.0172473373342512,0.176365781047916
10101111,6,4,0.5,CS,2,0.00829896936613554,0.104322389715203
10101111,6,4,0.5,nug0.2,0.5,0.0226234113793926,0.228113963957542
10101111,6,4,0.5,nug0.2,1,0.0116666844156839,0.133981382681819
10101111,6,4,0.5,nug0.2,2,0.00559461583683608,0.086196695613349
10101111,6,4,0.5,nug0.5,0.5,0.0149594422548638,0.165667269669721
10101111,6,4,0.5,nug0.5,1,0.00768682021925243,0.104485852143632
10101111,6,4,0.5,nug0.5,2,0.00367717868052579,0.0735804051349891
10101111,6,4,1,CS,0.5,0.0543438578140996,0.489942616333706
10101111,6,4,1,CS,1,0.0332784803275643,0.315280570713537
10101111,6,4,1,CS,2,0.0172473373342512,0.176365781047916
10101111,6,4,1,nug0.2,0.5,0.0281048287558739,0.280012471192823
10101111,6,4,1,nug0.2,1,0.0170556939836554,0.182640768112457
10101111,6,4,1,nug0.2,2,0.00877256686162399,0.112459485233144
10101111,6,4,1,nug0.5,0.5,0.0217674573758751,0.226628472832803
10101111,6,4,1,nug0.5,1,0.0131812068035997,0.151364858865712
10101111,6,4,1,nug0.5,2,0.00676745314998777,0.097781411224329
10101111,6,4,1.5,CS,0.5,0.0654995742958399,0.571125304012108
10101111,6,4,1.5,CS,1,0.0454257686986204,0.418780950334351
10101111,6,4,1.5,CS,2,0.0257458389035103,0.249438667495354
10101111,6,4,1.5,nug0.2,0.5,0.0293781126268095,0.292144867238768
10101111,6,4,1.5,nug0.2,1,0.0201667410563104,0.211584002379076
10101111,6,4,1.5,nug0.2,2,0.0113179832931518,0.134570780892261
10101111,6,4,1.5,nug0.5,0.5,0.024513965673556,0.251022150188859
10101111,6,4,1.5,nug0.5,1,0.0168047297490499,0.183609735414047
10101111,6,4,1.5,nug0.5,2,0.00941887636697923,0.119886028792446
10101111,6,4,2,CS,0.5,0.0712501926262785,0.609270024282848
10101111,6,4,2,CS,1,0.0543438578140996,0.489942616333706
10101111,6,4,2,CS,2,0.0332784803275643,0.315280570713537
10101111,6,4,2,nug0.2,0.5,0.0293606548907839,0.292319900672479
10101111,6,4,2,nug0.2,1,0.0221787119745233,0.230094878387988
10101111,6,4,2,nug0.2,2,0.0134321265782506,0.153376934029535
10101111,6,4,2,nug0.5,0.5,0.0255382547324564,0.259986277668265
10101111,6,4,2,nug0.5,1,0.0192744693253846,0.205639551794538
10101111,6,4,2,nug0.5,2,0.0116616622677046,0.139227461071119
10101111,6,4,2.5,CS,0.5,0.07417039795686,0.627660603185557
10101111,6,4,2.5,CS,1,0.0608242851406381,0.538235730594644
10101111,6,4,2.5,CS,2,0.0398096746530986,0.371644841794378
10101111,6,4,2.5,nug0.2,0.5,0.0289262912667727,0.288730359021526
10101111,6,4,2.5,nug0.2,1,0.0235278159084997,0.242284394099247
10101111,6,4,2.5,nug0.2,2,0.0152211038138707,0.169430012357608
10101111,6,4,2.5,nug0.5,0.5,0.0258157147414076,0.262406613826286
10101111,6,4,2.5,nug0.5,1,0.0209860237067755,0.220778320276495
10101111,6,4,2.5,nug0.5,2,0.0135660675058196,0.155923100713243
10101111,6,4,3,CS,0.5,0.0756418285069985,0.636678435514077
10101111,6,4,3,CS,1,0.0654995742958399,0.571125304012108
10101111,6,4,3,CS,2,0.0454257686986204,0.418780950334351
10101111,6,4,3,nug0.2,0.5,0.0283883655014514,0.284204809362219
10101111,6,4,3,nug0.2,1,0.0244220329963897,0.250243037082146
10101111,6,4,3,nug0.2,2,0.0167412761845643,0.183083643581013
10101111,6,4,3,nug0.5,0.5,0.0257773322985285,0.262097655257268
10101111,6,4,3,nug0.5,1,0.0221678512803114,0.231134599814157
10101111,6,4,3,nug0.5,2,0.0151864263039614,0.170220925813584
10101111,6,4,4,CS,0.5,0.0767503651117641,0.643362702546134
10101111,6,4,4,CS,1,0.0712501926262785,0.609270024282848
10101111,6,4,4,CS,2,0.0543438578140996,0.489942616333706
10101111,6,4,4,nug0.2,0.5,0.0273726613053406,0.275619609881932
10101111,6,4,4,nug0.2,1,0.0253160921740816,0.258102429681927
10101111,6,4,4,nug0.2,2,0.0191058274366251,0.204221914176242
10101111,6,4,4,nug0.5,0.5,0.0254100521509079,0.258987656339123
10101111,6,4,4,nug0.5,1,0.0234974518701773,0.242671873863878
10101111,6,4,4,nug0.5,2,0.0177259557627724,0.192637321190211
10011111,6,2,0.5,CS,0.5,0.0435545450835632,0.403318759288814
10011111,6,2,0.5,CS,1,0.0244955487540423,0.239556909369453
10011111,6,2,0.5,CS,2,0.0119396769989248,0.133959442521389
10011111,6,2,0.5,nug0.2,0.5,0.022444387999122,0.230176550851455
10011111,6,2,0.5,nug0.2,1,0.012515279507835,0.144001975069683
10011111,6,2,0.5,nug0.2,2,0.00606029973796433,0.0916247345077426
10011111,6,2,0.5,nug0.5,0.5,0.0173542803931003,0.187830072065704
10011111,6,2,0.5,nug0.5,1,0.00965708069085433,0.121793363571323
10011111,6,2,0.5,nug0.5,2,0.00466895324542653,0.0818651389301681
10011111,6,2,1,CS,0.5,0.0627630566348345,0.552035346947426
10011111,6,2,1,CS,1,0.0435545450835632,0.403318759288814
10011111,6,2,1,CS,2,0.0244955487540423,0.239556909369453
10011111,6,2,1,nug0.2,0.5,0.0235676727835105,0.242775725346391
10011111,6,2,1,nug0.2,1,0.0161760736389332,0.178084507056617
10011111,6,2,1,nug0.2,2,0.00899716608984835,0.116716247426985
10011111,6,2,1,nug0.5,0.5,0.0213096108126214,0.223655412906078
10011111,6,2,1,nug0.5,1,0.0146170431068119,0.16523903262138
10011111,6,2,1,nug0.5,2,0.00812491544225358,0.110037786127294
10011111,6,2,1.5,CS,0.5,0.0705608599409307,0.604826203723076
10011111,6,2,1.5,CS,1,0.0553819858320594,0.497812019260554
10011111,6,2,1.5,CS,2,0.0351167301331062,0.331683875912801
10011111,6,2,1.5,nug0.2,0.5,0.022732033311743,0.236150959252447
10011111,6,2,1.5,nug0.2,1,0.0176651218933093,0.192215796402336
10011111,6,2,1.5,nug0.2,2,0.0110628665550816,0.134983472964142
10011111,6,2,1.5,nug0.5,0.5,0.0219549821835544,0.229556832130445
10011111,6,2,1.5,nug0.5,1,0.0170585368715846,0.187130767078367
10011111,6,2,1.5,nug0.5,2,0.0106808735779736,0.131937239781265
10011111,6,2,2,CS,0.5,0.0739973572600549,0.626588338898746
10011111,6,2,2,CS,1,0.0627630566348345,0.552035346947426
10011111,6,2,2,CS,2,0.0435545450835632,0.403318759288814
10011111,6,2,2,nug0.2,0.5,0.021931840748449,0.229440044045772
10011111,6,2,2,nug0.2,1,0.0184543503624962,0.199521970956366
10011111,6,2,2,nug0.2,2,0.0126484909325931,0.149118911017637
10011111,6,2,2,nug0.5,0.5,0.0218966449364562,0.229141288955337
10011111,6,2,2,nug0.5,1,0.0184246364959121,0.199271302936494
10011111,6,2,2,nug0.5,2,0.012628021198679,0.14895195365943
10011111,6,2,2.5,CS,0.5,0.0755984781304821,0.636415026964845
10011111,6,2,2.5,CS,1,0.0674795982784446,0.584530830646071
10011111,6,2,2.5,CS,2,0.0501769868428828,0.457272779906532
10011111,6,2,2.5,nug0.2,0.5,0.0213746290245317,0.224727081083224
10011111,6,2,2.5,nug0.2,1,0.0189643957857073,0.204097360138492
10011111,6,2,2.5,nug0.2,2,0.013937506737747,0.160562748278751
10011111,6,2,2.5,nug0.5,0.5,0.021725833006629,0.227707994594441
10011111,6,2,2.5,nug0.5,1,0.0192767466712861,0.20673939525028
10011111,6,2,2.5,nug0.5,2,0.0141681203470726,0.162469162557751
10011111,6,2,3,CS,0.5,0.0763695312979704,0.641076919307021
10011111,6,2,3,CS,1,0.0705608599409307,0.604826203723076
10011111,6,2,3,CS,2,0.0553819858320594,0.497812019260554
10011111,6,2,3,nug0.2,0.5,0.0210289214614953,0.221797061187512
10011111,6,2,3,nug0.2,1,0.0193435991347622,0.207418394423441
10011111,6,2,3,nug0.2,2,0.0150214548777977,0.170109705323912
10011111,6,2,3,nug0.5,0.5,0.0215844409456122,0.226511592699103
10011111,6,2,3,nug0.5,1,0.0198554771649765,0.211753688386925
10011111,6,2,3,nug0.5,2,0.0154205863811742,0.173437090069074
10011111,6,2,4,CS,0.5,0.0769348562173224,0.644466043208094
10011111,6,2,4,CS,1,0.0739973572600549,0.626588338898746
10011111,6,2,4,CS,2,0.0627630566348345,0.552035346947426
10011111,6,2,4,nug0.2,0.5,0.0207584074857377,0.219502982461078
10011111,6,2,4,nug0.2,1,0.0199200677194372,0.212373690074249
10011111,6,2,4,nug0.2,2,0.016756433473825,0.185221019186531
10011111,6,2,4,nug0.5,0.5,0.0214648231313272,0.225497413176729
10011111,6,2,4,nug0.5,1,0.0205985475311547,0.21812645572304
10011111,6,2,4,nug0.5,2,0.0173289475807234,0.190037535878563
